timestamp,lat,lon,temp_c,humidity_pct,wind_speed_ms,solar_radiation_wm2,source
2020-04-01 00:00:00+00:00,23.03,72.58,23.4,61,2.78,0.0,era5
2020-04-01 01:00:00+00:00,23.03,72.58,23.5,62,2.83,0.0,era5
2020-04-01 02:00:00+00:00,23.03,72.58,24.6,62,3.53,150.6,era5
2020-04-01 03:00:00+00:00,23.03,72.58,26.6,58,4.11,460.9,era5
2020-04-01 04:00:00+00:00,23.03,72.58,29.0,49,3.97,639.7,era5
2020-04-01 05:00:00+00:00,23.03,72.58,31.3,41,3.97,737.5,era5
2020-04-01 06:00:00+00:00,23.03,72.58,33.3,34,3.72,791.4,era5
2020-04-01 07:00:00+00:00,23.03,72.58,34.7,28,3.28,816.6,era5
2020-04-01 08:00:00+00:00,23.03,72.58,35.6,26,2.97,820.4,era5
2020-04-01 09:00:00+00:00,23.03,72.58,36.1,25,2.97,802.0,era5
2020-04-01 10:00:00+00:00,23.03,72.58,36.3,24,3.28,758.8,era5
2020-04-01 11:00:00+00:00,23.03,72.58,36.1,23,3.64,684.9,era5
2020-04-01 12:00:00+00:00,23.03,72.58,35.1,24,3.75,549.4,era5
2020-04-01 13:00:00+00:00,23.03,72.58,33.3,25,2.92,312.5,era5
2020-04-01 14:00:00+00:00,23.03,72.58,31.3,28,3.17,14.9,era5
2020-04-01 15:00:00+00:00,23.03,72.58,30.0,32,2.86,0.0,era5
2020-04-01 16:00:00+00:00,23.03,72.58,28.9,35,2.56,0.0,era5
2020-04-01 17:00:00+00:00,23.03,72.58,28.2,35,2.75,0.0,era5
2020-04-01 18:00:00+00:00,23.03,72.58,27.2,34,2.64,0.0,era5
2020-04-01 19:00:00+00:00,23.03,72.58,26.0,34,2.42,0.0,era5
2020-04-01 20:00:00+00:00,23.03,72.58,25.4,34,2.69,0.0,era5
2020-04-01 21:00:00+00:00,23.03,72.58,24.5,36,2.94,0.0,era5
2020-04-01 22:00:00+00:00,23.03,72.58,23.6,39,2.92,0.0,era5
2020-04-01 23:00:00+00:00,23.03,72.58,22.9,43,2.69,0.0,era5
2020-04-02 00:00:00+00:00,23.03,72.58,23.1,63,2.83,0.0,era5
2020-04-02 01:00:00+00:00,23.03,72.58,22.8,70,1.86,0.0,era5
2020-04-02 02:00:00+00:00,23.03,72.58,24.1,67,2.33,163.4,era5
2020-04-02 03:00:00+00:00,23.03,72.58,26.7,57,2.42,471.0,era5
2020-04-02 04:00:00+00:00,23.03,72.58,28.9,47,2.94,646.9,era5
2020-04-02 05:00:00+00:00,23.03,72.58,31.8,32,2.58,746.9,era5
2020-04-02 06:00:00+00:00,23.03,72.58,33.9,24,2.94,803.0,era5
2020-04-02 07:00:00+00:00,23.03,72.58,35.3,22,2.83,831.8,era5
2020-04-02 08:00:00+00:00,23.03,72.58,36.2,19,2.56,836.6,era5
2020-04-02 09:00:00+00:00,23.03,72.58,36.8,17,2.36,822.7,era5
2020-04-02 10:00:00+00:00,23.03,72.58,37.0,17,2.19,782.6,era5
2020-04-02 11:00:00+00:00,23.03,72.58,36.9,16,2.06,708.7,era5
2020-04-02 12:00:00+00:00,23.03,72.58,35.4,18,1.75,570.8,era5
2020-04-02 13:00:00+00:00,23.03,72.58,32.1,32,2.0,329.8,era5
2020-04-02 14:00:00+00:00,23.03,72.58,29.5,31,2.42,14.7,era5
2020-04-02 15:00:00+00:00,23.03,72.58,28.7,31,2.03,0.0,era5
2020-04-02 16:00:00+00:00,23.03,72.58,27.3,34,2.56,0.0,era5
2020-04-02 17:00:00+00:00,23.03,72.58,26.2,37,2.5,0.0,era5
2020-04-02 18:00:00+00:00,23.03,72.58,25.4,39,2.19,0.0,era5
2020-04-02 19:00:00+00:00,23.03,72.58,25.2,40,1.97,0.0,era5
2020-04-02 20:00:00+00:00,23.03,72.58,24.7,40,2.22,0.0,era5
2020-04-02 21:00:00+00:00,23.03,72.58,24.4,40,3.03,0.0,era5
2020-04-02 22:00:00+00:00,23.03,72.58,24.0,40,3.03,0.0,era5
2020-04-02 23:00:00+00:00,23.03,72.58,23.8,38,2.92,0.0,era5
2020-04-03 00:00:00+00:00,23.03,72.58,24.2,36,3.08,0.0,era5
2020-04-03 01:00:00+00:00,23.03,72.58,24.2,36,3.08,0.0,era5
2020-04-03 02:00:00+00:00,23.03,72.58,25.5,35,3.61,168.7,era5
2020-04-03 03:00:00+00:00,23.03,72.58,28.5,30,3.44,475.1,era5
2020-04-03 04:00:00+00:00,23.03,72.58,31.4,26,4.06,652.3,era5
2020-04-03 05:00:00+00:00,23.03,72.58,34.1,22,4.33,748.1,era5
2020-04-03 06:00:00+00:00,23.03,72.58,36.2,18,4.83,801.8,era5
2020-04-03 07:00:00+00:00,23.03,72.58,37.4,17,4.17,828.7,era5
2020-04-03 08:00:00+00:00,23.03,72.58,38.0,16,3.36,832.8,era5
2020-04-03 09:00:00+00:00,23.03,72.58,38.2,15,3.06,817.9,era5
2020-04-03 10:00:00+00:00,23.03,72.58,38.1,15,2.83,777.4,era5
2020-04-03 11:00:00+00:00,23.03,72.58,37.8,15,2.58,702.4,era5
2020-04-03 12:00:00+00:00,23.03,72.58,36.5,17,3.06,566.8,era5
2020-04-03 13:00:00+00:00,23.03,72.58,33.8,22,2.53,322.7,era5
2020-04-03 14:00:00+00:00,23.03,72.58,31.2,24,2.22,14.6,era5
2020-04-03 15:00:00+00:00,23.03,72.58,29.4,27,2.56,0.0,era5
2020-04-03 16:00:00+00:00,23.03,72.58,28.2,30,2.5,0.0,era5
2020-04-03 17:00:00+00:00,23.03,72.58,28.3,29,2.72,0.0,era5
2020-04-03 18:00:00+00:00,23.03,72.58,27.3,30,2.5,0.0,era5
2020-04-03 19:00:00+00:00,23.03,72.58,26.3,32,2.5,0.0,era5
2020-04-03 20:00:00+00:00,23.03,72.58,25.6,34,2.42,0.0,era5
2020-04-03 21:00:00+00:00,23.03,72.58,24.3,37,2.14,0.0,era5
2020-04-03 22:00:00+00:00,23.03,72.58,24.1,38,3.94,0.0,era5
2020-04-03 23:00:00+00:00,23.03,72.58,23.8,36,2.56,0.0,era5
2020-04-04 00:00:00+00:00,23.03,72.58,22.6,41,2.92,0.0,era5
2020-04-04 01:00:00+00:00,23.03,72.58,22.7,43,2.5,0.0,era5
2020-04-04 02:00:00+00:00,23.03,72.58,24.8,39,2.03,173.8,era5
2020-04-04 03:00:00+00:00,23.03,72.58,27.9,33,2.17,479.1,era5
2020-04-04 04:00:00+00:00,23.03,72.58,31.3,27,2.83,655.8,era5
2020-04-04 05:00:00+00:00,23.03,72.58,34.3,23,3.19,753.4,era5
2020-04-04 06:00:00+00:00,23.03,72.58,36.5,19,3.5,806.4,era5
2020-04-04 07:00:00+00:00,23.03,72.58,37.7,17,2.92,832.1,era5
2020-04-04 08:00:00+00:00,23.03,72.58,38.3,15,2.39,836.4,era5
2020-04-04 09:00:00+00:00,23.03,72.58,38.5,13,2.42,822.0,era5
2020-04-04 10:00:00+00:00,23.03,72.58,38.5,13,2.5,783.5,era5
2020-04-04 11:00:00+00:00,23.03,72.58,38.1,12,2.47,710.4,era5
2020-04-04 12:00:00+00:00,23.03,72.58,36.8,15,2.44,574.2,era5
2020-04-04 13:00:00+00:00,23.03,72.58,32.7,27,2.31,330.2,era5
2020-04-04 14:00:00+00:00,23.03,72.58,30.1,23,2.94,14.4,era5
2020-04-04 15:00:00+00:00,23.03,72.58,29.3,25,2.42,0.0,era5
2020-04-04 16:00:00+00:00,23.03,72.58,30.9,21,1.14,0.0,era5
2020-04-04 17:00:00+00:00,23.03,72.58,28.2,26,1.5,0.0,era5
2020-04-04 18:00:00+00:00,23.03,72.58,26.3,30,1.67,0.0,era5
2020-04-04 19:00:00+00:00,23.03,72.58,25.0,34,1.97,0.0,era5
2020-04-04 20:00:00+00:00,23.03,72.58,24.6,34,2.19,0.0,era5
2020-04-04 21:00:00+00:00,23.03,72.58,24.5,32,3.03,0.0,era5
2020-04-04 22:00:00+00:00,23.03,72.58,23.2,37,2.17,0.0,era5
2020-04-04 23:00:00+00:00,23.03,72.58,22.5,38,1.83,0.0,era5
2020-04-05 00:00:00+00:00,23.03,72.58,21.9,44,1.89,0.0,era5
2020-04-05 01:00:00+00:00,23.03,72.58,22.7,44,0.44,0.0,era5
2020-04-05 02:00:00+00:00,23.03,72.58,24.7,38,1.86,185.9,era5
2020-04-05 03:00:00+00:00,23.03,72.58,27.8,30,1.36,486.0,era5
2020-04-05 04:00:00+00:00,23.03,72.58,30.4,27,1.06,661.1,era5
2020-04-05 05:00:00+00:00,23.03,72.58,33.0,24,0.64,756.0,era5
2020-04-05 06:00:00+00:00,23.03,72.58,35.5,21,0.64,807.6,era5
2020-04-05 07:00:00+00:00,23.03,72.58,37.4,18,0.64,832.4,era5
2020-04-05 08:00:00+00:00,23.03,72.58,38.4,14,1.22,836.9,era5
2020-04-05 09:00:00+00:00,23.03,72.58,38.6,13,1.42,821.6,era5
2020-04-05 10:00:00+00:00,23.03,72.58,38.6,13,1.61,782.1,era5
2020-04-05 11:00:00+00:00,23.03,72.58,38.3,12,1.25,708.9,era5
2020-04-05 12:00:00+00:00,23.03,72.58,37.7,13,0.61,577.1,era5
2020-04-05 13:00:00+00:00,23.03,72.58,36.8,15,0.61,332.8,era5
2020-04-05 14:00:00+00:00,23.03,72.58,35.0,18,0.64,14.3,era5
2020-04-05 15:00:00+00:00,23.03,72.58,31.4,23,1.92,0.0,era5
2020-04-05 16:00:00+00:00,23.03,72.58,28.2,28,2.14,0.0,era5
2020-04-05 17:00:00+00:00,23.03,72.58,27.1,30,2.56,0.0,era5
2020-04-05 18:00:00+00:00,23.03,72.58,25.7,35,2.83,0.0,era5
2020-04-05 19:00:00+00:00,23.03,72.58,24.8,38,2.22,0.0,era5
2020-04-05 20:00:00+00:00,23.03,72.58,24.1,41,1.78,0.0,era5
2020-04-05 21:00:00+00:00,23.03,72.58,24.1,39,2.0,0.0,era5
2020-04-05 22:00:00+00:00,23.03,72.58,23.3,40,2.28,0.0,era5
2020-04-05 23:00:00+00:00,23.03,72.58,23.6,34,2.36,0.0,era5
2020-04-06 00:00:00+00:00,23.03,72.58,23.0,37,2.08,0.0,era5
2020-04-06 01:00:00+00:00,23.03,72.58,23.7,34,2.56,0.0,era5
2020-04-06 02:00:00+00:00,23.03,72.58,25.1,34,2.72,190.7,era5
2020-04-06 03:00:00+00:00,23.03,72.58,28.4,30,2.11,487.1,era5
2020-04-06 04:00:00+00:00,23.03,72.58,31.2,27,2.36,657.5,era5
2020-04-06 05:00:00+00:00,23.03,72.58,33.7,23,2.44,751.8,era5
2020-04-06 06:00:00+00:00,23.03,72.58,35.7,22,2.25,801.9,era5
2020-04-06 07:00:00+00:00,23.03,72.58,37.3,19,1.69,825.2,era5
2020-04-06 08:00:00+00:00,23.03,72.58,38.1,18,0.81,828.0,era5
2020-04-06 09:00:00+00:00,23.03,72.58,38.5,16,0.44,812.5,era5
2020-04-06 10:00:00+00:00,23.03,72.58,38.7,15,1.17,772.0,era5
2020-04-06 11:00:00+00:00,23.03,72.58,38.5,15,2.06,696.5,era5
2020-04-06 12:00:00+00:00,23.03,72.58,37.6,17,2.11,561.8,era5
2020-04-06 13:00:00+00:00,23.03,72.58,33.5,33,2.31,321.3,era5
2020-04-06 14:00:00+00:00,23.03,72.58,30.9,29,3.03,14.2,era5
2020-04-06 15:00:00+00:00,23.03,72.58,31.4,25,2.5,0.0,era5
2020-04-06 16:00:00+00:00,23.03,72.58,30.3,27,2.22,0.0,era5
2020-04-06 17:00:00+00:00,23.03,72.58,28.4,31,2.19,0.0,era5
2020-04-06 18:00:00+00:00,23.03,72.58,27.0,33,1.97,0.0,era5
2020-04-06 19:00:00+00:00,23.03,72.58,28.3,31,3.39,0.0,era5
2020-04-06 20:00:00+00:00,23.03,72.58,28.1,30,3.81,0.0,era5
2020-04-06 21:00:00+00:00,23.03,72.58,28.2,26,4.53,0.0,era5
2020-04-06 22:00:00+00:00,23.03,72.58,27.0,29,3.44,0.0,era5
2020-04-06 23:00:00+00:00,23.03,72.58,25.4,36,3.0,0.0,era5
2020-04-07 00:00:00+00:00,23.03,72.58,25.6,45,3.81,0.0,era5
2020-04-07 01:00:00+00:00,23.03,72.58,25.3,48,3.56,0.0,era5
2020-04-07 02:00:00+00:00,23.03,72.58,26.3,45,3.75,188.4,era5
2020-04-07 03:00:00+00:00,23.03,72.58,28.7,38,2.69,482.5,era5
2020-04-07 04:00:00+00:00,23.03,72.58,30.7,34,2.03,652.2,era5
2020-04-07 05:00:00+00:00,23.03,72.58,32.9,30,2.11,746.4,era5
2020-04-07 06:00:00+00:00,23.03,72.58,35.0,25,2.03,797.4,era5
2020-04-07 07:00:00+00:00,23.03,72.58,36.5,21,2.03,822.4,era5
2020-04-07 08:00:00+00:00,23.03,72.58,37.5,19,2.17,824.4,era5
2020-04-07 09:00:00+00:00,23.03,72.58,37.9,18,2.33,807.8,era5
2020-04-07 10:00:00+00:00,23.03,72.58,38.0,17,2.97,768.2,era5
2020-04-07 11:00:00+00:00,23.03,72.58,37.7,17,3.28,695.2,era5
2020-04-07 12:00:00+00:00,23.03,72.58,36.2,18,2.5,560.2,era5
2020-04-07 13:00:00+00:00,23.03,72.58,34.1,31,1.39,324.0,era5
2020-04-07 14:00:00+00:00,23.03,72.58,33.9,23,0.86,14.0,era5
2020-04-07 15:00:00+00:00,23.03,72.58,28.9,33,2.53,0.0,era5
2020-04-07 16:00:00+00:00,23.03,72.58,28.5,28,2.33,0.0,era5
2020-04-07 17:00:00+00:00,23.03,72.58,27.1,34,2.47,0.0,era5
2020-04-07 18:00:00+00:00,23.03,72.58,26.1,36,2.14,0.0,era5
2020-04-07 19:00:00+00:00,23.03,72.58,26.1,33,2.28,0.0,era5
2020-04-07 20:00:00+00:00,23.03,72.58,26.2,37,2.81,0.0,era5
2020-04-07 21:00:00+00:00,23.03,72.58,25.4,47,2.81,0.0,era5
2020-04-07 22:00:00+00:00,23.03,72.58,24.7,57,3.5,0.0,era5
2020-04-07 23:00:00+00:00,23.03,72.58,24.0,65,3.28,0.0,era5
2020-04-08 00:00:00+00:00,23.03,72.58,23.8,70,2.97,0.0,era5
2020-04-08 01:00:00+00:00,23.03,72.58,24.1,71,3.11,0.0,era5
2020-04-08 02:00:00+00:00,23.03,72.58,25.4,67,3.33,193.1,era5
2020-04-08 03:00:00+00:00,23.03,72.58,27.6,59,4.03,478.0,era5
2020-04-08 04:00:00+00:00,23.03,72.58,30.1,48,4.0,643.4,era5
2020-04-08 05:00:00+00:00,23.03,72.58,32.6,40,3.17,732.9,era5
2020-04-08 06:00:00+00:00,23.03,72.58,34.6,33,2.69,783.8,era5
2020-04-08 07:00:00+00:00,23.03,72.58,36.2,27,2.58,793.2,era5
2020-04-08 08:00:00+00:00,23.03,72.58,37.3,23,2.58,776.0,era5
2020-04-08 09:00:00+00:00,23.03,72.58,37.6,21,3.0,544.3,era5
2020-04-08 10:00:00+00:00,23.03,72.58,37.8,20,3.14,573.0,era5
2020-04-08 11:00:00+00:00,23.03,72.58,37.5,19,2.83,478.2,era5
2020-04-08 12:00:00+00:00,23.03,72.58,36.3,22,1.83,422.4,era5
2020-04-08 13:00:00+00:00,23.03,72.58,33.6,34,1.86,261.3,era5
2020-04-08 14:00:00+00:00,23.03,72.58,31.9,29,2.06,13.9,era5
2020-04-08 15:00:00+00:00,23.03,72.58,30.1,31,2.25,0.0,era5
2020-04-08 16:00:00+00:00,23.03,72.58,29.8,31,2.67,0.0,era5
2020-04-08 17:00:00+00:00,23.03,72.58,28.1,41,2.94,0.0,era5
2020-04-08 18:00:00+00:00,23.03,72.58,27.6,45,2.39,0.0,era5
2020-04-08 19:00:00+00:00,23.03,72.58,26.5,48,2.06,0.0,era5
2020-04-08 20:00:00+00:00,23.03,72.58,26.0,48,2.06,0.0,era5
2020-04-08 21:00:00+00:00,23.03,72.58,24.5,54,2.47,0.0,era5
2020-04-08 22:00:00+00:00,23.03,72.58,24.2,47,2.28,0.0,era5
2020-04-08 23:00:00+00:00,23.03,72.58,24.8,39,2.36,0.0,era5
2020-04-09 00:00:00+00:00,23.03,72.58,25.0,53,3.0,0.0,era5
2020-04-09 01:00:00+00:00,23.03,72.58,24.8,66,3.44,0.0,era5
2020-04-09 02:00:00+00:00,23.03,72.58,25.9,70,3.69,197.6,era5
2020-04-09 03:00:00+00:00,23.03,72.58,28.3,61,3.75,476.4,era5
2020-04-09 04:00:00+00:00,23.03,72.58,30.6,51,2.83,641.8,era5
2020-04-09 05:00:00+00:00,23.03,72.58,32.8,43,2.56,731.7,era5
2020-04-09 06:00:00+00:00,23.03,72.58,34.7,36,2.47,774.9,era5
2020-04-09 07:00:00+00:00,23.03,72.58,36.3,29,1.92,800.0,era5
2020-04-09 08:00:00+00:00,23.03,72.58,37.1,24,1.31,683.9,era5
2020-04-09 09:00:00+00:00,23.03,72.58,37.7,21,1.03,671.1,era5
2020-04-09 10:00:00+00:00,23.03,72.58,37.8,19,1.33,640.8,era5
2020-04-09 11:00:00+00:00,23.03,72.58,37.4,19,1.44,494.5,era5
2020-04-09 12:00:00+00:00,23.03,72.58,37.0,20,1.64,434.8,era5
2020-04-09 13:00:00+00:00,23.03,72.58,34.2,36,1.67,287.5,era5
2020-04-09 14:00:00+00:00,23.03,72.58,33.7,26,1.42,13.8,era5
2020-04-09 15:00:00+00:00,23.03,72.58,30.5,32,2.47,0.0,era5
2020-04-09 16:00:00+00:00,23.03,72.58,29.2,30,3.17,0.0,era5
2020-04-09 17:00:00+00:00,23.03,72.58,28.5,30,3.39,0.0,era5
2020-04-09 18:00:00+00:00,23.03,72.58,27.4,32,3.33,0.0,era5
2020-04-09 19:00:00+00:00,23.03,72.58,28.6,28,2.75,0.0,era5
2020-04-09 20:00:00+00:00,23.03,72.58,28.2,28,2.5,0.0,era5
2020-04-09 21:00:00+00:00,23.03,72.58,26.8,31,3.22,0.0,era5
2020-04-09 22:00:00+00:00,23.03,72.58,26.2,36,3.31,0.0,era5
2020-04-09 23:00:00+00:00,23.03,72.58,25.5,42,4.14,0.0,era5
2020-04-10 00:00:00+00:00,23.03,72.58,24.9,50,3.42,0.0,era5
2020-04-10 01:00:00+00:00,23.03,72.58,24.9,51,2.78,0.0,era5
2020-04-10 02:00:00+00:00,23.03,72.58,26.3,46,3.14,202.1,era5
2020-04-10 03:00:00+00:00,23.03,72.58,28.9,38,2.64,483.1,era5
2020-04-10 04:00:00+00:00,23.03,72.58,31.3,33,1.92,647.2,era5
2020-04-10 05:00:00+00:00,23.03,72.58,33.7,28,2.33,738.5,era5
2020-04-10 06:00:00+00:00,23.03,72.58,36.0,24,2.56,790.1,era5
2020-04-10 07:00:00+00:00,23.03,72.58,37.6,21,2.33,814.2,era5
2020-04-10 08:00:00+00:00,23.03,72.58,38.6,19,1.64,819.1,era5
2020-04-10 09:00:00+00:00,23.03,72.58,39.0,17,0.64,792.0,era5
2020-04-10 10:00:00+00:00,23.03,72.58,39.1,15,0.67,725.9,era5
2020-04-10 11:00:00+00:00,23.03,72.58,38.8,15,1.22,652.4,era5
2020-04-10 12:00:00+00:00,23.03,72.58,37.9,17,0.5,539.8,era5
2020-04-10 13:00:00+00:00,23.03,72.58,37.2,19,0.53,322.7,era5
2020-04-10 14:00:00+00:00,23.03,72.58,33.7,26,1.53,13.6,era5
2020-04-10 15:00:00+00:00,23.03,72.58,31.1,29,2.19,0.0,era5
2020-04-10 16:00:00+00:00,23.03,72.58,29.7,32,2.72,0.0,era5
2020-04-10 17:00:00+00:00,23.03,72.58,29.0,32,2.42,0.0,era5
2020-04-10 18:00:00+00:00,23.03,72.58,28.2,33,2.17,0.0,era5
2020-04-10 19:00:00+00:00,23.03,72.58,27.9,32,2.61,0.0,era5
2020-04-10 20:00:00+00:00,23.03,72.58,27.5,30,2.83,0.0,era5
2020-04-10 21:00:00+00:00,23.03,72.58,27.3,29,3.25,0.0,era5
2020-04-10 22:00:00+00:00,23.03,72.58,26.9,30,3.47,0.0,era5
2020-04-10 23:00:00+00:00,23.03,72.58,26.6,30,3.22,0.0,era5
2020-04-11 00:00:00+00:00,23.03,72.58,26.4,33,2.69,0.0,era5
2020-04-11 01:00:00+00:00,23.03,72.58,26.8,32,3.0,0.0,era5
2020-04-11 02:00:00+00:00,23.03,72.58,28.3,31,2.81,206.5,era5
2020-04-11 03:00:00+00:00,23.03,72.58,31.0,27,2.22,487.1,era5
2020-04-11 04:00:00+00:00,23.03,72.58,34.0,23,3.11,650.9,era5
2020-04-11 05:00:00+00:00,23.03,72.58,36.6,21,3.33,741.3,era5
2020-04-11 06:00:00+00:00,23.03,72.58,38.8,18,3.42,792.7,era5
2020-04-11 07:00:00+00:00,23.03,72.58,40.1,15,3.0,815.8,era5
2020-04-11 08:00:00+00:00,23.03,72.58,40.7,15,2.42,818.9,era5
2020-04-11 09:00:00+00:00,23.03,72.58,40.9,14,1.83,801.8,era5
2020-04-11 10:00:00+00:00,23.03,72.58,40.7,14,1.5,753.5,era5
2020-04-11 11:00:00+00:00,23.03,72.58,40.4,14,0.75,621.8,era5
2020-04-11 12:00:00+00:00,23.03,72.58,39.5,14,2.56,515.9,era5
2020-04-11 13:00:00+00:00,23.03,72.58,36.2,21,1.92,320.8,era5
2020-04-11 14:00:00+00:00,23.03,72.58,33.7,20,2.42,13.5,era5
2020-04-11 15:00:00+00:00,23.03,72.58,32.2,22,2.56,0.0,era5
2020-04-11 16:00:00+00:00,23.03,72.58,30.9,24,2.39,0.0,era5
2020-04-11 17:00:00+00:00,23.03,72.58,30.7,23,2.47,0.0,era5
2020-04-11 18:00:00+00:00,23.03,72.58,31.5,20,3.83,0.0,era5
2020-04-11 19:00:00+00:00,23.03,72.58,31.3,20,3.83,0.0,era5
2020-04-11 20:00:00+00:00,23.03,72.58,30.2,21,3.5,0.0,era5
2020-04-11 21:00:00+00:00,23.03,72.58,29.4,22,3.28,0.0,era5
2020-04-11 22:00:00+00:00,23.03,72.58,28.7,23,3.31,0.0,era5
2020-04-11 23:00:00+00:00,23.03,72.58,28.2,24,3.53,0.0,era5
2020-04-12 00:00:00+00:00,23.03,72.58,26.9,28,2.97,0.0,era5
2020-04-12 01:00:00+00:00,23.03,72.58,27.4,28,3.14,0.0,era5
2020-04-12 02:00:00+00:00,23.03,72.58,29.0,28,2.78,177.9,era5
2020-04-12 03:00:00+00:00,23.03,72.58,31.8,25,2.08,466.6,era5
2020-04-12 04:00:00+00:00,23.03,72.58,34.2,22,1.67,654.7,era5
2020-04-12 05:00:00+00:00,23.03,72.58,36.6,20,1.47,748.2,era5
2020-04-12 06:00:00+00:00,23.03,72.58,38.9,17,1.53,798.7,era5
2020-04-12 07:00:00+00:00,23.03,72.58,40.4,14,1.83,820.5,era5
2020-04-12 08:00:00+00:00,23.03,72.58,41.1,13,1.97,801.0,era5
2020-04-12 09:00:00+00:00,23.03,72.58,41.5,12,2.72,810.5,era5
2020-04-12 10:00:00+00:00,23.03,72.58,41.4,11,3.5,772.3,era5
2020-04-12 11:00:00+00:00,23.03,72.58,41.1,10,3.42,699.8,era5
2020-04-12 12:00:00+00:00,23.03,72.58,39.9,11,3.75,568.5,era5
2020-04-12 13:00:00+00:00,23.03,72.58,36.8,15,2.22,332.6,era5
2020-04-12 14:00:00+00:00,23.03,72.58,34.7,15,2.89,26.8,era5
2020-04-12 15:00:00+00:00,23.03,72.58,34.1,15,3.33,0.0,era5
2020-04-12 16:00:00+00:00,23.03,72.58,32.9,16,3.08,0.0,era5
2020-04-12 17:00:00+00:00,23.03,72.58,31.8,17,2.86,0.0,era5
2020-04-12 18:00:00+00:00,23.03,72.58,31.1,18,2.78,0.0,era5
2020-04-12 19:00:00+00:00,23.03,72.58,30.4,19,2.69,0.0,era5
2020-04-12 20:00:00+00:00,23.03,72.58,29.4,21,2.39,0.0,era5
2020-04-12 21:00:00+00:00,23.03,72.58,29.0,23,2.58,0.0,era5
2020-04-12 22:00:00+00:00,23.03,72.58,28.3,24,3.11,0.0,era5
2020-04-12 23:00:00+00:00,23.03,72.58,28.9,22,4.64,0.0,era5
2020-04-13 00:00:00+00:00,23.03,72.58,28.4,25,3.97,0.0,era5
2020-04-13 01:00:00+00:00,23.03,72.58,28.2,26,4.25,0.0,era5
2020-04-13 02:00:00+00:00,23.03,72.58,29.8,27,4.44,215.2,era5
2020-04-13 03:00:00+00:00,23.03,72.58,32.7,23,4.0,492.2,era5
2020-04-13 04:00:00+00:00,23.03,72.58,35.6,19,4.31,653.2,era5
2020-04-13 05:00:00+00:00,23.03,72.58,38.1,16,5.17,743.1,era5
2020-04-13 06:00:00+00:00,23.03,72.58,39.8,14,5.97,794.6,era5
2020-04-13 07:00:00+00:00,23.03,72.58,40.9,13,5.58,818.0,era5
2020-04-13 08:00:00+00:00,23.03,72.58,41.4,13,4.39,821.5,era5
2020-04-13 09:00:00+00:00,23.03,72.58,41.5,12,3.61,800.7,era5
2020-04-13 10:00:00+00:00,23.03,72.58,41.5,12,3.42,766.3,era5
2020-04-13 11:00:00+00:00,23.03,72.58,41.1,11,3.53,681.6,era5
2020-04-13 12:00:00+00:00,23.03,72.58,39.8,12,3.75,560.3,era5
2020-04-13 13:00:00+00:00,23.03,72.58,36.9,16,2.19,326.1,era5
2020-04-13 14:00:00+00:00,23.03,72.58,33.9,17,2.25,26.5,era5
2020-04-13 15:00:00+00:00,23.03,72.58,32.7,18,2.31,0.0,era5
2020-04-13 16:00:00+00:00,23.03,72.58,31.2,20,2.25,0.0,era5
2020-04-13 17:00:00+00:00,23.03,72.58,29.4,25,2.94,0.0,era5
2020-04-13 18:00:00+00:00,23.03,72.58,28.6,26,2.64,0.0,era5
2020-04-13 19:00:00+00:00,23.03,72.58,28.0,26,2.61,0.0,era5
2020-04-13 20:00:00+00:00,23.03,72.58,28.7,24,2.69,0.0,era5
2020-04-13 21:00:00+00:00,23.03,72.58,30.0,22,3.83,0.0,era5
2020-04-13 22:00:00+00:00,23.03,72.58,29.9,23,3.47,0.0,era5
2020-04-13 23:00:00+00:00,23.03,72.58,27.9,27,2.56,0.0,era5
2020-04-14 00:00:00+00:00,23.03,72.58,29.2,31,4.25,0.0,era5
2020-04-14 01:00:00+00:00,23.03,72.58,28.6,35,3.58,0.0,era5
2020-04-14 02:00:00+00:00,23.03,72.58,29.8,35,3.61,219.4,era5
2020-04-14 03:00:00+00:00,23.03,72.58,32.5,29,3.19,482.9,era5
2020-04-14 04:00:00+00:00,23.03,72.58,35.4,22,3.36,646.7,era5
2020-04-14 05:00:00+00:00,23.03,72.58,37.8,18,3.72,735.5,era5
2020-04-14 06:00:00+00:00,23.03,72.58,39.5,17,3.58,760.0,era5
2020-04-14 07:00:00+00:00,23.03,72.58,40.5,16,3.28,769.5,era5
2020-04-14 08:00:00+00:00,23.03,72.58,41.1,15,2.92,803.8,era5
2020-04-14 09:00:00+00:00,23.03,72.58,41.2,15,2.75,643.4,era5
2020-04-14 10:00:00+00:00,23.03,72.58,41.3,14,2.69,720.6,era5
2020-04-14 11:00:00+00:00,23.03,72.58,41.1,14,3.08,677.4,era5
2020-04-14 12:00:00+00:00,23.03,72.58,39.8,15,3.08,534.3,era5
2020-04-14 13:00:00+00:00,23.03,72.58,37.2,19,1.81,270.2,era5
2020-04-14 14:00:00+00:00,23.03,72.58,35.8,19,2.11,13.2,era5
2020-04-14 15:00:00+00:00,23.03,72.58,34.1,21,1.97,0.0,era5
2020-04-14 16:00:00+00:00,23.03,72.58,33.7,21,2.28,0.0,era5
2020-04-14 17:00:00+00:00,23.03,72.58,32.3,23,2.64,0.0,era5
2020-04-14 18:00:00+00:00,23.03,72.58,31.4,24,2.5,0.0,era5
2020-04-14 19:00:00+00:00,23.03,72.58,29.5,28,2.47,0.0,era5
2020-04-14 20:00:00+00:00,23.03,72.58,28.8,29,2.14,0.0,era5
2020-04-14 21:00:00+00:00,23.03,72.58,29.2,29,2.75,0.0,era5
2020-04-14 22:00:00+00:00,23.03,72.58,29.6,33,3.53,0.0,era5
2020-04-14 23:00:00+00:00,23.03,72.58,30.0,29,4.75,0.0,era5
2020-04-15 00:00:00+00:00,23.03,72.58,29.9,29,3.81,0.0,era5
2020-04-15 01:00:00+00:00,23.03,72.58,29.8,29,4.03,0.0,era5
2020-04-15 02:00:00+00:00,23.03,72.58,30.5,30,4.53,185.2,era5
2020-04-15 03:00:00+00:00,23.03,72.58,32.7,27,5.06,489.6,era5
2020-04-15 04:00:00+00:00,23.03,72.58,34.8,23,4.69,638.7,era5
2020-04-15 05:00:00+00:00,23.03,72.58,36.7,20,4.39,668.9,era5
2020-04-15 06:00:00+00:00,23.03,72.58,38.6,18,4.39,757.2,era5
2020-04-15 07:00:00+00:00,23.03,72.58,39.9,16,4.89,760.9,era5
2020-04-15 08:00:00+00:00,23.03,72.58,40.5,16,5.39,756.2,era5
2020-04-15 09:00:00+00:00,23.03,72.58,39.9,17,5.81,431.0,era5
2020-04-15 10:00:00+00:00,23.03,72.58,38.7,18,5.22,81.8,era5
2020-04-15 11:00:00+00:00,23.03,72.58,39.5,16,4.47,543.6,era5
2020-04-15 12:00:00+00:00,23.03,72.58,39.0,17,4.44,506.2,era5
2020-04-15 13:00:00+00:00,23.03,72.58,36.9,20,2.14,295.5,era5
2020-04-15 14:00:00+00:00,23.03,72.58,33.5,24,2.56,26.1,era5
2020-04-15 15:00:00+00:00,23.03,72.58,32.7,24,2.33,0.0,era5
2020-04-15 16:00:00+00:00,23.03,72.58,31.9,25,2.17,0.0,era5
2020-04-15 17:00:00+00:00,23.03,72.58,30.9,26,2.19,0.0,era5
2020-04-15 18:00:00+00:00,23.03,72.58,29.6,26,2.25,0.0,era5
2020-04-15 19:00:00+00:00,23.03,72.58,28.6,26,2.56,0.0,era5
2020-04-15 20:00:00+00:00,23.03,72.58,27.6,28,3.19,0.0,era5
2020-04-15 21:00:00+00:00,23.03,72.58,27.1,29,2.69,0.0,era5
2020-04-15 22:00:00+00:00,23.03,72.58,26.6,29,2.17,0.0,era5
2020-04-15 23:00:00+00:00,23.03,72.58,26.3,32,2.03,0.0,era5
2020-04-16 00:00:00+00:00,23.03,72.58,27.4,44,3.36,0.0,era5
2020-04-16 01:00:00+00:00,23.03,72.58,27.1,52,2.94,0.0,era5
2020-04-16 02:00:00+00:00,23.03,72.58,28.3,50,3.08,189.8,era5
2020-04-16 03:00:00+00:00,23.03,72.58,30.6,42,3.56,483.1,era5
2020-04-16 04:00:00+00:00,23.03,72.58,32.9,36,3.31,635.9,era5
2020-04-16 05:00:00+00:00,23.03,72.58,35.3,29,3.42,701.0,era5
2020-04-16 06:00:00+00:00,23.03,72.58,37.4,21,3.56,734.2,era5
2020-04-16 07:00:00+00:00,23.03,72.58,38.9,17,3.61,725.2,era5
2020-04-16 08:00:00+00:00,23.03,72.58,40.0,16,3.81,761.3,era5
2020-04-16 09:00:00+00:00,23.03,72.58,40.8,16,4.5,778.0,era5
2020-04-16 10:00:00+00:00,23.03,72.58,41.1,15,5.14,749.7,era5
2020-04-16 11:00:00+00:00,23.03,72.58,40.9,14,5.53,673.8,era5
2020-04-16 12:00:00+00:00,23.03,72.58,39.2,17,5.17,513.9,era5
2020-04-16 13:00:00+00:00,23.03,72.58,37.3,19,3.53,289.4,era5
2020-04-16 14:00:00+00:00,23.03,72.58,34.7,22,2.64,25.9,era5
2020-04-16 15:00:00+00:00,23.03,72.58,33.1,24,2.19,0.0,era5
2020-04-16 16:00:00+00:00,23.03,72.58,31.6,26,2.28,0.0,era5
2020-04-16 17:00:00+00:00,23.03,72.58,30.6,28,1.94,0.0,era5
2020-04-16 18:00:00+00:00,23.03,72.58,30.9,30,2.42,0.0,era5
2020-04-16 19:00:00+00:00,23.03,72.58,30.5,33,2.19,0.0,era5
2020-04-16 20:00:00+00:00,23.03,72.58,30.3,31,2.72,0.0,era5
2020-04-16 21:00:00+00:00,23.03,72.58,30.0,30,3.19,0.0,era5
2020-04-16 22:00:00+00:00,23.03,72.58,29.1,37,3.72,0.0,era5
2020-04-16 23:00:00+00:00,23.03,72.58,28.3,45,3.42,0.0,era5
2020-04-17 00:00:00+00:00,23.03,72.58,27.8,51,3.28,0.0,era5
2020-04-17 01:00:00+00:00,23.03,72.58,27.6,48,3.22,0.0,era5
2020-04-17 02:00:00+00:00,23.03,72.58,28.9,45,3.31,206.7,era5
2020-04-17 03:00:00+00:00,23.03,72.58,30.4,43,3.83,255.4,era5
2020-04-17 04:00:00+00:00,23.03,72.58,32.4,39,4.03,482.9,era5
2020-04-17 05:00:00+00:00,23.03,72.58,34.9,32,3.89,625.8,era5
2020-04-17 06:00:00+00:00,23.03,72.58,36.7,27,3.69,591.3,era5
2020-04-17 07:00:00+00:00,23.03,72.58,38.2,24,3.75,750.1,era5
2020-04-17 08:00:00+00:00,23.03,72.58,39.3,21,3.94,787.1,era5
2020-04-17 09:00:00+00:00,23.03,72.58,40.2,19,4.64,773.9,era5
2020-04-17 10:00:00+00:00,23.03,72.58,39.6,19,5.03,457.2,era5
2020-04-17 11:00:00+00:00,23.03,72.58,39.4,18,4.89,468.0,era5
2020-04-17 12:00:00+00:00,23.03,72.58,38.3,20,4.03,428.3,era5
2020-04-17 13:00:00+00:00,23.03,72.58,36.7,23,1.92,261.2,era5
2020-04-17 14:00:00+00:00,23.03,72.58,33.9,26,1.94,25.6,era5
2020-04-17 15:00:00+00:00,23.03,72.58,32.4,29,2.33,0.0,era5
2020-04-17 16:00:00+00:00,23.03,72.58,31.5,30,2.78,0.0,era5
2020-04-17 17:00:00+00:00,23.03,72.58,32.2,27,2.67,0.0,era5
2020-04-17 18:00:00+00:00,23.03,72.58,31.4,28,2.44,0.0,era5
2020-04-17 19:00:00+00:00,23.03,72.58,30.0,30,1.89,0.0,era5
2020-04-17 20:00:00+00:00,23.03,72.58,29.4,32,2.17,0.0,era5
2020-04-17 21:00:00+00:00,23.03,72.58,28.9,35,2.42,0.0,era5
2020-04-17 22:00:00+00:00,23.03,72.58,28.9,39,3.11,0.0,era5
2020-04-17 23:00:00+00:00,23.03,72.58,28.9,40,3.28,0.0,era5
2020-04-18 00:00:00+00:00,23.03,72.58,29.1,41,3.42,0.0,era5
2020-04-18 01:00:00+00:00,23.03,72.58,28.7,41,3.42,0.0,era5
2020-04-18 02:00:00+00:00,23.03,72.58,29.9,39,3.75,186.2,era5
2020-04-18 03:00:00+00:00,23.03,72.58,31.7,34,4.11,411.3,era5
2020-04-18 04:00:00+00:00,23.03,72.58,33.9,29,4.31,590.1,era5
2020-04-18 05:00:00+00:00,23.03,72.58,36.0,24,4.31,727.0,era5
2020-04-18 06:00:00+00:00,23.03,72.58,37.8,20,4.25,774.9,era5
2020-04-18 07:00:00+00:00,23.03,72.58,39.1,18,4.22,796.8,era5
2020-04-18 08:00:00+00:00,23.03,72.58,39.8,17,4.22,800.6,era5
2020-04-18 09:00:00+00:00,23.03,72.58,40.2,16,4.25,784.9,era5
2020-04-18 10:00:00+00:00,23.03,72.58,40.3,16,4.56,746.7,era5
2020-04-18 11:00:00+00:00,23.03,72.58,39.8,16,5.08,588.7,era5
2020-04-18 12:00:00+00:00,23.03,72.58,38.4,18,4.75,464.9,era5
2020-04-18 13:00:00+00:00,23.03,72.58,37.0,19,3.56,255.3,era5
2020-04-18 14:00:00+00:00,23.03,72.58,35.2,21,3.06,12.7,era5
2020-04-18 15:00:00+00:00,23.03,72.58,34.1,22,3.14,0.0,era5
2020-04-18 16:00:00+00:00,23.03,72.58,33.4,22,3.56,0.0,era5
2020-04-18 17:00:00+00:00,23.03,72.58,32.8,22,3.58,0.0,era5
2020-04-18 18:00:00+00:00,23.03,72.58,32.1,23,3.81,0.0,era5
2020-04-18 19:00:00+00:00,23.03,72.58,31.4,27,3.89,0.0,era5
2020-04-18 20:00:00+00:00,23.03,72.58,30.5,35,3.89,0.0,era5
2020-04-18 21:00:00+00:00,23.03,72.58,29.7,40,4.08,0.0,era5
2020-04-18 22:00:00+00:00,23.03,72.58,28.9,44,4.06,0.0,era5
2020-04-18 23:00:00+00:00,23.03,72.58,28.1,47,3.83,0.0,era5
2020-04-19 00:00:00+00:00,23.03,72.58,27.6,54,3.81,0.0,era5
2020-04-19 01:00:00+00:00,23.03,72.58,27.5,53,3.81,0.0,era5
2020-04-19 02:00:00+00:00,23.03,72.58,28.8,48,3.86,104.6,era5
2020-04-19 03:00:00+00:00,23.03,72.58,30.9,43,4.08,254.3,era5
2020-04-19 04:00:00+00:00,23.03,72.58,33.3,34,4.22,428.7,era5
2020-04-19 05:00:00+00:00,23.03,72.58,35.5,27,4.61,626.3,era5
2020-04-19 06:00:00+00:00,23.03,72.58,36.7,25,4.36,560.0,era5
2020-04-19 07:00:00+00:00,23.03,72.58,37.7,22,3.89,483.4,era5
2020-04-19 08:00:00+00:00,23.03,72.58,38.7,20,3.86,784.2,era5
2020-04-19 09:00:00+00:00,23.03,72.58,39.1,18,4.28,772.1,era5
2020-04-19 10:00:00+00:00,23.03,72.58,39.2,17,4.67,719.9,era5
2020-04-19 11:00:00+00:00,23.03,72.58,38.7,18,4.97,650.8,era5
2020-04-19 12:00:00+00:00,23.03,72.58,37.7,19,4.58,446.1,era5
2020-04-19 13:00:00+00:00,23.03,72.58,36.3,21,2.64,135.7,era5
2020-04-19 14:00:00+00:00,23.03,72.58,33.5,25,2.17,12.6,era5
2020-04-19 15:00:00+00:00,23.03,72.58,33.6,24,2.64,0.0,era5
2020-04-19 16:00:00+00:00,23.03,72.58,32.8,25,3.0,0.0,era5
2020-04-19 17:00:00+00:00,23.03,72.58,31.7,26,2.86,0.0,era5
2020-04-19 18:00:00+00:00,23.03,72.58,30.9,30,2.61,0.0,era5
2020-04-19 19:00:00+00:00,23.03,72.58,30.0,36,2.28,0.0,era5
2020-04-19 20:00:00+00:00,23.03,72.58,29.8,38,3.39,0.0,era5
2020-04-19 21:00:00+00:00,23.03,72.58,29.8,40,4.61,0.0,era5
2020-04-19 22:00:00+00:00,23.03,72.58,29.3,39,4.97,0.0,era5
2020-04-19 23:00:00+00:00,23.03,72.58,28.4,40,4.08,0.0,era5
2020-04-20 00:00:00+00:00,23.03,72.58,28.0,46,3.86,0.0,era5
2020-04-20 01:00:00+00:00,23.03,72.58,27.5,48,2.61,0.0,era5
2020-04-20 02:00:00+00:00,23.03,72.58,29.0,45,2.11,213.5,era5
2020-04-20 03:00:00+00:00,23.03,72.58,31.0,39,2.72,454.1,era5
2020-04-20 04:00:00+00:00,23.03,72.58,33.1,34,3.39,592.1,era5
2020-04-20 05:00:00+00:00,23.03,72.58,35.2,28,3.81,666.2,era5
2020-04-20 06:00:00+00:00,23.03,72.58,36.8,24,4.14,737.5,era5
2020-04-20 07:00:00+00:00,23.03,72.58,37.9,21,4.81,803.8,era5
2020-04-20 08:00:00+00:00,23.03,72.58,38.6,19,5.11,806.9,era5
2020-04-20 09:00:00+00:00,23.03,72.58,39.1,18,5.25,789.8,era5
2020-04-20 10:00:00+00:00,23.03,72.58,39.2,18,5.5,747.5,era5
2020-04-20 11:00:00+00:00,23.03,72.58,39.0,17,5.64,671.3,era5
2020-04-20 12:00:00+00:00,23.03,72.58,37.4,21,5.75,537.6,era5
2020-04-20 13:00:00+00:00,23.03,72.58,36.2,22,4.08,300.3,era5
2020-04-20 14:00:00+00:00,23.03,72.58,34.3,25,2.69,25.0,era5
2020-04-20 15:00:00+00:00,23.03,72.58,33.4,27,3.14,0.0,era5
2020-04-20 16:00:00+00:00,23.03,72.58,32.3,31,2.58,0.0,era5
2020-04-20 17:00:00+00:00,23.03,72.58,30.3,37,2.25,0.0,era5
2020-04-20 18:00:00+00:00,23.03,72.58,29.6,39,1.5,0.0,era5
2020-04-20 19:00:00+00:00,23.03,72.58,29.3,39,2.11,0.0,era5
2020-04-20 20:00:00+00:00,23.03,72.58,28.8,38,2.06,0.0,era5
2020-04-20 21:00:00+00:00,23.03,72.58,28.0,36,1.81,0.0,era5
2020-04-20 22:00:00+00:00,23.03,72.58,27.4,35,2.08,0.0,era5
2020-04-20 23:00:00+00:00,23.03,72.58,26.7,43,2.17,0.0,era5
2020-04-21 00:00:00+00:00,23.03,72.58,26.9,62,2.19,0.0,era5
2020-04-21 01:00:00+00:00,23.03,72.58,27.3,66,2.03,0.0,era5
2020-04-21 02:00:00+00:00,23.03,72.58,28.9,62,2.33,234.8,era5
2020-04-21 03:00:00+00:00,23.03,72.58,30.9,54,3.11,473.9,era5
2020-04-21 04:00:00+00:00,23.03,72.58,33.1,46,3.06,624.8,era5
2020-04-21 05:00:00+00:00,23.03,72.58,35.3,38,2.69,709.8,era5
2020-04-21 06:00:00+00:00,23.03,72.58,37.3,30,2.58,752.9,era5
2020-04-21 07:00:00+00:00,23.03,72.58,38.2,25,2.61,612.4,era5
2020-04-21 08:00:00+00:00,23.03,72.58,38.6,23,2.56,563.0,era5
2020-04-21 09:00:00+00:00,23.03,72.58,39.3,21,2.47,615.6,era5
2020-04-21 10:00:00+00:00,23.03,72.58,39.6,20,2.92,596.6,era5
2020-04-21 11:00:00+00:00,23.03,72.58,39.6,19,3.25,581.6,era5
2020-04-21 12:00:00+00:00,23.03,72.58,38.8,19,3.61,422.0,era5
2020-04-21 13:00:00+00:00,23.03,72.58,37.5,20,2.47,259.7,era5
2020-04-21 14:00:00+00:00,23.03,72.58,34.0,24,2.14,24.8,era5
2020-04-21 15:00:00+00:00,23.03,72.58,33.0,25,2.06,0.0,era5
2020-04-21 16:00:00+00:00,23.03,72.58,32.1,26,2.11,0.0,era5
2020-04-21 17:00:00+00:00,23.03,72.58,30.6,29,2.53,0.0,era5
2020-04-21 18:00:00+00:00,23.03,72.58,30.5,27,2.25,0.0,era5
2020-04-21 19:00:00+00:00,23.03,72.58,30.8,29,3.36,0.0,era5
2020-04-21 20:00:00+00:00,23.03,72.58,30.3,36,3.33,0.0,era5
2020-04-21 21:00:00+00:00,23.03,72.58,29.4,42,3.31,0.0,era5
2020-04-21 22:00:00+00:00,23.03,72.58,28.5,48,2.36,0.0,era5
2020-04-21 23:00:00+00:00,23.03,72.58,27.2,55,2.06,0.0,era5
2020-04-22 00:00:00+00:00,23.03,72.58,28.2,56,3.0,0.0,era5
2020-04-22 01:00:00+00:00,23.03,72.58,28.6,52,3.06,0.0,era5
2020-04-22 02:00:00+00:00,23.03,72.58,30.2,46,2.97,142.0,era5
2020-04-22 03:00:00+00:00,23.03,72.58,31.8,42,3.47,337.4,era5
2020-04-22 04:00:00+00:00,23.03,72.58,33.8,39,3.19,481.8,era5
2020-04-22 05:00:00+00:00,23.03,72.58,36.0,34,3.11,709.5,era5
2020-04-22 06:00:00+00:00,23.03,72.58,37.9,28,3.28,759.4,era5
2020-04-22 07:00:00+00:00,23.03,72.58,39.4,23,3.08,759.4,era5
2020-04-22 08:00:00+00:00,23.03,72.58,40.1,20,3.28,681.2,era5
2020-04-22 09:00:00+00:00,23.03,72.58,40.6,18,3.31,655.0,era5
2020-04-22 10:00:00+00:00,23.03,72.58,40.8,17,3.69,712.7,era5
2020-04-22 11:00:00+00:00,23.03,72.58,40.3,17,4.0,530.3,era5
2020-04-22 12:00:00+00:00,23.03,72.58,39.2,19,3.69,526.3,era5
2020-04-22 13:00:00+00:00,23.03,72.58,37.5,22,1.72,301.3,era5
2020-04-22 14:00:00+00:00,23.03,72.58,34.2,28,2.5,24.6,era5
2020-04-22 15:00:00+00:00,23.03,72.58,33.7,29,2.47,0.0,era5
2020-04-22 16:00:00+00:00,23.03,72.58,32.7,30,2.69,0.0,era5
2020-04-22 17:00:00+00:00,23.03,72.58,33.0,29,3.47,0.0,era5
2020-04-22 18:00:00+00:00,23.03,72.58,32.4,31,3.81,0.0,era5
2020-04-22 19:00:00+00:00,23.03,72.58,32.0,30,3.61,0.0,era5
2020-04-22 20:00:00+00:00,23.03,72.58,30.8,32,3.56,0.0,era5
2020-04-22 21:00:00+00:00,23.03,72.58,29.8,36,3.61,0.0,era5
2020-04-22 22:00:00+00:00,23.03,72.58,28.9,45,3.44,0.0,era5
2020-04-22 23:00:00+00:00,23.03,72.58,28.2,52,3.39,0.0,era5
2020-04-23 00:00:00+00:00,23.03,72.58,28.4,55,4.11,0.0,era5
2020-04-23 01:00:00+00:00,23.03,72.58,28.4,55,4.06,0.0,era5
2020-04-23 02:00:00+00:00,23.03,72.58,29.5,52,3.97,209.6,era5
2020-04-23 03:00:00+00:00,23.03,72.58,31.3,45,4.58,478.0,era5
2020-04-23 04:00:00+00:00,23.03,72.58,33.7,36,4.92,633.6,era5
2020-04-23 05:00:00+00:00,23.03,72.58,35.9,30,4.92,720.7,era5
2020-04-23 06:00:00+00:00,23.03,72.58,38.1,24,4.97,769.3,era5
2020-04-23 07:00:00+00:00,23.03,72.58,39.6,20,5.03,793.5,era5
2020-04-23 08:00:00+00:00,23.03,72.58,40.5,18,5.42,798.2,era5
2020-04-23 09:00:00+00:00,23.03,72.58,40.9,17,5.83,781.0,era5
2020-04-23 10:00:00+00:00,23.03,72.58,41.0,16,6.06,737.7,era5
2020-04-23 11:00:00+00:00,23.03,72.58,40.6,17,6.03,659.3,era5
2020-04-23 12:00:00+00:00,23.03,72.58,39.3,18,5.5,527.3,era5
2020-04-23 13:00:00+00:00,23.03,72.58,38.0,19,3.72,299.6,era5
2020-04-23 14:00:00+00:00,23.03,72.58,35.6,22,2.5,24.4,era5
2020-04-23 15:00:00+00:00,23.03,72.58,34.5,26,2.56,0.0,era5
2020-04-23 16:00:00+00:00,23.03,72.58,34.4,27,4.33,0.0,era5
2020-04-23 17:00:00+00:00,23.03,72.58,33.5,33,5.31,0.0,era5
2020-04-23 18:00:00+00:00,23.03,72.58,32.4,36,5.42,0.0,era5
2020-04-23 19:00:00+00:00,23.03,72.58,31.4,41,5.22,0.0,era5
2020-04-23 20:00:00+00:00,23.03,72.58,30.7,44,5.06,0.0,era5
2020-04-23 21:00:00+00:00,23.03,72.58,30.0,47,4.92,0.0,era5
2020-04-23 22:00:00+00:00,23.03,72.58,29.1,51,4.61,0.0,era5
2020-04-23 23:00:00+00:00,23.03,72.58,28.4,55,4.22,0.0,era5
2020-04-24 00:00:00+00:00,23.03,72.58,27.7,62,4.22,0.0,era5
2020-04-24 01:00:00+00:00,23.03,72.58,27.6,65,4.06,0.0,era5
2020-04-24 02:00:00+00:00,23.03,72.58,28.6,63,4.25,235.0,era5
2020-04-24 03:00:00+00:00,23.03,72.58,30.4,56,4.47,475.1,era5
2020-04-24 04:00:00+00:00,23.03,72.58,32.6,46,4.64,624.9,era5
2020-04-24 05:00:00+00:00,23.03,72.58,34.8,37,4.39,710.2,era5
2020-04-24 06:00:00+00:00,23.03,72.58,36.8,29,4.31,760.4,era5
2020-04-24 07:00:00+00:00,23.03,72.58,38.3,24,4.39,785.4,era5
2020-04-24 08:00:00+00:00,23.03,72.58,39.3,21,4.64,788.3,era5
2020-04-24 09:00:00+00:00,23.03,72.58,39.8,19,5.33,770.5,era5
2020-04-24 10:00:00+00:00,23.03,72.58,39.7,17,5.83,725.9,era5
2020-04-24 11:00:00+00:00,23.03,72.58,39.5,17,5.58,647.7,era5
2020-04-24 12:00:00+00:00,23.03,72.58,38.2,17,7.22,362.3,era5
2020-04-24 13:00:00+00:00,23.03,72.58,36.8,16,6.69,302.2,era5
2020-04-24 14:00:00+00:00,23.03,72.58,35.0,14,5.64,24.2,era5
2020-04-24 15:00:00+00:00,23.03,72.58,33.6,15,6.0,0.0,era5
2020-04-24 16:00:00+00:00,23.03,72.58,32.4,18,6.47,0.0,era5
2020-04-24 17:00:00+00:00,23.03,72.58,31.2,23,6.08,0.0,era5
2020-04-24 18:00:00+00:00,23.03,72.58,30.1,30,5.33,0.0,era5
2020-04-24 19:00:00+00:00,23.03,72.58,28.9,39,3.83,0.0,era5
2020-04-24 20:00:00+00:00,23.03,72.58,27.9,46,3.11,0.0,era5
2020-04-24 21:00:00+00:00,23.03,72.58,27.1,51,2.92,0.0,era5
2020-04-24 22:00:00+00:00,23.03,72.58,26.4,55,2.72,0.0,era5
2020-04-24 23:00:00+00:00,23.03,72.58,25.7,60,2.58,0.0,era5
2020-04-25 00:00:00+00:00,23.03,72.58,25.4,65,2.19,0.0,era5
2020-04-25 01:00:00+00:00,23.03,72.58,25.6,67,2.39,0.0,era5
2020-04-25 02:00:00+00:00,23.03,72.58,27.2,63,2.81,248.4,era5
2020-04-25 03:00:00+00:00,23.03,72.58,29.2,56,3.92,489.7,era5
2020-04-25 04:00:00+00:00,23.03,72.58,31.4,48,4.33,634.4,era5
2020-04-25 05:00:00+00:00,23.03,72.58,33.7,40,4.42,717.7,era5
2020-04-25 06:00:00+00:00,23.03,72.58,36.0,30,5.03,764.8,era5
2020-04-25 07:00:00+00:00,23.03,72.58,36.6,27,5.5,568.3,era5
2020-04-25 08:00:00+00:00,23.03,72.58,37.8,22,5.0,525.0,era5
2020-04-25 09:00:00+00:00,23.03,72.58,38.9,19,5.69,620.9,era5
2020-04-25 10:00:00+00:00,23.03,72.58,38.6,19,5.33,553.7,era5
2020-04-25 11:00:00+00:00,23.03,72.58,38.4,19,4.78,544.8,era5
2020-04-25 12:00:00+00:00,23.03,72.58,37.1,22,4.72,472.5,era5
2020-04-25 13:00:00+00:00,23.03,72.58,36.1,24,3.83,279.3,era5
2020-04-25 14:00:00+00:00,23.03,72.58,34.1,26,3.19,24.0,era5
2020-04-25 15:00:00+00:00,23.03,72.58,33.0,28,2.42,0.0,era5
2020-04-25 16:00:00+00:00,23.03,72.58,30.7,43,3.53,0.0,era5
2020-04-25 17:00:00+00:00,23.03,72.58,29.1,65,3.19,0.0,era5
2020-04-25 18:00:00+00:00,23.03,72.58,28.5,69,2.75,0.0,era5
2020-04-25 19:00:00+00:00,23.03,72.58,28.2,66,2.36,0.0,era5
2020-04-25 20:00:00+00:00,23.03,72.58,28.4,41,2.67,0.0,era5
2020-04-25 21:00:00+00:00,23.03,72.58,27.6,32,2.03,0.0,era5
2020-04-25 22:00:00+00:00,23.03,72.58,26.7,37,1.92,0.0,era5
2020-04-25 23:00:00+00:00,23.03,72.58,26.1,46,2.19,0.0,era5
2020-04-26 00:00:00+00:00,23.03,72.58,26.0,61,2.5,0.0,era5
2020-04-26 01:00:00+00:00,23.03,72.58,26.2,67,2.92,0.0,era5
2020-04-26 02:00:00+00:00,23.03,72.58,27.4,70,3.86,239.2,era5
2020-04-26 03:00:00+00:00,23.03,72.58,29.0,67,3.75,477.1,era5
2020-04-26 04:00:00+00:00,23.03,72.58,31.2,58,3.03,620.9,era5
2020-04-26 05:00:00+00:00,23.03,72.58,33.7,45,2.64,704.7,era5
2020-04-26 06:00:00+00:00,23.03,72.58,36.2,33,2.83,753.7,era5
2020-04-26 07:00:00+00:00,23.03,72.58,38.0,27,3.56,777.5,era5
2020-04-26 08:00:00+00:00,23.03,72.58,39.1,23,3.83,722.5,era5
2020-04-26 09:00:00+00:00,23.03,72.58,39.4,21,3.64,568.5,era5
2020-04-26 10:00:00+00:00,23.03,72.58,39.8,20,3.44,618.0,era5
2020-04-26 11:00:00+00:00,23.03,72.58,39.8,18,3.31,586.6,era5
2020-04-26 12:00:00+00:00,23.03,72.58,38.9,19,2.81,504.0,era5
2020-04-26 13:00:00+00:00,23.03,72.58,36.9,23,1.33,311.4,era5
2020-04-26 14:00:00+00:00,23.03,72.58,33.4,30,2.5,23.8,era5
2020-04-26 15:00:00+00:00,23.03,72.58,33.0,34,4.08,0.0,era5
2020-04-26 16:00:00+00:00,23.03,72.58,31.1,46,3.72,0.0,era5
2020-04-26 17:00:00+00:00,23.03,72.58,30.0,53,4.25,0.0,era5
2020-04-26 18:00:00+00:00,23.03,72.58,29.2,63,1.97,0.0,era5
2020-04-26 19:00:00+00:00,23.03,72.58,29.0,66,2.25,0.0,era5
2020-04-26 20:00:00+00:00,23.03,72.58,28.7,60,2.94,0.0,era5
2020-04-26 21:00:00+00:00,23.03,72.58,28.5,39,3.31,0.0,era5
2020-04-26 22:00:00+00:00,23.03,72.58,27.7,42,3.11,0.0,era5
2020-04-26 23:00:00+00:00,23.03,72.58,26.9,46,2.92,0.0,era5
2020-04-27 00:00:00+00:00,23.03,72.58,26.4,60,1.83,0.0,era5
2020-04-27 01:00:00+00:00,23.03,72.58,26.5,65,2.11,0.0,era5
2020-04-27 02:00:00+00:00,23.03,72.58,27.5,67,2.22,241.3,era5
2020-04-27 03:00:00+00:00,23.03,72.58,29.1,63,2.08,474.5,era5
2020-04-27 04:00:00+00:00,23.03,72.58,31.0,54,1.86,607.6,era5
2020-04-27 05:00:00+00:00,23.03,72.58,33.0,45,1.0,686.7,era5
2020-04-27 06:00:00+00:00,23.03,72.58,35.0,38,1.31,738.4,era5
2020-04-27 07:00:00+00:00,23.03,72.58,36.8,33,2.22,764.4,era5
2020-04-27 08:00:00+00:00,23.03,72.58,38.2,28,2.56,772.9,era5
2020-04-27 09:00:00+00:00,23.03,72.58,39.2,24,2.92,755.6,era5
2020-04-27 10:00:00+00:00,23.03,72.58,39.3,21,3.56,601.5,era5
2020-04-27 11:00:00+00:00,23.03,72.58,39.4,20,3.83,549.4,era5
2020-04-27 12:00:00+00:00,23.03,72.58,37.9,22,3.72,459.5,era5
2020-04-27 13:00:00+00:00,23.03,72.58,36.8,23,2.5,292.9,era5
2020-04-27 14:00:00+00:00,23.03,72.58,33.3,31,2.25,23.6,era5
2020-04-27 15:00:00+00:00,23.03,72.58,32.1,34,2.58,0.0,era5
2020-04-27 16:00:00+00:00,23.03,72.58,31.3,35,2.58,0.0,era5
2020-04-27 17:00:00+00:00,23.03,72.58,31.3,35,3.5,0.0,era5
2020-04-27 18:00:00+00:00,23.03,72.58,29.6,45,3.72,0.0,era5
2020-04-27 19:00:00+00:00,23.03,72.58,28.9,54,3.56,0.0,era5
2020-04-27 20:00:00+00:00,23.03,72.58,28.4,56,2.83,0.0,era5
2020-04-27 21:00:00+00:00,23.03,72.58,27.9,45,2.42,0.0,era5
2020-04-27 22:00:00+00:00,23.03,72.58,27.1,39,2.17,0.0,era5
2020-04-27 23:00:00+00:00,23.03,72.58,26.1,45,1.78,0.0,era5
2020-04-28 00:00:00+00:00,23.03,72.58,26.5,47,1.97,0.0,era5
2020-04-28 01:00:00+00:00,23.03,72.58,27.0,56,2.42,0.0,era5
2020-04-28 02:00:00+00:00,23.03,72.58,28.4,63,2.33,243.4,era5
2020-04-28 03:00:00+00:00,23.03,72.58,30.9,56,2.78,481.7,era5
2020-04-28 04:00:00+00:00,23.03,72.58,33.4,45,2.58,628.6,era5
2020-04-28 05:00:00+00:00,23.03,72.58,35.9,34,2.22,712.2,era5
2020-04-28 06:00:00+00:00,23.03,72.58,38.1,26,2.14,759.4,era5
2020-04-28 07:00:00+00:00,23.03,72.58,39.7,21,2.42,783.1,era5
2020-04-28 08:00:00+00:00,23.03,72.58,40.5,18,1.83,777.4,era5
2020-04-28 09:00:00+00:00,23.03,72.58,40.5,17,1.64,589.2,era5
2020-04-28 10:00:00+00:00,23.03,72.58,40.7,17,1.75,565.6,era5
2020-04-28 11:00:00+00:00,23.03,72.58,40.5,17,2.11,544.2,era5
2020-04-28 12:00:00+00:00,23.03,72.58,39.3,18,2.47,473.6,era5
2020-04-28 13:00:00+00:00,23.03,72.58,37.9,20,2.28,303.8,era5
2020-04-28 14:00:00+00:00,23.03,72.58,35.6,22,2.5,23.4,era5
2020-04-28 15:00:00+00:00,23.03,72.58,34.5,24,2.5,0.0,era5
2020-04-28 16:00:00+00:00,23.03,72.58,33.8,25,2.89,0.0,era5
2020-04-28 17:00:00+00:00,23.03,72.58,33.0,26,2.64,0.0,era5
2020-04-28 18:00:00+00:00,23.03,72.58,32.3,27,2.97,0.0,era5
2020-04-28 19:00:00+00:00,23.03,72.58,31.5,27,2.89,0.0,era5
2020-04-28 20:00:00+00:00,23.03,72.58,30.7,28,2.72,0.0,era5
2020-04-28 21:00:00+00:00,23.03,72.58,30.1,30,3.03,0.0,era5
2020-04-28 22:00:00+00:00,23.03,72.58,29.6,34,3.36,0.0,era5
2020-04-28 23:00:00+00:00,23.03,72.58,28.7,40,2.78,0.0,era5
2020-04-29 00:00:00+00:00,23.03,72.58,28.4,43,2.72,0.0,era5
2020-04-29 01:00:00+00:00,23.03,72.58,28.6,44,2.86,0.0,era5
2020-04-29 02:00:00+00:00,23.03,72.58,30.4,41,3.47,245.6,era5
2020-04-29 03:00:00+00:00,23.03,72.58,32.8,37,4.78,484.1,era5
2020-04-29 04:00:00+00:00,23.03,72.58,35.5,31,4.61,630.0,era5
2020-04-29 05:00:00+00:00,23.03,72.58,38.1,25,4.69,714.7,era5
2020-04-29 06:00:00+00:00,23.03,72.58,40.1,20,4.53,760.7,era5
2020-04-29 07:00:00+00:00,23.03,72.58,41.2,17,3.75,666.5,era5
2020-04-29 08:00:00+00:00,23.03,72.58,41.6,15,2.69,579.3,era5
2020-04-29 09:00:00+00:00,23.03,72.58,41.7,14,2.72,579.0,era5
2020-04-29 10:00:00+00:00,23.03,72.58,41.5,14,3.25,513.8,era5
2020-04-29 11:00:00+00:00,23.03,72.58,41.3,14,3.11,516.2,era5
2020-04-29 12:00:00+00:00,23.03,72.58,40.5,15,3.19,450.9,era5
2020-04-29 13:00:00+00:00,23.03,72.58,38.9,17,2.22,298.0,era5
2020-04-29 14:00:00+00:00,23.03,72.58,36.3,19,2.42,34.8,era5
2020-04-29 15:00:00+00:00,23.03,72.58,35.0,21,2.58,0.0,era5
2020-04-29 16:00:00+00:00,23.03,72.58,33.8,23,2.42,0.0,era5
2020-04-29 17:00:00+00:00,23.03,72.58,33.4,23,2.97,0.0,era5
2020-04-29 18:00:00+00:00,23.03,72.58,33.1,24,3.06,0.0,era5
2020-04-29 19:00:00+00:00,23.03,72.58,32.2,26,2.78,0.0,era5
2020-04-29 20:00:00+00:00,23.03,72.58,31.2,27,2.97,0.0,era5
2020-04-29 21:00:00+00:00,23.03,72.58,30.7,28,3.31,0.0,era5
2020-04-29 22:00:00+00:00,23.03,72.58,30.2,30,3.5,0.0,era5
2020-04-29 23:00:00+00:00,23.03,72.58,29.6,32,3.47,0.0,era5
2020-04-30 00:00:00+00:00,23.03,72.58,29.7,35,3.39,0.0,era5
2020-04-30 01:00:00+00:00,23.03,72.58,30.0,35,3.39,0.0,era5
2020-04-30 02:00:00+00:00,23.03,72.58,31.8,32,3.5,247.7,era5
2020-04-30 03:00:00+00:00,23.03,72.58,34.1,29,2.0,484.1,era5
2020-04-30 04:00:00+00:00,23.03,72.58,36.1,26,2.22,621.8,era5
2020-04-30 05:00:00+00:00,23.03,72.58,38.4,23,3.28,689.3,era5
2020-04-30 06:00:00+00:00,23.03,72.58,40.3,20,3.36,744.4,era5
2020-04-30 07:00:00+00:00,23.03,72.58,41.7,17,2.86,760.2,era5
2020-04-30 08:00:00+00:00,23.03,72.58,41.7,16,1.86,479.1,era5
2020-04-30 09:00:00+00:00,23.03,72.58,42.2,15,1.67,659.3,era5
2020-04-30 10:00:00+00:00,23.03,72.58,42.2,15,2.36,631.6,era5
2020-04-30 11:00:00+00:00,23.03,72.58,41.8,15,2.89,468.7,era5
2020-04-30 12:00:00+00:00,23.03,72.58,41.2,14,3.92,368.1,era5
2020-04-30 13:00:00+00:00,23.03,72.58,39.6,17,3.64,292.2,era5
2020-04-30 14:00:00+00:00,23.03,72.58,37.4,19,3.72,34.5,era5
2020-04-30 15:00:00+00:00,23.03,72.58,36.4,20,3.44,0.0,era5
2020-04-30 16:00:00+00:00,23.03,72.58,35.6,20,3.11,0.0,era5
2020-04-30 17:00:00+00:00,23.03,72.58,35.2,21,4.25,0.0,era5
2020-04-30 18:00:00+00:00,23.03,72.58,35.2,21,5.44,0.0,era5
2020-04-30 19:00:00+00:00,23.03,72.58,33.9,25,5.0,0.0,era5
2020-04-30 20:00:00+00:00,23.03,72.58,33.5,30,4.94,0.0,era5
2020-04-30 21:00:00+00:00,23.03,72.58,32.8,30,4.28,0.0,era5
2020-04-30 22:00:00+00:00,23.03,72.58,31.9,30,3.89,0.0,era5
2020-04-30 23:00:00+00:00,23.03,72.58,31.1,29,3.97,0.0,era5
2020-05-01 00:00:00+00:00,23.03,72.58,30.2,36,3.28,0.0,era5
2020-05-01 01:00:00+00:00,23.03,72.58,29.3,41,1.44,0.0,era5
2020-05-01 02:00:00+00:00,23.03,72.58,31.3,36,1.11,249.9,era5
2020-05-01 03:00:00+00:00,23.03,72.58,33.1,33,2.11,484.2,era5
2020-05-01 04:00:00+00:00,23.03,72.58,35.2,29,2.56,628.2,era5
2020-05-01 05:00:00+00:00,23.03,72.58,37.3,25,2.69,712.2,era5
2020-05-01 06:00:00+00:00,23.03,72.58,39.3,22,3.14,757.8,era5
2020-05-01 07:00:00+00:00,23.03,72.58,41.0,19,3.5,779.0,era5
2020-05-01 08:00:00+00:00,23.03,72.58,41.9,17,4.11,687.2,era5
2020-05-01 09:00:00+00:00,23.03,72.58,42.1,16,4.67,612.6,era5
2020-05-01 10:00:00+00:00,23.03,72.58,42.2,15,4.86,650.6,era5
2020-05-01 11:00:00+00:00,23.03,72.58,42.0,15,4.72,617.6,era5
2020-05-01 12:00:00+00:00,23.03,72.58,40.7,17,4.5,511.1,era5
2020-05-01 13:00:00+00:00,23.03,72.58,39.5,18,3.86,274.2,era5
2020-05-01 14:00:00+00:00,23.03,72.58,37.8,19,3.86,34.2,era5
2020-05-01 15:00:00+00:00,23.03,72.58,36.7,19,4.39,0.0,era5
2020-05-01 16:00:00+00:00,23.03,72.58,35.8,21,4.69,0.0,era5
2020-05-01 17:00:00+00:00,23.03,72.58,34.4,25,3.14,0.0,era5
2020-05-01 18:00:00+00:00,23.03,72.58,32.8,28,2.19,0.0,era5
2020-05-01 19:00:00+00:00,23.03,72.58,32.1,30,2.58,0.0,era5
2020-05-01 20:00:00+00:00,23.03,72.58,31.1,34,2.56,0.0,era5
2020-05-01 21:00:00+00:00,23.03,72.58,30.2,41,3.11,0.0,era5
2020-05-01 22:00:00+00:00,23.03,72.58,29.1,49,3.81,0.0,era5
2020-05-01 23:00:00+00:00,23.03,72.58,28.0,57,3.94,0.0,era5
2020-05-02 00:00:00+00:00,23.03,72.58,27.7,66,3.83,0.0,era5
2020-05-02 01:00:00+00:00,23.03,72.58,27.4,75,3.89,0.0,era5
2020-05-02 02:00:00+00:00,23.03,72.58,28.4,74,4.33,236.6,era5
2020-05-02 03:00:00+00:00,23.03,72.58,30.6,62,4.25,470.0,era5
2020-05-02 04:00:00+00:00,23.03,72.58,33.1,49,4.08,628.2,era5
2020-05-02 05:00:00+00:00,23.03,72.58,35.8,36,4.03,711.1,era5
2020-05-02 06:00:00+00:00,23.03,72.58,38.2,27,4.39,759.2,era5
2020-05-02 07:00:00+00:00,23.03,72.58,40.0,21,4.61,782.5,era5
2020-05-02 08:00:00+00:00,23.03,72.58,41.1,18,5.11,787.3,era5
2020-05-02 09:00:00+00:00,23.03,72.58,41.8,17,5.31,771.1,era5
2020-05-02 10:00:00+00:00,23.03,72.58,42.2,15,5.61,730.4,era5
2020-05-02 11:00:00+00:00,23.03,72.58,42.1,13,5.69,659.0,era5
2020-05-02 12:00:00+00:00,23.03,72.58,40.7,11,6.11,535.7,era5
2020-05-02 13:00:00+00:00,23.03,72.58,39.2,11,4.92,317.5,era5
2020-05-02 14:00:00+00:00,23.03,72.58,36.6,11,3.81,33.9,era5
2020-05-02 15:00:00+00:00,23.03,72.58,35.0,12,3.78,0.0,era5
2020-05-02 16:00:00+00:00,23.03,72.58,34.2,13,4.33,0.0,era5
2020-05-02 17:00:00+00:00,23.03,72.58,33.4,14,4.31,0.0,era5
2020-05-02 18:00:00+00:00,23.03,72.58,32.5,17,4.22,0.0,era5
2020-05-02 19:00:00+00:00,23.03,72.58,31.3,24,3.69,0.0,era5
2020-05-02 20:00:00+00:00,23.03,72.58,30.1,35,3.61,0.0,era5
2020-05-02 21:00:00+00:00,23.03,72.58,28.9,47,3.39,0.0,era5
2020-05-02 22:00:00+00:00,23.03,72.58,27.9,56,3.11,0.0,era5
2020-05-02 23:00:00+00:00,23.03,72.58,27.2,65,3.08,0.0,era5
2020-05-03 00:00:00+00:00,23.03,72.58,27.0,74,3.03,0.0,era5
2020-05-03 01:00:00+00:00,23.03,72.58,27.2,76,2.97,0.0,era5
2020-05-03 02:00:00+00:00,23.03,72.58,28.3,74,3.5,239.0,era5
2020-05-03 03:00:00+00:00,23.03,72.58,30.1,65,3.92,463.2,era5
2020-05-03 04:00:00+00:00,23.03,72.58,32.4,54,3.67,617.1,era5
2020-05-03 05:00:00+00:00,23.03,72.58,34.9,44,3.67,699.9,era5
2020-05-03 06:00:00+00:00,23.03,72.58,37.3,34,3.75,746.3,era5
2020-05-03 07:00:00+00:00,23.03,72.58,39.3,25,4.0,768.6,era5
2020-05-03 08:00:00+00:00,23.03,72.58,40.8,20,4.42,773.6,era5
2020-05-03 09:00:00+00:00,23.03,72.58,41.7,18,4.81,758.8,era5
2020-05-03 10:00:00+00:00,23.03,72.58,42.0,16,4.92,720.0,era5
2020-05-03 11:00:00+00:00,23.03,72.58,41.9,16,5.14,647.7,era5
2020-05-03 12:00:00+00:00,23.03,72.58,40.4,17,5.42,521.7,era5
2020-05-03 13:00:00+00:00,23.03,72.58,39.0,20,4.5,303.6,era5
2020-05-03 14:00:00+00:00,23.03,72.58,37.3,23,3.69,33.7,era5
2020-05-03 15:00:00+00:00,23.03,72.58,36.2,25,3.92,0.0,era5
2020-05-03 16:00:00+00:00,23.03,72.58,35.5,30,4.72,0.0,era5
2020-05-03 17:00:00+00:00,23.03,72.58,34.6,31,4.69,0.0,era5
2020-05-03 18:00:00+00:00,23.03,72.58,33.2,34,4.0,0.0,era5
2020-05-03 19:00:00+00:00,23.03,72.58,31.7,43,3.61,0.0,era5
2020-05-03 20:00:00+00:00,23.03,72.58,30.4,53,3.11,0.0,era5
2020-05-03 21:00:00+00:00,23.03,72.58,29.6,59,3.42,0.0,era5
2020-05-03 22:00:00+00:00,23.03,72.58,29.0,63,3.53,0.0,era5
2020-05-03 23:00:00+00:00,23.03,72.58,28.5,66,3.61,0.0,era5
2020-05-04 00:00:00+00:00,23.03,72.58,28.1,73,2.92,0.0,era5
2020-05-04 01:00:00+00:00,23.03,72.58,28.3,73,2.81,15.5,era5
2020-05-04 02:00:00+00:00,23.03,72.58,29.2,70,3.53,236.4,era5
2020-05-04 03:00:00+00:00,23.03,72.58,30.8,63,3.72,465.9,era5
2020-05-04 04:00:00+00:00,23.03,72.58,32.9,54,3.61,609.2,era5
2020-05-04 05:00:00+00:00,23.03,72.58,35.3,45,3.39,695.1,era5
2020-05-04 06:00:00+00:00,23.03,72.58,37.5,36,3.39,743.4,era5
2020-05-04 07:00:00+00:00,23.03,72.58,39.4,29,3.5,766.0,era5
2020-05-04 08:00:00+00:00,23.03,72.58,40.8,24,3.81,768.1,era5
2020-05-04 09:00:00+00:00,23.03,72.58,41.6,21,3.92,733.7,era5
2020-05-04 10:00:00+00:00,23.03,72.58,41.9,19,4.19,686.7,era5
2020-05-04 11:00:00+00:00,23.03,72.58,41.6,16,4.64,514.5,era5
2020-05-04 12:00:00+00:00,23.03,72.58,40.3,18,3.92,398.9,era5
2020-05-04 13:00:00+00:00,23.03,72.58,38.9,19,3.22,289.9,era5
2020-05-04 14:00:00+00:00,23.03,72.58,36.8,21,2.78,33.4,era5
2020-05-04 15:00:00+00:00,23.03,72.58,35.7,22,2.83,0.0,era5
2020-05-04 16:00:00+00:00,23.03,72.58,35.0,26,3.89,0.0,era5
2020-05-04 17:00:00+00:00,23.03,72.58,34.0,40,4.42,0.0,era5
2020-05-04 18:00:00+00:00,23.03,72.58,33.2,45,4.11,0.0,era5
2020-05-04 19:00:00+00:00,23.03,72.58,32.1,50,3.72,0.0,era5
2020-05-04 20:00:00+00:00,23.03,72.58,31.3,54,3.83,0.0,era5
2020-05-04 21:00:00+00:00,23.03,72.58,30.6,59,3.83,0.0,era5
2020-05-04 22:00:00+00:00,23.03,72.58,29.9,62,3.69,0.0,era5
2020-05-04 23:00:00+00:00,23.03,72.58,29.3,66,3.78,0.0,era5
2020-05-05 00:00:00+00:00,23.03,72.58,29.0,70,3.44,0.0,era5
2020-05-05 01:00:00+00:00,23.03,72.58,29.1,70,3.5,15.2,era5
2020-05-05 02:00:00+00:00,23.03,72.58,30.4,64,3.56,243.9,era5
2020-05-05 03:00:00+00:00,23.03,72.58,32.4,56,3.28,468.7,era5
2020-05-05 04:00:00+00:00,23.03,72.58,34.7,48,2.61,611.0,era5
2020-05-05 05:00:00+00:00,23.03,72.58,36.8,40,2.28,694.1,era5
2020-05-05 06:00:00+00:00,23.03,72.58,38.7,34,2.42,740.5,era5
2020-05-05 07:00:00+00:00,23.03,72.58,40.4,27,2.78,761.4,era5
2020-05-05 08:00:00+00:00,23.03,72.58,41.4,23,2.97,747.4,era5
2020-05-05 09:00:00+00:00,23.03,72.58,41.9,19,3.58,655.0,era5
2020-05-05 10:00:00+00:00,23.03,72.58,41.9,18,4.03,558.6,era5
2020-05-05 11:00:00+00:00,23.03,72.58,41.5,17,4.69,471.8,era5
2020-05-05 12:00:00+00:00,23.03,72.58,40.4,18,4.06,408.6,era5
2020-05-05 13:00:00+00:00,23.03,72.58,39.4,19,3.14,260.3,era5
2020-05-05 14:00:00+00:00,23.03,72.58,36.8,22,2.0,33.1,era5
2020-05-05 15:00:00+00:00,23.03,72.58,34.7,25,2.42,0.0,era5
2020-05-05 16:00:00+00:00,23.03,72.58,33.3,27,2.5,0.0,era5
2020-05-05 17:00:00+00:00,23.03,72.58,32.2,28,2.25,0.0,era5
2020-05-05 18:00:00+00:00,23.03,72.58,33.2,25,4.22,0.0,era5
2020-05-05 19:00:00+00:00,23.03,72.58,32.0,42,3.83,0.0,era5
2020-05-05 20:00:00+00:00,23.03,72.58,31.1,52,3.28,0.0,era5
2020-05-05 21:00:00+00:00,23.03,72.58,30.3,57,3.28,0.0,era5
2020-05-05 22:00:00+00:00,23.03,72.58,29.6,61,3.39,0.0,era5
2020-05-05 23:00:00+00:00,23.03,72.58,28.6,65,2.44,0.0,era5
2020-05-06 00:00:00+00:00,23.03,72.58,28.7,70,3.0,0.0,era5
2020-05-06 01:00:00+00:00,23.03,72.58,28.9,69,3.78,15.0,era5
2020-05-06 02:00:00+00:00,23.03,72.58,29.8,67,4.25,246.4,era5
2020-05-06 03:00:00+00:00,23.03,72.58,31.7,58,3.67,471.5,era5
2020-05-06 04:00:00+00:00,23.03,72.58,34.1,48,2.94,614.5,era5
2020-05-06 05:00:00+00:00,23.03,72.58,36.5,39,2.25,698.2,era5
2020-05-06 06:00:00+00:00,23.03,72.58,38.5,31,1.89,745.4,era5
2020-05-06 07:00:00+00:00,23.03,72.58,40.2,23,2.5,735.4,era5
2020-05-06 08:00:00+00:00,23.03,72.58,41.3,19,3.33,676.0,era5
2020-05-06 09:00:00+00:00,23.03,72.58,42.0,16,3.72,699.6,era5
2020-05-06 10:00:00+00:00,23.03,72.58,42.1,15,4.0,621.3,era5
2020-05-06 11:00:00+00:00,23.03,72.58,41.8,15,3.92,555.3,era5
2020-05-06 12:00:00+00:00,23.03,72.58,40.9,14,2.89,448.1,era5
2020-05-06 13:00:00+00:00,23.03,72.58,38.9,18,1.42,294.8,era5
2020-05-06 14:00:00+00:00,23.03,72.58,37.2,18,1.92,32.9,era5
2020-05-06 15:00:00+00:00,23.03,72.58,34.1,21,2.61,0.0,era5
2020-05-06 16:00:00+00:00,23.03,72.58,33.8,21,2.39,0.0,era5
2020-05-06 17:00:00+00:00,23.03,72.58,32.2,33,3.17,0.0,era5
2020-05-06 18:00:00+00:00,23.03,72.58,32.0,29,3.31,0.0,era5
2020-05-06 19:00:00+00:00,23.03,72.58,31.3,20,2.75,0.0,era5
2020-05-06 20:00:00+00:00,23.03,72.58,29.9,22,2.25,0.0,era5
2020-05-06 21:00:00+00:00,23.03,72.58,28.9,29,2.17,0.0,era5
2020-05-06 22:00:00+00:00,23.03,72.58,28.0,40,2.19,0.0,era5
2020-05-06 23:00:00+00:00,23.03,72.58,27.1,52,2.31,0.0,era5
2020-05-07 00:00:00+00:00,23.03,72.58,27.1,47,1.39,0.0,era5
2020-05-07 01:00:00+00:00,23.03,72.58,27.7,47,0.81,14.7,era5
2020-05-07 02:00:00+00:00,23.03,72.58,28.9,54,1.31,253.8,era5
2020-05-07 03:00:00+00:00,23.03,72.58,30.6,53,1.44,486.1,era5
2020-05-07 04:00:00+00:00,23.03,72.58,32.9,45,1.61,627.5,era5
2020-05-07 05:00:00+00:00,23.03,72.58,35.3,37,1.53,711.2,era5
2020-05-07 06:00:00+00:00,23.03,72.58,37.6,30,1.58,757.8,era5
2020-05-07 07:00:00+00:00,23.03,72.58,39.5,24,1.78,780.8,era5
2020-05-07 08:00:00+00:00,23.03,72.58,41.0,20,2.28,783.0,era5
2020-05-07 09:00:00+00:00,23.03,72.58,41.9,16,2.83,764.6,era5
2020-05-07 10:00:00+00:00,23.03,72.58,42.2,13,3.25,711.8,era5
2020-05-07 11:00:00+00:00,23.03,72.58,42.0,13,3.33,634.1,era5
2020-05-07 12:00:00+00:00,23.03,72.58,40.9,13,3.06,519.1,era5
2020-05-07 13:00:00+00:00,23.03,72.58,38.6,21,1.53,309.1,era5
2020-05-07 14:00:00+00:00,23.03,72.58,38.7,16,0.28,43.5,era5
2020-05-07 15:00:00+00:00,23.03,72.58,35.4,20,1.5,0.0,era5
2020-05-07 16:00:00+00:00,23.03,72.58,33.9,24,3.94,0.0,era5
2020-05-07 17:00:00+00:00,23.03,72.58,31.7,38,3.36,0.0,era5
2020-05-07 18:00:00+00:00,23.03,72.58,31.0,44,2.94,0.0,era5
2020-05-07 19:00:00+00:00,23.03,72.58,30.1,44,2.17,0.0,era5
2020-05-07 20:00:00+00:00,23.03,72.58,29.5,35,2.31,0.0,era5
2020-05-07 21:00:00+00:00,23.03,72.58,29.1,45,2.83,0.0,era5
2020-05-07 22:00:00+00:00,23.03,72.58,28.6,55,3.33,0.0,era5
2020-05-07 23:00:00+00:00,23.03,72.58,28.0,64,3.86,0.0,era5
2020-05-08 00:00:00+00:00,23.03,72.58,27.7,70,3.47,0.0,era5
2020-05-08 01:00:00+00:00,23.03,72.58,28.0,70,3.11,14.5,era5
2020-05-08 02:00:00+00:00,23.03,72.58,29.3,66,2.03,256.3,era5
2020-05-08 03:00:00+00:00,23.03,72.58,31.3,56,2.11,484.3,era5
2020-05-08 04:00:00+00:00,23.03,72.58,33.7,46,2.5,624.7,era5
2020-05-08 05:00:00+00:00,23.03,72.58,36.1,38,2.69,705.3,era5
2020-05-08 06:00:00+00:00,23.03,72.58,38.5,30,3.0,751.8,era5
2020-05-08 07:00:00+00:00,23.03,72.58,40.4,23,3.22,774.3,era5
2020-05-08 08:00:00+00:00,23.03,72.58,41.7,18,3.19,776.6,era5
2020-05-08 09:00:00+00:00,23.03,72.58,42.3,15,3.19,736.3,era5
2020-05-08 10:00:00+00:00,23.03,72.58,42.6,14,3.31,717.3,era5
2020-05-08 11:00:00+00:00,23.03,72.58,42.4,13,3.61,642.3,era5
2020-05-08 12:00:00+00:00,23.03,72.58,41.1,14,3.83,520.1,era5
2020-05-08 13:00:00+00:00,23.03,72.58,39.7,15,2.25,307.4,era5
2020-05-08 14:00:00+00:00,23.03,72.58,36.0,19,2.28,43.1,era5
2020-05-08 15:00:00+00:00,23.03,72.58,35.3,20,2.33,0.0,era5
2020-05-08 16:00:00+00:00,23.03,72.58,32.8,38,4.53,0.0,era5
2020-05-08 17:00:00+00:00,23.03,72.58,32.3,45,4.08,0.0,era5
2020-05-08 18:00:00+00:00,23.03,72.58,31.3,54,3.39,0.0,era5
2020-05-08 19:00:00+00:00,23.03,72.58,31.6,43,3.28,0.0,era5
2020-05-08 20:00:00+00:00,23.03,72.58,31.0,38,3.25,0.0,era5
2020-05-08 21:00:00+00:00,23.03,72.58,30.0,47,3.39,0.0,era5
2020-05-08 22:00:00+00:00,23.03,72.58,29.0,58,3.56,0.0,era5
2020-05-08 23:00:00+00:00,23.03,72.58,28.2,65,3.08,0.0,era5
2020-05-09 00:00:00+00:00,23.03,72.58,27.9,71,2.75,0.0,era5
2020-05-09 01:00:00+00:00,23.03,72.58,28.2,71,2.28,14.3,era5
2020-05-09 02:00:00+00:00,23.03,72.58,29.3,68,1.89,249.3,era5
2020-05-09 03:00:00+00:00,23.03,72.58,30.9,60,1.97,473.4,era5
2020-05-09 04:00:00+00:00,23.03,72.58,32.9,52,2.11,614.1,era5
2020-05-09 05:00:00+00:00,23.03,72.58,35.3,43,2.5,694.5,era5
2020-05-09 06:00:00+00:00,23.03,72.58,37.6,35,2.83,740.4,era5
2020-05-09 07:00:00+00:00,23.03,72.58,39.6,27,3.06,762.7,era5
2020-05-09 08:00:00+00:00,23.03,72.58,41.2,20,3.31,766.1,era5
2020-05-09 09:00:00+00:00,23.03,72.58,41.8,17,3.61,719.9,era5
2020-05-09 10:00:00+00:00,23.03,72.58,41.9,17,3.31,675.6,era5
2020-05-09 11:00:00+00:00,23.03,72.58,41.5,17,2.97,613.1,era5
2020-05-09 12:00:00+00:00,23.03,72.58,40.1,19,2.61,483.1,era5
2020-05-09 13:00:00+00:00,23.03,72.58,39.0,22,1.5,290.1,era5
2020-05-09 14:00:00+00:00,23.03,72.58,38.0,23,1.31,32.1,era5
2020-05-09 15:00:00+00:00,23.03,72.58,34.9,30,2.11,0.0,era5
2020-05-09 16:00:00+00:00,23.03,72.58,33.5,35,4.31,0.0,era5
2020-05-09 17:00:00+00:00,23.03,72.58,32.6,41,3.0,0.0,era5
2020-05-09 18:00:00+00:00,23.03,72.58,31.6,47,2.28,0.0,era5
2020-05-09 19:00:00+00:00,23.03,72.58,31.3,38,2.81,0.0,era5
2020-05-09 20:00:00+00:00,23.03,72.58,30.9,28,3.75,0.0,era5
2020-05-09 21:00:00+00:00,23.03,72.58,29.6,40,3.92,0.0,era5
2020-05-09 22:00:00+00:00,23.03,72.58,28.6,53,3.67,0.0,era5
2020-05-09 23:00:00+00:00,23.03,72.58,27.8,66,3.5,0.0,era5
2020-05-10 00:00:00+00:00,23.03,72.58,27.6,76,3.17,0.0,era5
2020-05-10 01:00:00+00:00,23.03,72.58,27.9,77,3.0,14.1,era5
2020-05-10 02:00:00+00:00,23.03,72.58,29.0,71,3.06,247.2,era5
2020-05-10 03:00:00+00:00,23.03,72.58,30.8,62,2.72,476.5,era5
2020-05-10 04:00:00+00:00,23.03,72.58,33.2,50,2.19,616.2,era5
2020-05-10 05:00:00+00:00,23.03,72.58,35.6,40,2.03,697.6,era5
2020-05-10 06:00:00+00:00,23.03,72.58,37.9,31,2.22,744.2,era5
2020-05-10 07:00:00+00:00,23.03,72.58,39.6,25,2.33,765.4,era5
2020-05-10 08:00:00+00:00,23.03,72.58,41.0,21,3.08,768.8,era5
2020-05-10 09:00:00+00:00,23.03,72.58,41.4,18,3.56,681.1,era5
2020-05-10 10:00:00+00:00,23.03,72.58,41.6,16,3.97,637.7,era5
2020-05-10 11:00:00+00:00,23.03,72.58,41.4,16,3.72,594.5,era5
2020-05-10 12:00:00+00:00,23.03,72.58,39.7,21,3.33,490.5,era5
2020-05-10 13:00:00+00:00,23.03,72.58,38.9,20,2.14,304.2,era5
2020-05-10 14:00:00+00:00,23.03,72.58,38.0,20,1.17,42.5,era5
2020-05-10 15:00:00+00:00,23.03,72.58,35.5,25,4.11,0.0,era5
2020-05-10 16:00:00+00:00,23.03,72.58,33.5,33,3.22,0.0,era5
2020-05-10 17:00:00+00:00,23.03,72.58,32.8,29,2.44,0.0,era5
2020-05-10 18:00:00+00:00,23.03,72.58,31.9,23,2.64,0.0,era5
2020-05-10 19:00:00+00:00,23.03,72.58,31.1,24,3.31,0.0,era5
2020-05-10 20:00:00+00:00,23.03,72.58,30.0,34,3.11,0.0,era5
2020-05-10 21:00:00+00:00,23.03,72.58,29.2,46,3.44,0.0,era5
2020-05-10 22:00:00+00:00,23.03,72.58,28.3,59,3.17,0.0,era5
2020-05-10 23:00:00+00:00,23.03,72.58,27.6,68,3.0,0.0,era5
2020-05-11 00:00:00+00:00,23.03,72.58,27.4,71,2.11,0.0,era5
2020-05-11 01:00:00+00:00,23.03,72.58,27.7,75,2.25,14.0,era5
2020-05-11 02:00:00+00:00,23.03,72.58,28.5,74,2.0,245.3,era5
2020-05-11 03:00:00+00:00,23.03,72.58,30.1,66,2.58,461.2,era5
2020-05-11 04:00:00+00:00,23.03,72.58,32.3,53,2.75,578.9,era5
2020-05-11 05:00:00+00:00,23.03,72.58,34.6,43,3.19,680.7,era5
2020-05-11 06:00:00+00:00,23.03,72.58,36.8,36,3.36,736.2,era5
2020-05-11 07:00:00+00:00,23.03,72.58,38.6,30,3.53,758.9,era5
2020-05-11 08:00:00+00:00,23.03,72.58,39.9,24,3.58,760.4,era5
2020-05-11 09:00:00+00:00,23.03,72.58,40.5,21,3.86,648.7,era5
2020-05-11 10:00:00+00:00,23.03,72.58,40.4,21,4.08,588.9,era5
2020-05-11 11:00:00+00:00,23.03,72.58,40.3,20,3.28,574.4,era5
2020-05-11 12:00:00+00:00,23.03,72.58,38.9,24,2.64,476.8,era5
2020-05-11 13:00:00+00:00,23.03,72.58,38.0,25,2.44,271.6,era5
2020-05-11 14:00:00+00:00,23.03,72.58,35.9,27,2.58,42.2,era5
2020-05-11 15:00:00+00:00,23.03,72.58,35.1,25,3.03,0.0,era5
2020-05-11 16:00:00+00:00,23.03,72.58,33.5,29,3.19,0.0,era5
2020-05-11 17:00:00+00:00,23.03,72.58,32.1,38,2.56,0.0,era5
2020-05-11 18:00:00+00:00,23.03,72.58,31.4,40,2.06,0.0,era5
2020-05-11 19:00:00+00:00,23.03,72.58,31.3,42,2.53,0.0,era5
2020-05-11 20:00:00+00:00,23.03,72.58,31.0,44,3.19,0.0,era5
2020-05-11 21:00:00+00:00,23.03,72.58,30.0,46,3.78,0.0,era5
2020-05-11 22:00:00+00:00,23.03,72.58,28.9,56,3.89,0.0,era5
2020-05-11 23:00:00+00:00,23.03,72.58,28.0,67,3.56,0.0,era5
2020-05-12 00:00:00+00:00,23.03,72.58,27.5,74,3.0,0.0,era5
2020-05-12 01:00:00+00:00,23.03,72.58,27.7,78,2.89,13.8,era5
2020-05-12 02:00:00+00:00,23.03,72.58,28.7,76,2.92,243.5,era5
2020-05-12 03:00:00+00:00,23.03,72.58,30.4,68,2.44,459.9,era5
2020-05-12 04:00:00+00:00,23.03,72.58,32.6,57,1.89,597.0,era5
2020-05-12 05:00:00+00:00,23.03,72.58,34.8,47,1.5,680.1,era5
2020-05-12 06:00:00+00:00,23.03,72.58,36.8,40,1.67,727.0,era5
2020-05-12 07:00:00+00:00,23.03,72.58,38.6,33,2.33,749.5,era5
2020-05-12 08:00:00+00:00,23.03,72.58,40.1,26,2.83,729.8,era5
2020-05-12 09:00:00+00:00,23.03,72.58,40.7,23,3.19,639.9,era5
2020-05-12 10:00:00+00:00,23.03,72.58,40.8,21,3.28,599.3,era5
2020-05-12 11:00:00+00:00,23.03,72.58,40.6,21,3.28,509.7,era5
2020-05-12 12:00:00+00:00,23.03,72.58,38.7,25,3.03,438.1,era5
2020-05-12 13:00:00+00:00,23.03,72.58,37.9,26,2.64,274.0,era5
2020-05-12 14:00:00+00:00,23.03,72.58,35.3,32,1.83,41.9,era5
2020-05-12 15:00:00+00:00,23.03,72.58,36.1,30,0.5,0.0,era5
2020-05-12 16:00:00+00:00,23.03,72.58,34.1,35,1.22,0.0,era5
2020-05-12 17:00:00+00:00,23.03,72.58,33.0,37,3.17,0.0,era5
2020-05-12 18:00:00+00:00,23.03,72.58,31.8,47,3.69,0.0,era5
2020-05-12 19:00:00+00:00,23.03,72.58,31.3,52,3.44,0.0,era5
2020-05-12 20:00:00+00:00,23.03,72.58,30.8,56,3.0,0.0,era5
2020-05-12 21:00:00+00:00,23.03,72.58,30.5,51,3.03,0.0,era5
2020-05-12 22:00:00+00:00,23.03,72.58,30.1,41,3.33,0.0,era5
2020-05-12 23:00:00+00:00,23.03,72.58,29.3,55,3.36,0.0,era5
2020-05-13 00:00:00+00:00,23.03,72.58,29.1,66,3.36,0.0,era5
2020-05-13 01:00:00+00:00,23.03,72.58,29.3,70,3.58,13.6,era5
2020-05-13 02:00:00+00:00,23.03,72.58,30.3,66,3.72,241.8,era5
2020-05-13 03:00:00+00:00,23.03,72.58,32.1,58,3.28,463.2,era5
2020-05-13 04:00:00+00:00,23.03,72.58,34.3,50,2.86,600.8,era5
2020-05-13 05:00:00+00:00,23.03,72.58,36.4,42,2.72,680.8,era5
2020-05-13 06:00:00+00:00,23.03,72.58,38.2,36,2.64,726.7,era5
2020-05-13 07:00:00+00:00,23.03,72.58,39.7,30,2.89,738.0,era5
2020-05-13 08:00:00+00:00,23.03,72.58,40.8,24,3.22,745.7,era5
2020-05-13 09:00:00+00:00,23.03,72.58,41.3,22,3.61,720.7,era5
2020-05-13 10:00:00+00:00,23.03,72.58,41.4,21,3.72,678.6,era5
2020-05-13 11:00:00+00:00,23.03,72.58,41.0,21,3.81,586.5,era5
2020-05-13 12:00:00+00:00,23.03,72.58,39.7,23,3.94,472.7,era5
2020-05-13 13:00:00+00:00,23.03,72.58,38.9,23,3.53,261.1,era5
2020-05-13 14:00:00+00:00,23.03,72.58,36.8,25,1.94,41.6,era5
2020-05-13 15:00:00+00:00,23.03,72.58,35.8,27,1.94,0.0,era5
2020-05-13 16:00:00+00:00,23.03,72.58,34.2,30,1.67,0.0,era5
2020-05-13 17:00:00+00:00,23.03,72.58,34.0,29,2.5,0.0,era5
2020-05-13 18:00:00+00:00,23.03,72.58,33.3,31,2.69,0.0,era5
2020-05-13 19:00:00+00:00,23.03,72.58,32.3,41,2.56,0.0,era5
2020-05-13 20:00:00+00:00,23.03,72.58,31.4,48,2.5,0.0,era5
2020-05-13 21:00:00+00:00,23.03,72.58,30.7,51,2.39,0.0,era5
2020-05-13 22:00:00+00:00,23.03,72.58,30.1,52,2.53,0.0,era5
2020-05-13 23:00:00+00:00,23.03,72.58,29.7,51,2.92,0.0,era5
2020-05-14 00:00:00+00:00,23.03,72.58,29.4,54,2.53,0.0,era5
2020-05-14 01:00:00+00:00,23.03,72.58,29.8,52,2.78,13.5,era5
2020-05-14 02:00:00+00:00,23.03,72.58,30.5,53,3.0,244.8,era5
2020-05-14 03:00:00+00:00,23.03,72.58,31.9,49,2.78,464.3,era5
2020-05-14 04:00:00+00:00,23.03,72.58,33.9,42,2.42,601.6,era5
2020-05-14 05:00:00+00:00,23.03,72.58,36.1,35,2.56,681.5,era5
2020-05-14 06:00:00+00:00,23.03,72.58,38.2,28,2.64,727.4,era5
2020-05-14 07:00:00+00:00,23.03,72.58,39.8,24,2.69,748.9,era5
2020-05-14 08:00:00+00:00,23.03,72.58,40.7,23,2.83,741.4,era5
2020-05-14 09:00:00+00:00,23.03,72.58,41.1,21,3.25,672.4,era5
2020-05-14 10:00:00+00:00,23.03,72.58,41.2,20,3.61,627.5,era5
2020-05-14 11:00:00+00:00,23.03,72.58,40.7,19,3.89,446.1,era5
2020-05-14 12:00:00+00:00,23.03,72.58,39.1,22,3.72,302.6,era5
2020-05-14 13:00:00+00:00,23.03,72.58,38.3,23,3.28,240.7,era5
2020-05-14 14:00:00+00:00,23.03,72.58,36.6,25,2.19,30.9,era5
2020-05-14 15:00:00+00:00,23.03,72.58,35.4,27,1.83,0.0,era5
2020-05-14 16:00:00+00:00,23.03,72.58,34.2,29,1.69,0.0,era5
2020-05-14 17:00:00+00:00,23.03,72.58,33.0,32,2.22,0.0,era5
2020-05-14 18:00:00+00:00,23.03,72.58,32.3,34,1.97,0.0,era5
2020-05-14 19:00:00+00:00,23.03,72.58,32.4,33,2.61,0.0,era5
2020-05-14 20:00:00+00:00,23.03,72.58,31.8,35,2.69,0.0,era5
2020-05-14 21:00:00+00:00,23.03,72.58,31.2,38,3.33,0.0,era5
2020-05-14 22:00:00+00:00,23.03,72.58,30.5,37,3.72,0.0,era5
2020-05-14 23:00:00+00:00,23.03,72.58,29.7,44,3.97,0.0,era5
2020-05-15 00:00:00+00:00,23.03,72.58,29.6,54,4.0,0.0,era5
2020-05-15 01:00:00+00:00,23.03,72.58,29.9,54,4.14,13.4,era5
2020-05-15 02:00:00+00:00,23.03,72.58,30.6,54,4.94,238.7,era5
2020-05-15 03:00:00+00:00,23.03,72.58,32.2,49,4.92,458.7,era5
2020-05-15 04:00:00+00:00,23.03,72.58,34.7,39,4.78,596.2,era5
2020-05-15 05:00:00+00:00,23.03,72.58,37.1,31,4.42,677.3,era5
2020-05-15 06:00:00+00:00,23.03,72.58,39.1,26,3.81,723.9,era5
2020-05-15 07:00:00+00:00,23.03,72.58,40.3,23,2.83,686.7,era5
2020-05-15 08:00:00+00:00,23.03,72.58,40.8,21,2.69,594.8,era5
2020-05-15 09:00:00+00:00,23.03,72.58,41.0,20,2.92,576.1,era5
2020-05-15 10:00:00+00:00,23.03,72.58,41.0,20,3.14,560.7,era5
2020-05-15 11:00:00+00:00,23.03,72.58,40.6,20,3.28,451.5,era5
2020-05-15 12:00:00+00:00,23.03,72.58,39.4,22,4.33,351.9,era5
2020-05-15 13:00:00+00:00,23.03,72.58,38.6,23,3.67,239.4,era5
2020-05-15 14:00:00+00:00,23.03,72.58,37.0,25,2.94,40.9,era5
2020-05-15 15:00:00+00:00,23.03,72.58,35.8,28,2.69,0.0,era5
2020-05-15 16:00:00+00:00,23.03,72.58,34.8,30,2.5,0.0,era5
2020-05-15 17:00:00+00:00,23.03,72.58,34.3,30,2.72,0.0,era5
2020-05-15 18:00:00+00:00,23.03,72.58,33.8,31,3.14,0.0,era5
2020-05-15 19:00:00+00:00,23.03,72.58,33.5,32,4.31,0.0,era5
2020-05-15 20:00:00+00:00,23.03,72.58,32.7,35,4.58,0.0,era5
2020-05-15 21:00:00+00:00,23.03,72.58,31.6,40,4.44,0.0,era5
2020-05-15 22:00:00+00:00,23.03,72.58,30.5,49,4.31,0.0,era5
2020-05-15 23:00:00+00:00,23.03,72.58,30.0,55,4.33,0.0,era5
2020-05-16 00:00:00+00:00,23.03,72.58,30.1,57,5.14,0.0,era5
2020-05-16 01:00:00+00:00,23.03,72.58,30.3,57,5.14,13.3,era5
2020-05-16 02:00:00+00:00,23.03,72.58,31.0,56,5.58,246.4,era5
2020-05-16 03:00:00+00:00,23.03,72.58,32.4,54,5.11,464.5,era5
2020-05-16 04:00:00+00:00,23.03,72.58,34.6,46,4.69,600.2,era5
2020-05-16 05:00:00+00:00,23.03,72.58,36.8,38,4.47,680.6,era5
2020-05-16 06:00:00+00:00,23.03,72.58,38.7,30,4.11,724.7,era5
2020-05-16 07:00:00+00:00,23.03,72.58,40.3,23,4.36,747.5,era5
2020-05-16 08:00:00+00:00,23.03,72.58,40.9,20,4.47,578.5,era5
2020-05-16 09:00:00+00:00,23.03,72.58,41.2,18,4.19,566.2,era5
2020-05-16 10:00:00+00:00,23.03,72.58,41.3,17,4.5,576.0,era5
2020-05-16 11:00:00+00:00,23.03,72.58,41.1,15,4.83,496.9,era5
2020-05-16 12:00:00+00:00,23.03,72.58,40.1,16,4.58,423.8,era5
2020-05-16 13:00:00+00:00,23.03,72.58,39.1,18,3.33,264.6,era5
2020-05-16 14:00:00+00:00,23.03,72.58,36.4,21,2.06,40.6,era5
2020-05-16 15:00:00+00:00,23.03,72.58,34.8,23,1.97,0.0,era5
2020-05-16 16:00:00+00:00,23.03,72.58,34.3,23,2.22,0.0,era5
2020-05-16 17:00:00+00:00,23.03,72.58,33.5,24,2.33,0.0,era5
2020-05-16 18:00:00+00:00,23.03,72.58,33.1,25,3.83,0.0,era5
2020-05-16 19:00:00+00:00,23.03,72.58,32.2,36,3.94,0.0,era5
2020-05-16 20:00:00+00:00,23.03,72.58,31.1,45,4.08,0.0,era5
2020-05-16 21:00:00+00:00,23.03,72.58,30.1,50,4.47,0.0,era5
2020-05-16 22:00:00+00:00,23.03,72.58,29.6,53,4.81,0.0,era5
2020-05-16 23:00:00+00:00,23.03,72.58,29.3,54,4.61,0.0,era5
2020-05-17 00:00:00+00:00,23.03,72.58,29.0,52,4.31,0.0,era5
2020-05-17 01:00:00+00:00,23.03,72.58,29.2,50,4.42,13.1,era5
2020-05-17 02:00:00+00:00,23.03,72.58,30.4,46,5.31,249.6,era5
2020-05-17 03:00:00+00:00,23.03,72.58,32.0,41,5.81,472.6,era5
2020-05-17 04:00:00+00:00,23.03,72.58,33.9,37,5.58,607.5,era5
2020-05-17 05:00:00+00:00,23.03,72.58,36.3,31,5.11,686.5,era5
2020-05-17 06:00:00+00:00,23.03,72.58,38.4,25,5.31,732.0,era5
2020-05-17 07:00:00+00:00,23.03,72.58,39.9,22,5.39,753.4,era5
2020-05-17 08:00:00+00:00,23.03,72.58,41.2,18,5.14,757.9,era5
2020-05-17 09:00:00+00:00,23.03,72.58,41.4,15,4.56,599.1,era5
2020-05-17 10:00:00+00:00,23.03,72.58,41.3,15,4.39,526.3,era5
2020-05-17 11:00:00+00:00,23.03,72.58,40.9,15,4.75,471.2,era5
2020-05-17 12:00:00+00:00,23.03,72.58,39.6,18,4.56,416.7,era5
2020-05-17 13:00:00+00:00,23.03,72.58,38.7,19,3.5,157.9,era5
2020-05-17 14:00:00+00:00,23.03,72.58,36.7,21,2.47,30.3,era5
2020-05-17 15:00:00+00:00,23.03,72.58,35.5,22,2.36,0.0,era5
2020-05-17 16:00:00+00:00,23.03,72.58,34.5,23,2.5,0.0,era5
2020-05-17 17:00:00+00:00,23.03,72.58,34.3,23,3.72,0.0,era5
2020-05-17 18:00:00+00:00,23.03,72.58,33.5,29,4.11,0.0,era5
2020-05-17 19:00:00+00:00,23.03,72.58,32.4,34,4.78,0.0,era5
2020-05-17 20:00:00+00:00,23.03,72.58,31.5,30,5.03,0.0,era5
2020-05-17 21:00:00+00:00,23.03,72.58,30.6,37,5.14,0.0,era5
2020-05-17 22:00:00+00:00,23.03,72.58,29.8,46,4.97,0.0,era5
2020-05-17 23:00:00+00:00,23.03,72.58,29.1,50,4.69,0.0,era5
2020-05-18 00:00:00+00:00,23.03,72.58,29.0,52,4.53,0.0,era5
2020-05-18 01:00:00+00:00,23.03,72.58,29.0,53,4.25,13.0,era5
2020-05-18 02:00:00+00:00,23.03,72.58,29.4,55,5.39,153.5,era5
2020-05-18 03:00:00+00:00,23.03,72.58,30.8,51,5.89,342.5,era5
2020-05-18 04:00:00+00:00,23.03,72.58,33.1,43,5.39,547.5,era5
2020-05-18 05:00:00+00:00,23.03,72.58,35.3,37,5.17,640.1,era5
2020-05-18 06:00:00+00:00,23.03,72.58,37.4,31,5.19,684.1,era5
2020-05-18 07:00:00+00:00,23.03,72.58,39.0,26,4.75,703.5,era5
2020-05-18 08:00:00+00:00,23.03,72.58,40.1,23,4.06,700.2,era5
2020-05-18 09:00:00+00:00,23.03,72.58,40.6,20,3.42,662.8,era5
2020-05-18 10:00:00+00:00,23.03,72.58,40.6,20,3.42,577.7,era5
2020-05-18 11:00:00+00:00,23.03,72.58,40.3,19,3.89,498.7,era5
2020-05-18 12:00:00+00:00,23.03,72.58,39.5,19,3.36,343.3,era5
2020-05-18 13:00:00+00:00,23.03,72.58,38.5,20,2.56,224.5,era5
2020-05-18 14:00:00+00:00,23.03,72.58,36.5,23,2.14,30.0,era5
2020-05-18 15:00:00+00:00,23.03,72.58,35.6,24,2.81,0.0,era5
2020-05-18 16:00:00+00:00,23.03,72.58,34.8,26,2.39,0.0,era5
2020-05-18 17:00:00+00:00,23.03,72.58,33.3,28,1.94,0.0,era5
2020-05-18 18:00:00+00:00,23.03,72.58,33.7,27,4.03,0.0,era5
2020-05-18 19:00:00+00:00,23.03,72.58,32.6,31,4.56,0.0,era5
2020-05-18 20:00:00+00:00,23.03,72.58,31.7,29,5.28,0.0,era5
2020-05-18 21:00:00+00:00,23.03,72.58,30.6,34,5.19,0.0,era5
2020-05-18 22:00:00+00:00,23.03,72.58,29.6,44,4.53,0.0,era5
2020-05-18 23:00:00+00:00,23.03,72.58,28.8,53,4.06,0.0,era5
2020-05-19 00:00:00+00:00,23.03,72.58,28.0,60,3.5,0.0,era5
2020-05-19 01:00:00+00:00,23.03,72.58,28.2,66,3.67,12.9,era5
2020-05-19 02:00:00+00:00,23.03,72.58,29.3,64,4.56,251.7,era5
2020-05-19 03:00:00+00:00,23.03,72.58,31.1,58,4.89,470.9,era5
2020-05-19 04:00:00+00:00,23.03,72.58,33.1,53,4.94,604.8,era5
2020-05-19 05:00:00+00:00,23.03,72.58,35.6,41,5.06,683.4,era5
2020-05-19 06:00:00+00:00,23.03,72.58,37.8,32,4.56,730.6,era5
2020-05-19 07:00:00+00:00,23.03,72.58,39.7,25,4.17,753.1,era5
2020-05-19 08:00:00+00:00,23.03,72.58,40.7,20,3.61,629.4,era5
2020-05-19 09:00:00+00:00,23.03,72.58,41.4,17,3.17,678.5,era5
2020-05-19 10:00:00+00:00,23.03,72.58,41.5,16,3.14,656.6,era5
2020-05-19 11:00:00+00:00,23.03,72.58,41.2,16,3.19,585.3,era5
2020-05-19 12:00:00+00:00,23.03,72.58,39.8,19,2.69,482.9,era5
2020-05-19 13:00:00+00:00,23.03,72.58,38.9,20,2.17,301.4,era5
2020-05-19 14:00:00+00:00,23.03,72.58,35.5,25,2.42,49.7,era5
2020-05-19 15:00:00+00:00,23.03,72.58,34.4,26,2.14,0.0,era5
2020-05-19 16:00:00+00:00,23.03,72.58,33.5,26,2.11,0.0,era5
2020-05-19 17:00:00+00:00,23.03,72.58,32.6,27,2.33,0.0,era5
2020-05-19 18:00:00+00:00,23.03,72.58,32.0,39,3.47,0.0,era5
2020-05-19 19:00:00+00:00,23.03,72.58,31.6,41,3.42,0.0,era5
2020-05-19 20:00:00+00:00,23.03,72.58,31.6,32,3.33,0.0,era5
2020-05-19 21:00:00+00:00,23.03,72.58,31.0,24,4.58,0.0,era5
2020-05-19 22:00:00+00:00,23.03,72.58,30.0,35,4.78,0.0,era5
2020-05-19 23:00:00+00:00,23.03,72.58,29.1,43,3.83,0.0,era5
2020-05-20 00:00:00+00:00,23.03,72.58,28.7,57,4.39,0.0,era5
2020-05-20 01:00:00+00:00,23.03,72.58,29.2,56,3.78,12.9,era5
2020-05-20 02:00:00+00:00,23.03,72.58,30.8,49,3.56,250.6,era5
2020-05-20 03:00:00+00:00,23.03,72.58,33.2,37,4.06,474.7,era5
2020-05-20 04:00:00+00:00,23.03,72.58,35.5,31,3.92,610.6,era5
2020-05-20 05:00:00+00:00,23.03,72.58,37.8,25,4.11,691.8,era5
2020-05-20 06:00:00+00:00,23.03,72.58,40.0,21,4.42,736.9,era5
2020-05-20 07:00:00+00:00,23.03,72.58,41.9,17,4.75,740.7,era5
2020-05-20 08:00:00+00:00,23.03,72.58,42.8,15,4.64,649.5,era5
2020-05-20 09:00:00+00:00,23.03,72.58,43.4,13,4.28,656.9,era5
2020-05-20 10:00:00+00:00,23.03,72.58,43.5,12,4.19,680.2,era5
2020-05-20 11:00:00+00:00,23.03,72.58,43.2,12,4.25,611.2,era5
2020-05-20 12:00:00+00:00,23.03,72.58,41.7,14,4.92,467.4,era5
2020-05-20 13:00:00+00:00,23.03,72.58,40.6,15,3.75,285.1,era5
2020-05-20 14:00:00+00:00,23.03,72.58,37.8,18,2.67,49.3,era5
2020-05-20 15:00:00+00:00,23.03,72.58,36.3,19,2.56,0.0,era5
2020-05-20 16:00:00+00:00,23.03,72.58,35.1,20,2.56,0.0,era5
2020-05-20 17:00:00+00:00,23.03,72.58,34.4,20,2.58,0.0,era5
2020-05-20 18:00:00+00:00,23.03,72.58,34.1,19,2.94,0.0,era5
2020-05-20 19:00:00+00:00,23.03,72.58,32.7,22,4.19,0.0,era5
2020-05-20 20:00:00+00:00,23.03,72.58,32.7,25,4.69,0.0,era5
2020-05-20 21:00:00+00:00,23.03,72.58,31.9,29,4.61,0.0,era5
2020-05-20 22:00:00+00:00,23.03,72.58,31.3,32,4.89,0.0,era5
2020-05-20 23:00:00+00:00,23.03,72.58,30.6,28,4.33,0.0,era5
2020-05-21 00:00:00+00:00,23.03,72.58,28.6,36,1.86,0.0,era5
2020-05-21 01:00:00+00:00,23.03,72.58,28.8,40,0.56,25.6,era5
2020-05-21 02:00:00+00:00,23.03,72.58,31.0,31,1.14,262.9,era5
2020-05-21 03:00:00+00:00,23.03,72.58,32.8,29,2.03,483.0,era5
2020-05-21 04:00:00+00:00,23.03,72.58,35.1,27,2.81,619.6,era5
2020-05-21 05:00:00+00:00,23.03,72.58,37.6,23,3.42,699.1,era5
2020-05-21 06:00:00+00:00,23.03,72.58,39.7,20,4.08,744.4,era5
2020-05-21 07:00:00+00:00,23.03,72.58,41.4,17,4.58,764.0,era5
2020-05-21 08:00:00+00:00,23.03,72.58,42.5,15,4.69,766.3,era5
2020-05-21 09:00:00+00:00,23.03,72.58,43.1,13,4.33,749.3,era5
2020-05-21 10:00:00+00:00,23.03,72.58,43.3,11,4.22,711.0,era5
2020-05-21 11:00:00+00:00,23.03,72.58,43.1,11,4.14,640.0,era5
2020-05-21 12:00:00+00:00,23.03,72.58,42.0,12,3.97,517.7,era5
2020-05-21 13:00:00+00:00,23.03,72.58,40.6,14,2.53,313.1,era5
2020-05-21 14:00:00+00:00,23.03,72.58,37.1,17,2.17,49.0,era5
2020-05-21 15:00:00+00:00,23.03,72.58,36.4,17,3.0,0.0,era5
2020-05-21 16:00:00+00:00,23.03,72.58,35.0,20,3.61,0.0,era5
2020-05-21 17:00:00+00:00,23.03,72.58,32.6,41,3.67,0.0,era5
2020-05-21 18:00:00+00:00,23.03,72.58,31.9,47,3.11,0.0,era5
2020-05-21 19:00:00+00:00,23.03,72.58,31.3,44,2.92,0.0,era5
2020-05-21 20:00:00+00:00,23.03,72.58,31.2,33,3.53,0.0,era5
2020-05-21 21:00:00+00:00,23.03,72.58,30.3,30,3.42,0.0,era5
2020-05-21 22:00:00+00:00,23.03,72.58,29.2,34,2.89,0.0,era5
2020-05-21 23:00:00+00:00,23.03,72.58,28.0,39,2.0,0.0,era5
2020-05-22 00:00:00+00:00,23.03,72.58,28.4,38,2.31,0.0,era5
2020-05-22 01:00:00+00:00,23.03,72.58,29.1,40,2.17,25.4,era5
2020-05-22 02:00:00+00:00,23.03,72.58,30.7,42,2.72,257.4,era5
2020-05-22 03:00:00+00:00,23.03,72.58,32.6,40,3.72,475.6,era5
2020-05-22 04:00:00+00:00,23.03,72.58,35.1,32,4.22,609.9,era5
2020-05-22 05:00:00+00:00,23.03,72.58,37.6,25,4.31,688.9,era5
2020-05-22 06:00:00+00:00,23.03,72.58,39.8,20,4.56,734.5,era5
2020-05-22 07:00:00+00:00,23.03,72.58,41.5,16,4.92,756.8,era5
2020-05-22 08:00:00+00:00,23.03,72.58,42.6,14,5.0,761.1,era5
2020-05-22 09:00:00+00:00,23.03,72.58,43.1,12,5.11,745.8,era5
2020-05-22 10:00:00+00:00,23.03,72.58,43.2,11,5.0,706.9,era5
2020-05-22 11:00:00+00:00,23.03,72.58,43.1,10,5.11,636.2,era5
2020-05-22 12:00:00+00:00,23.03,72.58,41.7,12,5.19,516.5,era5
2020-05-22 13:00:00+00:00,23.03,72.58,40.5,12,4.31,311.5,era5
2020-05-22 14:00:00+00:00,23.03,72.58,37.9,13,3.72,48.6,era5
2020-05-22 15:00:00+00:00,23.03,72.58,36.9,12,5.61,0.0,era5
2020-05-22 16:00:00+00:00,23.03,72.58,35.3,14,4.31,0.0,era5
2020-05-22 17:00:00+00:00,23.03,72.58,33.4,20,2.69,0.0,era5
2020-05-22 18:00:00+00:00,23.03,72.58,32.4,24,3.11,0.0,era5
2020-05-22 19:00:00+00:00,23.03,72.58,31.3,30,3.31,0.0,era5
2020-05-22 20:00:00+00:00,23.03,72.58,30.1,40,3.11,0.0,era5
2020-05-22 21:00:00+00:00,23.03,72.58,29.0,49,3.11,0.0,era5
2020-05-22 22:00:00+00:00,23.03,72.58,28.2,53,3.14,0.0,era5
2020-05-22 23:00:00+00:00,23.03,72.58,27.5,56,3.33,0.0,era5
2020-05-23 00:00:00+00:00,23.03,72.58,27.4,65,3.86,0.0,era5
2020-05-23 01:00:00+00:00,23.03,72.58,27.8,70,3.97,25.3,era5
2020-05-23 02:00:00+00:00,23.03,72.58,29.0,70,4.25,256.5,era5
2020-05-23 03:00:00+00:00,23.03,72.58,31.1,59,4.06,470.5,era5
2020-05-23 04:00:00+00:00,23.03,72.58,33.5,47,3.83,606.4,era5
2020-05-23 05:00:00+00:00,23.03,72.58,36.0,37,3.83,687.5,era5
2020-05-23 06:00:00+00:00,23.03,72.58,38.5,27,4.08,732.2,era5
2020-05-23 07:00:00+00:00,23.03,72.58,40.4,21,4.31,754.7,era5
2020-05-23 08:00:00+00:00,23.03,72.58,41.8,16,4.61,757.9,era5
2020-05-23 09:00:00+00:00,23.03,72.58,42.4,14,4.72,743.4,era5
2020-05-23 10:00:00+00:00,23.03,72.58,42.6,13,4.78,704.1,era5
2020-05-23 11:00:00+00:00,23.03,72.58,42.3,13,4.86,634.0,era5
2020-05-23 12:00:00+00:00,23.03,72.58,41.1,15,4.75,511.3,era5
2020-05-23 13:00:00+00:00,23.03,72.58,40.1,17,3.53,306.2,era5
2020-05-23 14:00:00+00:00,23.03,72.58,37.5,21,2.58,48.3,era5
2020-05-23 15:00:00+00:00,23.03,72.58,36.8,22,3.44,0.0,era5
2020-05-23 16:00:00+00:00,23.03,72.58,36.2,24,5.11,0.0,era5
2020-05-23 17:00:00+00:00,23.03,72.58,35.0,27,5.31,0.0,era5
2020-05-23 18:00:00+00:00,23.03,72.58,33.5,33,5.03,0.0,era5
2020-05-23 19:00:00+00:00,23.03,72.58,32.2,42,4.86,0.0,era5
2020-05-23 20:00:00+00:00,23.03,72.58,31.1,48,4.72,0.0,era5
2020-05-23 21:00:00+00:00,23.03,72.58,30.1,53,4.5,0.0,era5
2020-05-23 22:00:00+00:00,23.03,72.58,29.1,58,4.39,0.0,era5
2020-05-23 23:00:00+00:00,23.03,72.58,28.4,62,4.19,0.0,era5
2020-05-24 00:00:00+00:00,23.03,72.58,27.9,70,3.75,0.0,era5
2020-05-24 01:00:00+00:00,23.03,72.58,28.3,71,3.58,25.1,era5
2020-05-24 02:00:00+00:00,23.03,72.58,29.5,66,4.25,251.3,era5
2020-05-24 03:00:00+00:00,23.03,72.58,31.5,56,4.47,470.0,era5
2020-05-24 04:00:00+00:00,23.03,72.58,33.9,46,4.67,606.2,era5
2020-05-24 05:00:00+00:00,23.03,72.58,36.4,35,4.83,686.1,era5
2020-05-24 06:00:00+00:00,23.03,72.58,38.8,26,5.14,732.2,era5
2020-05-24 07:00:00+00:00,23.03,72.58,40.7,20,5.33,755.6,era5
2020-05-24 08:00:00+00:00,23.03,72.58,42.1,16,5.28,757.8,era5
2020-05-24 09:00:00+00:00,23.03,72.58,42.8,14,5.14,742.1,era5
2020-05-24 10:00:00+00:00,23.03,72.58,42.9,14,5.03,702.4,era5
2020-05-24 11:00:00+00:00,23.03,72.58,42.6,14,4.89,630.3,era5
2020-05-24 12:00:00+00:00,23.03,72.58,41.3,17,4.47,506.0,era5
2020-05-24 13:00:00+00:00,23.03,72.58,40.3,18,3.39,304.7,era5
2020-05-24 14:00:00+00:00,23.03,72.58,37.3,21,2.11,57.5,era5
2020-05-24 15:00:00+00:00,23.03,72.58,36.6,22,2.69,0.0,era5
2020-05-24 16:00:00+00:00,23.03,72.58,36.1,26,3.81,0.0,era5
2020-05-24 17:00:00+00:00,23.03,72.58,35.0,39,5.31,0.0,era5
2020-05-24 18:00:00+00:00,23.03,72.58,33.7,44,5.25,0.0,era5
2020-05-24 19:00:00+00:00,23.03,72.58,32.6,48,4.92,0.0,era5
2020-05-24 20:00:00+00:00,23.03,72.58,31.7,50,4.83,0.0,era5
2020-05-24 21:00:00+00:00,23.03,72.58,30.8,53,4.58,0.0,era5
2020-05-24 22:00:00+00:00,23.03,72.58,29.7,58,4.0,0.0,era5
2020-05-24 23:00:00+00:00,23.03,72.58,28.7,63,3.67,0.0,era5
2020-05-25 00:00:00+00:00,23.03,72.58,27.8,69,4.03,0.0,era5
2020-05-25 01:00:00+00:00,23.03,72.58,27.9,70,4.25,25.0,era5
2020-05-25 02:00:00+00:00,23.03,72.58,28.9,67,5.25,254.9,era5
2020-05-25 03:00:00+00:00,23.03,72.58,30.9,59,5.39,471.8,era5
2020-05-25 04:00:00+00:00,23.03,72.58,33.2,51,5.08,605.9,era5
2020-05-25 05:00:00+00:00,23.03,72.58,35.6,41,4.72,684.8,era5
2020-05-25 06:00:00+00:00,23.03,72.58,37.9,33,4.69,730.0,era5
2020-05-25 07:00:00+00:00,23.03,72.58,40.0,25,4.78,752.5,era5
2020-05-25 08:00:00+00:00,23.03,72.58,41.5,20,4.83,756.7,era5
2020-05-25 09:00:00+00:00,23.03,72.58,42.3,17,4.97,739.7,era5
2020-05-25 10:00:00+00:00,23.03,72.58,42.7,16,5.08,700.8,era5
2020-05-25 11:00:00+00:00,23.03,72.58,42.6,15,4.89,629.6,era5
2020-05-25 12:00:00+00:00,23.03,72.58,41.3,18,4.08,509.0,era5
2020-05-25 13:00:00+00:00,23.03,72.58,40.5,19,3.31,306.8,era5
2020-05-25 14:00:00+00:00,23.03,72.58,37.8,22,2.31,57.1,era5
2020-05-25 15:00:00+00:00,23.03,72.58,37.3,24,3.61,0.0,era5
2020-05-25 16:00:00+00:00,23.03,72.58,36.5,31,4.64,0.0,era5
2020-05-25 17:00:00+00:00,23.03,72.58,34.9,39,5.42,0.0,era5
2020-05-25 18:00:00+00:00,23.03,72.58,33.4,46,5.31,0.0,era5
2020-05-25 19:00:00+00:00,23.03,72.58,32.1,51,4.92,0.0,era5
2020-05-25 20:00:00+00:00,23.03,72.58,30.8,56,3.81,0.0,era5
2020-05-25 21:00:00+00:00,23.03,72.58,29.6,62,3.22,0.0,era5
2020-05-25 22:00:00+00:00,23.03,72.58,28.6,67,3.61,0.0,era5
2020-05-25 23:00:00+00:00,23.03,72.58,27.6,71,3.39,0.0,era5
2020-05-26 00:00:00+00:00,23.03,72.58,27.2,74,3.11,0.0,era5
2020-05-26 01:00:00+00:00,23.03,72.58,27.3,76,3.61,24.9,era5
2020-05-26 02:00:00+00:00,23.03,72.58,28.3,76,4.58,254.2,era5
2020-05-26 03:00:00+00:00,23.03,72.58,30.3,65,4.89,444.4,era5
2020-05-26 04:00:00+00:00,23.03,72.58,32.8,53,4.92,591.7,era5
2020-05-26 05:00:00+00:00,23.03,72.58,35.6,42,4.89,683.5,era5
2020-05-26 06:00:00+00:00,23.03,72.58,38.4,31,5.0,728.9,era5
2020-05-26 07:00:00+00:00,23.03,72.58,40.6,24,5.31,751.5,era5
2020-05-26 08:00:00+00:00,23.03,72.58,42.1,19,5.61,754.5,era5
2020-05-26 09:00:00+00:00,23.03,72.58,43.0,17,5.92,736.3,era5
2020-05-26 10:00:00+00:00,23.03,72.58,43.1,16,6.03,697.9,era5
2020-05-26 11:00:00+00:00,23.03,72.58,42.8,17,5.83,625.9,era5
2020-05-26 12:00:00+00:00,23.03,72.58,41.1,21,5.81,503.8,era5
2020-05-26 13:00:00+00:00,23.03,72.58,40.0,23,5.22,305.3,era5
2020-05-26 14:00:00+00:00,23.03,72.58,38.0,26,4.61,56.7,era5
2020-05-26 15:00:00+00:00,23.03,72.58,37.1,23,5.5,0.0,era5
2020-05-26 16:00:00+00:00,23.03,72.58,35.8,27,4.47,0.0,era5
2020-05-26 17:00:00+00:00,23.03,72.58,34.3,33,3.36,0.0,era5
2020-05-26 18:00:00+00:00,23.03,72.58,32.8,40,2.92,0.0,era5
2020-05-26 19:00:00+00:00,23.03,72.58,31.5,47,3.06,0.0,era5
2020-05-26 20:00:00+00:00,23.03,72.58,30.2,55,3.33,0.0,era5
2020-05-26 21:00:00+00:00,23.03,72.58,29.1,62,3.31,0.0,era5
2020-05-26 22:00:00+00:00,23.03,72.58,28.4,66,3.22,0.0,era5
2020-05-26 23:00:00+00:00,23.03,72.58,27.8,70,3.19,0.0,era5
2020-05-27 00:00:00+00:00,23.03,72.58,27.7,72,3.03,0.0,era5
2020-05-27 01:00:00+00:00,23.03,72.58,28.2,70,3.08,24.8,era5
2020-05-27 02:00:00+00:00,23.03,72.58,29.3,66,4.31,236.1,era5
2020-05-27 03:00:00+00:00,23.03,72.58,30.8,61,4.69,423.9,era5
2020-05-27 04:00:00+00:00,23.03,72.58,33.0,53,4.75,590.0,era5
2020-05-27 05:00:00+00:00,23.03,72.58,35.3,45,4.92,671.0,era5
2020-05-27 06:00:00+00:00,23.03,72.58,37.5,37,5.03,716.9,era5
2020-05-27 07:00:00+00:00,23.03,72.58,39.6,31,5.11,738.2,era5
2020-05-27 08:00:00+00:00,23.03,72.58,41.3,27,5.39,741.3,era5
2020-05-27 09:00:00+00:00,23.03,72.58,42.6,23,5.56,726.5,era5
2020-05-27 10:00:00+00:00,23.03,72.58,43.4,19,5.89,689.1,era5
2020-05-27 11:00:00+00:00,23.03,72.58,43.4,17,6.31,617.9,era5
2020-05-27 12:00:00+00:00,23.03,72.58,42.0,18,7.08,500.7,era5
2020-05-27 13:00:00+00:00,23.03,72.58,40.3,21,5.86,307.4,era5
2020-05-27 14:00:00+00:00,23.03,72.58,37.3,29,4.89,56.4,era5
2020-05-27 15:00:00+00:00,23.03,72.58,35.0,42,5.06,0.0,era5
2020-05-27 16:00:00+00:00,23.03,72.58,34.3,39,4.75,0.0,era5
2020-05-27 17:00:00+00:00,23.03,72.58,33.3,36,4.94,0.0,era5
2020-05-27 18:00:00+00:00,23.03,72.58,32.1,40,4.81,0.0,era5
2020-05-27 19:00:00+00:00,23.03,72.58,31.2,44,4.22,0.0,era5
2020-05-27 20:00:00+00:00,23.03,72.58,30.4,48,3.42,0.0,era5
2020-05-27 21:00:00+00:00,23.03,72.58,29.9,50,2.94,0.0,era5
2020-05-27 22:00:00+00:00,23.03,72.58,29.4,52,2.86,0.0,era5
2020-05-27 23:00:00+00:00,23.03,72.58,29.0,55,2.78,0.0,era5
2020-05-28 00:00:00+00:00,23.03,72.58,29.0,60,3.42,0.0,era5
2020-05-28 01:00:00+00:00,23.03,72.58,29.5,60,4.11,24.7,era5
2020-05-28 02:00:00+00:00,23.03,72.58,30.5,60,5.36,231.3,era5
2020-05-28 03:00:00+00:00,23.03,72.58,31.9,57,5.67,399.0,era5
2020-05-28 04:00:00+00:00,23.03,72.58,33.5,52,5.31,491.9,era5
2020-05-28 05:00:00+00:00,23.03,72.58,35.5,45,5.22,640.0,era5
2020-05-28 06:00:00+00:00,23.03,72.58,37.7,38,5.47,703.9,era5
2020-05-28 07:00:00+00:00,23.03,72.58,39.8,31,5.69,731.1,era5
2020-05-28 08:00:00+00:00,23.03,72.58,41.6,26,5.83,734.2,era5
2020-05-28 09:00:00+00:00,23.03,72.58,43.2,19,6.19,719.9,era5
2020-05-28 10:00:00+00:00,23.03,72.58,43.1,18,6.53,509.3,era5
2020-05-28 11:00:00+00:00,23.03,72.58,42.8,18,6.61,551.4,era5
2020-05-28 12:00:00+00:00,23.03,72.58,40.3,26,5.86,461.2,era5
2020-05-28 13:00:00+00:00,23.03,72.58,39.4,28,6.25,298.9,era5
2020-05-28 14:00:00+00:00,23.03,72.58,37.7,30,5.31,56.0,era5
2020-05-28 15:00:00+00:00,23.03,72.58,35.2,41,5.0,0.0,era5
2020-05-28 16:00:00+00:00,23.03,72.58,34.4,42,4.44,0.0,era5
2020-05-28 17:00:00+00:00,23.03,72.58,33.5,41,5.31,0.0,era5
2020-05-28 18:00:00+00:00,23.03,72.58,32.3,45,4.64,0.0,era5
2020-05-28 19:00:00+00:00,23.03,72.58,31.2,51,3.75,0.0,era5
2020-05-28 20:00:00+00:00,23.03,72.58,30.4,58,3.11,0.0,era5
2020-05-28 21:00:00+00:00,23.03,72.58,30.2,62,3.33,0.0,era5
2020-05-28 22:00:00+00:00,23.03,72.58,29.9,63,3.58,0.0,era5
2020-05-28 23:00:00+00:00,23.03,72.58,29.2,65,3.47,0.0,era5
2020-05-29 00:00:00+00:00,23.03,72.58,29.0,69,3.36,0.0,era5
2020-05-29 01:00:00+00:00,23.03,72.58,29.3,70,3.75,12.3,era5
2020-05-29 02:00:00+00:00,23.03,72.58,30.1,68,4.81,204.7,era5
2020-05-29 03:00:00+00:00,23.03,72.58,31.7,60,5.47,378.6,era5
2020-05-29 04:00:00+00:00,23.03,72.58,33.3,54,4.78,438.9,era5
2020-05-29 05:00:00+00:00,23.03,72.58,35.1,47,4.67,554.2,era5
2020-05-29 06:00:00+00:00,23.03,72.58,37.2,40,4.81,694.2,era5
2020-05-29 07:00:00+00:00,23.03,72.58,39.2,33,5.17,731.1,era5
2020-05-29 08:00:00+00:00,23.03,72.58,40.8,26,5.53,668.7,era5
2020-05-29 09:00:00+00:00,23.03,72.58,41.8,21,5.58,583.8,era5
2020-05-29 10:00:00+00:00,23.03,72.58,42.3,19,5.92,580.7,era5
2020-05-29 11:00:00+00:00,23.03,72.58,41.1,22,5.94,486.5,era5
2020-05-29 12:00:00+00:00,23.03,72.58,39.0,29,5.25,319.0,era5
2020-05-29 13:00:00+00:00,23.03,72.58,35.8,48,6.42,198.3,era5
2020-05-29 14:00:00+00:00,23.03,72.58,33.5,57,6.11,46.4,era5
2020-05-29 15:00:00+00:00,23.03,72.58,32.4,64,4.42,0.0,era5
2020-05-29 16:00:00+00:00,23.03,72.58,32.4,65,2.42,0.0,era5
2020-05-29 17:00:00+00:00,23.03,72.58,32.3,58,3.39,0.0,era5
2020-05-29 18:00:00+00:00,23.03,72.58,32.0,52,3.64,0.0,era5
2020-05-29 19:00:00+00:00,23.03,72.58,31.2,61,4.42,0.0,era5
2020-05-29 20:00:00+00:00,23.03,72.58,30.7,64,3.11,0.0,era5
2020-05-29 21:00:00+00:00,23.03,72.58,30.4,62,3.42,0.0,era5
2020-05-29 22:00:00+00:00,23.03,72.58,29.6,65,3.19,0.0,era5
2020-05-29 23:00:00+00:00,23.03,72.58,29.0,68,2.64,0.0,era5
2020-05-30 00:00:00+00:00,23.03,72.58,28.2,71,2.28,0.0,era5
2020-05-30 01:00:00+00:00,23.03,72.58,28.9,70,2.69,12.3,era5
2020-05-30 02:00:00+00:00,23.03,72.58,29.8,66,3.75,104.3,era5
2020-05-30 03:00:00+00:00,23.03,72.58,31.3,60,3.86,255.3,era5
2020-05-30 04:00:00+00:00,23.03,72.58,32.9,53,4.53,381.3,era5
2020-05-30 05:00:00+00:00,23.03,72.58,34.2,48,3.94,244.8,era5
2020-05-30 06:00:00+00:00,23.03,72.58,35.8,42,3.58,317.8,era5
2020-05-30 07:00:00+00:00,23.03,72.58,37.4,38,3.83,615.5,era5
2020-05-30 08:00:00+00:00,23.03,72.58,38.6,33,4.17,668.6,era5
2020-05-30 09:00:00+00:00,23.03,72.58,40.0,27,4.75,708.8,era5
2020-05-30 10:00:00+00:00,23.03,72.58,40.1,25,5.25,542.1,era5
2020-05-30 11:00:00+00:00,23.03,72.58,40.1,24,5.19,453.8,era5
2020-05-30 12:00:00+00:00,23.03,72.58,38.6,28,4.97,348.5,era5
2020-05-30 13:00:00+00:00,23.03,72.58,38.6,26,4.75,229.2,era5
2020-05-30 14:00:00+00:00,23.03,72.58,35.7,38,4.97,46.1,era5
2020-05-30 15:00:00+00:00,23.03,72.58,32.5,55,5.0,0.0,era5
2020-05-30 16:00:00+00:00,23.03,72.58,31.7,64,4.33,0.0,era5
2020-05-30 17:00:00+00:00,23.03,72.58,31.5,66,4.11,0.0,era5
2020-05-30 18:00:00+00:00,23.03,72.58,31.2,68,3.39,0.0,era5
2020-05-30 19:00:00+00:00,23.03,72.58,31.4,55,4.25,0.0,era5
2020-05-30 20:00:00+00:00,23.03,72.58,30.3,63,4.61,0.0,era5
2020-05-30 21:00:00+00:00,23.03,72.58,29.4,69,4.14,0.0,era5
2020-05-30 22:00:00+00:00,23.03,72.58,28.9,72,3.61,0.0,era5
2020-05-30 23:00:00+00:00,23.03,72.58,28.5,75,3.22,0.0,era5
2020-05-31 00:00:00+00:00,23.03,72.58,28.1,80,3.31,0.0,era5
2020-05-31 01:00:00+00:00,23.03,72.58,28.6,79,3.31,12.3,era5
2020-05-31 02:00:00+00:00,23.03,72.58,29.8,70,3.97,230.1,era5
2020-05-31 03:00:00+00:00,23.03,72.58,31.5,61,3.5,407.5,era5
2020-05-31 04:00:00+00:00,23.03,72.58,33.3,54,2.81,457.6,era5
2020-05-31 05:00:00+00:00,23.03,72.58,34.8,48,2.19,423.8,era5
2020-05-31 06:00:00+00:00,23.03,72.58,36.1,41,2.06,513.1,era5
2020-05-31 07:00:00+00:00,23.03,72.58,37.8,36,2.33,661.2,era5
2020-05-31 08:00:00+00:00,23.03,72.58,39.0,31,2.58,706.8,era5
2020-05-31 09:00:00+00:00,23.03,72.58,40.0,27,2.72,711.8,era5
2020-05-31 10:00:00+00:00,23.03,72.58,40.7,23,3.11,663.6,era5
2020-05-31 11:00:00+00:00,23.03,72.58,40.6,21,3.03,494.2,era5
2020-05-31 12:00:00+00:00,23.03,72.58,38.9,26,3.64,353.8,era5
2020-05-31 13:00:00+00:00,23.03,72.58,38.1,27,3.58,287.8,era5
2020-05-31 14:00:00+00:00,23.03,72.58,36.6,31,1.69,55.0,era5
2020-05-31 15:00:00+00:00,23.03,72.58,36.1,32,2.64,0.0,era5
2020-05-31 16:00:00+00:00,23.03,72.58,35.6,35,4.53,0.0,era5
2020-05-31 17:00:00+00:00,23.03,72.58,34.7,40,3.39,0.0,era5
2020-05-31 18:00:00+00:00,23.03,72.58,33.6,43,2.06,0.0,era5
2020-05-31 19:00:00+00:00,23.03,72.58,32.9,43,2.83,0.0,era5
2020-05-31 20:00:00+00:00,23.03,72.58,32.2,45,2.64,0.0,era5
2020-05-31 21:00:00+00:00,23.03,72.58,31.4,49,2.33,0.0,era5
2020-05-31 22:00:00+00:00,23.03,72.58,30.7,55,2.69,0.0,era5
2020-05-31 23:00:00+00:00,23.03,72.58,30.0,60,2.92,0.0,era5
2020-06-01 00:00:00+00:00,23.03,72.58,29.7,67,1.83,0.0,era5
2020-06-01 01:00:00+00:00,23.03,72.58,30.0,67,2.47,12.2,era5
2020-06-01 02:00:00+00:00,23.03,72.58,30.9,64,3.0,225.5,era5
2020-06-01 03:00:00+00:00,23.03,72.58,32.3,59,3.58,429.8,era5
2020-06-01 04:00:00+00:00,23.03,72.58,33.6,54,3.06,544.7,era5
2020-06-01 05:00:00+00:00,23.03,72.58,35.0,49,2.47,607.8,era5
2020-06-01 06:00:00+00:00,23.03,72.58,36.5,45,2.17,554.4,era5
2020-06-01 07:00:00+00:00,23.03,72.58,37.2,42,2.75,389.4,era5
2020-06-01 08:00:00+00:00,23.03,72.58,38.0,39,3.25,558.7,era5
2020-06-01 09:00:00+00:00,23.03,72.58,38.9,34,3.28,596.0,era5
2020-06-01 10:00:00+00:00,23.03,72.58,39.4,30,3.39,467.6,era5
2020-06-01 11:00:00+00:00,23.03,72.58,39.4,28,3.67,525.7,era5
2020-06-01 12:00:00+00:00,23.03,72.58,39.2,28,3.81,435.4,era5
2020-06-01 13:00:00+00:00,23.03,72.58,39.0,27,3.36,269.1,era5
2020-06-01 14:00:00+00:00,23.03,72.58,36.4,39,4.36,45.5,era5
2020-06-01 15:00:00+00:00,23.03,72.58,35.1,42,3.67,0.0,era5
2020-06-01 16:00:00+00:00,23.03,72.58,34.8,42,3.89,0.0,era5
2020-06-01 17:00:00+00:00,23.03,72.58,32.5,59,4.69,0.0,era5
2020-06-01 18:00:00+00:00,23.03,72.58,32.0,59,4.25,0.0,era5
2020-06-01 19:00:00+00:00,23.03,72.58,31.6,58,3.5,0.0,era5
2020-06-01 20:00:00+00:00,23.03,72.58,31.2,60,2.56,0.0,era5
2020-06-01 21:00:00+00:00,23.03,72.58,31.5,49,3.92,0.0,era5
2020-06-01 22:00:00+00:00,23.03,72.58,30.7,48,3.56,0.0,era5
2020-06-01 23:00:00+00:00,23.03,72.58,30.1,52,2.92,0.0,era5
2020-06-02 00:00:00+00:00,23.03,72.58,29.5,68,2.67,0.0,era5
2020-06-02 01:00:00+00:00,23.03,72.58,29.7,70,2.78,12.2,era5
2020-06-02 02:00:00+00:00,23.03,72.58,30.7,67,1.78,225.3,era5
2020-06-02 03:00:00+00:00,23.03,72.58,32.6,54,1.61,427.5,era5
2020-06-02 04:00:00+00:00,23.03,72.58,34.4,45,1.78,535.5,era5
2020-06-02 05:00:00+00:00,23.03,72.58,36.1,39,1.75,619.1,era5
2020-06-02 06:00:00+00:00,23.03,72.58,37.3,36,1.0,663.0,era5
2020-06-02 07:00:00+00:00,23.03,72.58,38.5,33,1.25,647.0,era5
2020-06-02 08:00:00+00:00,23.03,72.58,39.8,29,1.19,573.8,era5
2020-06-02 09:00:00+00:00,23.03,72.58,37.1,37,4.19,454.8,era5
2020-06-02 10:00:00+00:00,23.03,72.58,34.5,49,5.36,392.2,era5
2020-06-02 11:00:00+00:00,23.03,72.58,36.3,40,3.19,404.4,era5
2020-06-02 12:00:00+00:00,23.03,72.58,35.1,44,5.42,352.5,era5
2020-06-02 13:00:00+00:00,23.03,72.58,35.1,43,4.69,153.2,era5
2020-06-02 14:00:00+00:00,23.03,72.58,34.1,47,4.69,36.2,era5
2020-06-02 15:00:00+00:00,23.03,72.58,33.6,48,3.72,0.0,era5
2020-06-02 16:00:00+00:00,23.03,72.58,33.1,47,3.42,0.0,era5
2020-06-02 17:00:00+00:00,23.03,72.58,32.7,48,3.0,0.0,era5
2020-06-02 18:00:00+00:00,23.03,72.58,32.2,49,2.89,0.0,era5
2020-06-02 19:00:00+00:00,23.03,72.58,31.6,51,2.69,0.0,era5
2020-06-02 20:00:00+00:00,23.03,72.58,30.8,53,2.61,0.0,era5
2020-06-02 21:00:00+00:00,23.03,72.58,30.3,54,2.83,0.0,era5
2020-06-02 22:00:00+00:00,23.03,72.58,29.7,56,3.0,0.0,era5
2020-06-02 23:00:00+00:00,23.03,72.58,29.1,59,2.14,0.0,era5
2020-06-03 00:00:00+00:00,23.03,72.58,29.2,62,0.58,0.0,era5
2020-06-03 01:00:00+00:00,23.03,72.58,29.5,62,0.5,0.0,era5
2020-06-03 02:00:00+00:00,23.03,72.58,30.5,59,2.19,82.3,era5
2020-06-03 03:00:00+00:00,23.03,72.58,31.8,54,2.11,179.1,era5
2020-06-03 04:00:00+00:00,23.03,72.58,33.8,47,1.67,432.8,era5
2020-06-03 05:00:00+00:00,23.03,72.58,35.4,42,2.42,395.4,era5
2020-06-03 06:00:00+00:00,23.03,72.58,36.0,39,3.81,287.6,era5
2020-06-03 07:00:00+00:00,23.03,72.58,36.3,37,4.03,272.8,era5
2020-06-03 08:00:00+00:00,23.03,72.58,37.5,33,4.19,542.5,era5
2020-06-03 09:00:00+00:00,23.03,72.58,37.2,35,5.17,436.7,era5
2020-06-03 10:00:00+00:00,23.03,72.58,35.8,36,5.31,229.9,era5
2020-06-03 11:00:00+00:00,23.03,72.58,35.2,38,4.39,181.6,era5
2020-06-03 12:00:00+00:00,23.03,72.58,36.2,36,2.31,115.9,era5
2020-06-03 13:00:00+00:00,23.03,72.58,36.0,35,2.83,13.9,era5
2020-06-03 14:00:00+00:00,23.03,72.58,35.4,35,2.19,0.0,era5
2020-06-03 15:00:00+00:00,23.03,72.58,34.9,36,2.22,0.0,era5
2020-06-03 16:00:00+00:00,23.03,72.58,34.3,37,1.61,0.0,era5
2020-06-03 17:00:00+00:00,23.03,72.58,33.3,39,0.75,0.0,era5
2020-06-03 18:00:00+00:00,23.03,72.58,32.7,40,1.14,0.0,era5
2020-06-03 19:00:00+00:00,23.03,72.58,32.3,39,0.56,0.0,era5
2020-06-03 20:00:00+00:00,23.03,72.58,31.7,40,0.83,0.0,era5
2020-06-03 21:00:00+00:00,23.03,72.58,31.3,43,1.61,0.0,era5
2020-06-03 22:00:00+00:00,23.03,72.58,30.9,44,1.5,0.0,era5
2020-06-03 23:00:00+00:00,23.03,72.58,30.7,44,2.14,0.0,era5
2020-06-04 00:00:00+00:00,23.03,72.58,27.6,79,0.31,0.0,era5
2020-06-04 01:00:00+00:00,23.03,72.58,27.7,79,1.03,0.0,era5
2020-06-04 02:00:00+00:00,23.03,72.58,28.3,76,1.5,64.9,era5
2020-06-04 03:00:00+00:00,23.03,72.58,29.7,68,2.0,147.7,era5
2020-06-04 04:00:00+00:00,23.03,72.58,31.6,58,2.64,238.3,era5
2020-06-04 05:00:00+00:00,23.03,72.58,33.3,51,3.39,274.9,era5
2020-06-04 06:00:00+00:00,23.03,72.58,34.7,43,3.72,317.0,era5
2020-06-04 07:00:00+00:00,23.03,72.58,35.5,39,3.67,195.8,era5
2020-06-04 08:00:00+00:00,23.03,72.58,35.6,38,3.44,76.5,era5
2020-06-04 09:00:00+00:00,23.03,72.58,36.0,37,2.83,106.0,era5
2020-06-04 10:00:00+00:00,23.03,72.58,36.3,37,2.47,121.4,era5
2020-06-04 11:00:00+00:00,23.03,72.58,37.2,35,2.06,415.1,era5
2020-06-04 12:00:00+00:00,23.03,72.58,37.8,31,2.92,391.0,era5
2020-06-04 13:00:00+00:00,23.03,72.58,34.8,41,6.44,196.8,era5
2020-06-04 14:00:00+00:00,23.03,72.58,31.8,54,2.47,35.8,era5
2020-06-04 15:00:00+00:00,23.03,72.58,32.0,51,2.36,0.0,era5
2020-06-04 16:00:00+00:00,23.03,72.58,31.6,52,3.33,0.0,era5
2020-06-04 17:00:00+00:00,23.03,72.58,31.4,54,3.89,0.0,era5
2020-06-04 18:00:00+00:00,23.03,72.58,30.6,62,3.83,0.0,era5
2020-06-04 19:00:00+00:00,23.03,72.58,30.0,73,3.61,0.0,era5
2020-06-04 20:00:00+00:00,23.03,72.58,29.5,80,3.81,0.0,era5
2020-06-04 21:00:00+00:00,23.03,72.58,29.2,81,4.0,0.0,era5
2020-06-04 22:00:00+00:00,23.03,72.58,28.9,82,3.97,0.0,era5
2020-06-04 23:00:00+00:00,23.03,72.58,28.7,81,3.86,0.0,era5
2020-06-05 00:00:00+00:00,23.03,72.58,27.9,83,2.86,0.0,era5
2020-06-05 01:00:00+00:00,23.03,72.58,28.0,82,3.42,12.2,era5
2020-06-05 02:00:00+00:00,23.03,72.58,29.2,76,3.61,181.8,era5
2020-06-05 03:00:00+00:00,23.03,72.58,30.6,69,3.39,342.6,era5
2020-06-05 04:00:00+00:00,23.03,72.58,31.9,62,3.11,352.1,era5
2020-06-05 05:00:00+00:00,23.03,72.58,33.4,56,2.56,396.9,era5
2020-06-05 06:00:00+00:00,23.03,72.58,34.4,52,2.69,309.4,era5
2020-06-05 07:00:00+00:00,23.03,72.58,35.3,48,3.08,262.7,era5
2020-06-05 08:00:00+00:00,23.03,72.58,36.5,45,3.17,449.8,era5
2020-06-05 09:00:00+00:00,23.03,72.58,37.0,43,2.94,373.9,era5
2020-06-05 10:00:00+00:00,23.03,72.58,34.3,50,4.69,510.5,era5
2020-06-05 11:00:00+00:00,23.03,72.58,34.6,48,5.03,324.8,era5
2020-06-05 12:00:00+00:00,23.03,72.58,34.5,49,5.78,286.7,era5
2020-06-05 13:00:00+00:00,23.03,72.58,33.0,56,5.75,220.0,era5
2020-06-05 14:00:00+00:00,23.03,72.58,31.7,63,5.22,44.5,era5
2020-06-05 15:00:00+00:00,23.03,72.58,30.2,72,5.22,0.0,era5
2020-06-05 16:00:00+00:00,23.03,72.58,29.9,76,4.14,0.0,era5
2020-06-05 17:00:00+00:00,23.03,72.58,29.6,78,4.06,0.0,era5
2020-06-05 18:00:00+00:00,23.03,72.58,29.3,81,4.31,0.0,era5
2020-06-05 19:00:00+00:00,23.03,72.58,29.1,81,4.86,0.0,era5
2020-06-05 20:00:00+00:00,23.03,72.58,28.9,81,4.72,0.0,era5
2020-06-05 21:00:00+00:00,23.03,72.58,28.8,80,4.75,0.0,era5
2020-06-05 22:00:00+00:00,23.03,72.58,28.6,81,4.22,0.0,era5
2020-06-05 23:00:00+00:00,23.03,72.58,28.3,82,3.86,0.0,era5
2020-06-06 00:00:00+00:00,23.03,72.58,27.8,80,4.0,0.0,era5
2020-06-06 01:00:00+00:00,23.03,72.58,28.0,81,2.97,12.2,era5
2020-06-06 02:00:00+00:00,23.03,72.58,28.8,77,3.67,56.3,era5
2020-06-06 03:00:00+00:00,23.03,72.58,30.3,69,3.47,248.7,era5
2020-06-06 04:00:00+00:00,23.03,72.58,31.5,65,2.69,458.2,era5
2020-06-06 05:00:00+00:00,23.03,72.58,32.8,60,3.36,424.4,era5
2020-06-06 06:00:00+00:00,23.03,72.58,33.9,56,3.06,522.3,era5
2020-06-06 07:00:00+00:00,23.03,72.58,34.7,55,3.0,474.8,era5
2020-06-06 08:00:00+00:00,23.03,72.58,33.9,56,3.44,239.5,era5
2020-06-06 09:00:00+00:00,23.03,72.58,32.6,60,4.11,309.2,era5
2020-06-06 10:00:00+00:00,23.03,72.58,32.9,58,2.89,367.5,era5
2020-06-06 11:00:00+00:00,23.03,72.58,32.2,62,4.72,330.2,era5
2020-06-06 12:00:00+00:00,23.03,72.58,32.5,55,4.72,325.9,era5
2020-06-06 13:00:00+00:00,23.03,72.58,31.9,60,4.58,188.3,era5
2020-06-06 14:00:00+00:00,23.03,72.58,31.2,64,4.03,53.1,era5
2020-06-06 15:00:00+00:00,23.03,72.58,30.1,71,4.31,0.0,era5
2020-06-06 16:00:00+00:00,23.03,72.58,29.5,76,4.31,0.0,era5
2020-06-06 17:00:00+00:00,23.03,72.58,29.2,79,4.39,0.0,era5
2020-06-06 18:00:00+00:00,23.03,72.58,29.0,81,4.61,0.0,era5
2020-06-06 19:00:00+00:00,23.03,72.58,28.9,82,4.67,0.0,era5
2020-06-06 20:00:00+00:00,23.03,72.58,28.2,81,5.31,0.0,era5
2020-06-06 21:00:00+00:00,23.03,72.58,27.7,83,4.03,0.0,era5
2020-06-06 22:00:00+00:00,23.03,72.58,27.8,84,4.31,0.0,era5
2020-06-06 23:00:00+00:00,23.03,72.58,27.9,84,3.39,0.0,era5
2020-06-07 00:00:00+00:00,23.03,72.58,25.9,92,2.61,0.0,era5
2020-06-07 01:00:00+00:00,23.03,72.58,26.6,91,1.78,12.2,era5
2020-06-07 02:00:00+00:00,23.03,72.58,27.6,86,2.08,134.3,era5
2020-06-07 03:00:00+00:00,23.03,72.58,29.1,78,2.81,280.2,era5
2020-06-07 04:00:00+00:00,23.03,72.58,31.1,67,4.03,466.2,era5
2020-06-07 05:00:00+00:00,23.03,72.58,31.6,63,4.17,496.8,era5
2020-06-07 06:00:00+00:00,23.03,72.58,33.2,57,3.69,540.9,era5
2020-06-07 07:00:00+00:00,23.03,72.58,34.7,51,3.47,591.5,era5
2020-06-07 08:00:00+00:00,23.03,72.58,31.1,66,5.61,531.3,era5
2020-06-07 09:00:00+00:00,23.03,72.58,31.0,66,5.14,370.5,era5
2020-06-07 10:00:00+00:00,23.03,72.58,33.8,56,3.67,410.0,era5
2020-06-07 11:00:00+00:00,23.03,72.58,31.5,64,3.67,419.5,era5
2020-06-07 12:00:00+00:00,23.03,72.58,31.8,60,3.72,337.1,era5
2020-06-07 13:00:00+00:00,23.03,72.58,31.2,63,3.72,167.1,era5
2020-06-07 14:00:00+00:00,23.03,72.58,30.5,67,3.17,44.0,era5
2020-06-07 15:00:00+00:00,23.03,72.58,29.6,73,3.56,0.0,era5
2020-06-07 16:00:00+00:00,23.03,72.58,29.0,78,3.83,0.0,era5
2020-06-07 17:00:00+00:00,23.03,72.58,29.0,79,3.61,0.0,era5
2020-06-07 18:00:00+00:00,23.03,72.58,29.0,73,3.78,0.0,era5
2020-06-07 19:00:00+00:00,23.03,72.58,28.4,76,3.94,0.0,era5
2020-06-07 20:00:00+00:00,23.03,72.58,28.1,79,3.72,0.0,era5
2020-06-07 21:00:00+00:00,23.03,72.58,28.0,82,3.42,0.0,era5
2020-06-07 22:00:00+00:00,23.03,72.58,27.8,85,3.39,0.0,era5
2020-06-07 23:00:00+00:00,23.03,72.58,27.5,85,3.28,0.0,era5
2020-06-08 00:00:00+00:00,23.03,72.58,27.5,85,3.14,0.0,era5
2020-06-08 01:00:00+00:00,23.03,72.58,27.9,83,3.22,12.2,era5
2020-06-08 02:00:00+00:00,23.03,72.58,28.8,77,3.83,117.1,era5
2020-06-08 03:00:00+00:00,23.03,72.58,28.8,76,4.17,260.2,era5
2020-06-08 04:00:00+00:00,23.03,72.58,29.4,78,3.58,241.8,era5
2020-06-08 05:00:00+00:00,23.03,72.58,30.9,69,4.11,312.6,era5
2020-06-08 06:00:00+00:00,23.03,72.58,31.7,67,3.61,340.1,era5
2020-06-08 07:00:00+00:00,23.03,72.58,30.5,69,3.28,396.7,era5
2020-06-08 08:00:00+00:00,23.03,72.58,33.1,59,1.94,338.1,era5
2020-06-08 09:00:00+00:00,23.03,72.58,34.1,57,2.61,420.1,era5
2020-06-08 10:00:00+00:00,23.03,72.58,34.8,50,2.19,391.9,era5
2020-06-08 11:00:00+00:00,23.03,72.58,29.3,77,5.67,248.6,era5
2020-06-08 12:00:00+00:00,23.03,72.58,28.7,81,3.69,116.8,era5
2020-06-08 13:00:00+00:00,23.03,72.58,27.1,85,4.5,34.0,era5
2020-06-08 14:00:00+00:00,23.03,72.58,26.8,89,2.92,17.5,era5
2020-06-08 15:00:00+00:00,23.03,72.58,27.0,91,2.97,0.0,era5
2020-06-08 16:00:00+00:00,23.03,72.58,27.0,92,3.14,0.0,era5
2020-06-08 17:00:00+00:00,23.03,72.58,26.8,93,3.08,0.0,era5
2020-06-08 18:00:00+00:00,23.03,72.58,26.6,93,3.19,0.0,era5
2020-06-08 19:00:00+00:00,23.03,72.58,26.4,91,2.69,0.0,era5
2020-06-08 20:00:00+00:00,23.03,72.58,26.2,91,2.19,0.0,era5
2020-06-08 21:00:00+00:00,23.03,72.58,26.1,93,2.0,0.0,era5
2020-06-08 22:00:00+00:00,23.03,72.58,26.0,94,1.92,0.0,era5
2020-06-08 23:00:00+00:00,23.03,72.58,25.8,94,1.81,0.0,era5
2020-06-09 00:00:00+00:00,23.03,72.58,26.0,93,2.56,0.0,era5
2020-06-09 01:00:00+00:00,23.03,72.58,26.5,89,1.94,0.0,era5
2020-06-09 02:00:00+00:00,23.03,72.58,27.6,83,2.56,104.2,era5
2020-06-09 03:00:00+00:00,23.03,72.58,29.1,76,2.72,231.2,era5
2020-06-09 04:00:00+00:00,23.03,72.58,30.3,70,2.58,346.5,era5
2020-06-09 05:00:00+00:00,23.03,72.58,31.1,67,2.56,346.4,era5
2020-06-09 06:00:00+00:00,23.03,72.58,31.7,68,2.36,394.5,era5
2020-06-09 07:00:00+00:00,23.03,72.58,32.8,64,1.78,406.9,era5
2020-06-09 08:00:00+00:00,23.03,72.58,33.6,62,1.97,425.6,era5
2020-06-09 09:00:00+00:00,23.03,72.58,34.6,56,1.17,363.9,era5
2020-06-09 10:00:00+00:00,23.03,72.58,31.7,68,4.61,401.2,era5
2020-06-09 11:00:00+00:00,23.03,72.58,33.1,61,3.33,371.0,era5
2020-06-09 12:00:00+00:00,23.03,72.58,33.9,56,2.92,215.3,era5
2020-06-09 13:00:00+00:00,23.03,72.58,33.0,59,3.78,219.9,era5
2020-06-09 14:00:00+00:00,23.03,72.58,31.4,67,4.11,43.6,era5
2020-06-09 15:00:00+00:00,23.03,72.58,30.2,73,4.22,0.0,era5
2020-06-09 16:00:00+00:00,23.03,72.58,29.6,78,3.83,0.0,era5
2020-06-09 17:00:00+00:00,23.03,72.58,29.3,80,3.81,0.0,era5
2020-06-09 18:00:00+00:00,23.03,72.58,28.9,81,3.58,0.0,era5
2020-06-09 19:00:00+00:00,23.03,72.58,28.6,82,3.06,0.0,era5
2020-06-09 20:00:00+00:00,23.03,72.58,28.3,83,2.42,0.0,era5
2020-06-09 21:00:00+00:00,23.03,72.58,27.9,84,2.39,0.0,era5
2020-06-09 22:00:00+00:00,23.03,72.58,27.7,86,2.33,0.0,era5
2020-06-09 23:00:00+00:00,23.03,72.58,27.5,87,2.06,0.0,era5
2020-06-10 00:00:00+00:00,23.03,72.58,27.5,85,1.78,0.0,era5
2020-06-10 01:00:00+00:00,23.03,72.58,28.1,82,1.97,12.3,era5
2020-06-10 02:00:00+00:00,23.03,72.58,29.3,76,2.39,187.0,era5
2020-06-10 03:00:00+00:00,23.03,72.58,30.8,70,3.0,364.0,era5
2020-06-10 04:00:00+00:00,23.03,72.58,32.2,64,2.69,404.6,era5
2020-06-10 05:00:00+00:00,23.03,72.58,33.5,58,2.44,513.6,era5
2020-06-10 06:00:00+00:00,23.03,72.58,34.6,55,2.28,528.3,era5
2020-06-10 07:00:00+00:00,23.03,72.58,35.2,53,1.89,509.5,era5
2020-06-10 08:00:00+00:00,23.03,72.58,35.3,54,1.78,434.6,era5
2020-06-10 09:00:00+00:00,23.03,72.58,34.7,56,2.31,306.7,era5
2020-06-10 10:00:00+00:00,23.03,72.58,31.5,72,3.39,43.9,era5
2020-06-10 11:00:00+00:00,23.03,72.58,32.9,66,2.19,147.1,era5
2020-06-10 12:00:00+00:00,23.03,72.58,34.5,55,3.06,169.6,era5
2020-06-10 13:00:00+00:00,23.03,72.58,34.6,54,3.67,215.6,era5
2020-06-10 14:00:00+00:00,23.03,72.58,33.4,57,3.61,52.0,era5
2020-06-10 15:00:00+00:00,23.03,72.58,31.5,67,4.33,0.0,era5
2020-06-10 16:00:00+00:00,23.03,72.58,30.9,73,3.25,0.0,era5
2020-06-10 17:00:00+00:00,23.03,72.58,30.4,75,3.11,0.0,era5
2020-06-10 18:00:00+00:00,23.03,72.58,30.0,76,2.97,0.0,era5
2020-06-10 19:00:00+00:00,23.03,72.58,29.7,76,2.61,0.0,era5
2020-06-10 20:00:00+00:00,23.03,72.58,29.5,76,2.39,0.0,era5
2020-06-10 21:00:00+00:00,23.03,72.58,29.2,77,2.06,0.0,era5
2020-06-10 22:00:00+00:00,23.03,72.58,29.0,78,2.19,0.0,era5
2020-06-10 23:00:00+00:00,23.03,72.58,28.8,78,2.53,0.0,era5
2020-06-11 00:00:00+00:00,23.03,72.58,28.2,83,1.11,0.0,era5
2020-06-11 01:00:00+00:00,23.03,72.58,28.1,84,0.94,0.0,era5
2020-06-11 02:00:00+00:00,23.03,72.58,28.5,82,1.53,0.0,era5
2020-06-11 03:00:00+00:00,23.03,72.58,29.0,80,2.42,2.2,era5
2020-06-11 04:00:00+00:00,23.03,72.58,29.7,75,2.97,3.1,era5
2020-06-11 05:00:00+00:00,23.03,72.58,30.6,70,2.72,8.7,era5
2020-06-11 06:00:00+00:00,23.03,72.58,31.8,65,2.44,42.4,era5
2020-06-11 07:00:00+00:00,23.03,72.58,32.7,61,2.06,35.5,era5
2020-06-11 08:00:00+00:00,23.03,72.58,33.8,57,1.92,122.7,era5
2020-06-11 09:00:00+00:00,23.03,72.58,34.7,53,1.44,153.3,era5
2020-06-11 10:00:00+00:00,23.03,72.58,35.0,52,1.36,158.8,era5
2020-06-11 11:00:00+00:00,23.03,72.58,35.3,50,1.31,175.7,era5
2020-06-11 12:00:00+00:00,23.03,72.58,35.7,45,1.83,204.7,era5
2020-06-11 13:00:00+00:00,23.03,72.58,35.4,45,1.53,224.9,era5
2020-06-11 14:00:00+00:00,23.03,72.58,33.2,54,1.42,51.8,era5
2020-06-11 15:00:00+00:00,23.03,72.58,32.2,62,3.5,0.0,era5
2020-06-11 16:00:00+00:00,23.03,72.58,31.0,71,3.78,0.0,era5
2020-06-11 17:00:00+00:00,23.03,72.58,30.4,74,3.33,0.0,era5
2020-06-11 18:00:00+00:00,23.03,72.58,30.2,76,3.11,0.0,era5
2020-06-11 19:00:00+00:00,23.03,72.58,29.8,78,2.78,0.0,era5
2020-06-11 20:00:00+00:00,23.03,72.58,29.4,78,2.69,0.0,era5
2020-06-11 21:00:00+00:00,23.03,72.58,29.2,78,2.14,0.0,era5
2020-06-11 22:00:00+00:00,23.03,72.58,28.9,79,2.0,0.0,era5
2020-06-11 23:00:00+00:00,23.03,72.58,28.7,80,1.72,0.0,era5
2020-06-12 00:00:00+00:00,23.03,72.58,29.1,77,1.33,0.0,era5
2020-06-12 01:00:00+00:00,23.03,72.58,29.2,77,1.03,0.0,era5
2020-06-12 02:00:00+00:00,23.03,72.58,30.1,73,1.19,117.8,era5
2020-06-12 03:00:00+00:00,23.03,72.58,31.4,68,3.03,213.9,era5
2020-06-12 04:00:00+00:00,23.03,72.58,32.8,61,3.22,322.3,era5
2020-06-12 05:00:00+00:00,23.03,72.58,34.3,55,2.78,329.5,era5
2020-06-12 06:00:00+00:00,23.03,72.58,35.4,53,2.92,430.8,era5
2020-06-12 07:00:00+00:00,23.03,72.58,36.5,49,3.0,550.2,era5
2020-06-12 08:00:00+00:00,23.03,72.58,37.0,47,2.81,548.2,era5
2020-06-12 09:00:00+00:00,23.03,72.58,36.9,47,3.0,357.2,era5
2020-06-12 10:00:00+00:00,23.03,72.58,37.5,45,2.61,417.0,era5
2020-06-12 11:00:00+00:00,23.03,72.58,37.4,45,2.69,343.9,era5
2020-06-12 12:00:00+00:00,23.03,72.58,36.5,47,3.33,292.7,era5
2020-06-12 13:00:00+00:00,23.03,72.58,35.6,50,2.58,170.6,era5
2020-06-12 14:00:00+00:00,23.03,72.58,34.0,56,0.72,34.3,era5
2020-06-12 15:00:00+00:00,23.03,72.58,33.1,60,1.94,0.0,era5
2020-06-12 16:00:00+00:00,23.03,72.58,31.8,69,3.36,0.0,era5
2020-06-12 17:00:00+00:00,23.03,72.58,30.6,76,3.33,0.0,era5
2020-06-12 18:00:00+00:00,23.03,72.58,30.0,79,2.92,0.0,era5
2020-06-12 19:00:00+00:00,23.03,72.58,29.8,81,2.69,0.0,era5
2020-06-12 20:00:00+00:00,23.03,72.58,29.9,80,2.78,0.0,era5
2020-06-12 21:00:00+00:00,23.03,72.58,30.2,76,2.47,0.0,era5
2020-06-12 22:00:00+00:00,23.03,72.58,30.0,76,2.28,0.0,era5
2020-06-12 23:00:00+00:00,23.03,72.58,29.9,76,2.5,0.0,era5
2020-06-13 00:00:00+00:00,23.03,72.58,26.5,94,1.31,0.0,era5
2020-06-13 01:00:00+00:00,23.03,72.58,26.5,95,1.69,0.0,era5
2020-06-13 02:00:00+00:00,23.03,72.58,26.9,94,1.36,0.0,era5
2020-06-13 03:00:00+00:00,23.03,72.58,27.8,88,1.81,6.8,era5
2020-06-13 04:00:00+00:00,23.03,72.58,29.4,79,2.61,83.0,era5
2020-06-13 05:00:00+00:00,23.03,72.58,31.6,69,3.0,274.7,era5
2020-06-13 06:00:00+00:00,23.03,72.58,32.8,62,2.17,263.3,era5
2020-06-13 07:00:00+00:00,23.03,72.58,34.0,58,1.47,235.6,era5
2020-06-13 08:00:00+00:00,23.03,72.58,34.0,58,1.03,45.3,era5
2020-06-13 09:00:00+00:00,23.03,72.58,34.4,56,1.06,34.9,era5
2020-06-13 10:00:00+00:00,23.03,72.58,34.6,56,1.67,72.2,era5
2020-06-13 11:00:00+00:00,23.03,72.58,34.8,56,2.08,116.4,era5
2020-06-13 12:00:00+00:00,23.03,72.58,34.7,54,2.5,66.7,era5
2020-06-13 13:00:00+00:00,23.03,72.58,33.7,61,1.97,223.3,era5
2020-06-13 14:00:00+00:00,23.03,72.58,32.4,66,2.28,34.2,era5
2020-06-13 15:00:00+00:00,23.03,72.58,31.6,69,3.58,0.0,era5
2020-06-13 16:00:00+00:00,23.03,72.58,30.7,72,3.81,0.0,era5
2020-06-13 17:00:00+00:00,23.03,72.58,30.2,74,3.72,0.0,era5
2020-06-13 18:00:00+00:00,23.03,72.58,29.4,78,4.33,0.0,era5
2020-06-13 19:00:00+00:00,23.03,72.58,27.8,90,3.39,0.0,era5
2020-06-13 20:00:00+00:00,23.03,72.58,27.7,89,2.92,0.0,era5
2020-06-13 21:00:00+00:00,23.03,72.58,27.1,90,2.89,0.0,era5
2020-06-13 22:00:00+00:00,23.03,72.58,26.9,90,2.33,0.0,era5
2020-06-13 23:00:00+00:00,23.03,72.58,26.5,93,2.11,0.0,era5
2020-06-14 00:00:00+00:00,23.03,72.58,26.5,95,2.83,0.0,era5
2020-06-14 01:00:00+00:00,23.03,72.58,26.2,96,2.58,0.0,era5
2020-06-14 02:00:00+00:00,23.03,72.58,26.1,96,2.56,0.0,era5
2020-06-14 03:00:00+00:00,23.03,72.58,26.2,96,2.69,0.0,era5
2020-06-14 04:00:00+00:00,23.03,72.58,26.4,95,3.11,0.0,era5
2020-06-14 05:00:00+00:00,23.03,72.58,27.1,93,2.81,0.0,era5
2020-06-14 06:00:00+00:00,23.03,72.58,29.4,84,2.72,55.5,era5
2020-06-14 07:00:00+00:00,23.03,72.58,31.5,74,2.83,248.8,era5
2020-06-14 08:00:00+00:00,23.03,72.58,33.8,63,3.61,546.1,era5
2020-06-14 09:00:00+00:00,23.03,72.58,34.7,58,2.69,315.8,era5
2020-06-14 10:00:00+00:00,23.03,72.58,35.4,55,2.28,289.9,era5
2020-06-14 11:00:00+00:00,23.03,72.58,34.4,59,2.06,350.3,era5
2020-06-14 12:00:00+00:00,23.03,72.58,34.2,60,2.86,182.0,era5
2020-06-14 13:00:00+00:00,23.03,72.58,33.2,65,3.28,172.7,era5
2020-06-14 14:00:00+00:00,23.03,72.58,31.8,71,2.61,51.0,era5
2020-06-14 15:00:00+00:00,23.03,72.58,31.2,73,3.19,0.0,era5
2020-06-14 16:00:00+00:00,23.03,72.58,30.6,75,3.5,0.0,era5
2020-06-14 17:00:00+00:00,23.03,72.58,29.9,79,3.42,0.0,era5
2020-06-14 18:00:00+00:00,23.03,72.58,29.3,83,3.39,0.0,era5
2020-06-14 19:00:00+00:00,23.03,72.58,28.9,85,4.11,0.0,era5
2020-06-14 20:00:00+00:00,23.03,72.58,28.3,85,3.64,0.0,era5
2020-06-14 21:00:00+00:00,23.03,72.58,27.9,86,2.67,0.0,era5
2020-06-14 22:00:00+00:00,23.03,72.58,27.6,87,2.64,0.0,era5
2020-06-14 23:00:00+00:00,23.03,72.58,27.5,88,2.97,0.0,era5
2020-06-15 00:00:00+00:00,23.03,72.58,27.1,95,1.56,0.0,era5
2020-06-15 01:00:00+00:00,23.03,72.58,27.2,95,1.97,0.0,era5
2020-06-15 02:00:00+00:00,23.03,72.58,27.8,92,2.97,30.7,era5
2020-06-15 03:00:00+00:00,23.03,72.58,28.8,86,3.58,63.3,era5
2020-06-15 04:00:00+00:00,23.03,72.58,30.1,78,3.28,141.1,era5
2020-06-15 05:00:00+00:00,23.03,72.58,32.1,68,3.39,310.0,era5
2020-06-15 06:00:00+00:00,23.03,72.58,33.4,63,2.83,264.6,era5
2020-06-15 07:00:00+00:00,23.03,72.58,33.9,62,2.69,123.9,era5
2020-06-15 08:00:00+00:00,23.03,72.58,34.4,60,2.78,113.6,era5
2020-06-15 09:00:00+00:00,23.03,72.58,35.1,57,2.89,273.5,era5
2020-06-15 10:00:00+00:00,23.03,72.58,35.6,55,2.33,235.3,era5
2020-06-15 11:00:00+00:00,23.03,72.58,36.0,53,1.75,298.3,era5
2020-06-15 12:00:00+00:00,23.03,72.58,34.9,56,1.97,177.8,era5
2020-06-15 13:00:00+00:00,23.03,72.58,33.8,62,3.06,221.7,era5
2020-06-15 14:00:00+00:00,23.03,72.58,32.4,66,3.56,50.8,era5
2020-06-15 15:00:00+00:00,23.03,72.58,31.2,71,4.22,0.0,era5
2020-06-15 16:00:00+00:00,23.03,72.58,30.0,80,4.67,0.0,era5
2020-06-15 17:00:00+00:00,23.03,72.58,29.3,82,4.19,0.0,era5
2020-06-15 18:00:00+00:00,23.03,72.58,28.9,83,4.14,0.0,era5
2020-06-15 19:00:00+00:00,23.03,72.58,28.4,86,3.78,0.0,era5
2020-06-15 20:00:00+00:00,23.03,72.58,28.3,87,3.17,0.0,era5
2020-06-15 21:00:00+00:00,23.03,72.58,28.1,88,3.08,0.0,era5
2020-06-15 22:00:00+00:00,23.03,72.58,27.9,90,2.56,0.0,era5
2020-06-15 23:00:00+00:00,23.03,72.58,27.6,91,1.72,0.0,era5
2020-06-16 00:00:00+00:00,23.03,72.58,27.6,91,1.53,0.0,era5
2020-06-16 01:00:00+00:00,23.03,72.58,28.1,88,2.11,12.5,era5
2020-06-16 02:00:00+00:00,23.03,72.58,29.2,81,4.11,145.3,era5
2020-06-16 03:00:00+00:00,23.03,72.58,30.3,75,4.5,115.4,era5
2020-06-16 04:00:00+00:00,23.03,72.58,31.3,70,3.69,45.5,era5
2020-06-16 05:00:00+00:00,23.03,72.58,32.4,66,3.33,106.3,era5
2020-06-16 06:00:00+00:00,23.03,72.58,33.4,62,3.11,131.8,era5
2020-06-16 07:00:00+00:00,23.03,72.58,34.9,55,2.78,226.5,era5
2020-06-16 08:00:00+00:00,23.03,72.58,35.9,53,2.72,409.2,era5
2020-06-16 09:00:00+00:00,23.03,72.58,36.6,51,2.72,597.5,era5
2020-06-16 10:00:00+00:00,23.03,72.58,37.1,49,2.78,553.1,era5
2020-06-16 11:00:00+00:00,23.03,72.58,37.1,48,2.89,379.7,era5
2020-06-16 12:00:00+00:00,23.03,72.58,35.4,52,3.5,218.5,era5
2020-06-16 13:00:00+00:00,23.03,72.58,34.3,57,3.78,161.6,era5
2020-06-16 14:00:00+00:00,23.03,72.58,31.7,73,4.61,25.3,era5
2020-06-16 15:00:00+00:00,23.03,72.58,30.4,76,5.06,0.0,era5
2020-06-16 16:00:00+00:00,23.03,72.58,29.9,79,4.42,0.0,era5
2020-06-16 17:00:00+00:00,23.03,72.58,29.6,82,4.44,0.0,era5
2020-06-16 18:00:00+00:00,23.03,72.58,29.3,85,4.06,0.0,era5
2020-06-16 19:00:00+00:00,23.03,72.58,29.1,85,4.31,0.0,era5
2020-06-16 20:00:00+00:00,23.03,72.58,28.7,84,5.47,0.0,era5
2020-06-16 21:00:00+00:00,23.03,72.58,28.7,84,4.39,0.0,era5
2020-06-16 22:00:00+00:00,23.03,72.58,28.8,83,3.11,0.0,era5
2020-06-16 23:00:00+00:00,23.03,72.58,29.0,82,2.92,0.0,era5
2020-06-17 00:00:00+00:00,23.03,72.58,28.9,82,3.64,0.0,era5
2020-06-17 01:00:00+00:00,23.03,72.58,28.6,84,3.36,0.0,era5
2020-06-17 02:00:00+00:00,23.03,72.58,29.1,81,3.89,57.4,era5
2020-06-17 03:00:00+00:00,23.03,72.58,29.9,77,4.0,97.5,era5
2020-06-17 04:00:00+00:00,23.03,72.58,30.4,74,4.03,70.7,era5
2020-06-17 05:00:00+00:00,23.03,72.58,31.7,68,4.25,207.8,era5
2020-06-17 06:00:00+00:00,23.03,72.58,32.2,65,3.94,83.9,era5
2020-06-17 07:00:00+00:00,23.03,72.58,33.3,61,3.83,153.4,era5
2020-06-17 08:00:00+00:00,23.03,72.58,33.7,59,3.58,104.6,era5
2020-06-17 09:00:00+00:00,23.03,72.58,33.9,58,3.69,131.9,era5
2020-06-17 10:00:00+00:00,23.03,72.58,33.9,57,3.61,120.5,era5
2020-06-17 11:00:00+00:00,23.03,72.58,34.3,55,3.58,196.1,era5
2020-06-17 12:00:00+00:00,23.03,72.58,33.9,56,3.44,190.8,era5
2020-06-17 13:00:00+00:00,23.03,72.58,32.6,62,4.81,246.7,era5
2020-06-17 14:00:00+00:00,23.03,72.58,30.5,74,5.03,58.8,era5
2020-06-17 15:00:00+00:00,23.03,72.58,29.8,77,4.78,0.0,era5
2020-06-17 16:00:00+00:00,23.03,72.58,29.0,81,4.97,0.0,era5
2020-06-17 17:00:00+00:00,23.03,72.58,28.7,83,4.67,0.0,era5
2020-06-17 18:00:00+00:00,23.03,72.58,28.5,84,4.53,0.0,era5
2020-06-17 19:00:00+00:00,23.03,72.58,28.4,83,4.72,0.0,era5
2020-06-17 20:00:00+00:00,23.03,72.58,28.2,82,5.5,0.0,era5
2020-06-17 21:00:00+00:00,23.03,72.58,27.9,83,4.75,0.0,era5
2020-06-17 22:00:00+00:00,23.03,72.58,27.6,85,3.58,0.0,era5
2020-06-17 23:00:00+00:00,23.03,72.58,27.5,86,4.06,0.0,era5
2020-06-18 00:00:00+00:00,23.03,72.58,27.5,87,3.28,0.0,era5
2020-06-18 01:00:00+00:00,23.03,72.58,27.8,86,2.64,12.6,era5
2020-06-18 02:00:00+00:00,23.03,72.58,28.6,82,3.03,93.0,era5
2020-06-18 03:00:00+00:00,23.03,72.58,29.4,78,3.53,104.4,era5
2020-06-18 04:00:00+00:00,23.03,72.58,30.5,72,3.72,209.1,era5
2020-06-18 05:00:00+00:00,23.03,72.58,32.0,65,4.25,413.2,era5
2020-06-18 06:00:00+00:00,23.03,72.58,33.3,58,4.11,369.5,era5
2020-06-18 07:00:00+00:00,23.03,72.58,34.2,55,3.72,215.4,era5
2020-06-18 08:00:00+00:00,23.03,72.58,35.0,51,3.67,294.6,era5
2020-06-18 09:00:00+00:00,23.03,72.58,35.9,48,4.11,320.7,era5
2020-06-18 10:00:00+00:00,23.03,72.58,35.6,52,5.44,421.4,era5
2020-06-18 11:00:00+00:00,23.03,72.58,34.2,60,5.33,351.8,era5
2020-06-18 12:00:00+00:00,23.03,72.58,33.8,57,3.22,447.2,era5
2020-06-18 13:00:00+00:00,23.03,72.58,32.7,64,4.42,226.3,era5
2020-06-18 14:00:00+00:00,23.03,72.58,31.3,70,4.64,58.6,era5
2020-06-18 15:00:00+00:00,23.03,72.58,30.1,76,5.22,0.0,era5
2020-06-18 16:00:00+00:00,23.03,72.58,29.3,81,5.19,0.0,era5
2020-06-18 17:00:00+00:00,23.03,72.58,29.1,82,5.22,0.0,era5
2020-06-18 18:00:00+00:00,23.03,72.58,28.9,82,5.56,0.0,era5
2020-06-18 19:00:00+00:00,23.03,72.58,28.5,83,5.25,0.0,era5
2020-06-18 20:00:00+00:00,23.03,72.58,28.1,84,4.53,0.0,era5
2020-06-18 21:00:00+00:00,23.03,72.58,27.8,86,4.31,0.0,era5
2020-06-18 22:00:00+00:00,23.03,72.58,27.6,88,3.92,0.0,era5
2020-06-18 23:00:00+00:00,23.03,72.58,27.4,88,3.56,0.0,era5
2020-06-19 00:00:00+00:00,23.03,72.58,27.0,90,3.28,0.0,era5
2020-06-19 01:00:00+00:00,23.03,72.58,27.5,88,3.39,12.6,era5
2020-06-19 02:00:00+00:00,23.03,72.58,28.6,82,4.81,159.9,era5
2020-06-19 03:00:00+00:00,23.03,72.58,30.0,74,5.03,309.1,era5
2020-06-19 04:00:00+00:00,23.03,72.58,31.7,66,5.03,363.6,era5
2020-06-19 05:00:00+00:00,23.03,72.58,32.8,60,4.94,338.3,era5
2020-06-19 06:00:00+00:00,23.03,72.58,34.0,55,5.14,304.2,era5
2020-06-19 07:00:00+00:00,23.03,72.58,35.0,50,5.19,228.6,era5
2020-06-19 08:00:00+00:00,23.03,72.58,35.7,47,5.56,221.2,era5
2020-06-19 09:00:00+00:00,23.03,72.58,35.9,46,5.31,155.0,era5
2020-06-19 10:00:00+00:00,23.03,72.58,36.8,42,5.47,391.7,era5
2020-06-19 11:00:00+00:00,23.03,72.58,35.0,55,6.19,364.4,era5
2020-06-19 12:00:00+00:00,23.03,72.58,34.1,57,5.53,398.0,era5
2020-06-19 13:00:00+00:00,23.03,72.58,32.6,64,5.81,251.8,era5
2020-06-19 14:00:00+00:00,23.03,72.58,31.4,71,5.19,58.3,era5
2020-06-19 15:00:00+00:00,23.03,72.58,30.7,74,5.42,0.0,era5
2020-06-19 16:00:00+00:00,23.03,72.58,30.2,76,5.61,0.0,era5
2020-06-19 17:00:00+00:00,23.03,72.58,29.9,78,5.61,0.0,era5
2020-06-19 18:00:00+00:00,23.03,72.58,30.1,74,5.42,0.0,era5
2020-06-19 19:00:00+00:00,23.03,72.58,29.9,73,5.06,0.0,era5
2020-06-19 20:00:00+00:00,23.03,72.58,29.3,75,4.72,0.0,era5
2020-06-19 21:00:00+00:00,23.03,72.58,28.7,78,4.19,0.0,era5
2020-06-19 22:00:00+00:00,23.03,72.58,28.2,80,3.61,0.0,era5
2020-06-19 23:00:00+00:00,23.03,72.58,27.7,83,2.94,0.0,era5
2020-06-20 00:00:00+00:00,23.03,72.58,27.4,85,2.67,0.0,era5
2020-06-20 01:00:00+00:00,23.03,72.58,27.8,84,2.58,12.7,era5
2020-06-20 02:00:00+00:00,23.03,72.58,28.8,79,2.83,196.1,era5
2020-06-20 03:00:00+00:00,23.03,72.58,30.3,71,3.75,400.7,era5
2020-06-20 04:00:00+00:00,23.03,72.58,31.8,64,3.89,461.6,era5
2020-06-20 05:00:00+00:00,23.03,72.58,33.2,57,4.31,539.1,era5
2020-06-20 06:00:00+00:00,23.03,72.58,34.6,51,4.92,609.8,era5
2020-06-20 07:00:00+00:00,23.03,72.58,35.6,47,5.19,567.1,era5
2020-06-20 08:00:00+00:00,23.03,72.58,36.0,45,5.25,471.5,era5
2020-06-20 09:00:00+00:00,23.03,72.58,35.9,46,4.69,301.6,era5
2020-06-20 10:00:00+00:00,23.03,72.58,35.8,48,5.06,426.9,era5
2020-06-20 11:00:00+00:00,23.03,72.58,34.7,54,5.78,368.3,era5
2020-06-20 12:00:00+00:00,23.03,72.58,33.9,56,4.42,376.1,era5
2020-06-20 13:00:00+00:00,23.03,72.58,32.9,62,5.0,241.4,era5
2020-06-20 14:00:00+00:00,23.03,72.58,31.8,67,4.5,58.2,era5
2020-06-20 15:00:00+00:00,23.03,72.58,30.3,75,4.92,0.0,era5
2020-06-20 16:00:00+00:00,23.03,72.58,29.7,79,5.22,0.0,era5
2020-06-20 17:00:00+00:00,23.03,72.58,29.7,79,5.31,0.0,era5
2020-06-20 18:00:00+00:00,23.03,72.58,29.6,78,4.92,0.0,era5
2020-06-20 19:00:00+00:00,23.03,72.58,29.4,76,5.06,0.0,era5
2020-06-20 20:00:00+00:00,23.03,72.58,29.1,76,4.78,0.0,era5
2020-06-20 21:00:00+00:00,23.03,72.58,28.6,78,4.61,0.0,era5
2020-06-20 22:00:00+00:00,23.03,72.58,28.1,80,4.39,0.0,era5
2020-06-20 23:00:00+00:00,23.03,72.58,27.8,82,3.61,0.0,era5
2020-06-21 00:00:00+00:00,23.03,72.58,27.7,83,3.53,0.0,era5
2020-06-21 01:00:00+00:00,23.03,72.58,28.0,82,3.44,12.7,era5
2020-06-21 02:00:00+00:00,23.03,72.58,28.9,78,4.06,156.5,era5
2020-06-21 03:00:00+00:00,23.03,72.58,30.5,70,4.58,323.8,era5
2020-06-21 04:00:00+00:00,23.03,72.58,31.5,65,4.17,312.2,era5
2020-06-21 05:00:00+00:00,23.03,72.58,32.8,60,4.11,449.1,era5
2020-06-21 06:00:00+00:00,23.03,72.58,34.0,55,3.97,500.9,era5
2020-06-21 07:00:00+00:00,23.03,72.58,35.1,52,4.28,541.8,era5
2020-06-21 08:00:00+00:00,23.03,72.58,35.9,50,4.69,543.8,era5
2020-06-21 09:00:00+00:00,23.03,72.58,35.3,51,5.81,539.7,era5
2020-06-21 10:00:00+00:00,23.03,72.58,34.2,56,5.25,413.7,era5
2020-06-21 11:00:00+00:00,23.03,72.58,33.3,59,5.86,373.8,era5
2020-06-21 12:00:00+00:00,23.03,72.58,32.6,59,3.92,255.6,era5
2020-06-21 13:00:00+00:00,23.03,72.58,31.6,66,4.92,159.5,era5
2020-06-21 14:00:00+00:00,23.03,72.58,30.2,73,4.17,41.4,era5
2020-06-21 15:00:00+00:00,23.03,72.58,29.4,79,3.22,0.0,era5
2020-06-21 16:00:00+00:00,23.03,72.58,29.3,82,3.11,0.0,era5
2020-06-21 17:00:00+00:00,23.03,72.58,29.2,83,3.61,0.0,era5
2020-06-21 18:00:00+00:00,23.03,72.58,29.1,83,3.83,0.0,era5
2020-06-21 19:00:00+00:00,23.03,72.58,28.9,84,3.89,0.0,era5
2020-06-21 20:00:00+00:00,23.03,72.58,29.0,81,4.03,0.0,era5
2020-06-21 21:00:00+00:00,23.03,72.58,28.8,77,3.97,0.0,era5
2020-06-21 22:00:00+00:00,23.03,72.58,28.4,78,3.64,0.0,era5
2020-06-21 23:00:00+00:00,23.03,72.58,28.0,80,3.11,0.0,era5
2020-06-22 00:00:00+00:00,23.03,72.58,28.1,80,3.11,0.0,era5
2020-06-22 01:00:00+00:00,23.03,72.58,28.2,80,3.19,0.0,era5
2020-06-22 02:00:00+00:00,23.03,72.58,28.5,79,3.42,26.9,era5
2020-06-22 03:00:00+00:00,23.03,72.58,29.8,73,4.03,228.4,era5
2020-06-22 04:00:00+00:00,23.03,72.58,30.3,72,4.28,306.2,era5
2020-06-22 05:00:00+00:00,23.03,72.58,31.1,70,4.06,292.5,era5
2020-06-22 06:00:00+00:00,23.03,72.58,32.3,65,4.28,465.0,era5
2020-06-22 07:00:00+00:00,23.03,72.58,33.4,60,4.44,495.1,era5
2020-06-22 08:00:00+00:00,23.03,72.58,33.6,59,4.89,514.6,era5
2020-06-22 09:00:00+00:00,23.03,72.58,33.9,56,5.0,462.7,era5
2020-06-22 10:00:00+00:00,23.03,72.58,33.7,55,5.22,463.0,era5
2020-06-22 11:00:00+00:00,23.03,72.58,33.5,55,5.61,449.0,era5
2020-06-22 12:00:00+00:00,23.03,72.58,32.7,57,4.61,369.4,era5
2020-06-22 13:00:00+00:00,23.03,72.58,31.8,61,4.61,266.3,era5
2020-06-22 14:00:00+00:00,23.03,72.58,30.5,69,4.36,57.8,era5
2020-06-22 15:00:00+00:00,23.03,72.58,29.8,73,3.61,0.0,era5
2020-06-22 16:00:00+00:00,23.03,72.58,29.3,77,3.61,0.0,era5
2020-06-22 17:00:00+00:00,23.03,72.58,29.0,79,3.92,0.0,era5
2020-06-22 18:00:00+00:00,23.03,72.58,28.8,81,3.92,0.0,era5
2020-06-22 19:00:00+00:00,23.03,72.58,28.6,82,3.5,0.0,era5
2020-06-22 20:00:00+00:00,23.03,72.58,28.2,83,3.28,0.0,era5
2020-06-22 21:00:00+00:00,23.03,72.58,27.7,85,3.11,0.0,era5
2020-06-22 22:00:00+00:00,23.03,72.58,27.3,86,2.83,0.0,era5
2020-06-22 23:00:00+00:00,23.03,72.58,27.0,88,2.61,0.0,era5
2020-06-23 00:00:00+00:00,23.03,72.58,27.1,86,3.0,0.0,era5
2020-06-23 01:00:00+00:00,23.03,72.58,27.6,83,3.22,0.0,era5
2020-06-23 02:00:00+00:00,23.03,72.58,28.6,79,3.33,121.5,era5
2020-06-23 03:00:00+00:00,23.03,72.58,30.0,71,3.31,160.1,era5
2020-06-23 04:00:00+00:00,23.03,72.58,30.7,66,3.28,44.2,era5
2020-06-23 05:00:00+00:00,23.03,72.58,30.7,66,3.78,0.0,era5
2020-06-23 06:00:00+00:00,23.03,72.58,31.5,63,4.08,17.5,era5
2020-06-23 07:00:00+00:00,23.03,72.58,31.7,64,4.11,43.7,era5
2020-06-23 08:00:00+00:00,23.03,72.58,32.0,62,3.11,64.3,era5
2020-06-23 09:00:00+00:00,23.03,72.58,32.9,58,3.53,112.7,era5
2020-06-23 10:00:00+00:00,23.03,72.58,33.2,56,3.81,137.8,era5
2020-06-23 11:00:00+00:00,23.03,72.58,33.2,57,4.0,133.9,era5
2020-06-23 12:00:00+00:00,23.03,72.58,33.1,57,4.67,137.2,era5
2020-06-23 13:00:00+00:00,23.03,72.58,32.2,61,4.64,55.1,era5
2020-06-23 14:00:00+00:00,23.03,72.58,31.2,66,4.19,8.2,era5
2020-06-23 15:00:00+00:00,23.03,72.58,30.3,70,4.31,0.0,era5
2020-06-23 16:00:00+00:00,23.03,72.58,29.3,77,4.36,0.0,era5
2020-06-23 17:00:00+00:00,23.03,72.58,28.9,80,4.42,0.0,era5
2020-06-23 18:00:00+00:00,23.03,72.58,28.8,81,4.5,0.0,era5
2020-06-23 19:00:00+00:00,23.03,72.58,28.8,80,4.36,0.0,era5
2020-06-23 20:00:00+00:00,23.03,72.58,28.6,81,3.81,0.0,era5
2020-06-23 21:00:00+00:00,23.03,72.58,28.4,82,3.44,0.0,era5
2020-06-23 22:00:00+00:00,23.03,72.58,28.2,82,3.19,0.0,era5
2020-06-23 23:00:00+00:00,23.03,72.58,28.1,83,3.17,0.0,era5
2020-06-24 00:00:00+00:00,23.03,72.58,28.1,85,2.11,0.0,era5
2020-06-24 01:00:00+00:00,23.03,72.58,28.5,84,1.92,0.0,era5
2020-06-24 02:00:00+00:00,23.03,72.58,29.3,79,3.08,31.6,era5
2020-06-24 03:00:00+00:00,23.03,72.58,30.5,73,3.08,194.8,era5
2020-06-24 04:00:00+00:00,23.03,72.58,31.3,69,3.36,259.4,era5
2020-06-24 05:00:00+00:00,23.03,72.58,31.8,66,3.0,152.1,era5
2020-06-24 06:00:00+00:00,23.03,72.58,33.0,61,2.86,186.8,era5
2020-06-24 07:00:00+00:00,23.03,72.58,34.3,58,3.03,436.2,era5
2020-06-24 08:00:00+00:00,23.03,72.58,34.6,58,3.22,385.9,era5
2020-06-24 09:00:00+00:00,23.03,72.58,35.0,56,3.0,365.5,era5
2020-06-24 10:00:00+00:00,23.03,72.58,35.1,56,3.19,448.4,era5
2020-06-24 11:00:00+00:00,23.03,72.58,31.6,72,3.81,280.4,era5
2020-06-24 12:00:00+00:00,23.03,72.58,32.8,60,3.08,98.4,era5
2020-06-24 13:00:00+00:00,23.03,72.58,32.6,61,3.31,152.0,era5
2020-06-24 14:00:00+00:00,23.03,72.58,31.7,67,3.81,32.9,era5
2020-06-24 15:00:00+00:00,23.03,72.58,30.9,70,3.44,0.0,era5
2020-06-24 16:00:00+00:00,23.03,72.58,30.3,73,3.81,0.0,era5
2020-06-24 17:00:00+00:00,23.03,72.58,29.7,77,4.03,0.0,era5
2020-06-24 18:00:00+00:00,23.03,72.58,29.2,81,3.83,0.0,era5
2020-06-24 19:00:00+00:00,23.03,72.58,29.1,82,3.61,0.0,era5
2020-06-24 20:00:00+00:00,23.03,72.58,29.1,82,3.69,0.0,era5
2020-06-24 21:00:00+00:00,23.03,72.58,28.9,80,3.53,0.0,era5
2020-06-24 22:00:00+00:00,23.03,72.58,28.6,81,3.22,0.0,era5
2020-06-24 23:00:00+00:00,23.03,72.58,28.3,82,3.22,0.0,era5
2020-06-25 00:00:00+00:00,23.03,72.58,28.2,83,2.78,0.0,era5
2020-06-25 01:00:00+00:00,23.03,72.58,28.5,81,3.44,0.0,era5
2020-06-25 02:00:00+00:00,23.03,72.58,29.4,77,3.28,113.4,era5
2020-06-25 03:00:00+00:00,23.03,72.58,31.0,70,3.75,266.3,era5
2020-06-25 04:00:00+00:00,23.03,72.58,32.2,66,3.28,280.2,era5
2020-06-25 05:00:00+00:00,23.03,72.58,33.0,63,2.92,246.5,era5
2020-06-25 06:00:00+00:00,23.03,72.58,33.5,62,2.92,208.7,era5
2020-06-25 07:00:00+00:00,23.03,72.58,34.1,58,2.33,122.0,era5
2020-06-25 08:00:00+00:00,23.03,72.58,30.1,79,4.61,61.3,era5
2020-06-25 09:00:00+00:00,23.03,72.58,31.0,73,1.69,108.5,era5
2020-06-25 10:00:00+00:00,23.03,72.58,32.6,66,1.36,101.2,era5
2020-06-25 11:00:00+00:00,23.03,72.58,33.2,64,2.5,157.9,era5
2020-06-25 12:00:00+00:00,23.03,72.58,33.1,63,0.92,111.8,era5
2020-06-25 13:00:00+00:00,23.03,72.58,32.3,65,1.78,138.8,era5
2020-06-25 14:00:00+00:00,23.03,72.58,31.7,69,1.14,16.4,era5
2020-06-25 15:00:00+00:00,23.03,72.58,31.2,73,1.36,0.0,era5
2020-06-25 16:00:00+00:00,23.03,72.58,31.1,74,1.89,0.0,era5
2020-06-25 17:00:00+00:00,23.03,72.58,30.4,75,2.78,0.0,era5
2020-06-25 18:00:00+00:00,23.03,72.58,29.5,81,2.72,0.0,era5
2020-06-25 19:00:00+00:00,23.03,72.58,29.3,84,3.03,0.0,era5
2020-06-25 20:00:00+00:00,23.03,72.58,29.0,84,3.17,0.0,era5
2020-06-25 21:00:00+00:00,23.03,72.58,28.3,87,3.14,0.0,era5
2020-06-25 22:00:00+00:00,23.03,72.58,28.1,87,2.94,0.0,era5
2020-06-25 23:00:00+00:00,23.03,72.58,28.0,86,3.08,0.0,era5
2020-06-26 00:00:00+00:00,23.03,72.58,27.8,90,2.17,0.0,era5
2020-06-26 01:00:00+00:00,23.03,72.58,28.3,89,2.47,0.0,era5
2020-06-26 02:00:00+00:00,23.03,72.58,29.0,86,2.22,118.4,era5
2020-06-26 03:00:00+00:00,23.03,72.58,30.4,77,2.61,310.5,era5
2020-06-26 04:00:00+00:00,23.03,72.58,31.8,69,2.56,361.4,era5
2020-06-26 05:00:00+00:00,23.03,72.58,32.6,65,2.64,288.2,era5
2020-06-26 06:00:00+00:00,23.03,72.58,33.9,59,2.89,411.0,era5
2020-06-26 07:00:00+00:00,23.03,72.58,35.0,54,3.47,388.5,era5
2020-06-26 08:00:00+00:00,23.03,72.58,35.7,49,3.47,459.2,era5
2020-06-26 09:00:00+00:00,23.03,72.58,36.3,45,3.11,479.0,era5
2020-06-26 10:00:00+00:00,23.03,72.58,36.0,45,2.97,397.5,era5
2020-06-26 11:00:00+00:00,23.03,72.58,36.2,44,2.56,430.7,era5
2020-06-26 12:00:00+00:00,23.03,72.58,36.0,43,2.19,344.7,era5
2020-06-26 13:00:00+00:00,23.03,72.58,35.5,43,2.64,241.7,era5
2020-06-26 14:00:00+00:00,23.03,72.58,34.2,47,2.81,57.3,era5
2020-06-26 15:00:00+00:00,23.03,72.58,33.5,51,3.61,0.0,era5
2020-06-26 16:00:00+00:00,23.03,72.58,31.7,66,5.25,0.0,era5
2020-06-26 17:00:00+00:00,23.03,72.58,30.6,73,4.19,0.0,era5
2020-06-26 18:00:00+00:00,23.03,72.58,30.5,75,4.19,0.0,era5
2020-06-26 19:00:00+00:00,23.03,72.58,30.3,74,3.61,0.0,era5
2020-06-26 20:00:00+00:00,23.03,72.58,30.0,75,3.72,0.0,era5
2020-06-26 21:00:00+00:00,23.03,72.58,29.8,75,3.39,0.0,era5
2020-06-26 22:00:00+00:00,23.03,72.58,29.6,74,3.14,0.0,era5
2020-06-26 23:00:00+00:00,23.03,72.58,29.5,74,3.03,0.0,era5
2020-06-27 00:00:00+00:00,23.03,72.58,28.7,81,2.42,0.0,era5
2020-06-27 01:00:00+00:00,23.03,72.58,28.3,83,3.92,0.0,era5
2020-06-27 02:00:00+00:00,23.03,72.58,28.9,71,3.06,22.9,era5
2020-06-27 03:00:00+00:00,23.03,72.58,30.5,63,3.36,168.3,era5
2020-06-27 04:00:00+00:00,23.03,72.58,32.3,59,3.81,409.4,era5
2020-06-27 05:00:00+00:00,23.03,72.58,34.1,51,3.64,531.4,era5
2020-06-27 06:00:00+00:00,23.03,72.58,35.8,45,3.44,614.6,era5
2020-06-27 07:00:00+00:00,23.03,72.58,37.4,39,3.69,641.9,era5
2020-06-27 08:00:00+00:00,23.03,72.58,38.3,37,3.25,472.3,era5
2020-06-27 09:00:00+00:00,23.03,72.58,38.8,37,3.33,549.4,era5
2020-06-27 10:00:00+00:00,23.03,72.58,39.0,36,3.03,497.2,era5
2020-06-27 11:00:00+00:00,23.03,72.58,37.6,39,4.47,316.7,era5
2020-06-27 12:00:00+00:00,23.03,72.58,36.2,44,3.47,150.0,era5
2020-06-27 13:00:00+00:00,23.03,72.58,34.9,50,4.78,106.2,era5
2020-06-27 14:00:00+00:00,23.03,72.58,33.8,56,4.58,16.3,era5
2020-06-27 15:00:00+00:00,23.03,72.58,33.2,59,4.08,0.0,era5
2020-06-27 16:00:00+00:00,23.03,72.58,32.0,66,4.5,0.0,era5
2020-06-27 17:00:00+00:00,23.03,72.58,31.4,72,4.11,0.0,era5
2020-06-27 18:00:00+00:00,23.03,72.58,31.6,66,3.86,0.0,era5
2020-06-27 19:00:00+00:00,23.03,72.58,31.3,66,3.58,0.0,era5
2020-06-27 20:00:00+00:00,23.03,72.58,31.0,68,3.11,0.0,era5
2020-06-27 21:00:00+00:00,23.03,72.58,30.7,67,3.58,0.0,era5
2020-06-27 22:00:00+00:00,23.03,72.58,30.2,70,3.36,0.0,era5
2020-06-27 23:00:00+00:00,23.03,72.58,29.9,72,2.61,0.0,era5
2020-06-28 00:00:00+00:00,23.03,72.58,29.1,81,2.42,0.0,era5
2020-06-28 01:00:00+00:00,23.03,72.58,30.1,72,3.39,0.0,era5
2020-06-28 02:00:00+00:00,23.03,72.58,30.8,64,4.11,137.9,era5
2020-06-28 03:00:00+00:00,23.03,72.58,31.9,60,4.08,314.1,era5
2020-06-28 04:00:00+00:00,23.03,72.58,33.2,55,3.89,427.4,era5
2020-06-28 05:00:00+00:00,23.03,72.58,35.0,48,4.03,557.0,era5
2020-06-28 06:00:00+00:00,23.03,72.58,36.4,43,4.03,573.3,era5
2020-06-28 07:00:00+00:00,23.03,72.58,37.6,40,3.94,595.2,era5
2020-06-28 08:00:00+00:00,23.03,72.58,38.5,38,3.42,594.8,era5
2020-06-28 09:00:00+00:00,23.03,72.58,38.9,37,3.39,483.0,era5
2020-06-28 10:00:00+00:00,23.03,72.58,39.0,37,3.33,427.7,era5
2020-06-28 11:00:00+00:00,23.03,72.58,38.1,40,4.72,479.8,era5
2020-06-28 12:00:00+00:00,23.03,72.58,37.5,41,4.03,215.2,era5
2020-06-28 13:00:00+00:00,23.03,72.58,36.1,46,4.39,189.5,era5
2020-06-28 14:00:00+00:00,23.03,72.58,34.0,54,5.61,48.9,era5
2020-06-28 15:00:00+00:00,23.03,72.58,32.7,62,4.89,0.0,era5
2020-06-28 16:00:00+00:00,23.03,72.58,31.9,68,4.94,0.0,era5
2020-06-28 17:00:00+00:00,23.03,72.58,31.4,71,4.31,0.0,era5
2020-06-28 18:00:00+00:00,23.03,72.58,31.0,73,4.11,0.0,era5
2020-06-28 19:00:00+00:00,23.03,72.58,30.6,74,4.14,0.0,era5
2020-06-28 20:00:00+00:00,23.03,72.58,30.4,76,3.36,0.0,era5
2020-06-28 21:00:00+00:00,23.03,72.58,30.3,75,2.28,0.0,era5
2020-06-28 22:00:00+00:00,23.03,72.58,30.4,73,1.5,0.0,era5
2020-06-28 23:00:00+00:00,23.03,72.58,30.5,73,1.94,0.0,era5
2020-06-29 00:00:00+00:00,23.03,72.58,30.2,75,2.19,0.0,era5
2020-06-29 01:00:00+00:00,23.03,72.58,30.4,73,2.42,0.0,era5
2020-06-29 02:00:00+00:00,23.03,72.58,30.6,71,3.5,97.0,era5
2020-06-29 03:00:00+00:00,23.03,72.58,31.1,69,3.06,192.1,era5
2020-06-29 04:00:00+00:00,23.03,72.58,32.3,63,2.89,287.9,era5
2020-06-29 05:00:00+00:00,23.03,72.58,33.6,57,2.28,346.8,era5
2020-06-29 06:00:00+00:00,23.03,72.58,35.3,51,2.14,446.5,era5
2020-06-29 07:00:00+00:00,23.03,72.58,36.4,47,1.97,464.0,era5
2020-06-29 08:00:00+00:00,23.03,72.58,37.5,45,2.03,499.4,era5
2020-06-29 09:00:00+00:00,23.03,72.58,38.2,42,2.81,482.9,era5
2020-06-29 10:00:00+00:00,23.03,72.58,34.2,58,4.06,200.8,era5
2020-06-29 11:00:00+00:00,23.03,72.58,35.7,52,3.11,296.5,era5
2020-06-29 12:00:00+00:00,23.03,72.58,36.1,49,1.89,278.4,era5
2020-06-29 13:00:00+00:00,23.03,72.58,36.0,49,2.03,221.3,era5
2020-06-29 14:00:00+00:00,23.03,72.58,35.1,51,2.28,48.8,era5
2020-06-29 15:00:00+00:00,23.03,72.58,34.4,54,4.22,0.0,era5
2020-06-29 16:00:00+00:00,23.03,72.58,32.6,60,4.56,0.0,era5
2020-06-29 17:00:00+00:00,23.03,72.58,30.8,71,3.94,0.0,era5
2020-06-29 18:00:00+00:00,23.03,72.58,30.0,80,3.86,0.0,era5
2020-06-29 19:00:00+00:00,23.03,72.58,30.1,81,3.56,0.0,era5
2020-06-29 20:00:00+00:00,23.03,72.58,29.8,75,2.92,0.0,era5
2020-06-29 21:00:00+00:00,23.03,72.58,29.5,75,2.19,0.0,era5
2020-06-29 22:00:00+00:00,23.03,72.58,29.3,76,1.33,0.0,era5
2020-06-29 23:00:00+00:00,23.03,72.58,29.2,77,1.5,0.0,era5
2020-06-30 00:00:00+00:00,23.03,72.58,28.9,78,0.58,0.0,era5
2020-06-30 01:00:00+00:00,23.03,72.58,28.6,81,1.94,0.0,era5
2020-06-30 02:00:00+00:00,23.03,72.58,28.8,81,2.14,83.6,era5
2020-06-30 03:00:00+00:00,23.03,72.58,29.6,76,2.61,190.2,era5
2020-06-30 04:00:00+00:00,23.03,72.58,31.0,70,1.56,243.7,era5
2020-06-30 05:00:00+00:00,23.03,72.58,32.9,63,1.5,381.2,era5
2020-06-30 06:00:00+00:00,23.03,72.58,34.0,57,1.42,326.3,era5
2020-06-30 07:00:00+00:00,23.03,72.58,35.1,53,1.31,269.7,era5
2020-06-30 08:00:00+00:00,23.03,72.58,35.2,53,1.19,194.9,era5
2020-06-30 09:00:00+00:00,23.03,72.58,36.4,49,1.0,328.2,era5
2020-06-30 10:00:00+00:00,23.03,72.58,36.8,48,0.75,347.5,era5
2020-06-30 11:00:00+00:00,23.03,72.58,34.9,55,1.5,280.7,era5
2020-06-30 12:00:00+00:00,23.03,72.58,32.7,60,0.36,195.7,era5
2020-06-30 13:00:00+00:00,23.03,72.58,32.9,59,1.03,83.3,era5
2020-06-30 14:00:00+00:00,23.03,72.58,31.9,64,1.42,48.7,era5
2020-06-30 15:00:00+00:00,23.03,72.58,31.4,66,2.64,0.0,era5
2020-06-30 16:00:00+00:00,23.03,72.58,30.5,70,2.89,0.0,era5
2020-06-30 17:00:00+00:00,23.03,72.58,29.9,72,2.22,0.0,era5
2020-06-30 18:00:00+00:00,23.03,72.58,29.6,73,2.47,0.0,era5
2020-06-30 19:00:00+00:00,23.03,72.58,29.3,73,2.42,0.0,era5
2020-06-30 20:00:00+00:00,23.03,72.58,29.0,73,2.42,0.0,era5
2020-06-30 21:00:00+00:00,23.03,72.58,28.6,75,2.39,0.0,era5
2020-06-30 22:00:00+00:00,23.03,72.58,28.3,76,2.56,0.0,era5
2020-06-30 23:00:00+00:00,23.03,72.58,28.1,77,2.39,0.0,era5
2021-04-01 00:00:00+00:00,23.03,72.58,23.8,54,3.08,0.0,era5
2021-04-01 01:00:00+00:00,23.03,72.58,23.4,48,2.89,0.0,era5
2021-04-01 02:00:00+00:00,23.03,72.58,24.5,40,3.31,174.0,era5
2021-04-01 03:00:00+00:00,23.03,72.58,27.7,28,2.83,510.9,era5
2021-04-01 04:00:00+00:00,23.03,72.58,31.4,17,2.56,698.0,era5
2021-04-01 05:00:00+00:00,23.03,72.58,34.6,11,2.25,796.6,era5
2021-04-01 06:00:00+00:00,23.03,72.58,37.1,8,1.61,849.6,era5
2021-04-01 07:00:00+00:00,23.03,72.58,38.5,6,1.64,875.3,era5
2021-04-01 08:00:00+00:00,23.03,72.58,39.4,5,1.83,880.2,era5
2021-04-01 09:00:00+00:00,23.03,72.58,39.9,5,2.08,866.0,era5
2021-04-01 10:00:00+00:00,23.03,72.58,40.0,5,2.06,828.8,era5
2021-04-01 11:00:00+00:00,23.03,72.58,39.7,4,2.14,755.0,era5
2021-04-01 12:00:00+00:00,23.03,72.58,38.3,7,1.56,619.3,era5
2021-04-01 13:00:00+00:00,23.03,72.58,34.7,13,2.28,356.9,era5
2021-04-01 14:00:00+00:00,23.03,72.58,31.2,11,2.81,14.9,era5
2021-04-01 15:00:00+00:00,23.03,72.58,30.8,10,2.61,0.0,era5
2021-04-01 16:00:00+00:00,23.03,72.58,29.9,10,2.5,0.0,era5
2021-04-01 17:00:00+00:00,23.03,72.58,28.1,15,3.28,0.0,era5
2021-04-01 18:00:00+00:00,23.03,72.58,26.6,36,3.17,0.0,era5
2021-04-01 19:00:00+00:00,23.03,72.58,25.4,45,2.19,0.0,era5
2021-04-01 20:00:00+00:00,23.03,72.58,23.9,52,2.33,0.0,era5
2021-04-01 21:00:00+00:00,23.03,72.58,23.9,57,2.11,0.0,era5
2021-04-01 22:00:00+00:00,23.03,72.58,23.2,70,2.5,0.0,era5
2021-04-01 23:00:00+00:00,23.03,72.58,21.7,85,2.19,0.0,era5
2021-04-02 00:00:00+00:00,23.03,72.58,22.5,79,2.0,0.0,era5
2021-04-02 01:00:00+00:00,23.03,72.58,22.2,84,1.75,0.0,era5
2021-04-02 02:00:00+00:00,23.03,72.58,23.8,78,2.22,171.6,era5
2021-04-02 03:00:00+00:00,23.03,72.58,27.3,54,1.97,496.5,era5
2021-04-02 04:00:00+00:00,23.03,72.58,30.4,35,2.03,677.4,era5
2021-04-02 05:00:00+00:00,23.03,72.58,32.9,26,2.03,775.4,era5
2021-04-02 06:00:00+00:00,23.03,72.58,35.5,19,2.08,830.6,era5
2021-04-02 07:00:00+00:00,23.03,72.58,37.8,14,2.22,857.0,era5
2021-04-02 08:00:00+00:00,23.03,72.58,39.3,10,2.11,862.5,era5
2021-04-02 09:00:00+00:00,23.03,72.58,39.9,8,2.0,845.4,era5
2021-04-02 10:00:00+00:00,23.03,72.58,40.1,7,1.78,807.0,era5
2021-04-02 11:00:00+00:00,23.03,72.58,39.9,7,1.92,732.8,era5
2021-04-02 12:00:00+00:00,23.03,72.58,38.6,8,1.72,598.9,era5
2021-04-02 13:00:00+00:00,23.03,72.58,35.1,14,1.92,349.6,era5
2021-04-02 14:00:00+00:00,23.03,72.58,32.5,12,2.22,14.8,era5
2021-04-02 15:00:00+00:00,23.03,72.58,30.9,13,2.44,0.0,era5
2021-04-02 16:00:00+00:00,23.03,72.58,29.2,17,2.39,0.0,era5
2021-04-02 17:00:00+00:00,23.03,72.58,27.1,32,2.72,0.0,era5
2021-04-02 18:00:00+00:00,23.03,72.58,25.9,40,2.5,0.0,era5
2021-04-02 19:00:00+00:00,23.03,72.58,24.8,52,2.28,0.0,era5
2021-04-02 20:00:00+00:00,23.03,72.58,24.4,57,2.39,0.0,era5
2021-04-02 21:00:00+00:00,23.03,72.58,24.1,57,2.33,0.0,era5
2021-04-02 22:00:00+00:00,23.03,72.58,23.7,58,2.22,0.0,era5
2021-04-02 23:00:00+00:00,23.03,72.58,22.9,63,2.39,0.0,era5
2021-04-03 00:00:00+00:00,23.03,72.58,23.1,73,1.72,0.0,era5
2021-04-03 01:00:00+00:00,23.03,72.58,22.9,74,1.61,0.0,era5
2021-04-03 02:00:00+00:00,23.03,72.58,24.6,67,1.58,176.7,era5
2021-04-03 03:00:00+00:00,23.03,72.58,28.1,50,1.33,488.4,era5
2021-04-03 04:00:00+00:00,23.03,72.58,31.6,30,1.5,667.9,era5
2021-04-03 05:00:00+00:00,23.03,72.58,34.4,20,1.72,764.1,era5
2021-04-03 06:00:00+00:00,23.03,72.58,36.7,16,1.92,817.6,era5
2021-04-03 07:00:00+00:00,23.03,72.58,38.6,13,1.94,843.2,era5
2021-04-03 08:00:00+00:00,23.03,72.58,39.9,10,2.03,848.1,era5
2021-04-03 09:00:00+00:00,23.03,72.58,40.4,9,1.75,833.8,era5
2021-04-03 10:00:00+00:00,23.03,72.58,40.5,8,1.56,794.1,era5
2021-04-03 11:00:00+00:00,23.03,72.58,40.3,8,1.56,720.1,era5
2021-04-03 12:00:00+00:00,23.03,72.58,39.2,9,1.22,583.3,era5
2021-04-03 13:00:00+00:00,23.03,72.58,35.8,16,1.92,337.7,era5
2021-04-03 14:00:00+00:00,23.03,72.58,32.3,15,2.61,14.6,era5
2021-04-03 15:00:00+00:00,23.03,72.58,32.2,15,3.33,0.0,era5
2021-04-03 16:00:00+00:00,23.03,72.58,30.2,24,3.17,0.0,era5
2021-04-03 17:00:00+00:00,23.03,72.58,28.7,36,4.17,0.0,era5
2021-04-03 18:00:00+00:00,23.03,72.58,27.9,49,3.44,0.0,era5
2021-04-03 19:00:00+00:00,23.03,72.58,27.8,48,2.97,0.0,era5
2021-04-03 20:00:00+00:00,23.03,72.58,27.5,46,2.89,0.0,era5
2021-04-03 21:00:00+00:00,23.03,72.58,26.7,43,2.31,0.0,era5
2021-04-03 22:00:00+00:00,23.03,72.58,26.0,38,2.28,0.0,era5
2021-04-03 23:00:00+00:00,23.03,72.58,25.2,34,2.11,0.0,era5
2021-04-04 00:00:00+00:00,23.03,72.58,24.1,45,2.33,0.0,era5
2021-04-04 01:00:00+00:00,23.03,72.58,24.1,45,1.92,0.0,era5
2021-04-04 02:00:00+00:00,23.03,72.58,26.4,40,1.36,174.4,era5
2021-04-04 03:00:00+00:00,23.03,72.58,29.0,37,1.42,483.4,era5
2021-04-04 04:00:00+00:00,23.03,72.58,31.4,32,1.81,660.4,era5
2021-04-04 05:00:00+00:00,23.03,72.58,34.3,25,1.83,755.5,era5
2021-04-04 06:00:00+00:00,23.03,72.58,36.9,19,1.67,808.2,era5
2021-04-04 07:00:00+00:00,23.03,72.58,38.8,15,1.75,833.7,era5
2021-04-04 08:00:00+00:00,23.03,72.58,39.9,13,1.83,837.9,era5
2021-04-04 09:00:00+00:00,23.03,72.58,40.5,11,1.83,822.3,era5
2021-04-04 10:00:00+00:00,23.03,72.58,40.6,10,1.75,782.6,era5
2021-04-04 11:00:00+00:00,23.03,72.58,40.4,10,1.72,709.2,era5
2021-04-04 12:00:00+00:00,23.03,72.58,39.0,13,1.92,572.4,era5
2021-04-04 13:00:00+00:00,23.03,72.58,36.1,18,1.92,330.7,era5
2021-04-04 14:00:00+00:00,23.03,72.58,33.2,19,2.33,14.5,era5
2021-04-04 15:00:00+00:00,23.03,72.58,31.9,20,2.19,0.0,era5
2021-04-04 16:00:00+00:00,23.03,72.58,30.7,22,2.06,0.0,era5
2021-04-04 17:00:00+00:00,23.03,72.58,29.1,30,2.0,0.0,era5
2021-04-04 18:00:00+00:00,23.03,72.58,28.0,42,2.47,0.0,era5
2021-04-04 19:00:00+00:00,23.03,72.58,27.4,49,3.33,0.0,era5
2021-04-04 20:00:00+00:00,23.03,72.58,27.1,57,2.78,0.0,era5
2021-04-04 21:00:00+00:00,23.03,72.58,26.6,62,2.14,0.0,era5
2021-04-04 22:00:00+00:00,23.03,72.58,26.1,59,2.28,0.0,era5
2021-04-04 23:00:00+00:00,23.03,72.58,25.7,49,2.81,0.0,era5
2021-04-05 00:00:00+00:00,23.03,72.58,25.7,54,2.89,0.0,era5
2021-04-05 01:00:00+00:00,23.03,72.58,25.1,64,2.03,0.0,era5
2021-04-05 02:00:00+00:00,23.03,72.58,26.4,64,1.86,179.3,era5
2021-04-05 03:00:00+00:00,23.03,72.58,28.4,59,1.58,478.5,era5
2021-04-05 04:00:00+00:00,23.03,72.58,31.1,49,1.47,645.9,era5
2021-04-05 05:00:00+00:00,23.03,72.58,34.0,38,1.56,741.7,era5
2021-04-05 06:00:00+00:00,23.03,72.58,36.7,29,1.81,794.3,era5
2021-04-05 07:00:00+00:00,23.03,72.58,38.8,22,2.5,817.9,era5
2021-04-05 08:00:00+00:00,23.03,72.58,40.0,18,2.89,821.6,era5
2021-04-05 09:00:00+00:00,23.03,72.58,40.6,16,2.89,806.5,era5
2021-04-05 10:00:00+00:00,23.03,72.58,40.6,15,2.92,737.2,era5
2021-04-05 11:00:00+00:00,23.03,72.58,40.4,14,2.92,693.6,era5
2021-04-05 12:00:00+00:00,23.03,72.58,39.4,14,2.53,556.9,era5
2021-04-05 13:00:00+00:00,23.03,72.58,36.6,18,1.83,328.6,era5
2021-04-05 14:00:00+00:00,23.03,72.58,34.7,19,1.78,14.3,era5
2021-04-05 15:00:00+00:00,23.03,72.58,32.1,23,2.56,0.0,era5
2021-04-05 16:00:00+00:00,23.03,72.58,32.2,23,3.67,0.0,era5
2021-04-05 17:00:00+00:00,23.03,72.58,30.6,31,3.64,0.0,era5
2021-04-05 18:00:00+00:00,23.03,72.58,29.7,35,2.78,0.0,era5
2021-04-05 19:00:00+00:00,23.03,72.58,28.9,33,2.75,0.0,era5
2021-04-05 20:00:00+00:00,23.03,72.58,28.4,23,3.11,0.0,era5
2021-04-05 21:00:00+00:00,23.03,72.58,27.7,28,3.17,0.0,era5
2021-04-05 22:00:00+00:00,23.03,72.58,27.0,38,3.03,0.0,era5
2021-04-05 23:00:00+00:00,23.03,72.58,26.3,45,3.17,0.0,era5
2021-04-06 00:00:00+00:00,23.03,72.58,26.1,53,3.14,0.0,era5
2021-04-06 01:00:00+00:00,23.03,72.58,25.7,58,2.83,0.0,era5
2021-04-06 02:00:00+00:00,23.03,72.58,26.9,57,3.03,184.1,era5
2021-04-06 03:00:00+00:00,23.03,72.58,29.6,47,2.92,485.2,era5
2021-04-06 04:00:00+00:00,23.03,72.58,32.7,34,2.69,658.3,era5
2021-04-06 05:00:00+00:00,23.03,72.58,35.8,24,2.28,752.4,era5
2021-04-06 06:00:00+00:00,23.03,72.58,38.3,17,2.11,802.4,era5
2021-04-06 07:00:00+00:00,23.03,72.58,39.7,16,2.42,826.7,era5
2021-04-06 08:00:00+00:00,23.03,72.58,40.6,15,3.0,829.4,era5
2021-04-06 09:00:00+00:00,23.03,72.58,41.0,14,3.5,812.8,era5
2021-04-06 10:00:00+00:00,23.03,72.58,41.1,13,3.72,772.3,era5
2021-04-06 11:00:00+00:00,23.03,72.58,40.7,13,3.83,698.5,era5
2021-04-06 12:00:00+00:00,23.03,72.58,39.5,14,3.5,564.5,era5
2021-04-06 13:00:00+00:00,23.03,72.58,37.0,17,1.5,326.6,era5
2021-04-06 14:00:00+00:00,23.03,72.58,34.5,19,1.97,14.2,era5
2021-04-06 15:00:00+00:00,23.03,72.58,32.9,20,2.25,0.0,era5
2021-04-06 16:00:00+00:00,23.03,72.58,32.4,21,2.89,0.0,era5
2021-04-06 17:00:00+00:00,23.03,72.58,31.8,22,3.75,0.0,era5
2021-04-06 18:00:00+00:00,23.03,72.58,31.3,18,3.69,0.0,era5
2021-04-06 19:00:00+00:00,23.03,72.58,30.1,21,3.5,0.0,era5
2021-04-06 20:00:00+00:00,23.03,72.58,28.6,32,3.33,0.0,era5
2021-04-06 21:00:00+00:00,23.03,72.58,27.5,47,3.47,0.0,era5
2021-04-06 22:00:00+00:00,23.03,72.58,26.6,59,3.58,0.0,era5
2021-04-06 23:00:00+00:00,23.03,72.58,25.8,66,3.33,0.0,era5
2021-04-07 00:00:00+00:00,23.03,72.58,25.1,75,3.22,0.0,era5
2021-04-07 01:00:00+00:00,23.03,72.58,24.8,78,3.03,0.0,era5
2021-04-07 02:00:00+00:00,23.03,72.58,26.0,73,3.33,188.8,era5
2021-04-07 03:00:00+00:00,23.03,72.58,28.5,59,4.08,486.2,era5
2021-04-07 04:00:00+00:00,23.03,72.58,30.9,46,4.31,656.4,era5
2021-04-07 05:00:00+00:00,23.03,72.58,33.6,35,3.22,748.2,era5
2021-04-07 06:00:00+00:00,23.03,72.58,36.1,27,3.28,801.3,era5
2021-04-07 07:00:00+00:00,23.03,72.58,38.1,20,3.03,827.0,era5
2021-04-07 08:00:00+00:00,23.03,72.58,39.3,17,2.64,831.0,era5
2021-04-07 09:00:00+00:00,23.03,72.58,40.1,14,2.58,817.0,era5
2021-04-07 10:00:00+00:00,23.03,72.58,40.4,13,2.89,778.6,era5
2021-04-07 11:00:00+00:00,23.03,72.58,40.1,12,3.33,705.0,era5
2021-04-07 12:00:00+00:00,23.03,72.58,38.8,13,3.42,572.1,era5
2021-04-07 13:00:00+00:00,23.03,72.58,36.8,15,2.42,334.0,era5
2021-04-07 14:00:00+00:00,23.03,72.58,33.4,19,2.03,14.1,era5
2021-04-07 15:00:00+00:00,23.03,72.58,31.9,22,2.17,0.0,era5
2021-04-07 16:00:00+00:00,23.03,72.58,30.5,24,2.47,0.0,era5
2021-04-07 17:00:00+00:00,23.03,72.58,30.7,24,2.5,0.0,era5
2021-04-07 18:00:00+00:00,23.03,72.58,29.6,26,2.33,0.0,era5
2021-04-07 19:00:00+00:00,23.03,72.58,28.0,27,1.92,0.0,era5
2021-04-07 20:00:00+00:00,23.03,72.58,27.6,28,2.92,0.0,era5
2021-04-07 21:00:00+00:00,23.03,72.58,27.3,28,2.47,0.0,era5
2021-04-07 22:00:00+00:00,23.03,72.58,26.4,28,2.5,0.0,era5
2021-04-07 23:00:00+00:00,23.03,72.58,26.6,28,3.22,0.0,era5
2021-04-08 00:00:00+00:00,23.03,72.58,25.4,45,3.03,0.0,era5
2021-04-08 01:00:00+00:00,23.03,72.58,25.2,61,2.78,0.0,era5
2021-04-08 02:00:00+00:00,23.03,72.58,26.7,63,3.33,193.5,era5
2021-04-08 03:00:00+00:00,23.03,72.58,29.4,52,2.33,487.2,era5
2021-04-08 04:00:00+00:00,23.03,72.58,32.5,40,1.44,658.1,era5
2021-04-08 05:00:00+00:00,23.03,72.58,35.5,29,0.94,750.9,era5
2021-04-08 06:00:00+00:00,23.03,72.58,37.7,20,0.75,801.4,era5
2021-04-08 07:00:00+00:00,23.03,72.58,39.1,14,1.92,825.2,era5
2021-04-08 08:00:00+00:00,23.03,72.58,39.8,12,2.86,825.4,era5
2021-04-08 09:00:00+00:00,23.03,72.58,40.1,11,3.5,815.7,era5
2021-04-08 10:00:00+00:00,23.03,72.58,40.0,11,3.78,779.8,era5
2021-04-08 11:00:00+00:00,23.03,72.58,39.4,12,3.53,700.5,era5
2021-04-08 12:00:00+00:00,23.03,72.58,38.3,13,2.42,559.1,era5
2021-04-08 13:00:00+00:00,23.03,72.58,36.3,16,1.39,327.3,era5
2021-04-08 14:00:00+00:00,23.03,72.58,33.7,18,1.92,13.9,era5
2021-04-08 15:00:00+00:00,23.03,72.58,31.5,20,2.61,0.0,era5
2021-04-08 16:00:00+00:00,23.03,72.58,31.4,19,3.33,0.0,era5
2021-04-08 17:00:00+00:00,23.03,72.58,30.6,26,3.06,0.0,era5
2021-04-08 18:00:00+00:00,23.03,72.58,28.8,33,1.89,0.0,era5
2021-04-08 19:00:00+00:00,23.03,72.58,28.0,36,2.0,0.0,era5
2021-04-08 20:00:00+00:00,23.03,72.58,28.6,35,1.31,0.0,era5
2021-04-08 21:00:00+00:00,23.03,72.58,24.9,43,2.47,0.0,era5
2021-04-08 22:00:00+00:00,23.03,72.58,25.4,29,2.28,0.0,era5
2021-04-08 23:00:00+00:00,23.03,72.58,24.5,22,2.17,0.0,era5
2021-04-09 00:00:00+00:00,23.03,72.58,24.3,24,2.0,0.0,era5
2021-04-09 01:00:00+00:00,23.03,72.58,24.0,24,2.03,0.0,era5
2021-04-09 02:00:00+00:00,23.03,72.58,26.2,22,2.47,204.8,era5
2021-04-09 03:00:00+00:00,23.03,72.58,29.6,19,1.19,505.0,era5
2021-04-09 04:00:00+00:00,23.03,72.58,33.0,17,2.06,672.2,era5
2021-04-09 05:00:00+00:00,23.03,72.58,35.9,15,2.33,765.6,era5
2021-04-09 06:00:00+00:00,23.03,72.58,38.1,12,1.53,817.6,era5
2021-04-09 07:00:00+00:00,23.03,72.58,39.0,9,0.61,842.5,era5
2021-04-09 08:00:00+00:00,23.03,72.58,39.7,8,1.64,847.9,era5
2021-04-09 09:00:00+00:00,23.03,72.58,40.0,8,2.06,833.1,era5
2021-04-09 10:00:00+00:00,23.03,72.58,40.0,7,2.61,793.6,era5
2021-04-09 11:00:00+00:00,23.03,72.58,39.5,8,2.94,719.5,era5
2021-04-09 12:00:00+00:00,23.03,72.58,38.6,8,2.39,584.8,era5
2021-04-09 13:00:00+00:00,23.03,72.58,35.8,11,1.61,339.3,era5
2021-04-09 14:00:00+00:00,23.03,72.58,32.2,14,2.64,13.8,era5
2021-04-09 15:00:00+00:00,23.03,72.58,31.3,15,2.33,0.0,era5
2021-04-09 16:00:00+00:00,23.03,72.58,29.5,17,2.81,0.0,era5
2021-04-09 17:00:00+00:00,23.03,72.58,30.1,13,2.75,0.0,era5
2021-04-09 18:00:00+00:00,23.03,72.58,29.1,12,3.06,0.0,era5
2021-04-09 19:00:00+00:00,23.03,72.58,29.1,11,3.69,0.0,era5
2021-04-09 20:00:00+00:00,23.03,72.58,25.9,14,3.0,0.0,era5
2021-04-09 21:00:00+00:00,23.03,72.58,24.8,16,2.44,0.0,era5
2021-04-09 22:00:00+00:00,23.03,72.58,25.8,15,1.86,0.0,era5
2021-04-09 23:00:00+00:00,23.03,72.58,23.3,17,2.53,0.0,era5
2021-04-10 00:00:00+00:00,23.03,72.58,23.6,18,2.69,0.0,era5
2021-04-10 01:00:00+00:00,23.03,72.58,23.9,18,2.0,0.0,era5
2021-04-10 02:00:00+00:00,23.03,72.58,26.1,18,2.19,216.0,era5
2021-04-10 03:00:00+00:00,23.03,72.58,28.7,18,1.58,508.6,era5
2021-04-10 04:00:00+00:00,23.03,72.58,31.9,16,2.31,677.4,era5
2021-04-10 05:00:00+00:00,23.03,72.58,35.2,12,2.61,769.6,era5
2021-04-10 06:00:00+00:00,23.03,72.58,37.9,11,2.47,821.2,era5
2021-04-10 07:00:00+00:00,23.03,72.58,39.6,9,1.28,845.0,era5
2021-04-10 08:00:00+00:00,23.03,72.58,40.4,7,0.81,847.5,era5
2021-04-10 09:00:00+00:00,23.03,72.58,40.7,7,1.58,832.9,era5
2021-04-10 10:00:00+00:00,23.03,72.58,40.7,7,2.28,793.6,era5
2021-04-10 11:00:00+00:00,23.03,72.58,40.4,7,2.72,721.4,era5
2021-04-10 12:00:00+00:00,23.03,72.58,39.2,7,2.61,587.8,era5
2021-04-10 13:00:00+00:00,23.03,72.58,35.9,11,2.0,346.5,era5
2021-04-10 14:00:00+00:00,23.03,72.58,32.8,11,2.69,27.4,era5
2021-04-10 15:00:00+00:00,23.03,72.58,31.7,11,2.22,0.0,era5
2021-04-10 16:00:00+00:00,23.03,72.58,29.8,13,2.78,0.0,era5
2021-04-10 17:00:00+00:00,23.03,72.58,28.5,15,3.44,0.0,era5
2021-04-10 18:00:00+00:00,23.03,72.58,29.6,13,2.75,0.0,era5
2021-04-10 19:00:00+00:00,23.03,72.58,27.3,15,3.06,0.0,era5
2021-04-10 20:00:00+00:00,23.03,72.58,27.2,16,2.33,0.0,era5
2021-04-10 21:00:00+00:00,23.03,72.58,26.6,17,2.81,0.0,era5
2021-04-10 22:00:00+00:00,23.03,72.58,26.0,17,2.47,0.0,era5
2021-04-10 23:00:00+00:00,23.03,72.58,24.4,19,2.28,0.0,era5
2021-04-11 00:00:00+00:00,23.03,72.58,23.6,26,2.56,0.0,era5
2021-04-11 01:00:00+00:00,23.03,72.58,23.7,27,2.28,0.0,era5
2021-04-11 02:00:00+00:00,23.03,72.58,26.5,23,1.72,220.2,era5
2021-04-11 03:00:00+00:00,23.03,72.58,29.8,19,1.25,506.9,era5
2021-04-11 04:00:00+00:00,23.03,72.58,32.9,16,1.83,675.7,era5
2021-04-11 05:00:00+00:00,23.03,72.58,36.0,13,1.94,768.3,era5
2021-04-11 06:00:00+00:00,23.03,72.58,38.7,11,1.94,820.3,era5
2021-04-11 07:00:00+00:00,23.03,72.58,40.4,8,2.03,845.5,era5
2021-04-11 08:00:00+00:00,23.03,72.58,41.3,7,3.25,849.3,era5
2021-04-11 09:00:00+00:00,23.03,72.58,41.7,6,4.44,833.9,era5
2021-04-11 10:00:00+00:00,23.03,72.58,41.6,5,5.19,796.2,era5
2021-04-11 11:00:00+00:00,23.03,72.58,40.9,5,5.69,726.3,era5
2021-04-11 12:00:00+00:00,23.03,72.58,40.0,5,4.03,595.3,era5
2021-04-11 13:00:00+00:00,23.03,72.58,36.6,8,1.81,349.0,era5
2021-04-11 14:00:00+00:00,23.03,72.58,34.3,9,2.0,27.1,era5
2021-04-11 15:00:00+00:00,23.03,72.58,34.0,10,1.83,0.0,era5
2021-04-11 16:00:00+00:00,23.03,72.58,31.2,13,2.47,0.0,era5
2021-04-11 17:00:00+00:00,23.03,72.58,29.5,13,2.19,0.0,era5
2021-04-11 18:00:00+00:00,23.03,72.58,29.4,16,3.03,0.0,era5
2021-04-11 19:00:00+00:00,23.03,72.58,28.7,17,3.31,0.0,era5
2021-04-11 20:00:00+00:00,23.03,72.58,28.5,13,3.92,0.0,era5
2021-04-11 21:00:00+00:00,23.03,72.58,28.4,19,4.03,0.0,era5
2021-04-11 22:00:00+00:00,23.03,72.58,26.9,26,3.44,0.0,era5
2021-04-11 23:00:00+00:00,23.03,72.58,26.4,33,3.67,0.0,era5
2021-04-12 00:00:00+00:00,23.03,72.58,26.1,39,3.14,0.0,era5
2021-04-12 01:00:00+00:00,23.03,72.58,25.8,43,2.47,0.0,era5
2021-04-12 02:00:00+00:00,23.03,72.58,27.4,42,3.25,217.8,era5
2021-04-12 03:00:00+00:00,23.03,72.58,29.9,39,1.64,497.1,era5
2021-04-12 04:00:00+00:00,23.03,72.58,32.2,34,0.72,656.9,era5
2021-04-12 05:00:00+00:00,23.03,72.58,34.9,28,1.11,744.6,era5
2021-04-12 06:00:00+00:00,23.03,72.58,37.6,22,1.44,799.0,era5
2021-04-12 07:00:00+00:00,23.03,72.58,39.7,16,1.5,823.9,era5
2021-04-12 08:00:00+00:00,23.03,72.58,40.5,12,1.61,618.6,era5
2021-04-12 09:00:00+00:00,23.03,72.58,40.9,10,1.89,687.0,era5
2021-04-12 10:00:00+00:00,23.03,72.58,40.8,10,2.42,693.0,era5
2021-04-12 11:00:00+00:00,23.03,72.58,40.5,11,2.67,676.9,era5
2021-04-12 12:00:00+00:00,23.03,72.58,39.4,11,1.39,544.3,era5
2021-04-12 13:00:00+00:00,23.03,72.58,36.9,18,1.53,319.6,era5
2021-04-12 14:00:00+00:00,23.03,72.58,37.1,12,0.69,26.9,era5
2021-04-12 15:00:00+00:00,23.03,72.58,35.3,14,1.28,0.0,era5
2021-04-12 16:00:00+00:00,23.03,72.58,33.8,15,2.19,0.0,era5
2021-04-12 17:00:00+00:00,23.03,72.58,31.5,17,3.42,0.0,era5
2021-04-12 18:00:00+00:00,23.03,72.58,31.2,15,4.31,0.0,era5
2021-04-12 19:00:00+00:00,23.03,72.58,31.1,11,4.81,0.0,era5
2021-04-12 20:00:00+00:00,23.03,72.58,30.3,10,4.83,0.0,era5
2021-04-12 21:00:00+00:00,23.03,72.58,29.4,16,4.58,0.0,era5
2021-04-12 22:00:00+00:00,23.03,72.58,28.7,21,4.56,0.0,era5
2021-04-12 23:00:00+00:00,23.03,72.58,28.2,23,4.53,0.0,era5
2021-04-13 00:00:00+00:00,23.03,72.58,27.3,31,3.97,0.0,era5
2021-04-13 01:00:00+00:00,23.03,72.58,26.9,32,3.83,0.0,era5
2021-04-13 02:00:00+00:00,23.03,72.58,28.5,31,4.31,222.0,era5
2021-04-13 03:00:00+00:00,23.03,72.58,31.3,28,4.22,495.6,era5
2021-04-13 04:00:00+00:00,23.03,72.58,34.2,23,4.11,653.7,era5
2021-04-13 05:00:00+00:00,23.03,72.58,36.8,18,4.06,743.5,era5
2021-04-13 06:00:00+00:00,23.03,72.58,38.9,15,3.67,786.9,era5
2021-04-13 07:00:00+00:00,23.03,72.58,39.9,12,3.36,660.1,era5
2021-04-13 08:00:00+00:00,23.03,72.58,40.2,11,3.17,628.0,era5
2021-04-13 09:00:00+00:00,23.03,72.58,40.1,10,2.33,499.0,era5
2021-04-13 10:00:00+00:00,23.03,72.58,40.0,10,2.0,540.5,era5
2021-04-13 11:00:00+00:00,23.03,72.58,39.6,10,1.58,510.0,era5
2021-04-13 12:00:00+00:00,23.03,72.58,39.1,10,3.72,502.5,era5
2021-04-13 13:00:00+00:00,23.03,72.58,37.2,11,2.97,331.3,era5
2021-04-13 14:00:00+00:00,23.03,72.58,34.7,12,3.06,26.6,era5
2021-04-13 15:00:00+00:00,23.03,72.58,33.8,12,3.31,0.0,era5
2021-04-13 16:00:00+00:00,23.03,72.58,33.0,12,3.53,0.0,era5
2021-04-13 17:00:00+00:00,23.03,72.58,31.9,12,3.72,0.0,era5
2021-04-13 18:00:00+00:00,23.03,72.58,31.0,13,3.56,0.0,era5
2021-04-13 19:00:00+00:00,23.03,72.58,30.1,13,3.33,0.0,era5
2021-04-13 20:00:00+00:00,23.03,72.58,29.3,14,3.47,0.0,era5
2021-04-13 21:00:00+00:00,23.03,72.58,28.7,15,3.94,0.0,era5
2021-04-13 22:00:00+00:00,23.03,72.58,27.5,19,3.08,0.0,era5
2021-04-13 23:00:00+00:00,23.03,72.58,26.4,24,2.78,0.0,era5
2021-04-14 00:00:00+00:00,23.03,72.58,26.0,26,1.47,0.0,era5
2021-04-14 01:00:00+00:00,23.03,72.58,26.6,28,2.22,0.0,era5
2021-04-14 02:00:00+00:00,23.03,72.58,28.3,25,2.33,155.1,era5
2021-04-14 03:00:00+00:00,23.03,72.58,31.1,20,1.31,320.6,era5
2021-04-14 04:00:00+00:00,23.03,72.58,33.9,16,1.03,609.6,era5
2021-04-14 05:00:00+00:00,23.03,72.58,36.1,14,2.11,714.8,era5
2021-04-14 06:00:00+00:00,23.03,72.58,37.7,13,0.97,784.0,era5
2021-04-14 07:00:00+00:00,23.03,72.58,38.8,13,1.22,804.3,era5
2021-04-14 08:00:00+00:00,23.03,72.58,39.4,12,1.08,798.9,era5
2021-04-14 09:00:00+00:00,23.03,72.58,39.7,11,1.19,772.6,era5
2021-04-14 10:00:00+00:00,23.03,72.58,39.7,10,1.81,725.9,era5
2021-04-14 11:00:00+00:00,23.03,72.58,39.2,10,2.36,569.5,era5
2021-04-14 12:00:00+00:00,23.03,72.58,38.7,11,2.06,467.6,era5
2021-04-14 13:00:00+00:00,23.03,72.58,36.9,12,2.0,306.8,era5
2021-04-14 14:00:00+00:00,23.03,72.58,34.4,14,2.92,26.4,era5
2021-04-14 15:00:00+00:00,23.03,72.58,33.3,15,3.28,0.0,era5
2021-04-14 16:00:00+00:00,23.03,72.58,31.9,16,2.39,0.0,era5
2021-04-14 17:00:00+00:00,23.03,72.58,31.1,18,1.36,0.0,era5
2021-04-14 18:00:00+00:00,23.03,72.58,28.6,20,2.19,0.0,era5
2021-04-14 19:00:00+00:00,23.03,72.58,30.0,20,3.81,0.0,era5
2021-04-14 20:00:00+00:00,23.03,72.58,28.9,23,3.11,0.0,era5
2021-04-14 21:00:00+00:00,23.03,72.58,28.0,26,3.36,0.0,era5
2021-04-14 22:00:00+00:00,23.03,72.58,27.1,32,3.56,0.0,era5
2021-04-14 23:00:00+00:00,23.03,72.58,26.5,39,4.31,0.0,era5
2021-04-15 00:00:00+00:00,23.03,72.58,25.8,52,3.56,0.0,era5
2021-04-15 01:00:00+00:00,23.03,72.58,25.3,58,3.19,0.0,era5
2021-04-15 02:00:00+00:00,23.03,72.58,26.5,56,2.83,224.0,era5
2021-04-15 03:00:00+00:00,23.03,72.58,28.5,48,2.69,493.0,era5
2021-04-15 04:00:00+00:00,23.03,72.58,31.2,34,1.75,652.9,era5
2021-04-15 05:00:00+00:00,23.03,72.58,33.6,25,1.33,741.6,era5
2021-04-15 06:00:00+00:00,23.03,72.58,35.6,22,1.75,791.3,era5
2021-04-15 07:00:00+00:00,23.03,72.58,37.2,20,2.5,815.4,era5
2021-04-15 08:00:00+00:00,23.03,72.58,38.5,17,3.25,819.5,era5
2021-04-15 09:00:00+00:00,23.03,72.58,38.5,16,3.72,571.9,era5
2021-04-15 10:00:00+00:00,23.03,72.58,38.5,16,4.08,612.2,era5
2021-04-15 11:00:00+00:00,23.03,72.58,38.2,16,3.97,614.9,era5
2021-04-15 12:00:00+00:00,23.03,72.58,37.9,15,2.5,502.2,era5
2021-04-15 13:00:00+00:00,23.03,72.58,36.3,21,1.11,305.0,era5
2021-04-15 14:00:00+00:00,23.03,72.58,33.1,21,1.72,26.2,era5
2021-04-15 15:00:00+00:00,23.03,72.58,31.4,23,2.11,0.0,era5
2021-04-15 16:00:00+00:00,23.03,72.58,31.7,21,3.06,0.0,era5
2021-04-15 17:00:00+00:00,23.03,72.58,30.6,22,2.67,0.0,era5
2021-04-15 18:00:00+00:00,23.03,72.58,30.4,22,3.69,0.0,era5
2021-04-15 19:00:00+00:00,23.03,72.58,29.2,22,3.47,0.0,era5
2021-04-15 20:00:00+00:00,23.03,72.58,27.8,30,3.25,0.0,era5
2021-04-15 21:00:00+00:00,23.03,72.58,26.9,45,3.53,0.0,era5
2021-04-15 22:00:00+00:00,23.03,72.58,26.0,61,3.56,0.0,era5
2021-04-15 23:00:00+00:00,23.03,72.58,25.2,70,3.53,0.0,era5
2021-04-16 00:00:00+00:00,23.03,72.58,25.2,74,3.22,0.0,era5
2021-04-16 01:00:00+00:00,23.03,72.58,24.9,77,2.92,0.0,era5
2021-04-16 02:00:00+00:00,23.03,72.58,26.1,74,3.36,228.2,era5
2021-04-16 03:00:00+00:00,23.03,72.58,28.0,65,3.72,499.7,era5
2021-04-16 04:00:00+00:00,23.03,72.58,30.3,54,3.14,651.7,era5
2021-04-16 05:00:00+00:00,23.03,72.58,32.8,43,2.58,742.1,era5
2021-04-16 06:00:00+00:00,23.03,72.58,35.6,30,2.5,790.8,era5
2021-04-16 07:00:00+00:00,23.03,72.58,37.9,19,3.03,813.1,era5
2021-04-16 08:00:00+00:00,23.03,72.58,39.2,15,3.78,814.2,era5
2021-04-16 09:00:00+00:00,23.03,72.58,39.6,14,4.5,751.0,era5
2021-04-16 10:00:00+00:00,23.03,72.58,39.1,15,4.94,615.1,era5
2021-04-16 11:00:00+00:00,23.03,72.58,38.7,17,4.28,519.8,era5
2021-04-16 12:00:00+00:00,23.03,72.58,37.7,17,4.39,414.1,era5
2021-04-16 13:00:00+00:00,23.03,72.58,36.6,18,3.78,276.5,era5
2021-04-16 14:00:00+00:00,23.03,72.58,34.6,21,3.11,25.9,era5
2021-04-16 15:00:00+00:00,23.03,72.58,33.7,25,4.42,0.0,era5
2021-04-16 16:00:00+00:00,23.03,72.58,33.0,28,4.31,0.0,era5
2021-04-16 17:00:00+00:00,23.03,72.58,32.3,29,3.81,0.0,era5
2021-04-16 18:00:00+00:00,23.03,72.58,31.1,33,3.31,0.0,era5
2021-04-16 19:00:00+00:00,23.03,72.58,30.4,41,3.69,0.0,era5
2021-04-16 20:00:00+00:00,23.03,72.58,29.4,42,3.69,0.0,era5
2021-04-16 21:00:00+00:00,23.03,72.58,28.2,47,4.03,0.0,era5
2021-04-16 22:00:00+00:00,23.03,72.58,27.4,58,4.64,0.0,era5
2021-04-16 23:00:00+00:00,23.03,72.58,26.7,67,4.11,0.0,era5
2021-04-17 00:00:00+00:00,23.03,72.58,26.4,74,2.67,0.0,era5
2021-04-17 01:00:00+00:00,23.03,72.58,26.3,79,2.36,0.0,era5
2021-04-17 02:00:00+00:00,23.03,72.58,27.5,75,2.83,226.0,era5
2021-04-17 03:00:00+00:00,23.03,72.58,29.5,64,3.14,475.1,era5
2021-04-17 04:00:00+00:00,23.03,72.58,32.0,50,3.53,637.2,era5
2021-04-17 05:00:00+00:00,23.03,72.58,34.5,37,2.86,726.9,era5
2021-04-17 06:00:00+00:00,23.03,72.58,36.9,26,2.81,780.2,era5
2021-04-17 07:00:00+00:00,23.03,72.58,38.4,19,3.19,794.1,era5
2021-04-17 08:00:00+00:00,23.03,72.58,39.0,16,3.69,726.6,era5
2021-04-17 09:00:00+00:00,23.03,72.58,39.4,15,3.94,709.9,era5
2021-04-17 10:00:00+00:00,23.03,72.58,39.5,14,3.97,693.4,era5
2021-04-17 11:00:00+00:00,23.03,72.58,39.2,13,4.11,651.5,era5
2021-04-17 12:00:00+00:00,23.03,72.58,38.1,14,3.92,541.9,era5
2021-04-17 13:00:00+00:00,23.03,72.58,36.6,15,2.53,314.8,era5
2021-04-17 14:00:00+00:00,23.03,72.58,33.4,18,1.81,25.7,era5
2021-04-17 15:00:00+00:00,23.03,72.58,32.3,20,2.0,0.0,era5
2021-04-17 16:00:00+00:00,23.03,72.58,31.3,22,2.11,0.0,era5
2021-04-17 17:00:00+00:00,23.03,72.58,30.4,23,2.47,0.0,era5
2021-04-17 18:00:00+00:00,23.03,72.58,30.9,23,2.78,0.0,era5
2021-04-17 19:00:00+00:00,23.03,72.58,29.3,32,2.0,0.0,era5
2021-04-17 20:00:00+00:00,23.03,72.58,28.5,37,2.19,0.0,era5
2021-04-17 21:00:00+00:00,23.03,72.58,27.9,40,2.31,0.0,era5
2021-04-17 22:00:00+00:00,23.03,72.58,27.7,46,2.72,0.0,era5
2021-04-17 23:00:00+00:00,23.03,72.58,27.7,48,2.94,0.0,era5
2021-04-18 00:00:00+00:00,23.03,72.58,27.7,45,2.56,0.0,era5
2021-04-18 01:00:00+00:00,23.03,72.58,27.7,43,2.61,0.0,era5
2021-04-18 02:00:00+00:00,23.03,72.58,29.6,39,3.08,230.3,era5
2021-04-18 03:00:00+00:00,23.03,72.58,32.2,34,3.14,487.3,era5
2021-04-18 04:00:00+00:00,23.03,72.58,34.7,29,3.17,644.7,era5
2021-04-18 05:00:00+00:00,23.03,72.58,37.3,23,3.17,732.8,era5
2021-04-18 06:00:00+00:00,23.03,72.58,39.1,17,2.58,745.1,era5
2021-04-18 07:00:00+00:00,23.03,72.58,39.8,15,2.64,720.2,era5
2021-04-18 08:00:00+00:00,23.03,72.58,39.8,14,2.5,547.6,era5
2021-04-18 09:00:00+00:00,23.03,72.58,40.2,14,2.44,618.8,era5
2021-04-18 10:00:00+00:00,23.03,72.58,40.2,13,2.64,602.5,era5
2021-04-18 11:00:00+00:00,23.03,72.58,40.1,13,2.97,567.4,era5
2021-04-18 12:00:00+00:00,23.03,72.58,39.2,12,4.17,369.9,era5
2021-04-18 13:00:00+00:00,23.03,72.58,37.7,14,3.72,299.8,era5
2021-04-18 14:00:00+00:00,23.03,72.58,35.4,16,3.39,25.5,era5
2021-04-18 15:00:00+00:00,23.03,72.58,33.8,17,2.42,0.0,era5
2021-04-18 16:00:00+00:00,23.03,72.58,31.7,20,2.11,0.0,era5
2021-04-18 17:00:00+00:00,23.03,72.58,31.4,20,2.44,0.0,era5
2021-04-18 18:00:00+00:00,23.03,72.58,31.1,18,2.69,0.0,era5
2021-04-18 19:00:00+00:00,23.03,72.58,29.9,18,2.5,0.0,era5
2021-04-18 20:00:00+00:00,23.03,72.58,29.1,20,2.92,0.0,era5
2021-04-18 21:00:00+00:00,23.03,72.58,28.0,32,2.75,0.0,era5
2021-04-18 22:00:00+00:00,23.03,72.58,27.1,42,2.5,0.0,era5
2021-04-18 23:00:00+00:00,23.03,72.58,26.9,45,2.97,0.0,era5
2021-04-19 00:00:00+00:00,23.03,72.58,27.1,47,2.81,0.0,era5
2021-04-19 01:00:00+00:00,23.03,72.58,27.2,48,2.64,0.0,era5
2021-04-19 02:00:00+00:00,23.03,72.58,28.8,44,2.69,240.6,era5
2021-04-19 03:00:00+00:00,23.03,72.58,31.2,39,2.83,494.2,era5
2021-04-19 04:00:00+00:00,23.03,72.58,33.9,31,2.78,650.5,era5
2021-04-19 05:00:00+00:00,23.03,72.58,36.6,24,3.03,740.0,era5
2021-04-19 06:00:00+00:00,23.03,72.58,38.7,18,3.39,788.5,era5
2021-04-19 07:00:00+00:00,23.03,72.58,40.0,14,3.28,783.5,era5
2021-04-19 08:00:00+00:00,23.03,72.58,40.6,12,3.53,799.9,era5
2021-04-19 09:00:00+00:00,23.03,72.58,40.7,12,4.14,745.2,era5
2021-04-19 10:00:00+00:00,23.03,72.58,40.4,12,4.33,658.5,era5
2021-04-19 11:00:00+00:00,23.03,72.58,39.9,12,4.08,575.8,era5
2021-04-19 12:00:00+00:00,23.03,72.58,39.1,13,3.14,466.3,era5
2021-04-19 13:00:00+00:00,23.03,72.58,37.6,15,1.81,298.0,era5
2021-04-19 14:00:00+00:00,23.03,72.58,34.4,17,2.19,25.3,era5
2021-04-19 15:00:00+00:00,23.03,72.58,33.6,16,2.14,0.0,era5
2021-04-19 16:00:00+00:00,23.03,72.58,32.6,20,3.5,0.0,era5
2021-04-19 17:00:00+00:00,23.03,72.58,31.7,27,3.83,0.0,era5
2021-04-19 18:00:00+00:00,23.03,72.58,31.9,25,3.81,0.0,era5
2021-04-19 19:00:00+00:00,23.03,72.58,31.2,24,3.22,0.0,era5
2021-04-19 20:00:00+00:00,23.03,72.58,29.8,26,2.94,0.0,era5
2021-04-19 21:00:00+00:00,23.03,72.58,28.6,36,3.11,0.0,era5
2021-04-19 22:00:00+00:00,23.03,72.58,27.5,53,3.39,0.0,era5
2021-04-19 23:00:00+00:00,23.03,72.58,26.8,63,3.31,0.0,era5
2021-04-20 00:00:00+00:00,23.03,72.58,26.5,70,3.0,0.0,era5
2021-04-20 01:00:00+00:00,23.03,72.58,26.4,72,3.72,0.0,era5
2021-04-20 02:00:00+00:00,23.03,72.58,27.6,69,4.17,232.4,era5
2021-04-20 03:00:00+00:00,23.03,72.58,29.5,60,4.44,460.2,era5
2021-04-20 04:00:00+00:00,23.03,72.58,31.8,50,3.81,586.2,era5
2021-04-20 05:00:00+00:00,23.03,72.58,34.2,39,4.0,646.0,era5
2021-04-20 06:00:00+00:00,23.03,72.58,36.0,29,4.67,521.3,era5
2021-04-20 07:00:00+00:00,23.03,72.58,37.2,24,4.92,422.8,era5
2021-04-20 08:00:00+00:00,23.03,72.58,38.2,19,4.69,374.8,era5
2021-04-20 09:00:00+00:00,23.03,72.58,38.8,16,4.92,392.8,era5
2021-04-20 10:00:00+00:00,23.03,72.58,38.4,16,5.33,231.6,era5
2021-04-20 11:00:00+00:00,23.03,72.58,37.6,19,6.64,269.8,era5
2021-04-20 12:00:00+00:00,23.03,72.58,36.9,20,4.78,191.8,era5
2021-04-20 13:00:00+00:00,23.03,72.58,35.6,22,3.61,82.8,era5
2021-04-20 14:00:00+00:00,23.03,72.58,33.7,23,2.81,12.5,era5
2021-04-20 15:00:00+00:00,23.03,72.58,32.1,25,1.89,0.0,era5
2021-04-20 16:00:00+00:00,23.03,72.58,30.4,28,1.86,0.0,era5
2021-04-20 17:00:00+00:00,23.03,72.58,29.8,32,1.92,0.0,era5
2021-04-20 18:00:00+00:00,23.03,72.58,28.8,44,2.11,0.0,era5
2021-04-20 19:00:00+00:00,23.03,72.58,28.2,49,2.39,0.0,era5
2021-04-20 20:00:00+00:00,23.03,72.58,28.5,36,3.94,0.0,era5
2021-04-20 21:00:00+00:00,23.03,72.58,27.9,53,4.44,0.0,era5
2021-04-20 22:00:00+00:00,23.03,72.58,27.6,56,3.83,0.0,era5
2021-04-20 23:00:00+00:00,23.03,72.58,27.0,53,3.22,0.0,era5
2021-04-21 00:00:00+00:00,23.03,72.58,27.3,54,3.44,0.0,era5
2021-04-21 01:00:00+00:00,23.03,72.58,27.0,49,3.39,0.0,era5
2021-04-21 02:00:00+00:00,23.03,72.58,28.1,44,4.17,236.2,era5
2021-04-21 03:00:00+00:00,23.03,72.58,30.1,37,4.83,472.4,era5
2021-04-21 04:00:00+00:00,23.03,72.58,32.7,28,4.58,648.9,era5
2021-04-21 05:00:00+00:00,23.03,72.58,34.9,22,4.53,742.8,era5
2021-04-21 06:00:00+00:00,23.03,72.58,36.5,16,4.0,793.4,era5
2021-04-21 07:00:00+00:00,23.03,72.58,37.7,13,3.81,826.9,era5
2021-04-21 08:00:00+00:00,23.03,72.58,38.5,13,4.0,822.7,era5
2021-04-21 09:00:00+00:00,23.03,72.58,38.8,12,4.06,802.2,era5
2021-04-21 10:00:00+00:00,23.03,72.58,38.8,12,4.53,724.7,era5
2021-04-21 11:00:00+00:00,23.03,72.58,38.4,12,4.69,652.1,era5
2021-04-21 12:00:00+00:00,23.03,72.58,37.5,13,3.94,541.0,era5
2021-04-21 13:00:00+00:00,23.03,72.58,36.1,14,2.81,320.6,era5
2021-04-21 14:00:00+00:00,23.03,72.58,32.4,18,2.28,24.8,era5
2021-04-21 15:00:00+00:00,23.03,72.58,31.1,20,2.39,0.0,era5
2021-04-21 16:00:00+00:00,23.03,72.58,29.7,22,2.75,0.0,era5
2021-04-21 17:00:00+00:00,23.03,72.58,29.5,22,2.25,0.0,era5
2021-04-21 18:00:00+00:00,23.03,72.58,28.7,34,2.78,0.0,era5
2021-04-21 19:00:00+00:00,23.03,72.58,28.4,45,2.78,0.0,era5
2021-04-21 20:00:00+00:00,23.03,72.58,27.5,44,2.11,0.0,era5
2021-04-21 21:00:00+00:00,23.03,72.58,26.6,39,1.89,0.0,era5
2021-04-21 22:00:00+00:00,23.03,72.58,26.4,38,2.14,0.0,era5
2021-04-21 23:00:00+00:00,23.03,72.58,25.9,41,2.19,0.0,era5
2021-04-22 00:00:00+00:00,23.03,72.58,25.9,49,2.81,0.0,era5
2021-04-22 01:00:00+00:00,23.03,72.58,25.7,61,2.83,0.0,era5
2021-04-22 02:00:00+00:00,23.03,72.58,27.2,68,3.14,250.0,era5
2021-04-22 03:00:00+00:00,23.03,72.58,29.4,61,2.89,497.1,era5
2021-04-22 04:00:00+00:00,23.03,72.58,32.0,49,2.06,651.5,era5
2021-04-22 05:00:00+00:00,23.03,72.58,34.4,38,1.75,735.8,era5
2021-04-22 06:00:00+00:00,23.03,72.58,36.3,29,0.78,779.9,era5
2021-04-22 07:00:00+00:00,23.03,72.58,37.9,22,0.92,795.8,era5
2021-04-22 08:00:00+00:00,23.03,72.58,39.0,18,1.42,793.1,era5
2021-04-22 09:00:00+00:00,23.03,72.58,39.5,16,1.64,773.2,era5
2021-04-22 10:00:00+00:00,23.03,72.58,39.6,15,2.08,743.5,era5
2021-04-22 11:00:00+00:00,23.03,72.58,39.5,15,2.33,672.6,era5
2021-04-22 12:00:00+00:00,23.03,72.58,38.3,17,2.5,535.3,era5
2021-04-22 13:00:00+00:00,23.03,72.58,37.1,18,1.83,314.5,era5
2021-04-22 14:00:00+00:00,23.03,72.58,33.5,23,2.47,24.6,era5
2021-04-22 15:00:00+00:00,23.03,72.58,33.2,22,2.22,0.0,era5
2021-04-22 16:00:00+00:00,23.03,72.58,31.5,23,2.25,0.0,era5
2021-04-22 17:00:00+00:00,23.03,72.58,31.1,26,3.5,0.0,era5
2021-04-22 18:00:00+00:00,23.03,72.58,30.3,29,3.33,0.0,era5
2021-04-22 19:00:00+00:00,23.03,72.58,29.9,29,3.56,0.0,era5
2021-04-22 20:00:00+00:00,23.03,72.58,29.2,31,3.56,0.0,era5
2021-04-22 21:00:00+00:00,23.03,72.58,28.2,37,4.06,0.0,era5
2021-04-22 22:00:00+00:00,23.03,72.58,26.9,52,3.97,0.0,era5
2021-04-22 23:00:00+00:00,23.03,72.58,26.0,64,3.56,0.0,era5
2021-04-23 00:00:00+00:00,23.03,72.58,25.6,71,3.31,0.0,era5
2021-04-23 01:00:00+00:00,23.03,72.58,25.6,79,3.42,0.0,era5
2021-04-23 02:00:00+00:00,23.03,72.58,26.8,80,3.36,245.8,era5
2021-04-23 03:00:00+00:00,23.03,72.58,28.8,70,2.92,448.8,era5
2021-04-23 04:00:00+00:00,23.03,72.58,31.3,55,1.89,637.6,era5
2021-04-23 05:00:00+00:00,23.03,72.58,34.1,41,1.69,730.3,era5
2021-04-23 06:00:00+00:00,23.03,72.58,36.7,29,2.22,777.5,era5
2021-04-23 07:00:00+00:00,23.03,72.58,38.7,22,2.97,803.1,era5
2021-04-23 08:00:00+00:00,23.03,72.58,40.0,16,3.44,769.8,era5
2021-04-23 09:00:00+00:00,23.03,72.58,40.7,14,3.78,713.0,era5
2021-04-23 10:00:00+00:00,23.03,72.58,40.9,12,3.47,617.5,era5
2021-04-23 11:00:00+00:00,23.03,72.58,41.1,10,3.19,558.7,era5
2021-04-23 12:00:00+00:00,23.03,72.58,40.1,10,3.75,547.2,era5
2021-04-23 13:00:00+00:00,23.03,72.58,36.7,20,5.89,282.8,era5
2021-04-23 14:00:00+00:00,23.03,72.58,33.6,24,5.69,24.4,era5
2021-04-23 15:00:00+00:00,23.03,72.58,31.8,27,5.47,0.0,era5
2021-04-23 16:00:00+00:00,23.03,72.58,30.7,37,5.22,0.0,era5
2021-04-23 17:00:00+00:00,23.03,72.58,30.1,46,4.5,0.0,era5
2021-04-23 18:00:00+00:00,23.03,72.58,30.0,46,3.72,0.0,era5
2021-04-23 19:00:00+00:00,23.03,72.58,29.9,33,3.94,0.0,era5
2021-04-23 20:00:00+00:00,23.03,72.58,29.0,27,3.83,0.0,era5
2021-04-23 21:00:00+00:00,23.03,72.58,27.9,36,3.33,0.0,era5
2021-04-23 22:00:00+00:00,23.03,72.58,26.7,49,2.0,0.0,era5
2021-04-23 23:00:00+00:00,23.03,72.58,25.7,56,1.5,0.0,era5
2021-04-24 00:00:00+00:00,23.03,72.58,26.4,60,1.61,0.0,era5
2021-04-24 01:00:00+00:00,23.03,72.58,26.9,61,1.64,0.0,era5
2021-04-24 02:00:00+00:00,23.03,72.58,28.4,59,2.19,224.6,era5
2021-04-24 03:00:00+00:00,23.03,72.58,29.9,57,2.33,436.1,era5
2021-04-24 04:00:00+00:00,23.03,72.58,31.9,50,1.83,490.6,era5
2021-04-24 05:00:00+00:00,23.03,72.58,34.0,43,1.67,565.4,era5
2021-04-24 06:00:00+00:00,23.03,72.58,36.1,37,1.11,725.2,era5
2021-04-24 07:00:00+00:00,23.03,72.58,37.8,31,0.81,678.4,era5
2021-04-24 08:00:00+00:00,23.03,72.58,38.8,25,0.64,439.7,era5
2021-04-24 09:00:00+00:00,23.03,72.58,39.2,22,0.94,315.6,era5
2021-04-24 10:00:00+00:00,23.03,72.58,39.4,19,1.19,237.9,era5
2021-04-24 11:00:00+00:00,23.03,72.58,39.5,18,2.19,350.6,era5
2021-04-24 12:00:00+00:00,23.03,72.58,37.5,27,0.67,148.5,era5
2021-04-24 13:00:00+00:00,23.03,72.58,37.2,26,1.31,144.8,era5
2021-04-24 14:00:00+00:00,23.03,72.58,33.4,36,6.06,12.1,era5
2021-04-24 15:00:00+00:00,23.03,72.58,33.7,34,0.69,0.0,era5
2021-04-24 16:00:00+00:00,23.03,72.58,32.8,36,1.06,0.0,era5
2021-04-24 17:00:00+00:00,23.03,72.58,31.5,38,1.97,0.0,era5
2021-04-24 18:00:00+00:00,23.03,72.58,31.5,38,1.0,0.0,era5
2021-04-24 19:00:00+00:00,23.03,72.58,30.1,41,1.92,0.0,era5
2021-04-24 20:00:00+00:00,23.03,72.58,29.6,43,2.61,0.0,era5
2021-04-24 21:00:00+00:00,23.03,72.58,28.7,48,1.89,0.0,era5
2021-04-24 22:00:00+00:00,23.03,72.58,27.9,53,1.83,0.0,era5
2021-04-24 23:00:00+00:00,23.03,72.58,27.4,56,1.92,0.0,era5
2021-04-25 00:00:00+00:00,23.03,72.58,27.6,53,2.0,0.0,era5
2021-04-25 01:00:00+00:00,23.03,72.58,28.1,51,2.22,0.0,era5
2021-04-25 02:00:00+00:00,23.03,72.58,30.1,45,2.11,204.1,era5
2021-04-25 03:00:00+00:00,23.03,72.58,32.9,36,1.78,453.3,era5
2021-04-25 04:00:00+00:00,23.03,72.58,35.2,25,1.78,518.4,era5
2021-04-25 05:00:00+00:00,23.03,72.58,37.3,18,2.19,570.6,era5
2021-04-25 06:00:00+00:00,23.03,72.58,39.0,15,2.61,643.3,era5
2021-04-25 07:00:00+00:00,23.03,72.58,40.2,14,2.11,743.5,era5
2021-04-25 08:00:00+00:00,23.03,72.58,40.8,12,1.72,702.9,era5
2021-04-25 09:00:00+00:00,23.03,72.58,41.2,11,1.58,732.2,era5
2021-04-25 10:00:00+00:00,23.03,72.58,41.3,11,1.47,720.4,era5
2021-04-25 11:00:00+00:00,23.03,72.58,41.0,11,1.53,637.8,era5
2021-04-25 12:00:00+00:00,23.03,72.58,40.1,10,1.94,507.6,era5
2021-04-25 13:00:00+00:00,23.03,72.58,38.2,12,1.42,292.3,era5
2021-04-25 14:00:00+00:00,23.03,72.58,35.0,14,2.0,24.0,era5
2021-04-25 15:00:00+00:00,23.03,72.58,34.0,14,2.11,0.0,era5
2021-04-25 16:00:00+00:00,23.03,72.58,33.0,14,2.14,0.0,era5
2021-04-25 17:00:00+00:00,23.03,72.58,31.7,15,1.86,0.0,era5
2021-04-25 18:00:00+00:00,23.03,72.58,32.2,15,1.17,0.0,era5
2021-04-25 19:00:00+00:00,23.03,72.58,30.3,17,3.25,0.0,era5
2021-04-25 20:00:00+00:00,23.03,72.58,29.0,19,2.5,0.0,era5
2021-04-25 21:00:00+00:00,23.03,72.58,29.3,23,3.33,0.0,era5
2021-04-25 22:00:00+00:00,23.03,72.58,28.9,26,2.97,0.0,era5
2021-04-25 23:00:00+00:00,23.03,72.58,27.9,26,2.61,0.0,era5
2021-04-26 00:00:00+00:00,23.03,72.58,28.5,35,4.78,0.0,era5
2021-04-26 01:00:00+00:00,23.03,72.58,28.1,38,3.86,0.0,era5
2021-04-26 02:00:00+00:00,23.03,72.58,29.2,31,2.75,251.2,era5
2021-04-26 03:00:00+00:00,23.03,72.58,31.8,24,3.08,499.9,era5
2021-04-26 04:00:00+00:00,23.03,72.58,34.8,16,2.83,654.1,era5
2021-04-26 05:00:00+00:00,23.03,72.58,37.5,13,1.83,739.6,era5
2021-04-26 06:00:00+00:00,23.03,72.58,39.7,11,1.67,787.2,era5
2021-04-26 07:00:00+00:00,23.03,72.58,41.1,10,1.78,810.6,era5
2021-04-26 08:00:00+00:00,23.03,72.58,41.8,9,1.0,813.5,era5
2021-04-26 09:00:00+00:00,23.03,72.58,41.9,9,0.86,758.6,era5
2021-04-26 10:00:00+00:00,23.03,72.58,41.9,9,0.42,713.6,era5
2021-04-26 11:00:00+00:00,23.03,72.58,41.5,9,1.83,603.5,era5
2021-04-26 12:00:00+00:00,23.03,72.58,40.8,10,2.92,373.8,era5
2021-04-26 13:00:00+00:00,23.03,72.58,39.1,11,2.89,290.7,era5
2021-04-26 14:00:00+00:00,23.03,72.58,36.7,13,3.36,23.8,era5
2021-04-26 15:00:00+00:00,23.03,72.58,34.6,15,2.17,0.0,era5
2021-04-26 16:00:00+00:00,23.03,72.58,31.7,19,2.83,0.0,era5
2021-04-26 17:00:00+00:00,23.03,72.58,30.7,21,2.78,0.0,era5
2021-04-26 18:00:00+00:00,23.03,72.58,30.0,23,2.94,0.0,era5
2021-04-26 19:00:00+00:00,23.03,72.58,30.3,22,2.36,0.0,era5
2021-04-26 20:00:00+00:00,23.03,72.58,30.3,23,2.64,0.0,era5
2021-04-26 21:00:00+00:00,23.03,72.58,29.9,23,3.42,0.0,era5
2021-04-26 22:00:00+00:00,23.03,72.58,29.6,24,3.64,0.0,era5
2021-04-26 23:00:00+00:00,23.03,72.58,28.7,27,3.19,0.0,era5
2021-04-27 00:00:00+00:00,23.03,72.58,28.7,39,3.28,0.0,era5
2021-04-27 01:00:00+00:00,23.03,72.58,28.6,49,4.28,0.0,era5
2021-04-27 02:00:00+00:00,23.03,72.58,30.5,46,3.94,247.6,era5
2021-04-27 03:00:00+00:00,23.03,72.58,33.2,36,4.61,492.2,era5
2021-04-27 04:00:00+00:00,23.03,72.58,36.1,29,4.25,647.2,era5
2021-04-27 05:00:00+00:00,23.03,72.58,38.4,23,3.39,605.3,era5
2021-04-27 06:00:00+00:00,23.03,72.58,37.8,21,1.5,529.9,era5
2021-04-27 07:00:00+00:00,23.03,72.58,39.6,12,2.5,340.1,era5
2021-04-27 08:00:00+00:00,23.03,72.58,39.4,15,2.89,346.8,era5
2021-04-27 09:00:00+00:00,23.03,72.58,40.2,14,2.78,561.7,era5
2021-04-27 10:00:00+00:00,23.03,72.58,40.3,13,3.03,454.9,era5
2021-04-27 11:00:00+00:00,23.03,72.58,39.8,14,4.58,432.7,era5
2021-04-27 12:00:00+00:00,23.03,72.58,40.8,10,0.81,221.2,era5
2021-04-27 13:00:00+00:00,23.03,72.58,38.3,19,1.83,264.0,era5
2021-04-27 14:00:00+00:00,23.03,72.58,35.8,14,2.22,23.6,era5
2021-04-27 15:00:00+00:00,23.03,72.58,35.8,14,2.42,0.0,era5
2021-04-27 16:00:00+00:00,23.03,72.58,34.6,22,5.5,0.0,era5
2021-04-27 17:00:00+00:00,23.03,72.58,33.3,24,3.0,0.0,era5
2021-04-27 18:00:00+00:00,23.03,72.58,32.1,26,2.47,0.0,era5
2021-04-27 19:00:00+00:00,23.03,72.58,31.4,26,2.67,0.0,era5
2021-04-27 20:00:00+00:00,23.03,72.58,30.9,26,3.11,0.0,era5
2021-04-27 21:00:00+00:00,23.03,72.58,29.8,27,2.25,0.0,era5
2021-04-27 22:00:00+00:00,23.03,72.58,29.1,27,2.5,0.0,era5
2021-04-27 23:00:00+00:00,23.03,72.58,28.3,27,2.28,0.0,era5
2021-04-28 00:00:00+00:00,23.03,72.58,28.5,38,2.22,0.0,era5
2021-04-28 01:00:00+00:00,23.03,72.58,28.4,41,1.36,0.0,era5
2021-04-28 02:00:00+00:00,23.03,72.58,30.3,37,1.25,238.7,era5
2021-04-28 03:00:00+00:00,23.03,72.58,32.5,33,2.56,470.1,era5
2021-04-28 04:00:00+00:00,23.03,72.58,35.1,26,2.72,607.8,era5
2021-04-28 05:00:00+00:00,23.03,72.58,37.4,22,2.89,701.0,era5
2021-04-28 06:00:00+00:00,23.03,72.58,39.3,19,3.25,761.8,era5
2021-04-28 07:00:00+00:00,23.03,72.58,40.8,17,3.11,784.3,era5
2021-04-28 08:00:00+00:00,23.03,72.58,41.6,14,2.83,725.5,era5
2021-04-28 09:00:00+00:00,23.03,72.58,41.9,13,2.42,707.8,era5
2021-04-28 10:00:00+00:00,23.03,72.58,42.0,12,1.97,696.4,era5
2021-04-28 11:00:00+00:00,23.03,72.58,41.4,12,1.67,532.2,era5
2021-04-28 12:00:00+00:00,23.03,72.58,40.5,12,1.69,380.8,era5
2021-04-28 13:00:00+00:00,23.03,72.58,38.9,14,1.31,237.5,era5
2021-04-28 14:00:00+00:00,23.03,72.58,36.6,16,2.0,23.4,era5
2021-04-28 15:00:00+00:00,23.03,72.58,35.8,18,4.42,0.0,era5
2021-04-28 16:00:00+00:00,23.03,72.58,34.1,23,3.61,0.0,era5
2021-04-28 17:00:00+00:00,23.03,72.58,33.3,24,3.72,0.0,era5
2021-04-28 18:00:00+00:00,23.03,72.58,32.5,24,3.64,0.0,era5
2021-04-28 19:00:00+00:00,23.03,72.58,31.8,24,3.33,0.0,era5
2021-04-28 20:00:00+00:00,23.03,72.58,31.2,27,3.28,0.0,era5
2021-04-28 21:00:00+00:00,23.03,72.58,30.4,30,3.56,0.0,era5
2021-04-28 22:00:00+00:00,23.03,72.58,29.8,32,3.67,0.0,era5
2021-04-28 23:00:00+00:00,23.03,72.58,28.9,37,2.92,0.0,era5
2021-04-29 00:00:00+00:00,23.03,72.58,28.5,46,2.36,0.0,era5
2021-04-29 01:00:00+00:00,23.03,72.58,28.1,51,2.19,0.0,era5
2021-04-29 02:00:00+00:00,23.03,72.58,30.2,47,2.72,251.5,era5
2021-04-29 03:00:00+00:00,23.03,72.58,32.8,38,3.61,489.4,era5
2021-04-29 04:00:00+00:00,23.03,72.58,35.5,32,3.53,628.7,era5
2021-04-29 05:00:00+00:00,23.03,72.58,38.0,25,2.92,708.5,era5
2021-04-29 06:00:00+00:00,23.03,72.58,39.7,21,2.22,755.4,era5
2021-04-29 07:00:00+00:00,23.03,72.58,40.8,18,2.14,744.6,era5
2021-04-29 08:00:00+00:00,23.03,72.58,41.5,16,1.56,686.3,era5
2021-04-29 09:00:00+00:00,23.03,72.58,41.3,15,2.17,487.6,era5
2021-04-29 10:00:00+00:00,23.03,72.58,40.9,16,2.22,389.4,era5
2021-04-29 11:00:00+00:00,23.03,72.58,40.5,15,1.53,319.5,era5
2021-04-29 12:00:00+00:00,23.03,72.58,39.3,15,2.75,129.5,era5
2021-04-29 13:00:00+00:00,23.03,72.58,37.4,17,1.36,294.2,era5
2021-04-29 14:00:00+00:00,23.03,72.58,34.3,19,2.42,23.2,era5
2021-04-29 15:00:00+00:00,23.03,72.58,33.9,18,2.0,0.0,era5
2021-04-29 16:00:00+00:00,23.03,72.58,33.4,20,2.53,0.0,era5
2021-04-29 17:00:00+00:00,23.03,72.58,33.2,23,3.81,0.0,era5
2021-04-29 18:00:00+00:00,23.03,72.58,32.1,25,2.5,0.0,era5
2021-04-29 19:00:00+00:00,23.03,72.58,31.1,26,2.83,0.0,era5
2021-04-29 20:00:00+00:00,23.03,72.58,30.8,27,3.42,0.0,era5
2021-04-29 21:00:00+00:00,23.03,72.58,29.9,30,3.39,0.0,era5
2021-04-29 22:00:00+00:00,23.03,72.58,29.1,34,3.67,0.0,era5
2021-04-29 23:00:00+00:00,23.03,72.58,28.3,42,3.5,0.0,era5
2021-04-30 00:00:00+00:00,23.03,72.58,28.1,58,3.28,0.0,era5
2021-04-30 01:00:00+00:00,23.03,72.58,28.3,63,2.78,0.0,era5
2021-04-30 02:00:00+00:00,23.03,72.58,29.7,58,2.47,242.9,era5
2021-04-30 03:00:00+00:00,23.03,72.58,31.6,48,2.14,474.9,era5
2021-04-30 04:00:00+00:00,23.03,72.58,33.8,40,1.19,618.9,era5
2021-04-30 05:00:00+00:00,23.03,72.58,36.1,32,0.86,702.2,era5
2021-04-30 06:00:00+00:00,23.03,72.58,38.2,25,0.92,751.1,era5
2021-04-30 07:00:00+00:00,23.03,72.58,39.8,20,1.5,772.6,era5
2021-04-30 08:00:00+00:00,23.03,72.58,40.9,17,2.03,750.9,era5
2021-04-30 09:00:00+00:00,23.03,72.58,41.1,15,2.47,726.1,era5
2021-04-30 10:00:00+00:00,23.03,72.58,41.2,15,2.11,673.2,era5
2021-04-30 11:00:00+00:00,23.03,72.58,41.1,14,2.19,577.7,era5
2021-04-30 12:00:00+00:00,23.03,72.58,40.1,15,2.44,385.5,era5
2021-04-30 13:00:00+00:00,23.03,72.58,39.1,15,2.14,206.1,era5
2021-04-30 14:00:00+00:00,23.03,72.58,36.1,18,1.94,11.5,era5
2021-04-30 15:00:00+00:00,23.03,72.58,35.7,20,2.33,0.0,era5
2021-04-30 16:00:00+00:00,23.03,72.58,34.6,22,3.06,0.0,era5
2021-04-30 17:00:00+00:00,23.03,72.58,33.9,23,4.39,0.0,era5
2021-04-30 18:00:00+00:00,23.03,72.58,33.2,29,3.61,0.0,era5
2021-04-30 19:00:00+00:00,23.03,72.58,32.5,32,3.78,0.0,era5
2021-04-30 20:00:00+00:00,23.03,72.58,31.7,40,4.19,0.0,era5
2021-04-30 21:00:00+00:00,23.03,72.58,30.8,48,3.89,0.0,era5
2021-04-30 22:00:00+00:00,23.03,72.58,30.5,53,3.94,0.0,era5
2021-04-30 23:00:00+00:00,23.03,72.58,29.8,56,3.94,0.0,era5
2021-05-01 00:00:00+00:00,23.03,72.58,29.1,64,2.56,0.0,era5
2021-05-01 01:00:00+00:00,23.03,72.58,29.4,63,1.39,0.0,era5
2021-05-01 02:00:00+00:00,23.03,72.58,30.3,59,1.11,88.7,era5
2021-05-01 03:00:00+00:00,23.03,72.58,31.5,53,2.11,139.1,era5
2021-05-01 04:00:00+00:00,23.03,72.58,33.5,45,1.81,209.5,era5
2021-05-01 05:00:00+00:00,23.03,72.58,35.9,34,2.0,311.8,era5
2021-05-01 06:00:00+00:00,23.03,72.58,37.6,25,0.61,306.5,era5
2021-05-01 07:00:00+00:00,23.03,72.58,39.3,21,4.17,603.0,era5
2021-05-01 08:00:00+00:00,23.03,72.58,38.4,23,2.86,419.9,era5
2021-05-01 09:00:00+00:00,23.03,72.58,40.0,15,2.89,574.0,era5
2021-05-01 10:00:00+00:00,23.03,72.58,39.7,14,3.03,455.8,era5
2021-05-01 11:00:00+00:00,23.03,72.58,37.7,19,5.53,155.6,era5
2021-05-01 12:00:00+00:00,23.03,72.58,34.7,23,5.75,148.3,era5
2021-05-01 13:00:00+00:00,23.03,72.58,35.9,21,3.53,98.4,era5
2021-05-01 14:00:00+00:00,23.03,72.58,34.3,24,2.56,11.4,era5
2021-05-01 15:00:00+00:00,23.03,72.58,33.3,30,3.33,0.0,era5
2021-05-01 16:00:00+00:00,23.03,72.58,32.1,34,2.0,0.0,era5
2021-05-01 17:00:00+00:00,23.03,72.58,32.1,35,2.92,0.0,era5
2021-05-01 18:00:00+00:00,23.03,72.58,31.8,36,2.33,0.0,era5
2021-05-01 19:00:00+00:00,23.03,72.58,31.0,38,1.72,0.0,era5
2021-05-01 20:00:00+00:00,23.03,72.58,29.8,41,1.42,0.0,era5
2021-05-01 21:00:00+00:00,23.03,72.58,29.1,44,2.08,0.0,era5
2021-05-01 22:00:00+00:00,23.03,72.58,29.2,44,1.5,0.0,era5
2021-05-01 23:00:00+00:00,23.03,72.58,28.4,45,1.75,0.0,era5
2021-05-02 00:00:00+00:00,23.03,72.58,29.3,41,2.94,0.0,era5
2021-05-02 01:00:00+00:00,23.03,72.58,29.4,47,2.42,0.0,era5
2021-05-02 02:00:00+00:00,23.03,72.58,30.9,49,3.17,170.0,era5
2021-05-02 03:00:00+00:00,23.03,72.58,32.6,46,3.69,238.7,era5
2021-05-02 04:00:00+00:00,23.03,72.58,34.9,37,3.39,514.3,era5
2021-05-02 05:00:00+00:00,23.03,72.58,36.8,29,2.25,623.9,era5
2021-05-02 06:00:00+00:00,23.03,72.58,38.1,24,0.92,705.5,era5
2021-05-02 07:00:00+00:00,23.03,72.58,38.8,22,1.19,719.1,era5
2021-05-02 08:00:00+00:00,23.03,72.58,39.5,20,1.72,737.6,era5
2021-05-02 09:00:00+00:00,23.03,72.58,39.4,19,2.11,624.1,era5
2021-05-02 10:00:00+00:00,23.03,72.58,37.4,23,5.11,478.5,era5
2021-05-02 11:00:00+00:00,23.03,72.58,34.9,33,5.56,393.8,era5
2021-05-02 12:00:00+00:00,23.03,72.58,35.3,26,6.28,347.4,era5
2021-05-02 13:00:00+00:00,23.03,72.58,35.7,22,1.67,289.5,era5
2021-05-02 14:00:00+00:00,23.03,72.58,33.3,27,2.28,22.7,era5
2021-05-02 15:00:00+00:00,23.03,72.58,33.4,28,2.69,0.0,era5
2021-05-02 16:00:00+00:00,23.03,72.58,32.2,30,2.14,0.0,era5
2021-05-02 17:00:00+00:00,23.03,72.58,31.7,31,2.83,0.0,era5
2021-05-02 18:00:00+00:00,23.03,72.58,31.1,33,3.36,0.0,era5
2021-05-02 19:00:00+00:00,23.03,72.58,31.0,30,3.69,0.0,era5
2021-05-02 20:00:00+00:00,23.03,72.58,30.4,29,3.53,0.0,era5
2021-05-02 21:00:00+00:00,23.03,72.58,29.1,32,2.19,0.0,era5
2021-05-02 22:00:00+00:00,23.03,72.58,27.9,37,1.92,0.0,era5
2021-05-02 23:00:00+00:00,23.03,72.58,27.6,39,2.06,0.0,era5
2021-05-03 00:00:00+00:00,23.03,72.58,28.4,32,3.42,0.0,era5
2021-05-03 01:00:00+00:00,23.03,72.58,28.4,32,3.06,0.0,era5
2021-05-03 02:00:00+00:00,23.03,72.58,29.9,33,2.89,239.4,era5
2021-05-03 03:00:00+00:00,23.03,72.58,31.7,35,3.08,456.3,era5
2021-05-03 04:00:00+00:00,23.03,72.58,33.9,30,2.56,527.5,era5
2021-05-03 05:00:00+00:00,23.03,72.58,35.9,25,2.44,612.8,era5
2021-05-03 06:00:00+00:00,23.03,72.58,37.6,20,2.19,722.3,era5
2021-05-03 07:00:00+00:00,23.03,72.58,38.9,17,2.61,757.4,era5
2021-05-03 08:00:00+00:00,23.03,72.58,39.0,17,3.47,568.6,era5
2021-05-03 09:00:00+00:00,23.03,72.58,39.4,15,3.78,621.6,era5
2021-05-03 10:00:00+00:00,23.03,72.58,39.6,15,4.42,609.5,era5
2021-05-03 11:00:00+00:00,23.03,72.58,39.1,15,5.14,590.7,era5
2021-05-03 12:00:00+00:00,23.03,72.58,38.3,16,4.69,453.6,era5
2021-05-03 13:00:00+00:00,23.03,72.58,37.3,17,2.58,255.5,era5
2021-05-03 14:00:00+00:00,23.03,72.58,35.1,20,1.64,33.7,era5
2021-05-03 15:00:00+00:00,23.03,72.58,32.9,23,1.89,0.0,era5
2021-05-03 16:00:00+00:00,23.03,72.58,31.7,24,2.28,0.0,era5
2021-05-03 17:00:00+00:00,23.03,72.58,31.7,23,2.0,0.0,era5
2021-05-03 18:00:00+00:00,23.03,72.58,30.3,28,2.44,0.0,era5
2021-05-03 19:00:00+00:00,23.03,72.58,30.1,32,1.92,0.0,era5
2021-05-03 20:00:00+00:00,23.03,72.58,30.1,34,3.06,0.0,era5
2021-05-03 21:00:00+00:00,23.03,72.58,29.3,37,2.47,0.0,era5
2021-05-03 22:00:00+00:00,23.03,72.58,28.9,44,2.97,0.0,era5
2021-05-03 23:00:00+00:00,23.03,72.58,28.5,46,2.94,0.0,era5
2021-05-04 00:00:00+00:00,23.03,72.58,28.4,45,3.14,0.0,era5
2021-05-04 01:00:00+00:00,23.03,72.58,28.6,43,3.36,15.5,era5
2021-05-04 02:00:00+00:00,23.03,72.58,30.0,40,3.75,236.8,era5
2021-05-04 03:00:00+00:00,23.03,72.58,31.6,37,3.72,449.6,era5
2021-05-04 04:00:00+00:00,23.03,72.58,33.9,29,3.42,615.8,era5
2021-05-04 05:00:00+00:00,23.03,72.58,36.0,22,3.22,709.1,era5
2021-05-04 06:00:00+00:00,23.03,72.58,37.8,18,2.89,757.7,era5
2021-05-04 07:00:00+00:00,23.03,72.58,39.1,15,2.92,778.3,era5
2021-05-04 08:00:00+00:00,23.03,72.58,40.0,14,3.81,797.6,era5
2021-05-04 09:00:00+00:00,23.03,72.58,40.1,14,4.53,669.5,era5
2021-05-04 10:00:00+00:00,23.03,72.58,39.7,14,4.92,577.4,era5
2021-05-04 11:00:00+00:00,23.03,72.58,39.4,15,4.5,546.3,era5
2021-05-04 12:00:00+00:00,23.03,72.58,38.8,16,3.83,480.3,era5
2021-05-04 13:00:00+00:00,23.03,72.58,37.8,16,2.42,290.4,era5
2021-05-04 14:00:00+00:00,23.03,72.58,34.1,20,2.67,33.5,era5
2021-05-04 15:00:00+00:00,23.03,72.58,32.9,21,2.28,0.0,era5
2021-05-04 16:00:00+00:00,23.03,72.58,34.0,18,4.0,0.0,era5
2021-05-04 17:00:00+00:00,23.03,72.58,31.9,23,1.94,0.0,era5
2021-05-04 18:00:00+00:00,23.03,72.58,30.8,27,2.19,0.0,era5
2021-05-04 19:00:00+00:00,23.03,72.58,30.4,30,2.5,0.0,era5
2021-05-04 20:00:00+00:00,23.03,72.58,29.7,30,2.39,0.0,era5
2021-05-04 21:00:00+00:00,23.03,72.58,29.2,32,2.72,0.0,era5
2021-05-04 22:00:00+00:00,23.03,72.58,28.5,35,2.78,0.0,era5
2021-05-04 23:00:00+00:00,23.03,72.58,27.7,50,3.14,0.0,era5
2021-05-05 00:00:00+00:00,23.03,72.58,27.9,67,3.44,0.0,era5
2021-05-05 01:00:00+00:00,23.03,72.58,27.9,71,3.56,15.2,era5
2021-05-05 02:00:00+00:00,23.03,72.58,29.1,64,4.11,249.2,era5
2021-05-05 03:00:00+00:00,23.03,72.58,30.9,54,4.06,478.4,era5
2021-05-05 04:00:00+00:00,23.03,72.58,33.1,45,3.78,620.8,era5
2021-05-05 05:00:00+00:00,23.03,72.58,35.5,35,3.69,703.1,era5
2021-05-05 06:00:00+00:00,23.03,72.58,37.5,28,3.83,750.5,era5
2021-05-05 07:00:00+00:00,23.03,72.58,39.2,20,3.61,761.5,era5
2021-05-05 08:00:00+00:00,23.03,72.58,39.8,17,3.28,680.5,era5
2021-05-05 09:00:00+00:00,23.03,72.58,40.3,16,3.28,669.1,era5
2021-05-05 10:00:00+00:00,23.03,72.58,40.5,15,3.53,652.3,era5
2021-05-05 11:00:00+00:00,23.03,72.58,40.4,13,3.67,623.8,era5
2021-05-05 12:00:00+00:00,23.03,72.58,39.5,14,3.39,517.6,era5
2021-05-05 13:00:00+00:00,23.03,72.58,38.3,15,2.39,304.9,era5
2021-05-05 14:00:00+00:00,23.03,72.58,34.8,19,2.0,33.2,era5
2021-05-05 15:00:00+00:00,23.03,72.58,33.3,21,2.53,0.0,era5
2021-05-05 16:00:00+00:00,23.03,72.58,32.6,22,1.94,0.0,era5
2021-05-05 17:00:00+00:00,23.03,72.58,32.3,22,2.44,0.0,era5
2021-05-05 18:00:00+00:00,23.03,72.58,31.4,25,2.33,0.0,era5
2021-05-05 19:00:00+00:00,23.03,72.58,30.6,29,2.75,0.0,era5
2021-05-05 20:00:00+00:00,23.03,72.58,30.2,32,2.58,0.0,era5
2021-05-05 21:00:00+00:00,23.03,72.58,29.5,39,2.39,0.0,era5
2021-05-05 22:00:00+00:00,23.03,72.58,28.3,48,1.81,0.0,era5
2021-05-05 23:00:00+00:00,23.03,72.58,27.6,56,1.94,0.0,era5
2021-05-06 00:00:00+00:00,23.03,72.58,28.1,61,2.44,0.0,era5
2021-05-06 01:00:00+00:00,23.03,72.58,28.6,55,2.72,15.0,era5
2021-05-06 02:00:00+00:00,23.03,72.58,30.0,53,3.08,246.8,era5
2021-05-06 03:00:00+00:00,23.03,72.58,31.7,50,3.33,476.5,era5
2021-05-06 04:00:00+00:00,23.03,72.58,34.1,40,3.42,617.9,era5
2021-05-06 05:00:00+00:00,23.03,72.58,36.6,29,3.19,700.9,era5
2021-05-06 06:00:00+00:00,23.03,72.58,38.6,23,2.92,746.5,era5
2021-05-06 07:00:00+00:00,23.03,72.58,40.0,19,2.69,768.1,era5
2021-05-06 08:00:00+00:00,23.03,72.58,40.8,17,2.86,723.7,era5
2021-05-06 09:00:00+00:00,23.03,72.58,41.2,16,3.33,701.9,era5
2021-05-06 10:00:00+00:00,23.03,72.58,41.2,15,3.64,679.7,era5
2021-05-06 11:00:00+00:00,23.03,72.58,40.8,15,4.0,621.6,era5
2021-05-06 12:00:00+00:00,23.03,72.58,40.2,16,3.61,495.2,era5
2021-05-06 13:00:00+00:00,23.03,72.58,39.0,18,2.58,303.3,era5
2021-05-06 14:00:00+00:00,23.03,72.58,36.9,21,1.67,33.0,era5
2021-05-06 15:00:00+00:00,23.03,72.58,36.9,20,0.89,0.0,era5
2021-05-06 16:00:00+00:00,23.03,72.58,33.2,26,2.22,0.0,era5
2021-05-06 17:00:00+00:00,23.03,72.58,33.1,26,2.31,0.0,era5
2021-05-06 18:00:00+00:00,23.03,72.58,32.4,33,2.56,0.0,era5
2021-05-06 19:00:00+00:00,23.03,72.58,31.8,30,2.64,0.0,era5
2021-05-06 20:00:00+00:00,23.03,72.58,30.7,32,2.11,0.0,era5
2021-05-06 21:00:00+00:00,23.03,72.58,29.7,36,1.92,0.0,era5
2021-05-06 22:00:00+00:00,23.03,72.58,29.1,44,2.11,0.0,era5
2021-05-06 23:00:00+00:00,23.03,72.58,28.4,56,2.72,0.0,era5
2021-05-07 00:00:00+00:00,23.03,72.58,28.5,58,2.5,0.0,era5
2021-05-07 01:00:00+00:00,23.03,72.58,28.9,57,2.64,14.8,era5
2021-05-07 02:00:00+00:00,23.03,72.58,30.4,51,3.0,249.3,era5
2021-05-07 03:00:00+00:00,23.03,72.58,32.3,46,3.33,479.4,era5
2021-05-07 04:00:00+00:00,23.03,72.58,34.7,41,3.11,618.2,era5
2021-05-07 05:00:00+00:00,23.03,72.58,37.1,33,2.42,700.0,era5
2021-05-07 06:00:00+00:00,23.03,72.58,39.0,25,1.53,745.9,era5
2021-05-07 07:00:00+00:00,23.03,72.58,40.0,21,1.72,616.8,era5
2021-05-07 08:00:00+00:00,23.03,72.58,40.8,19,2.33,639.3,era5
2021-05-07 09:00:00+00:00,23.03,72.58,41.2,17,3.06,657.6,era5
2021-05-07 10:00:00+00:00,23.03,72.58,41.1,17,3.72,627.1,era5
2021-05-07 11:00:00+00:00,23.03,72.58,40.5,17,3.58,478.4,era5
2021-05-07 12:00:00+00:00,23.03,72.58,40.0,16,4.31,445.4,era5
2021-05-07 13:00:00+00:00,23.03,72.58,39.0,16,3.69,273.9,era5
2021-05-07 14:00:00+00:00,23.03,72.58,36.9,18,2.53,32.7,era5
2021-05-07 15:00:00+00:00,23.03,72.58,35.5,19,2.22,0.0,era5
2021-05-07 16:00:00+00:00,23.03,72.58,34.3,21,2.06,0.0,era5
2021-05-07 17:00:00+00:00,23.03,72.58,32.9,32,4.47,0.0,era5
2021-05-07 18:00:00+00:00,23.03,72.58,32.8,35,4.17,0.0,era5
2021-05-07 19:00:00+00:00,23.03,72.58,32.3,33,3.22,0.0,era5
2021-05-07 20:00:00+00:00,23.03,72.58,31.4,35,2.31,0.0,era5
2021-05-07 21:00:00+00:00,23.03,72.58,30.8,39,3.0,0.0,era5
2021-05-07 22:00:00+00:00,23.03,72.58,30.3,51,3.83,0.0,era5
2021-05-07 23:00:00+00:00,23.03,72.58,30.4,52,4.22,0.0,era5
2021-05-08 00:00:00+00:00,23.03,72.58,29.9,55,3.56,0.0,era5
2021-05-08 01:00:00+00:00,23.03,72.58,30.2,52,3.42,14.6,era5
2021-05-08 02:00:00+00:00,23.03,72.58,31.6,48,3.69,247.1,era5
2021-05-08 03:00:00+00:00,23.03,72.58,33.4,44,3.28,470.7,era5
2021-05-08 04:00:00+00:00,23.03,72.58,35.7,38,2.42,609.1,era5
2021-05-08 05:00:00+00:00,23.03,72.58,38.0,31,1.83,690.4,era5
2021-05-08 06:00:00+00:00,23.03,72.58,40.0,24,1.28,736.6,era5
2021-05-08 07:00:00+00:00,23.03,72.58,40.4,20,1.53,522.7,era5
2021-05-08 08:00:00+00:00,23.03,72.58,41.0,19,2.0,545.8,era5
2021-05-08 09:00:00+00:00,23.03,72.58,41.4,18,2.22,545.9,era5
2021-05-08 10:00:00+00:00,23.03,72.58,41.3,18,2.81,503.0,era5
2021-05-08 11:00:00+00:00,23.03,72.58,40.9,18,3.11,437.4,era5
2021-05-08 12:00:00+00:00,23.03,72.58,40.4,18,3.17,397.8,era5
2021-05-08 13:00:00+00:00,23.03,72.58,39.5,18,2.92,213.2,era5
2021-05-08 14:00:00+00:00,23.03,72.58,37.3,19,2.17,32.4,era5
2021-05-08 15:00:00+00:00,23.03,72.58,36.2,21,2.19,0.0,era5
2021-05-08 16:00:00+00:00,23.03,72.58,34.9,23,2.31,0.0,era5
2021-05-08 17:00:00+00:00,23.03,72.58,34.7,25,3.19,0.0,era5
2021-05-08 18:00:00+00:00,23.03,72.58,33.0,35,1.83,0.0,era5
2021-05-08 19:00:00+00:00,23.03,72.58,32.7,37,2.5,0.0,era5
2021-05-08 20:00:00+00:00,23.03,72.58,32.3,35,3.0,0.0,era5
2021-05-08 21:00:00+00:00,23.03,72.58,32.0,33,3.53,0.0,era5
2021-05-08 22:00:00+00:00,23.03,72.58,31.3,38,3.83,0.0,era5
2021-05-08 23:00:00+00:00,23.03,72.58,30.2,47,3.06,0.0,era5
2021-05-09 00:00:00+00:00,23.03,72.58,30.5,52,3.42,0.0,era5
2021-05-09 01:00:00+00:00,23.03,72.58,30.7,52,3.56,14.4,era5
2021-05-09 02:00:00+00:00,23.03,72.58,32.0,52,4.03,245.0,era5
2021-05-09 03:00:00+00:00,23.03,72.58,34.0,46,4.39,462.2,era5
2021-05-09 04:00:00+00:00,23.03,72.58,36.3,38,4.11,581.1,era5
2021-05-09 05:00:00+00:00,23.03,72.58,38.7,30,3.75,648.3,era5
2021-05-09 06:00:00+00:00,23.03,72.58,40.5,23,3.19,674.0,era5
2021-05-09 07:00:00+00:00,23.03,72.58,41.4,20,2.5,684.4,era5
2021-05-09 08:00:00+00:00,23.03,72.58,41.4,19,3.14,545.6,era5
2021-05-09 09:00:00+00:00,23.03,72.58,41.1,19,3.64,425.8,era5
2021-05-09 10:00:00+00:00,23.03,72.58,41.3,19,3.83,456.6,era5
2021-05-09 11:00:00+00:00,23.03,72.58,40.9,18,3.69,445.8,era5
2021-05-09 12:00:00+00:00,23.03,72.58,40.7,17,3.92,409.6,era5
2021-05-09 13:00:00+00:00,23.03,72.58,39.4,18,2.19,204.3,era5
2021-05-09 14:00:00+00:00,23.03,72.58,36.2,22,2.11,32.2,era5
2021-05-09 15:00:00+00:00,23.03,72.58,35.6,27,3.58,0.0,era5
2021-05-09 16:00:00+00:00,23.03,72.58,34.5,38,4.36,0.0,era5
2021-05-09 17:00:00+00:00,23.03,72.58,33.4,43,4.17,0.0,era5
2021-05-09 18:00:00+00:00,23.03,72.58,32.9,40,3.42,0.0,era5
2021-05-09 19:00:00+00:00,23.03,72.58,32.6,28,3.25,0.0,era5
2021-05-09 20:00:00+00:00,23.03,72.58,31.3,32,3.28,0.0,era5
2021-05-09 21:00:00+00:00,23.03,72.58,30.5,45,4.11,0.0,era5
2021-05-09 22:00:00+00:00,23.03,72.58,29.9,52,3.81,0.0,era5
2021-05-09 23:00:00+00:00,23.03,72.58,29.1,55,3.22,0.0,era5
2021-05-10 00:00:00+00:00,23.03,72.58,29.1,59,3.78,0.0,era5
2021-05-10 01:00:00+00:00,23.03,72.58,29.0,62,3.56,14.2,era5
2021-05-10 02:00:00+00:00,23.03,72.58,29.7,62,3.61,247.8,era5
2021-05-10 03:00:00+00:00,23.03,72.58,31.0,58,3.42,470.0,era5
2021-05-10 04:00:00+00:00,23.03,72.58,33.0,50,3.17,608.6,era5
2021-05-10 05:00:00+00:00,23.03,72.58,35.2,41,2.64,691.5,era5
2021-05-10 06:00:00+00:00,23.03,72.58,37.2,32,2.39,737.8,era5
2021-05-10 07:00:00+00:00,23.03,72.58,39.0,23,3.0,742.1,era5
2021-05-10 08:00:00+00:00,23.03,72.58,39.8,20,3.44,681.9,era5
2021-05-10 09:00:00+00:00,23.03,72.58,40.3,18,3.86,684.4,era5
2021-05-10 10:00:00+00:00,23.03,72.58,40.4,18,3.94,660.8,era5
2021-05-10 11:00:00+00:00,23.03,72.58,40.1,18,3.92,585.8,era5
2021-05-10 12:00:00+00:00,23.03,72.58,39.0,21,3.03,476.1,era5
2021-05-10 13:00:00+00:00,23.03,72.58,38.3,21,2.0,293.0,era5
2021-05-10 14:00:00+00:00,23.03,72.58,36.4,23,2.42,32.0,era5
2021-05-10 15:00:00+00:00,23.03,72.58,33.2,35,4.78,0.0,era5
2021-05-10 16:00:00+00:00,23.03,72.58,32.5,38,3.97,0.0,era5
2021-05-10 17:00:00+00:00,23.03,72.58,31.6,46,3.58,0.0,era5
2021-05-10 18:00:00+00:00,23.03,72.58,31.0,51,3.14,0.0,era5
2021-05-10 19:00:00+00:00,23.03,72.58,30.7,49,3.61,0.0,era5
2021-05-10 20:00:00+00:00,23.03,72.58,30.0,40,4.72,0.0,era5
2021-05-10 21:00:00+00:00,23.03,72.58,28.5,54,4.25,0.0,era5
2021-05-10 22:00:00+00:00,23.03,72.58,27.5,67,3.83,0.0,era5
2021-05-10 23:00:00+00:00,23.03,72.58,26.9,76,3.5,0.0,era5
2021-05-11 00:00:00+00:00,23.03,72.58,26.6,82,3.39,0.0,era5
2021-05-11 01:00:00+00:00,23.03,72.58,26.8,82,3.19,14.0,era5
2021-05-11 02:00:00+00:00,23.03,72.58,27.9,76,3.53,245.8,era5
2021-05-11 03:00:00+00:00,23.03,72.58,29.6,66,3.36,463.9,era5
2021-05-11 04:00:00+00:00,23.03,72.58,31.8,55,3.11,585.5,era5
2021-05-11 05:00:00+00:00,23.03,72.58,34.1,44,3.03,682.1,era5
2021-05-11 06:00:00+00:00,23.03,72.58,36.3,35,3.06,738.5,era5
2021-05-11 07:00:00+00:00,23.03,72.58,38.1,28,3.31,761.1,era5
2021-05-11 08:00:00+00:00,23.03,72.58,39.1,23,3.44,661.4,era5
2021-05-11 09:00:00+00:00,23.03,72.58,39.8,20,3.94,674.4,era5
2021-05-11 10:00:00+00:00,23.03,72.58,39.7,20,4.17,538.2,era5
2021-05-11 11:00:00+00:00,23.03,72.58,39.5,20,3.69,438.8,era5
2021-05-11 12:00:00+00:00,23.03,72.58,38.3,21,4.25,405.7,era5
2021-05-11 13:00:00+00:00,23.03,72.58,37.3,22,3.61,272.0,era5
2021-05-11 14:00:00+00:00,23.03,72.58,35.6,24,2.31,42.3,era5
2021-05-11 15:00:00+00:00,23.03,72.58,34.2,27,2.28,0.0,era5
2021-05-11 16:00:00+00:00,23.03,72.58,31.8,47,3.81,0.0,era5
2021-05-11 17:00:00+00:00,23.03,72.58,30.2,65,3.61,0.0,era5
2021-05-11 18:00:00+00:00,23.03,72.58,29.7,69,3.08,0.0,era5
2021-05-11 19:00:00+00:00,23.03,72.58,29.1,72,3.03,0.0,era5
2021-05-11 20:00:00+00:00,23.03,72.58,29.2,57,2.97,0.0,era5
2021-05-11 21:00:00+00:00,23.03,72.58,28.8,48,3.22,0.0,era5
2021-05-11 22:00:00+00:00,23.03,72.58,27.8,58,3.11,0.0,era5
2021-05-11 23:00:00+00:00,23.03,72.58,26.9,69,2.81,0.0,era5
2021-05-12 00:00:00+00:00,23.03,72.58,26.9,75,2.94,0.0,era5
2021-05-12 01:00:00+00:00,23.03,72.58,26.9,75,3.25,13.8,era5
2021-05-12 02:00:00+00:00,23.03,72.58,27.8,70,3.31,248.7,era5
2021-05-12 03:00:00+00:00,23.03,72.58,29.5,62,3.31,474.1,era5
2021-05-12 04:00:00+00:00,23.03,72.58,31.8,50,3.42,611.4,era5
2021-05-12 05:00:00+00:00,23.03,72.58,34.2,38,3.42,696.5,era5
2021-05-12 06:00:00+00:00,23.03,72.58,36.4,29,3.64,744.6,era5
2021-05-12 07:00:00+00:00,23.03,72.58,37.9,24,4.03,765.8,era5
2021-05-12 08:00:00+00:00,23.03,72.58,39.1,21,4.53,766.3,era5
2021-05-12 09:00:00+00:00,23.03,72.58,39.8,19,4.69,746.8,era5
2021-05-12 10:00:00+00:00,23.03,72.58,40.4,17,4.5,704.6,era5
2021-05-12 11:00:00+00:00,23.03,72.58,40.3,16,5.03,635.1,era5
2021-05-12 12:00:00+00:00,23.03,72.58,39.1,18,4.31,509.6,era5
2021-05-12 13:00:00+00:00,23.03,72.58,38.4,19,4.19,266.7,era5
2021-05-12 14:00:00+00:00,23.03,72.58,35.9,23,3.69,41.9,era5
2021-05-12 15:00:00+00:00,23.03,72.58,32.4,44,5.5,0.0,era5
2021-05-12 16:00:00+00:00,23.03,72.58,31.2,53,5.11,0.0,era5
2021-05-12 17:00:00+00:00,23.03,72.58,30.7,57,4.61,0.0,era5
2021-05-12 18:00:00+00:00,23.03,72.58,30.6,49,3.81,0.0,era5
2021-05-12 19:00:00+00:00,23.03,72.58,30.0,37,3.69,0.0,era5
2021-05-12 20:00:00+00:00,23.03,72.58,28.5,54,3.61,0.0,era5
2021-05-12 21:00:00+00:00,23.03,72.58,27.6,68,3.5,0.0,era5
2021-05-12 22:00:00+00:00,23.03,72.58,27.0,75,2.69,0.0,era5
2021-05-12 23:00:00+00:00,23.03,72.58,26.7,77,2.28,0.0,era5
2021-05-13 00:00:00+00:00,23.03,72.58,26.3,78,2.11,0.0,era5
2021-05-13 01:00:00+00:00,23.03,72.58,26.7,77,2.28,13.7,era5
2021-05-13 02:00:00+00:00,23.03,72.58,27.8,69,3.69,247.0,era5
2021-05-13 03:00:00+00:00,23.03,72.58,29.2,62,3.89,447.6,era5
2021-05-13 04:00:00+00:00,23.03,72.58,30.9,53,4.06,553.9,era5
2021-05-13 05:00:00+00:00,23.03,72.58,32.9,45,4.31,653.5,era5
2021-05-13 06:00:00+00:00,23.03,72.58,35.0,37,4.58,719.2,era5
2021-05-13 07:00:00+00:00,23.03,72.58,36.8,31,4.75,762.5,era5
2021-05-13 08:00:00+00:00,23.03,72.58,38.1,27,4.67,763.0,era5
2021-05-13 09:00:00+00:00,23.03,72.58,39.2,22,4.47,715.5,era5
2021-05-13 10:00:00+00:00,23.03,72.58,39.6,19,4.31,560.4,era5
2021-05-13 11:00:00+00:00,23.03,72.58,39.7,18,4.31,564.3,era5
2021-05-13 12:00:00+00:00,23.03,72.58,39.1,21,4.42,447.8,era5
2021-05-13 13:00:00+00:00,23.03,72.58,35.2,40,5.83,269.1,era5
2021-05-13 14:00:00+00:00,23.03,72.58,33.4,45,4.92,31.2,era5
2021-05-13 15:00:00+00:00,23.03,72.58,31.7,55,5.0,0.0,era5
2021-05-13 16:00:00+00:00,23.03,72.58,30.4,62,4.08,0.0,era5
2021-05-13 17:00:00+00:00,23.03,72.58,29.6,69,3.61,0.0,era5
2021-05-13 18:00:00+00:00,23.03,72.58,29.4,71,3.25,0.0,era5
2021-05-13 19:00:00+00:00,23.03,72.58,29.1,72,2.25,0.0,era5
2021-05-13 20:00:00+00:00,23.03,72.58,28.6,74,1.67,0.0,era5
2021-05-13 21:00:00+00:00,23.03,72.58,28.6,71,1.94,0.0,era5
2021-05-13 22:00:00+00:00,23.03,72.58,28.5,69,2.44,0.0,era5
2021-05-13 23:00:00+00:00,23.03,72.58,28.0,72,2.22,0.0,era5
2021-05-14 00:00:00+00:00,23.03,72.58,27.6,75,2.33,0.0,era5
2021-05-14 01:00:00+00:00,23.03,72.58,27.9,75,2.58,13.6,era5
2021-05-14 02:00:00+00:00,23.03,72.58,28.8,70,2.56,240.7,era5
2021-05-14 03:00:00+00:00,23.03,72.58,30.3,61,2.22,469.3,era5
2021-05-14 04:00:00+00:00,23.03,72.58,32.2,51,1.81,609.8,era5
2021-05-14 05:00:00+00:00,23.03,72.58,34.4,42,2.14,687.9,era5
2021-05-14 06:00:00+00:00,23.03,72.58,36.4,35,2.86,737.3,era5
2021-05-14 07:00:00+00:00,23.03,72.58,38.2,27,3.61,752.1,era5
2021-05-14 08:00:00+00:00,23.03,72.58,39.3,22,3.89,642.5,era5
2021-05-14 09:00:00+00:00,23.03,72.58,40.0,19,4.08,608.4,era5
2021-05-14 10:00:00+00:00,23.03,72.58,40.3,17,3.83,630.0,era5
2021-05-14 11:00:00+00:00,23.03,72.58,40.2,16,3.81,581.5,era5
2021-05-14 12:00:00+00:00,23.03,72.58,39.4,17,3.25,409.2,era5
2021-05-14 13:00:00+00:00,23.03,72.58,38.4,18,2.58,290.6,era5
2021-05-14 14:00:00+00:00,23.03,72.58,35.3,21,1.83,41.3,era5
2021-05-14 15:00:00+00:00,23.03,72.58,34.4,23,1.86,0.0,era5
2021-05-14 16:00:00+00:00,23.03,72.58,33.7,26,3.33,0.0,era5
2021-05-14 17:00:00+00:00,23.03,72.58,31.9,38,3.36,0.0,era5
2021-05-14 18:00:00+00:00,23.03,72.58,31.3,44,3.08,0.0,era5
2021-05-14 19:00:00+00:00,23.03,72.58,30.5,47,1.75,0.0,era5
2021-05-14 20:00:00+00:00,23.03,72.58,30.0,45,2.11,0.0,era5
2021-05-14 21:00:00+00:00,23.03,72.58,29.7,41,3.47,0.0,era5
2021-05-14 22:00:00+00:00,23.03,72.58,28.8,46,3.72,0.0,era5
2021-05-14 23:00:00+00:00,23.03,72.58,27.8,59,3.06,0.0,era5
2021-05-15 00:00:00+00:00,23.03,72.58,28.1,63,3.36,0.0,era5
2021-05-15 01:00:00+00:00,23.03,72.58,28.4,67,3.47,13.4,era5
2021-05-15 02:00:00+00:00,23.03,72.58,30.1,64,3.83,248.4,era5
2021-05-15 03:00:00+00:00,23.03,72.58,32.5,55,3.33,470.5,era5
2021-05-15 04:00:00+00:00,23.03,72.58,35.0,46,2.58,605.9,era5
2021-05-15 05:00:00+00:00,23.03,72.58,37.3,37,1.67,676.2,era5
2021-05-15 06:00:00+00:00,23.03,72.58,39.3,29,0.64,728.3,era5
2021-05-15 07:00:00+00:00,23.03,72.58,40.7,23,1.08,749.8,era5
2021-05-15 08:00:00+00:00,23.03,72.58,41.7,20,1.97,736.2,era5
2021-05-15 09:00:00+00:00,23.03,72.58,42.2,18,2.22,656.1,era5
2021-05-15 10:00:00+00:00,23.03,72.58,42.1,17,1.58,621.1,era5
2021-05-15 11:00:00+00:00,23.03,72.58,41.7,17,1.31,436.7,era5
2021-05-15 12:00:00+00:00,23.03,72.58,40.2,19,1.5,283.3,era5
2021-05-15 13:00:00+00:00,23.03,72.58,39.6,19,1.97,182.6,era5
2021-05-15 14:00:00+00:00,23.03,72.58,37.2,22,1.78,30.7,era5
2021-05-15 15:00:00+00:00,23.03,72.58,35.9,25,1.97,0.0,era5
2021-05-15 16:00:00+00:00,23.03,72.58,36.4,24,1.5,0.0,era5
2021-05-15 17:00:00+00:00,23.03,72.58,35.8,24,1.53,0.0,era5
2021-05-15 18:00:00+00:00,23.03,72.58,34.8,25,1.5,0.0,era5
2021-05-15 19:00:00+00:00,23.03,72.58,34.8,24,1.42,0.0,era5
2021-05-15 20:00:00+00:00,23.03,72.58,35.1,23,3.31,0.0,era5
2021-05-15 21:00:00+00:00,23.03,72.58,35.1,23,4.31,0.0,era5
2021-05-15 22:00:00+00:00,23.03,72.58,34.9,23,4.31,0.0,era5
2021-05-15 23:00:00+00:00,23.03,72.58,35.1,23,4.19,0.0,era5
2021-05-16 00:00:00+00:00,23.03,72.58,33.5,26,3.03,0.0,era5
2021-05-16 01:00:00+00:00,23.03,72.58,33.6,26,3.75,0.0,era5
2021-05-16 02:00:00+00:00,23.03,72.58,34.5,26,4.75,41.1,era5
2021-05-16 03:00:00+00:00,23.03,72.58,35.8,24,5.44,84.3,era5
2021-05-16 04:00:00+00:00,23.03,72.58,38.7,21,4.42,362.2,era5
2021-05-16 05:00:00+00:00,23.03,72.58,40.4,22,4.64,601.0,era5
2021-05-16 06:00:00+00:00,23.03,72.58,41.4,22,4.0,571.6,era5
2021-05-16 07:00:00+00:00,23.03,72.58,42.4,21,4.08,545.4,era5
2021-05-16 08:00:00+00:00,23.03,72.58,42.7,21,4.56,475.5,era5
2021-05-16 09:00:00+00:00,23.03,72.58,42.3,22,4.31,376.5,era5
2021-05-16 10:00:00+00:00,23.03,72.58,41.9,23,4.25,310.9,era5
2021-05-16 11:00:00+00:00,23.03,72.58,42.0,22,4.44,290.8,era5
2021-05-16 12:00:00+00:00,23.03,72.58,41.4,21,5.25,236.9,era5
2021-05-16 13:00:00+00:00,23.03,72.58,38.3,30,0.56,0.0,era5
2021-05-16 14:00:00+00:00,23.03,72.58,32.7,50,7.36,0.0,era5
2021-05-16 15:00:00+00:00,23.03,72.58,30.4,62,6.19,0.0,era5
2021-05-16 16:00:00+00:00,23.03,72.58,29.6,70,5.81,0.0,era5
2021-05-16 17:00:00+00:00,23.03,72.58,29.4,70,6.08,0.0,era5
2021-05-16 18:00:00+00:00,23.03,72.58,29.3,69,6.39,0.0,era5
2021-05-16 19:00:00+00:00,23.03,72.58,29.1,70,6.31,0.0,era5
2021-05-16 20:00:00+00:00,23.03,72.58,29.1,69,5.81,0.0,era5
2021-05-16 21:00:00+00:00,23.03,72.58,29.2,67,5.25,0.0,era5
2021-05-16 22:00:00+00:00,23.03,72.58,29.5,64,4.97,0.0,era5
2021-05-16 23:00:00+00:00,23.03,72.58,29.5,63,5.19,0.0,era5
2021-05-17 00:00:00+00:00,23.03,72.58,26.8,81,6.56,0.0,era5
2021-05-17 01:00:00+00:00,23.03,72.58,27.6,76,7.03,0.0,era5
2021-05-17 02:00:00+00:00,23.03,72.58,28.4,73,6.14,0.0,era5
2021-05-17 03:00:00+00:00,23.03,72.58,29.1,69,7.36,4.5,era5
2021-05-17 04:00:00+00:00,23.03,72.58,31.0,61,8.25,53.3,era5
2021-05-17 05:00:00+00:00,23.03,72.58,32.0,56,7.81,19.9,era5
2021-05-17 06:00:00+00:00,23.03,72.58,35.2,46,7.89,330.2,era5
2021-05-17 07:00:00+00:00,23.03,72.58,35.9,44,7.33,66.0,era5
2021-05-17 08:00:00+00:00,23.03,72.58,37.6,38,6.72,136.3,era5
2021-05-17 09:00:00+00:00,23.03,72.58,29.4,78,5.86,81.0,era5
2021-05-17 10:00:00+00:00,23.03,72.58,30.3,71,2.75,0.0,era5
2021-05-17 11:00:00+00:00,23.03,72.58,32.7,58,5.44,40.0,era5
2021-05-17 12:00:00+00:00,23.03,72.58,33.4,52,4.31,20.7,era5
2021-05-17 13:00:00+00:00,23.03,72.58,32.1,59,6.19,15.1,era5
2021-05-17 14:00:00+00:00,23.03,72.58,31.7,59,7.08,0.0,era5
2021-05-17 15:00:00+00:00,23.03,72.58,31.2,62,7.69,0.0,era5
2021-05-17 16:00:00+00:00,23.03,72.58,30.2,68,6.28,0.0,era5
2021-05-17 17:00:00+00:00,23.03,72.58,29.2,78,5.5,0.0,era5
2021-05-17 18:00:00+00:00,23.03,72.58,28.3,85,5.39,0.0,era5
2021-05-17 19:00:00+00:00,23.03,72.58,27.7,89,5.25,0.0,era5
2021-05-17 20:00:00+00:00,23.03,72.58,28.1,84,6.61,0.0,era5
2021-05-17 21:00:00+00:00,23.03,72.58,27.7,79,6.92,0.0,era5
2021-05-17 22:00:00+00:00,23.03,72.58,27.9,72,6.83,0.0,era5
2021-05-17 23:00:00+00:00,23.03,72.58,28.1,67,7.53,0.0,era5
2021-05-18 00:00:00+00:00,23.03,72.58,26.5,84,7.83,0.0,era5
2021-05-18 01:00:00+00:00,23.03,72.58,26.1,87,7.78,0.0,era5
2021-05-18 02:00:00+00:00,23.03,72.58,26.0,88,8.14,0.0,era5
2021-05-18 03:00:00+00:00,23.03,72.58,26.2,87,9.58,0.0,era5
2021-05-18 04:00:00+00:00,23.03,72.58,26.1,86,9.61,0.0,era5
2021-05-18 05:00:00+00:00,23.03,72.58,26.2,87,9.42,0.0,era5
2021-05-18 06:00:00+00:00,23.03,72.58,26.2,87,9.39,0.0,era5
2021-05-18 07:00:00+00:00,23.03,72.58,26.1,87,10.22,0.0,era5
2021-05-18 08:00:00+00:00,23.03,72.58,25.9,88,10.61,1.0,era5
2021-05-18 09:00:00+00:00,23.03,72.58,25.7,89,12.81,0.0,era5
2021-05-18 10:00:00+00:00,23.03,72.58,25.7,90,14.47,1.2,era5
2021-05-18 11:00:00+00:00,23.03,72.58,25.8,91,15.97,0.0,era5
2021-05-18 12:00:00+00:00,23.03,72.58,24.5,92,13.44,0.0,era5
2021-05-18 13:00:00+00:00,23.03,72.58,25.1,95,7.58,0.0,era5
2021-05-18 14:00:00+00:00,23.03,72.58,24.9,93,11.53,0.0,era5
2021-05-18 15:00:00+00:00,23.03,72.58,25.6,90,11.25,0.0,era5
2021-05-18 16:00:00+00:00,23.03,72.58,25.7,90,9.89,0.0,era5
2021-05-18 17:00:00+00:00,23.03,72.58,25.4,91,8.36,0.0,era5
2021-05-18 18:00:00+00:00,23.03,72.58,24.9,93,7.83,0.0,era5
2021-05-18 19:00:00+00:00,23.03,72.58,24.8,90,7.72,0.0,era5
2021-05-18 20:00:00+00:00,23.03,72.58,24.5,89,6.89,0.0,era5
2021-05-18 21:00:00+00:00,23.03,72.58,24.3,89,6.0,0.0,era5
2021-05-18 22:00:00+00:00,23.03,72.58,24.2,89,5.58,0.0,era5
2021-05-18 23:00:00+00:00,23.03,72.58,24.3,88,5.36,0.0,era5
2021-05-19 00:00:00+00:00,23.03,72.58,23.0,88,5.28,0.0,era5
2021-05-19 01:00:00+00:00,23.03,72.58,23.5,87,5.75,0.0,era5
2021-05-19 02:00:00+00:00,23.03,72.58,24.4,85,5.42,0.0,era5
2021-05-19 03:00:00+00:00,23.03,72.58,25.0,82,8.36,29.4,era5
2021-05-19 04:00:00+00:00,23.03,72.58,25.8,77,7.94,37.5,era5
2021-05-19 05:00:00+00:00,23.03,72.58,27.0,70,7.69,29.9,era5
2021-05-19 06:00:00+00:00,23.03,72.58,28.6,65,6.75,84.7,era5
2021-05-19 07:00:00+00:00,23.03,72.58,29.0,64,6.83,48.7,era5
2021-05-19 08:00:00+00:00,23.03,72.58,30.7,57,7.25,162.4,era5
2021-05-19 09:00:00+00:00,23.03,72.58,31.5,55,6.22,348.3,era5
2021-05-19 10:00:00+00:00,23.03,72.58,32.3,52,6.28,609.8,era5
2021-05-19 11:00:00+00:00,23.03,72.58,32.5,50,6.0,560.3,era5
2021-05-19 12:00:00+00:00,23.03,72.58,30.1,60,3.56,402.5,era5
2021-05-19 13:00:00+00:00,23.03,72.58,29.5,64,3.36,189.9,era5
2021-05-19 14:00:00+00:00,23.03,72.58,28.0,68,3.33,29.8,era5
2021-05-19 15:00:00+00:00,23.03,72.58,27.3,70,3.22,0.0,era5
2021-05-19 16:00:00+00:00,23.03,72.58,26.6,72,3.31,0.0,era5
2021-05-19 17:00:00+00:00,23.03,72.58,25.9,74,2.89,0.0,era5
2021-05-19 18:00:00+00:00,23.03,72.58,25.1,76,2.61,0.0,era5
2021-05-19 19:00:00+00:00,23.03,72.58,24.4,79,2.42,0.0,era5
2021-05-19 20:00:00+00:00,23.03,72.58,24.0,82,2.75,0.0,era5
2021-05-19 21:00:00+00:00,23.03,72.58,23.9,82,2.92,0.0,era5
2021-05-19 22:00:00+00:00,23.03,72.58,23.8,82,2.78,0.0,era5
2021-05-19 23:00:00+00:00,23.03,72.58,23.6,83,2.42,0.0,era5
2021-05-20 00:00:00+00:00,23.03,72.58,22.7,86,1.75,0.0,era5
2021-05-20 01:00:00+00:00,23.03,72.58,24.1,79,0.22,12.9,era5
2021-05-20 02:00:00+00:00,23.03,72.58,25.4,76,0.86,241.8,era5
2021-05-20 03:00:00+00:00,23.03,72.58,27.2,72,0.39,459.0,era5
2021-05-20 04:00:00+00:00,23.03,72.58,29.0,68,1.17,598.3,era5
2021-05-20 05:00:00+00:00,23.03,72.58,30.5,65,2.03,680.7,era5
2021-05-20 06:00:00+00:00,23.03,72.58,31.9,60,2.39,726.1,era5
2021-05-20 07:00:00+00:00,23.03,72.58,32.9,56,2.61,741.8,era5
2021-05-20 08:00:00+00:00,23.03,72.58,33.8,53,2.78,752.4,era5
2021-05-20 09:00:00+00:00,23.03,72.58,34.4,50,2.94,734.7,era5
2021-05-20 10:00:00+00:00,23.03,72.58,34.6,50,2.97,693.5,era5
2021-05-20 11:00:00+00:00,23.03,72.58,34.5,51,2.78,621.6,era5
2021-05-20 12:00:00+00:00,23.03,72.58,34.5,51,1.92,496.4,era5
2021-05-20 13:00:00+00:00,23.03,72.58,32.3,62,3.17,296.4,era5
2021-05-20 14:00:00+00:00,23.03,72.58,30.0,77,3.53,49.4,era5
2021-05-20 15:00:00+00:00,23.03,72.58,28.7,82,4.0,0.0,era5
2021-05-20 16:00:00+00:00,23.03,72.58,27.7,86,4.31,0.0,era5
2021-05-20 17:00:00+00:00,23.03,72.58,27.3,87,3.61,0.0,era5
2021-05-20 18:00:00+00:00,23.03,72.58,27.2,88,2.81,0.0,era5
2021-05-20 19:00:00+00:00,23.03,72.58,26.2,93,1.78,0.0,era5
2021-05-20 20:00:00+00:00,23.03,72.58,25.9,95,1.69,0.0,era5
2021-05-20 21:00:00+00:00,23.03,72.58,26.0,95,1.53,0.0,era5
2021-05-20 22:00:00+00:00,23.03,72.58,25.8,95,2.47,0.0,era5
2021-05-20 23:00:00+00:00,23.03,72.58,25.6,88,2.78,0.0,era5
2021-05-21 00:00:00+00:00,23.03,72.58,25.0,85,3.36,0.0,era5
2021-05-21 01:00:00+00:00,23.03,72.58,25.3,87,3.53,12.8,era5
2021-05-21 02:00:00+00:00,23.03,72.58,26.3,86,4.31,218.5,era5
2021-05-21 03:00:00+00:00,23.03,72.58,27.7,78,4.56,259.6,era5
2021-05-21 04:00:00+00:00,23.03,72.58,28.8,71,3.81,266.9,era5
2021-05-21 05:00:00+00:00,23.03,72.58,30.1,64,3.83,317.2,era5
2021-05-21 06:00:00+00:00,23.03,72.58,31.3,61,3.81,538.2,era5
2021-05-21 07:00:00+00:00,23.03,72.58,32.2,58,3.97,595.6,era5
2021-05-21 08:00:00+00:00,23.03,72.58,32.8,57,4.11,567.7,era5
2021-05-21 09:00:00+00:00,23.03,72.58,33.3,55,4.03,678.0,era5
2021-05-21 10:00:00+00:00,23.03,72.58,33.5,56,4.25,665.5,era5
2021-05-21 11:00:00+00:00,23.03,72.58,33.5,57,4.08,616.5,era5
2021-05-21 12:00:00+00:00,23.03,72.58,33.4,56,3.58,493.2,era5
2021-05-21 13:00:00+00:00,23.03,72.58,31.4,67,3.92,298.6,era5
2021-05-21 14:00:00+00:00,23.03,72.58,29.6,72,4.11,49.0,era5
2021-05-21 15:00:00+00:00,23.03,72.58,28.3,77,4.61,0.0,era5
2021-05-21 16:00:00+00:00,23.03,72.58,27.6,80,4.39,0.0,era5
2021-05-21 17:00:00+00:00,23.03,72.58,27.4,82,4.22,0.0,era5
2021-05-21 18:00:00+00:00,23.03,72.58,27.2,85,3.22,0.0,era5
2021-05-21 19:00:00+00:00,23.03,72.58,26.9,87,2.42,0.0,era5
2021-05-21 20:00:00+00:00,23.03,72.58,26.6,87,2.19,0.0,era5
2021-05-21 21:00:00+00:00,23.03,72.58,26.4,87,2.56,0.0,era5
2021-05-21 22:00:00+00:00,23.03,72.58,26.2,84,3.03,0.0,era5
2021-05-21 23:00:00+00:00,23.03,72.58,25.7,83,2.89,0.0,era5
2021-05-22 00:00:00+00:00,23.03,72.58,25.5,84,2.97,0.0,era5
2021-05-22 01:00:00+00:00,23.03,72.58,25.8,84,2.97,12.7,era5
2021-05-22 02:00:00+00:00,23.03,72.58,26.6,83,3.11,235.4,era5
2021-05-22 03:00:00+00:00,23.03,72.58,27.9,76,3.81,383.2,era5
2021-05-22 04:00:00+00:00,23.03,72.58,28.8,71,3.22,326.0,era5
2021-05-22 05:00:00+00:00,23.03,72.58,29.8,66,2.56,393.0,era5
2021-05-22 06:00:00+00:00,23.03,72.58,30.9,61,2.14,603.2,era5
2021-05-22 07:00:00+00:00,23.03,72.58,31.9,58,2.19,661.4,era5
2021-05-22 08:00:00+00:00,23.03,72.58,32.6,56,2.17,688.5,era5
2021-05-22 09:00:00+00:00,23.03,72.58,33.2,55,2.64,648.0,era5
2021-05-22 10:00:00+00:00,23.03,72.58,33.4,54,2.89,621.8,era5
2021-05-22 11:00:00+00:00,23.03,72.58,33.5,53,3.03,618.7,era5
2021-05-22 12:00:00+00:00,23.03,72.58,33.7,51,2.86,494.2,era5
2021-05-22 13:00:00+00:00,23.03,72.58,32.2,60,2.31,300.8,era5
2021-05-22 14:00:00+00:00,23.03,72.58,30.5,66,4.22,48.7,era5
2021-05-22 15:00:00+00:00,23.03,72.58,28.7,72,4.53,0.0,era5
2021-05-22 16:00:00+00:00,23.03,72.58,28.0,76,4.69,0.0,era5
2021-05-22 17:00:00+00:00,23.03,72.58,27.8,81,4.92,0.0,era5
2021-05-22 18:00:00+00:00,23.03,72.58,27.7,83,4.19,0.0,era5
2021-05-22 19:00:00+00:00,23.03,72.58,27.4,82,3.42,0.0,era5
2021-05-22 20:00:00+00:00,23.03,72.58,27.1,82,2.72,0.0,era5
2021-05-22 21:00:00+00:00,23.03,72.58,27.1,82,2.86,0.0,era5
2021-05-22 22:00:00+00:00,23.03,72.58,27.5,80,3.14,0.0,era5
2021-05-22 23:00:00+00:00,23.03,72.58,26.7,79,3.11,0.0,era5
2021-05-23 00:00:00+00:00,23.03,72.58,26.1,82,2.22,0.0,era5
2021-05-23 01:00:00+00:00,23.03,72.58,26.5,82,1.61,12.6,era5
2021-05-23 02:00:00+00:00,23.03,72.58,27.5,79,1.42,212.4,era5
2021-05-23 03:00:00+00:00,23.03,72.58,28.7,75,1.97,353.4,era5
2021-05-23 04:00:00+00:00,23.03,72.58,29.9,69,2.72,436.5,era5
2021-05-23 05:00:00+00:00,23.03,72.58,31.2,63,2.25,508.5,era5
2021-05-23 06:00:00+00:00,23.03,72.58,32.2,58,2.0,442.6,era5
2021-05-23 07:00:00+00:00,23.03,72.58,32.7,57,1.89,360.1,era5
2021-05-23 08:00:00+00:00,23.03,72.58,33.2,55,2.44,475.7,era5
2021-05-23 09:00:00+00:00,23.03,72.58,33.9,53,2.72,615.8,era5
2021-05-23 10:00:00+00:00,23.03,72.58,34.2,51,2.78,599.8,era5
2021-05-23 11:00:00+00:00,23.03,72.58,34.2,51,2.97,507.7,era5
2021-05-23 12:00:00+00:00,23.03,72.58,34.3,50,2.67,423.6,era5
2021-05-23 13:00:00+00:00,23.03,72.58,32.9,59,1.61,288.4,era5
2021-05-23 14:00:00+00:00,23.03,72.58,31.2,63,2.11,48.3,era5
2021-05-23 15:00:00+00:00,23.03,72.58,30.1,69,4.08,0.0,era5
2021-05-23 16:00:00+00:00,23.03,72.58,28.8,74,4.17,0.0,era5
2021-05-23 17:00:00+00:00,23.03,72.58,28.2,77,3.83,0.0,era5
2021-05-23 18:00:00+00:00,23.03,72.58,28.0,82,2.86,0.0,era5
2021-05-23 19:00:00+00:00,23.03,72.58,27.8,85,2.78,0.0,era5
2021-05-23 20:00:00+00:00,23.03,72.58,27.4,87,2.69,0.0,era5
2021-05-23 21:00:00+00:00,23.03,72.58,27.0,88,2.47,0.0,era5
2021-05-23 22:00:00+00:00,23.03,72.58,26.9,87,2.44,0.0,era5
2021-05-23 23:00:00+00:00,23.03,72.58,26.8,87,2.0,0.0,era5
2021-05-24 00:00:00+00:00,23.03,72.58,27.6,82,3.11,0.0,era5
2021-05-24 01:00:00+00:00,23.03,72.58,28.0,82,3.19,12.6,era5
2021-05-24 02:00:00+00:00,23.03,72.58,28.8,80,4.11,229.3,era5
2021-05-24 03:00:00+00:00,23.03,72.58,30.0,74,4.97,422.7,era5
2021-05-24 04:00:00+00:00,23.03,72.58,31.4,67,4.78,486.2,era5
2021-05-24 05:00:00+00:00,23.03,72.58,32.6,63,3.78,594.1,era5
2021-05-24 06:00:00+00:00,23.03,72.58,33.6,61,2.86,611.8,era5
2021-05-24 07:00:00+00:00,23.03,72.58,34.3,60,2.61,614.6,era5
2021-05-24 08:00:00+00:00,23.03,72.58,35.1,55,2.69,566.4,era5
2021-05-24 09:00:00+00:00,23.03,72.58,34.8,55,2.72,572.0,era5
2021-05-24 10:00:00+00:00,23.03,72.58,34.4,58,1.92,446.0,era5
2021-05-24 11:00:00+00:00,23.03,72.58,34.3,58,0.92,376.3,era5
2021-05-24 12:00:00+00:00,23.03,72.58,35.7,42,2.42,377.7,era5
2021-05-24 13:00:00+00:00,23.03,72.58,34.2,50,1.75,221.6,era5
2021-05-24 14:00:00+00:00,23.03,72.58,32.4,54,2.61,38.4,era5
2021-05-24 15:00:00+00:00,23.03,72.58,31.4,58,2.42,0.0,era5
2021-05-24 16:00:00+00:00,23.03,72.58,30.4,61,2.56,0.0,era5
2021-05-24 17:00:00+00:00,23.03,72.58,29.7,64,3.11,0.0,era5
2021-05-24 18:00:00+00:00,23.03,72.58,29.1,70,3.78,0.0,era5
2021-05-24 19:00:00+00:00,23.03,72.58,28.5,75,3.42,0.0,era5
2021-05-24 20:00:00+00:00,23.03,72.58,28.0,79,3.33,0.0,era5
2021-05-24 21:00:00+00:00,23.03,72.58,27.6,77,3.11,0.0,era5
2021-05-24 22:00:00+00:00,23.03,72.58,27.1,73,3.53,0.0,era5
2021-05-24 23:00:00+00:00,23.03,72.58,26.6,75,3.42,0.0,era5
2021-05-25 00:00:00+00:00,23.03,72.58,26.9,75,3.58,0.0,era5
2021-05-25 01:00:00+00:00,23.03,72.58,27.4,74,3.64,12.5,era5
2021-05-25 02:00:00+00:00,23.03,72.58,28.3,73,3.39,241.7,era5
2021-05-25 03:00:00+00:00,23.03,72.58,29.7,69,3.5,456.0,era5
2021-05-25 04:00:00+00:00,23.03,72.58,31.3,63,2.86,588.7,era5
2021-05-25 05:00:00+00:00,23.03,72.58,32.8,57,2.42,668.6,era5
2021-05-25 06:00:00+00:00,23.03,72.58,34.2,52,2.61,713.7,era5
2021-05-25 07:00:00+00:00,23.03,72.58,35.4,48,2.89,737.3,era5
2021-05-25 08:00:00+00:00,23.03,72.58,36.3,44,3.33,739.6,era5
2021-05-25 09:00:00+00:00,23.03,72.58,36.9,41,3.78,724.9,era5
2021-05-25 10:00:00+00:00,23.03,72.58,37.2,39,3.69,686.6,era5
2021-05-25 11:00:00+00:00,23.03,72.58,37.2,37,3.39,590.2,era5
2021-05-25 12:00:00+00:00,23.03,72.58,37.1,34,2.5,501.2,era5
2021-05-25 13:00:00+00:00,23.03,72.58,35.2,51,1.14,303.7,era5
2021-05-25 14:00:00+00:00,23.03,72.58,33.1,52,3.64,47.7,era5
2021-05-25 15:00:00+00:00,23.03,72.58,30.9,68,3.61,0.0,era5
2021-05-25 16:00:00+00:00,23.03,72.58,30.0,69,3.42,0.0,era5
2021-05-25 17:00:00+00:00,23.03,72.58,29.1,74,3.22,0.0,era5
2021-05-25 18:00:00+00:00,23.03,72.58,28.5,80,3.11,0.0,era5
2021-05-25 19:00:00+00:00,23.03,72.58,28.5,62,3.81,0.0,era5
2021-05-25 20:00:00+00:00,23.03,72.58,27.6,67,3.92,0.0,era5
2021-05-25 21:00:00+00:00,23.03,72.58,27.0,76,3.69,0.0,era5
2021-05-25 22:00:00+00:00,23.03,72.58,26.6,82,3.61,0.0,era5
2021-05-25 23:00:00+00:00,23.03,72.58,26.2,85,3.75,0.0,era5
2021-05-26 00:00:00+00:00,23.03,72.58,26.6,88,3.17,0.0,era5
2021-05-26 01:00:00+00:00,23.03,72.58,27.4,85,3.19,12.5,era5
2021-05-26 02:00:00+00:00,23.03,72.58,28.1,81,3.64,140.2,era5
2021-05-26 03:00:00+00:00,23.03,72.58,29.1,76,4.0,244.6,era5
2021-05-26 04:00:00+00:00,23.03,72.58,30.6,67,4.31,309.8,era5
2021-05-26 05:00:00+00:00,23.03,72.58,32.1,58,4.44,406.3,era5
2021-05-26 06:00:00+00:00,23.03,72.58,33.2,54,4.08,523.8,era5
2021-05-26 07:00:00+00:00,23.03,72.58,34.6,48,4.17,682.5,era5
2021-05-26 08:00:00+00:00,23.03,72.58,35.6,46,4.11,731.4,era5
2021-05-26 09:00:00+00:00,23.03,72.58,36.3,44,4.31,717.2,era5
2021-05-26 10:00:00+00:00,23.03,72.58,36.9,42,4.61,676.6,era5
2021-05-26 11:00:00+00:00,23.03,72.58,37.0,41,4.44,604.2,era5
2021-05-26 12:00:00+00:00,23.03,72.58,37.2,42,3.11,486.0,era5
2021-05-26 13:00:00+00:00,23.03,72.58,34.5,53,5.0,284.3,era5
2021-05-26 14:00:00+00:00,23.03,72.58,31.4,64,4.75,47.4,era5
2021-05-26 15:00:00+00:00,23.03,72.58,30.0,70,4.64,0.0,era5
2021-05-26 16:00:00+00:00,23.03,72.58,29.2,78,4.03,0.0,era5
2021-05-26 17:00:00+00:00,23.03,72.58,28.6,79,3.83,0.0,era5
2021-05-26 18:00:00+00:00,23.03,72.58,28.2,82,3.61,0.0,era5
2021-05-26 19:00:00+00:00,23.03,72.58,27.9,84,2.92,0.0,era5
2021-05-26 20:00:00+00:00,23.03,72.58,27.6,86,2.53,0.0,era5
2021-05-26 21:00:00+00:00,23.03,72.58,27.5,85,2.94,0.0,era5
2021-05-26 22:00:00+00:00,23.03,72.58,27.7,78,3.11,0.0,era5
2021-05-26 23:00:00+00:00,23.03,72.58,27.5,78,3.33,0.0,era5
2021-05-27 00:00:00+00:00,23.03,72.58,27.4,80,3.08,0.0,era5
2021-05-27 01:00:00+00:00,23.03,72.58,28.2,76,3.5,12.4,era5
2021-05-27 02:00:00+00:00,23.03,72.58,29.3,72,3.78,227.3,era5
2021-05-27 03:00:00+00:00,23.03,72.58,30.6,67,4.5,435.0,era5
2021-05-27 04:00:00+00:00,23.03,72.58,32.2,59,4.36,543.2,era5
2021-05-27 05:00:00+00:00,23.03,72.58,33.6,53,3.92,529.3,era5
2021-05-27 06:00:00+00:00,23.03,72.58,34.9,48,3.75,520.6,era5
2021-05-27 07:00:00+00:00,23.03,72.58,35.8,46,3.78,587.1,era5
2021-05-27 08:00:00+00:00,23.03,72.58,36.7,44,3.75,724.3,era5
2021-05-27 09:00:00+00:00,23.03,72.58,37.2,41,4.17,685.2,era5
2021-05-27 10:00:00+00:00,23.03,72.58,37.6,39,4.47,660.6,era5
2021-05-27 11:00:00+00:00,23.03,72.58,38.0,38,4.47,596.2,era5
2021-05-27 12:00:00+00:00,23.03,72.58,35.2,51,5.69,468.7,era5
2021-05-27 13:00:00+00:00,23.03,72.58,33.7,56,5.11,275.8,era5
2021-05-27 14:00:00+00:00,23.03,72.58,31.3,66,4.53,47.1,era5
2021-05-27 15:00:00+00:00,23.03,72.58,31.3,67,4.89,0.0,era5
2021-05-27 16:00:00+00:00,23.03,72.58,30.3,70,4.25,0.0,era5
2021-05-27 17:00:00+00:00,23.03,72.58,29.5,73,3.81,0.0,era5
2021-05-27 18:00:00+00:00,23.03,72.58,29.1,76,3.14,0.0,era5
2021-05-27 19:00:00+00:00,23.03,72.58,28.8,79,2.36,0.0,era5
2021-05-27 20:00:00+00:00,23.03,72.58,29.1,78,2.89,0.0,era5
2021-05-27 21:00:00+00:00,23.03,72.58,29.1,73,3.25,0.0,era5
2021-05-27 22:00:00+00:00,23.03,72.58,28.7,74,2.92,0.0,era5
2021-05-27 23:00:00+00:00,23.03,72.58,28.4,76,3.06,0.0,era5
2021-05-28 00:00:00+00:00,23.03,72.58,28.2,77,3.06,0.0,era5
2021-05-28 01:00:00+00:00,23.03,72.58,28.5,75,3.06,12.4,era5
2021-05-28 02:00:00+00:00,23.03,72.58,29.0,75,3.56,218.0,era5
2021-05-28 03:00:00+00:00,23.03,72.58,30.4,69,3.67,421.2,era5
2021-05-28 04:00:00+00:00,23.03,72.58,31.7,62,3.33,515.1,era5
2021-05-28 05:00:00+00:00,23.03,72.58,33.3,56,3.28,615.0,era5
2021-05-28 06:00:00+00:00,23.03,72.58,34.7,52,3.47,660.5,era5
2021-05-28 07:00:00+00:00,23.03,72.58,35.9,49,3.39,712.8,era5
2021-05-28 08:00:00+00:00,23.03,72.58,36.9,46,3.28,720.1,era5
2021-05-28 09:00:00+00:00,23.03,72.58,37.7,44,3.33,703.0,era5
2021-05-28 10:00:00+00:00,23.03,72.58,38.3,41,3.44,662.6,era5
2021-05-28 11:00:00+00:00,23.03,72.58,38.7,38,3.92,578.0,era5
2021-05-28 12:00:00+00:00,23.03,72.58,36.6,46,4.72,475.9,era5
2021-05-28 13:00:00+00:00,23.03,72.58,34.2,55,5.31,281.7,era5
2021-05-28 14:00:00+00:00,23.03,72.58,32.4,61,5.17,46.8,era5
2021-05-28 15:00:00+00:00,23.03,72.58,30.8,65,5.11,0.0,era5
2021-05-28 16:00:00+00:00,23.03,72.58,30.4,66,4.97,0.0,era5
2021-05-28 17:00:00+00:00,23.03,72.58,29.9,69,5.03,0.0,era5
2021-05-28 18:00:00+00:00,23.03,72.58,29.6,72,4.75,0.0,era5
2021-05-28 19:00:00+00:00,23.03,72.58,29.4,73,4.22,0.0,era5
2021-05-28 20:00:00+00:00,23.03,72.58,29.3,72,3.61,0.0,era5
2021-05-28 21:00:00+00:00,23.03,72.58,28.9,73,3.11,0.0,era5
2021-05-28 22:00:00+00:00,23.03,72.58,28.5,73,2.83,0.0,era5
2021-05-28 23:00:00+00:00,23.03,72.58,28.2,73,2.64,0.0,era5
2021-05-29 00:00:00+00:00,23.03,72.58,28.3,75,2.56,0.0,era5
2021-05-29 01:00:00+00:00,23.03,72.58,28.8,71,2.92,12.3,era5
2021-05-29 02:00:00+00:00,23.03,72.58,29.6,68,3.61,230.7,era5
2021-05-29 03:00:00+00:00,23.03,72.58,30.8,65,3.69,438.9,era5
2021-05-29 04:00:00+00:00,23.03,72.58,32.2,60,3.53,549.2,era5
2021-05-29 05:00:00+00:00,23.03,72.58,33.7,56,2.97,636.1,era5
2021-05-29 06:00:00+00:00,23.03,72.58,35.5,49,3.69,678.9,era5
2021-05-29 07:00:00+00:00,23.03,72.58,36.4,46,3.89,555.7,era5
2021-05-29 08:00:00+00:00,23.03,72.58,37.5,43,4.14,649.6,era5
2021-05-29 09:00:00+00:00,23.03,72.58,38.1,41,3.97,614.7,era5
2021-05-29 10:00:00+00:00,23.03,72.58,38.8,38,4.06,588.1,era5
2021-05-29 11:00:00+00:00,23.03,72.58,38.3,41,4.97,529.2,era5
2021-05-29 12:00:00+00:00,23.03,72.58,37.2,43,3.83,426.4,era5
2021-05-29 13:00:00+00:00,23.03,72.58,34.9,54,4.83,234.3,era5
2021-05-29 14:00:00+00:00,23.03,72.58,33.1,59,4.89,37.2,era5
2021-05-29 15:00:00+00:00,23.03,72.58,31.8,62,4.5,0.0,era5
2021-05-29 16:00:00+00:00,23.03,72.58,30.8,63,5.06,0.0,era5
2021-05-29 17:00:00+00:00,23.03,72.58,30.1,68,4.42,0.0,era5
2021-05-29 18:00:00+00:00,23.03,72.58,29.4,73,3.81,0.0,era5
2021-05-29 19:00:00+00:00,23.03,72.58,29.2,76,2.28,0.0,era5
2021-05-29 20:00:00+00:00,23.03,72.58,28.9,78,1.44,0.0,era5
2021-05-29 21:00:00+00:00,23.03,72.58,28.6,79,1.75,0.0,era5
2021-05-29 22:00:00+00:00,23.03,72.58,28.7,76,2.31,0.0,era5
2021-05-29 23:00:00+00:00,23.03,72.58,28.2,77,1.5,0.0,era5
2021-05-30 00:00:00+00:00,23.03,72.58,28.4,78,1.97,0.0,era5
2021-05-30 01:00:00+00:00,23.03,72.58,29.1,74,2.78,12.3,era5
2021-05-30 02:00:00+00:00,23.03,72.58,29.8,68,3.33,130.4,era5
2021-05-30 03:00:00+00:00,23.03,72.58,30.8,64,3.03,364.9,era5
2021-05-30 04:00:00+00:00,23.03,72.58,32.2,59,2.92,544.6,era5
2021-05-30 05:00:00+00:00,23.03,72.58,33.6,54,3.19,627.5,era5
2021-05-30 06:00:00+00:00,23.03,72.58,35.0,49,3.39,694.2,era5
2021-05-30 07:00:00+00:00,23.03,72.58,36.2,45,3.47,682.4,era5
2021-05-30 08:00:00+00:00,23.03,72.58,37.4,41,3.81,722.0,era5
2021-05-30 09:00:00+00:00,23.03,72.58,38.2,38,4.11,710.0,era5
2021-05-30 10:00:00+00:00,23.03,72.58,38.8,35,4.42,670.2,era5
2021-05-30 11:00:00+00:00,23.03,72.58,38.7,36,5.0,603.1,era5
2021-05-30 12:00:00+00:00,23.03,72.58,36.3,49,5.11,484.0,era5
2021-05-30 13:00:00+00:00,23.03,72.58,35.2,51,4.86,282.7,era5
2021-05-30 14:00:00+00:00,23.03,72.58,32.8,58,5.72,55.5,era5
2021-05-30 15:00:00+00:00,23.03,72.58,31.9,61,5.11,0.0,era5
2021-05-30 16:00:00+00:00,23.03,72.58,30.4,69,5.03,0.0,era5
2021-05-30 17:00:00+00:00,23.03,72.58,30.1,73,3.28,0.0,era5
2021-05-30 18:00:00+00:00,23.03,72.58,30.0,73,2.94,0.0,era5
2021-05-30 19:00:00+00:00,23.03,72.58,29.6,75,2.28,0.0,era5
2021-05-30 20:00:00+00:00,23.03,72.58,29.5,69,3.69,0.0,era5
2021-05-30 21:00:00+00:00,23.03,72.58,28.8,69,2.89,0.0,era5
2021-05-30 22:00:00+00:00,23.03,72.58,28.4,72,2.56,0.0,era5
2021-05-30 23:00:00+00:00,23.03,72.58,28.1,73,2.58,0.0,era5
2021-05-31 00:00:00+00:00,23.03,72.58,27.8,75,1.83,0.0,era5
2021-05-31 01:00:00+00:00,23.03,72.58,28.2,72,2.19,12.3,era5
2021-05-31 02:00:00+00:00,23.03,72.58,28.8,69,2.61,230.0,era5
2021-05-31 03:00:00+00:00,23.03,72.58,29.8,65,2.64,405.1,era5
2021-05-31 04:00:00+00:00,23.03,72.58,31.0,59,2.64,502.6,era5
2021-05-31 05:00:00+00:00,23.03,72.58,32.6,52,3.17,612.6,era5
2021-05-31 06:00:00+00:00,23.03,72.58,34.3,45,4.19,688.8,era5
2021-05-31 07:00:00+00:00,23.03,72.58,35.6,41,4.89,737.2,era5
2021-05-31 08:00:00+00:00,23.03,72.58,36.7,38,5.06,738.0,era5
2021-05-31 09:00:00+00:00,23.03,72.58,37.5,37,5.14,719.3,era5
2021-05-31 10:00:00+00:00,23.03,72.58,38.1,36,5.22,676.9,era5
2021-05-31 11:00:00+00:00,23.03,72.58,37.3,41,5.92,605.3,era5
2021-05-31 12:00:00+00:00,23.03,72.58,35.7,46,5.64,487.0,era5
2021-05-31 13:00:00+00:00,23.03,72.58,33.6,53,5.92,292.0,era5
2021-05-31 14:00:00+00:00,23.03,72.58,32.2,57,5.5,55.1,era5
2021-05-31 15:00:00+00:00,23.03,72.58,30.7,64,6.11,0.0,era5
2021-05-31 16:00:00+00:00,23.03,72.58,29.8,70,5.64,0.0,era5
2021-05-31 17:00:00+00:00,23.03,72.58,30.1,67,4.89,0.0,era5
2021-05-31 18:00:00+00:00,23.03,72.58,30.1,64,3.75,0.0,era5
2021-05-31 19:00:00+00:00,23.03,72.58,29.7,65,1.83,0.0,era5
2021-05-31 20:00:00+00:00,23.03,72.58,29.2,67,1.36,0.0,era5
2021-05-31 21:00:00+00:00,23.03,72.58,29.0,67,2.89,0.0,era5
2021-05-31 22:00:00+00:00,23.03,72.58,28.5,66,3.33,0.0,era5
2021-05-31 23:00:00+00:00,23.03,72.58,27.5,72,3.08,0.0,era5
2021-06-01 00:00:00+00:00,23.03,72.58,27.3,75,3.14,0.0,era5
2021-06-01 01:00:00+00:00,23.03,72.58,27.6,75,3.22,12.2,era5
2021-06-01 02:00:00+00:00,23.03,72.58,28.5,71,4.03,221.1,era5
2021-06-01 03:00:00+00:00,23.03,72.58,29.9,64,4.19,405.0,era5
2021-06-01 04:00:00+00:00,23.03,72.58,31.4,57,3.56,343.9,era5
2021-06-01 05:00:00+00:00,23.03,72.58,32.8,53,3.36,467.3,era5
2021-06-01 06:00:00+00:00,23.03,72.58,34.4,47,3.67,669.4,era5
2021-06-01 07:00:00+00:00,23.03,72.58,35.8,43,4.33,707.8,era5
2021-06-01 08:00:00+00:00,23.03,72.58,36.9,39,4.64,724.8,era5
2021-06-01 09:00:00+00:00,23.03,72.58,37.9,37,4.83,717.0,era5
2021-06-01 10:00:00+00:00,23.03,72.58,38.1,37,5.28,676.5,era5
2021-06-01 11:00:00+00:00,23.03,72.58,36.9,43,5.5,606.1,era5
2021-06-01 12:00:00+00:00,23.03,72.58,36.0,46,4.42,484.0,era5
2021-06-01 13:00:00+00:00,23.03,72.58,34.9,48,5.0,294.1,era5
2021-06-01 14:00:00+00:00,23.03,72.58,33.0,53,5.83,54.8,era5
2021-06-01 15:00:00+00:00,23.03,72.58,31.1,58,5.83,0.0,era5
2021-06-01 16:00:00+00:00,23.03,72.58,30.5,61,6.33,0.0,era5
2021-06-01 17:00:00+00:00,23.03,72.58,30.0,67,6.19,0.0,era5
2021-06-01 18:00:00+00:00,23.03,72.58,30.2,65,5.78,0.0,era5
2021-06-01 19:00:00+00:00,23.03,72.58,30.5,60,4.83,0.0,era5
2021-06-01 20:00:00+00:00,23.03,72.58,30.4,60,2.89,0.0,era5
2021-06-01 21:00:00+00:00,23.03,72.58,30.5,60,2.33,0.0,era5
2021-06-01 22:00:00+00:00,23.03,72.58,29.4,64,2.17,0.0,era5
2021-06-01 23:00:00+00:00,23.03,72.58,28.5,67,1.56,0.0,era5
2021-06-02 00:00:00+00:00,23.03,72.58,27.7,71,1.78,0.0,era5
2021-06-02 01:00:00+00:00,23.03,72.58,28.2,70,2.31,24.4,era5
2021-06-02 02:00:00+00:00,23.03,72.58,29.2,66,2.5,238.3,era5
2021-06-02 03:00:00+00:00,23.03,72.58,30.5,61,2.69,454.3,era5
2021-06-02 04:00:00+00:00,23.03,72.58,31.9,56,2.64,585.2,era5
2021-06-02 05:00:00+00:00,23.03,72.58,33.4,51,2.44,645.2,era5
2021-06-02 06:00:00+00:00,23.03,72.58,34.7,46,2.28,694.4,era5
2021-06-02 07:00:00+00:00,23.03,72.58,35.9,42,2.28,695.7,era5
2021-06-02 08:00:00+00:00,23.03,72.58,36.9,39,2.11,706.7,era5
2021-06-02 09:00:00+00:00,23.03,72.58,37.6,36,2.39,698.7,era5
2021-06-02 10:00:00+00:00,23.03,72.58,38.1,34,2.89,664.1,era5
2021-06-02 11:00:00+00:00,23.03,72.58,38.0,34,2.92,605.4,era5
2021-06-02 12:00:00+00:00,23.03,72.58,36.9,40,2.78,489.0,era5
2021-06-02 13:00:00+00:00,23.03,72.58,35.9,43,3.81,292.8,era5
2021-06-02 14:00:00+00:00,23.03,72.58,33.9,52,4.81,54.4,era5
2021-06-02 15:00:00+00:00,23.03,72.58,32.1,59,5.19,0.0,era5
2021-06-02 16:00:00+00:00,23.03,72.58,30.8,64,4.69,0.0,era5
2021-06-02 17:00:00+00:00,23.03,72.58,30.4,65,4.31,0.0,era5
2021-06-02 18:00:00+00:00,23.03,72.58,29.8,70,3.61,0.0,era5
2021-06-02 19:00:00+00:00,23.03,72.58,29.3,72,4.11,0.0,era5
2021-06-02 20:00:00+00:00,23.03,72.58,29.0,72,3.78,0.0,era5
2021-06-02 21:00:00+00:00,23.03,72.58,28.8,69,3.61,0.0,era5
2021-06-02 22:00:00+00:00,23.03,72.58,28.6,69,1.89,0.0,era5
2021-06-02 23:00:00+00:00,23.03,72.58,27.9,74,1.28,0.0,era5
2021-06-03 00:00:00+00:00,23.03,72.58,28.2,72,1.5,0.0,era5
2021-06-03 01:00:00+00:00,23.03,72.58,28.7,72,2.03,12.2,era5
2021-06-03 02:00:00+00:00,23.03,72.58,29.7,69,2.56,216.5,era5
2021-06-03 03:00:00+00:00,23.03,72.58,30.9,64,3.33,411.8,era5
2021-06-03 04:00:00+00:00,23.03,72.58,32.3,58,2.28,544.9,era5
2021-06-03 05:00:00+00:00,23.03,72.58,33.9,50,2.0,629.2,era5
2021-06-03 06:00:00+00:00,23.03,72.58,35.3,45,2.08,693.5,era5
2021-06-03 07:00:00+00:00,23.03,72.58,36.6,41,2.61,717.0,era5
2021-06-03 08:00:00+00:00,23.03,72.58,37.8,37,2.97,721.7,era5
2021-06-03 09:00:00+00:00,23.03,72.58,38.6,33,2.78,701.7,era5
2021-06-03 10:00:00+00:00,23.03,72.58,39.1,31,2.86,664.9,era5
2021-06-03 11:00:00+00:00,23.03,72.58,39.1,30,3.11,593.0,era5
2021-06-03 12:00:00+00:00,23.03,72.58,38.4,30,3.0,476.0,era5
2021-06-03 13:00:00+00:00,23.03,72.58,37.2,35,3.97,218.6,era5
2021-06-03 14:00:00+00:00,23.03,72.58,33.7,53,4.83,54.1,era5
2021-06-03 15:00:00+00:00,23.03,72.58,32.8,55,4.58,0.0,era5
2021-06-03 16:00:00+00:00,23.03,72.58,31.5,62,4.61,0.0,era5
2021-06-03 17:00:00+00:00,23.03,72.58,30.7,67,4.78,0.0,era5
2021-06-03 18:00:00+00:00,23.03,72.58,30.4,70,3.22,0.0,era5
2021-06-03 19:00:00+00:00,23.03,72.58,30.2,69,2.03,0.0,era5
2021-06-03 20:00:00+00:00,23.03,72.58,29.7,70,1.69,0.0,era5
2021-06-03 21:00:00+00:00,23.03,72.58,29.9,64,3.5,0.0,era5
2021-06-03 22:00:00+00:00,23.03,72.58,29.2,67,2.92,0.0,era5
2021-06-03 23:00:00+00:00,23.03,72.58,28.7,71,2.56,0.0,era5
2021-06-04 00:00:00+00:00,23.03,72.58,28.6,72,1.81,0.0,era5
2021-06-04 01:00:00+00:00,23.03,72.58,29.0,71,1.75,12.2,era5
2021-06-04 02:00:00+00:00,23.03,72.58,29.9,67,2.5,207.9,era5
2021-06-04 03:00:00+00:00,23.03,72.58,30.9,62,1.86,387.3,era5
2021-06-04 04:00:00+00:00,23.03,72.58,32.2,56,1.42,546.6,era5
2021-06-04 05:00:00+00:00,23.03,72.58,33.7,49,1.33,615.7,era5
2021-06-04 06:00:00+00:00,23.03,72.58,35.2,44,1.69,655.6,era5
2021-06-04 07:00:00+00:00,23.03,72.58,36.5,40,1.83,712.0,era5
2021-06-04 08:00:00+00:00,23.03,72.58,37.4,37,2.17,682.4,era5
2021-06-04 09:00:00+00:00,23.03,72.58,38.2,35,2.92,669.7,era5
2021-06-04 10:00:00+00:00,23.03,72.58,38.6,32,3.58,634.7,era5
2021-06-04 11:00:00+00:00,23.03,72.58,38.4,30,3.75,560.4,era5
2021-06-04 12:00:00+00:00,23.03,72.58,37.5,35,1.92,409.1,era5
2021-06-04 13:00:00+00:00,23.03,72.58,36.4,38,3.64,224.6,era5
2021-06-04 14:00:00+00:00,23.03,72.58,35.1,43,3.5,44.8,era5
2021-06-04 15:00:00+00:00,23.03,72.58,34.2,47,4.61,0.0,era5
2021-06-04 16:00:00+00:00,23.03,72.58,32.4,56,4.42,0.0,era5
2021-06-04 17:00:00+00:00,23.03,72.58,31.1,66,4.56,0.0,era5
2021-06-04 18:00:00+00:00,23.03,72.58,30.3,72,4.81,0.0,era5
2021-06-04 19:00:00+00:00,23.03,72.58,29.8,76,4.31,0.0,era5
2021-06-04 20:00:00+00:00,23.03,72.58,29.7,77,3.64,0.0,era5
2021-06-04 21:00:00+00:00,23.03,72.58,30.0,72,3.56,0.0,era5
2021-06-04 22:00:00+00:00,23.03,72.58,30.3,64,4.11,0.0,era5
2021-06-04 23:00:00+00:00,23.03,72.58,29.7,69,2.61,0.0,era5
2021-06-05 00:00:00+00:00,23.03,72.58,29.0,70,2.0,0.0,era5
2021-06-05 01:00:00+00:00,23.03,72.58,29.1,67,2.83,12.2,era5
2021-06-05 02:00:00+00:00,23.03,72.58,29.9,63,3.17,194.9,era5
2021-06-05 03:00:00+00:00,23.03,72.58,30.9,61,2.83,369.5,era5
2021-06-05 04:00:00+00:00,23.03,72.58,32.3,56,2.61,487.6,era5
2021-06-05 05:00:00+00:00,23.03,72.58,33.8,50,2.47,569.8,era5
2021-06-05 06:00:00+00:00,23.03,72.58,35.0,46,2.14,610.2,era5
2021-06-05 07:00:00+00:00,23.03,72.58,36.1,42,2.19,638.0,era5
2021-06-05 08:00:00+00:00,23.03,72.58,37.0,38,2.33,633.0,era5
2021-06-05 09:00:00+00:00,23.03,72.58,37.8,35,2.39,628.1,era5
2021-06-05 10:00:00+00:00,23.03,72.58,38.4,33,3.81,605.7,era5
2021-06-05 11:00:00+00:00,23.03,72.58,35.3,43,5.31,466.9,era5
2021-06-05 12:00:00+00:00,23.03,72.58,34.9,45,3.36,364.5,era5
2021-06-05 13:00:00+00:00,23.03,72.58,34.6,44,3.06,223.6,era5
2021-06-05 14:00:00+00:00,23.03,72.58,33.8,46,2.81,53.5,era5
2021-06-05 15:00:00+00:00,23.03,72.58,32.1,58,5.0,0.0,era5
2021-06-05 16:00:00+00:00,23.03,72.58,30.9,63,4.19,0.0,era5
2021-06-05 17:00:00+00:00,23.03,72.58,30.0,71,4.39,0.0,era5
2021-06-05 18:00:00+00:00,23.03,72.58,29.5,74,4.42,0.0,era5
2021-06-05 19:00:00+00:00,23.03,72.58,29.1,78,4.39,0.0,era5
2021-06-05 20:00:00+00:00,23.03,72.58,29.1,78,3.81,0.0,era5
2021-06-05 21:00:00+00:00,23.03,72.58,29.0,73,3.64,0.0,era5
2021-06-05 22:00:00+00:00,23.03,72.58,29.0,71,2.78,0.0,era5
2021-06-05 23:00:00+00:00,23.03,72.58,29.0,70,2.08,0.0,era5
2021-06-06 00:00:00+00:00,23.03,72.58,28.4,73,1.28,0.0,era5
2021-06-06 01:00:00+00:00,23.03,72.58,29.0,71,1.53,12.2,era5
2021-06-06 02:00:00+00:00,23.03,72.58,30.1,67,2.78,190.6,era5
2021-06-06 03:00:00+00:00,23.03,72.58,31.3,61,2.61,378.7,era5
2021-06-06 04:00:00+00:00,23.03,72.58,32.7,56,2.19,481.6,era5
2021-06-06 05:00:00+00:00,23.03,72.58,34.2,51,1.83,583.7,era5
2021-06-06 06:00:00+00:00,23.03,72.58,35.3,48,1.61,604.9,era5
2021-06-06 07:00:00+00:00,23.03,72.58,36.6,42,1.42,586.4,era5
2021-06-06 08:00:00+00:00,23.03,72.58,32.8,56,4.92,334.1,era5
2021-06-06 09:00:00+00:00,23.03,72.58,35.0,46,1.14,174.7,era5
2021-06-06 10:00:00+00:00,23.03,72.58,35.8,43,1.22,410.3,era5
2021-06-06 11:00:00+00:00,23.03,72.58,35.7,42,3.33,340.4,era5
2021-06-06 12:00:00+00:00,23.03,72.58,36.0,38,1.72,337.9,era5
2021-06-06 13:00:00+00:00,23.03,72.58,35.6,38,2.33,229.5,era5
2021-06-06 14:00:00+00:00,23.03,72.58,33.9,47,3.42,44.3,era5
2021-06-06 15:00:00+00:00,23.03,72.58,32.4,56,4.42,0.0,era5
2021-06-06 16:00:00+00:00,23.03,72.58,31.1,62,4.22,0.0,era5
2021-06-06 17:00:00+00:00,23.03,72.58,30.4,68,4.31,0.0,era5
2021-06-06 18:00:00+00:00,23.03,72.58,30.2,71,4.0,0.0,era5
2021-06-06 19:00:00+00:00,23.03,72.58,30.0,72,3.31,0.0,era5
2021-06-06 20:00:00+00:00,23.03,72.58,29.6,74,3.39,0.0,era5
2021-06-06 21:00:00+00:00,23.03,72.58,29.5,75,3.42,0.0,era5
2021-06-06 22:00:00+00:00,23.03,72.58,29.4,75,3.03,0.0,era5
2021-06-06 23:00:00+00:00,23.03,72.58,29.4,72,2.53,0.0,era5
2021-06-07 00:00:00+00:00,23.03,72.58,29.6,67,1.08,0.0,era5
2021-06-07 01:00:00+00:00,23.03,72.58,30.1,66,1.89,0.0,era5
2021-06-07 02:00:00+00:00,23.03,72.58,30.0,71,3.11,39.0,era5
2021-06-07 03:00:00+00:00,23.03,72.58,30.3,70,2.97,109.9,era5
2021-06-07 04:00:00+00:00,23.03,72.58,32.1,61,3.06,213.6,era5
2021-06-07 05:00:00+00:00,23.03,72.58,34.0,53,2.81,410.9,era5
2021-06-07 06:00:00+00:00,23.03,72.58,35.4,48,2.67,537.7,era5
2021-06-07 07:00:00+00:00,23.03,72.58,36.0,46,2.89,411.9,era5
2021-06-07 08:00:00+00:00,23.03,72.58,36.5,45,3.33,313.9,era5
2021-06-07 09:00:00+00:00,23.03,72.58,37.2,41,3.72,622.4,era5
2021-06-07 10:00:00+00:00,23.03,72.58,37.7,39,4.28,571.7,era5
2021-06-07 11:00:00+00:00,23.03,72.58,35.3,49,4.86,476.0,era5
2021-06-07 12:00:00+00:00,23.03,72.58,36.6,41,4.08,333.2,era5
2021-06-07 13:00:00+00:00,23.03,72.58,34.6,50,5.61,235.4,era5
2021-06-07 14:00:00+00:00,23.03,72.58,33.2,56,5.33,52.9,era5
2021-06-07 15:00:00+00:00,23.03,72.58,31.3,66,5.22,0.0,era5
2021-06-07 16:00:00+00:00,23.03,72.58,30.9,70,4.53,0.0,era5
2021-06-07 17:00:00+00:00,23.03,72.58,30.6,71,4.72,0.0,era5
2021-06-07 18:00:00+00:00,23.03,72.58,30.4,72,4.44,0.0,era5
2021-06-07 19:00:00+00:00,23.03,72.58,30.3,71,4.08,0.0,era5
2021-06-07 20:00:00+00:00,23.03,72.58,30.0,72,4.03,0.0,era5
2021-06-07 21:00:00+00:00,23.03,72.58,29.9,70,2.61,0.0,era5
2021-06-07 22:00:00+00:00,23.03,72.58,29.8,67,2.31,0.0,era5
2021-06-07 23:00:00+00:00,23.03,72.58,29.5,68,2.64,0.0,era5
2021-06-08 00:00:00+00:00,23.03,72.58,29.2,73,2.92,0.0,era5
2021-06-08 01:00:00+00:00,23.03,72.58,29.3,74,3.11,12.2,era5
2021-06-08 02:00:00+00:00,23.03,72.58,30.2,69,3.19,195.3,era5
2021-06-08 03:00:00+00:00,23.03,72.58,31.5,63,3.11,385.9,era5
2021-06-08 04:00:00+00:00,23.03,72.58,33.0,55,3.14,494.6,era5
2021-06-08 05:00:00+00:00,23.03,72.58,34.3,50,3.28,551.8,era5
2021-06-08 06:00:00+00:00,23.03,72.58,36.0,45,3.36,581.3,era5
2021-06-08 07:00:00+00:00,23.03,72.58,37.2,42,3.44,621.0,era5
2021-06-08 08:00:00+00:00,23.03,72.58,38.2,38,3.61,656.0,era5
2021-06-08 09:00:00+00:00,23.03,72.58,38.9,36,3.75,604.3,era5
2021-06-08 10:00:00+00:00,23.03,72.58,39.2,34,4.44,587.9,era5
2021-06-08 11:00:00+00:00,23.03,72.58,38.4,35,4.56,487.0,era5
2021-06-08 12:00:00+00:00,23.03,72.58,37.3,38,5.22,376.1,era5
2021-06-08 13:00:00+00:00,23.03,72.58,35.5,46,5.72,231.0,era5
2021-06-08 14:00:00+00:00,23.03,72.58,33.8,54,5.22,52.6,era5
2021-06-08 15:00:00+00:00,23.03,72.58,32.3,62,4.94,0.0,era5
2021-06-08 16:00:00+00:00,23.03,72.58,31.7,67,4.97,0.0,era5
2021-06-08 17:00:00+00:00,23.03,72.58,31.1,71,4.72,0.0,era5
2021-06-08 18:00:00+00:00,23.03,72.58,31.1,71,4.0,0.0,era5
2021-06-08 19:00:00+00:00,23.03,72.58,31.4,60,3.56,0.0,era5
2021-06-08 20:00:00+00:00,23.03,72.58,30.8,61,3.69,0.0,era5
2021-06-08 21:00:00+00:00,23.03,72.58,29.9,66,4.06,0.0,era5
2021-06-08 22:00:00+00:00,23.03,72.58,29.4,71,4.25,0.0,era5
2021-06-08 23:00:00+00:00,23.03,72.58,29.0,74,3.83,0.0,era5
2021-06-09 00:00:00+00:00,23.03,72.58,28.9,75,3.61,0.0,era5
2021-06-09 01:00:00+00:00,23.03,72.58,29.3,72,3.89,12.2,era5
2021-06-09 02:00:00+00:00,23.03,72.58,30.2,67,4.61,204.2,era5
2021-06-09 03:00:00+00:00,23.03,72.58,31.5,62,4.39,287.4,era5
2021-06-09 04:00:00+00:00,23.03,72.58,32.8,56,4.19,320.0,era5
2021-06-09 05:00:00+00:00,23.03,72.58,34.2,50,3.69,366.4,era5
2021-06-09 06:00:00+00:00,23.03,72.58,35.5,45,3.36,353.2,era5
2021-06-09 07:00:00+00:00,23.03,72.58,36.7,41,3.19,305.4,era5
2021-06-09 08:00:00+00:00,23.03,72.58,37.9,37,3.11,402.4,era5
2021-06-09 09:00:00+00:00,23.03,72.58,38.9,33,3.25,554.3,era5
2021-06-09 10:00:00+00:00,23.03,72.58,38.8,33,3.97,588.7,era5
2021-06-09 11:00:00+00:00,23.03,72.58,38.6,35,4.33,524.0,era5
2021-06-09 12:00:00+00:00,23.03,72.58,38.0,35,3.89,452.4,era5
2021-06-09 13:00:00+00:00,23.03,72.58,35.2,49,5.83,203.0,era5
2021-06-09 14:00:00+00:00,23.03,72.58,33.2,58,5.53,61.0,era5
2021-06-09 15:00:00+00:00,23.03,72.58,32.2,64,4.92,0.0,era5
2021-06-09 16:00:00+00:00,23.03,72.58,31.8,66,5.33,0.0,era5
2021-06-09 17:00:00+00:00,23.03,72.58,32.0,63,4.08,0.0,era5
2021-06-09 18:00:00+00:00,23.03,72.58,32.4,57,3.86,0.0,era5
2021-06-09 19:00:00+00:00,23.03,72.58,31.5,59,4.94,0.0,era5
2021-06-09 20:00:00+00:00,23.03,72.58,30.4,66,4.81,0.0,era5
2021-06-09 21:00:00+00:00,23.03,72.58,29.9,70,4.0,0.0,era5
2021-06-09 22:00:00+00:00,23.03,72.58,29.6,71,3.42,0.0,era5
2021-06-09 23:00:00+00:00,23.03,72.58,29.4,73,3.03,0.0,era5
2021-06-10 00:00:00+00:00,23.03,72.58,29.3,72,3.25,0.0,era5
2021-06-10 01:00:00+00:00,23.03,72.58,29.6,69,3.53,12.3,era5
2021-06-10 02:00:00+00:00,23.03,72.58,30.3,65,4.69,208.8,era5
2021-06-10 03:00:00+00:00,23.03,72.58,31.4,60,4.92,271.9,era5
2021-06-10 04:00:00+00:00,23.03,72.58,32.7,55,4.28,224.9,era5
2021-06-10 05:00:00+00:00,23.03,72.58,34.4,48,3.94,321.6,era5
2021-06-10 06:00:00+00:00,23.03,72.58,35.6,43,3.67,362.0,era5
2021-06-10 07:00:00+00:00,23.03,72.58,37.0,39,4.03,555.2,era5
2021-06-10 08:00:00+00:00,23.03,72.58,37.8,38,4.28,615.6,era5
2021-06-10 09:00:00+00:00,23.03,72.58,38.2,36,4.47,618.7,era5
2021-06-10 10:00:00+00:00,23.03,72.58,38.2,36,4.61,506.5,era5
2021-06-10 11:00:00+00:00,23.03,72.58,37.9,38,5.17,449.9,era5
2021-06-10 12:00:00+00:00,23.03,72.58,36.3,44,5.56,266.2,era5
2021-06-10 13:00:00+00:00,23.03,72.58,33.8,57,6.61,185.4,era5
2021-06-10 14:00:00+00:00,23.03,72.58,32.5,62,6.14,52.0,era5
2021-06-10 15:00:00+00:00,23.03,72.58,32.3,62,5.44,0.0,era5
2021-06-10 16:00:00+00:00,23.03,72.58,32.6,58,6.08,0.0,era5
2021-06-10 17:00:00+00:00,23.03,72.58,32.3,59,5.53,0.0,era5
2021-06-10 18:00:00+00:00,23.03,72.58,31.9,61,4.61,0.0,era5
2021-06-10 19:00:00+00:00,23.03,72.58,31.3,65,4.44,0.0,era5
2021-06-10 20:00:00+00:00,23.03,72.58,30.7,67,4.53,0.0,era5
2021-06-10 21:00:00+00:00,23.03,72.58,30.4,68,4.94,0.0,era5
2021-06-10 22:00:00+00:00,23.03,72.58,30.0,68,5.03,0.0,era5
2021-06-10 23:00:00+00:00,23.03,72.58,29.3,72,4.17,0.0,era5
2021-06-11 00:00:00+00:00,23.03,72.58,29.0,74,3.47,0.0,era5
2021-06-11 01:00:00+00:00,23.03,72.58,29.1,75,3.61,12.3,era5
2021-06-11 02:00:00+00:00,23.03,72.58,29.9,72,4.39,130.7,era5
2021-06-11 03:00:00+00:00,23.03,72.58,31.0,66,4.39,200.2,era5
2021-06-11 04:00:00+00:00,23.03,72.58,32.7,58,4.72,322.0,era5
2021-06-11 05:00:00+00:00,23.03,72.58,34.5,51,4.58,410.4,era5
2021-06-11 06:00:00+00:00,23.03,72.58,36.1,44,5.08,568.7,era5
2021-06-11 07:00:00+00:00,23.03,72.58,37.4,38,4.94,652.7,era5
2021-06-11 08:00:00+00:00,23.03,72.58,38.1,36,4.5,646.8,era5
2021-06-11 09:00:00+00:00,23.03,72.58,38.4,35,4.89,558.2,era5
2021-06-11 10:00:00+00:00,23.03,72.58,38.8,34,4.89,547.7,era5
2021-06-11 11:00:00+00:00,23.03,72.58,36.9,44,6.67,508.5,era5
2021-06-11 12:00:00+00:00,23.03,72.58,37.0,43,5.67,458.6,era5
2021-06-11 13:00:00+00:00,23.03,72.58,35.4,49,6.14,285.4,era5
2021-06-11 14:00:00+00:00,23.03,72.58,32.8,61,6.19,60.4,era5
2021-06-11 15:00:00+00:00,23.03,72.58,31.5,69,5.72,0.0,era5
2021-06-11 16:00:00+00:00,23.03,72.58,31.0,73,5.61,0.0,era5
2021-06-11 17:00:00+00:00,23.03,72.58,31.1,72,4.58,0.0,era5
2021-06-11 18:00:00+00:00,23.03,72.58,31.4,67,4.06,0.0,era5
2021-06-11 19:00:00+00:00,23.03,72.58,31.9,61,5.0,0.0,era5
2021-06-11 20:00:00+00:00,23.03,72.58,30.9,67,4.42,0.0,era5
2021-06-11 21:00:00+00:00,23.03,72.58,30.5,70,3.69,0.0,era5
2021-06-11 22:00:00+00:00,23.03,72.58,30.3,71,3.58,0.0,era5
2021-06-11 23:00:00+00:00,23.03,72.58,29.8,71,4.61,0.0,era5
2021-06-12 00:00:00+00:00,23.03,72.58,29.8,71,4.03,0.0,era5
2021-06-12 01:00:00+00:00,23.03,72.58,29.7,72,3.5,12.3,era5
2021-06-12 02:00:00+00:00,23.03,72.58,30.5,68,4.36,196.3,era5
2021-06-12 03:00:00+00:00,23.03,72.58,31.7,63,4.72,222.9,era5
2021-06-12 04:00:00+00:00,23.03,72.58,33.1,57,4.42,248.7,era5
2021-06-12 05:00:00+00:00,23.03,72.58,34.5,51,4.08,269.5,era5
2021-06-12 06:00:00+00:00,23.03,72.58,36.3,45,3.56,366.6,era5
2021-06-12 07:00:00+00:00,23.03,72.58,37.4,41,3.61,384.7,era5
2021-06-12 08:00:00+00:00,23.03,72.58,38.6,37,3.22,370.1,era5
2021-06-12 09:00:00+00:00,23.03,72.58,39.6,33,3.14,542.2,era5
2021-06-12 10:00:00+00:00,23.03,72.58,40.5,30,3.33,635.0,era5
2021-06-12 11:00:00+00:00,23.03,72.58,40.3,31,4.53,584.2,era5
2021-06-12 12:00:00+00:00,23.03,72.58,38.9,33,4.25,473.5,era5
2021-06-12 13:00:00+00:00,23.03,72.58,36.3,46,5.56,267.6,era5
2021-06-12 14:00:00+00:00,23.03,72.58,34.1,55,5.22,60.1,era5
2021-06-12 15:00:00+00:00,23.03,72.58,32.8,59,4.69,0.0,era5
2021-06-12 16:00:00+00:00,23.03,72.58,31.6,70,3.72,0.0,era5
2021-06-12 17:00:00+00:00,23.03,72.58,31.0,75,3.14,0.0,era5
2021-06-12 18:00:00+00:00,23.03,72.58,31.2,74,1.11,0.0,era5
2021-06-12 19:00:00+00:00,23.03,72.58,31.5,63,4.86,0.0,era5
2021-06-12 20:00:00+00:00,23.03,72.58,30.6,69,4.64,0.0,era5
2021-06-12 21:00:00+00:00,23.03,72.58,30.2,73,3.67,0.0,era5
2021-06-12 22:00:00+00:00,23.03,72.58,29.9,76,3.31,0.0,era5
2021-06-12 23:00:00+00:00,23.03,72.58,29.7,76,3.39,0.0,era5
2021-06-13 00:00:00+00:00,23.03,72.58,30.1,72,3.61,0.0,era5
2021-06-13 01:00:00+00:00,23.03,72.58,30.0,68,4.44,12.3,era5
2021-06-13 02:00:00+00:00,23.03,72.58,30.7,65,5.03,214.2,era5
2021-06-13 03:00:00+00:00,23.03,72.58,32.0,58,5.17,417.0,era5
2021-06-13 04:00:00+00:00,23.03,72.58,33.7,52,4.75,485.3,era5
2021-06-13 05:00:00+00:00,23.03,72.58,35.0,46,3.83,358.3,era5
2021-06-13 06:00:00+00:00,23.03,72.58,36.3,42,3.53,417.8,era5
2021-06-13 07:00:00+00:00,23.03,72.58,37.7,38,4.03,654.9,era5
2021-06-13 08:00:00+00:00,23.03,72.58,38.7,35,4.44,635.6,era5
2021-06-13 09:00:00+00:00,23.03,72.58,39.7,32,4.42,645.6,era5
2021-06-13 10:00:00+00:00,23.03,72.58,40.1,31,4.83,654.8,era5
2021-06-13 11:00:00+00:00,23.03,72.58,40.1,30,4.83,585.0,era5
2021-06-13 12:00:00+00:00,23.03,72.58,36.9,42,5.44,466.7,era5
2021-06-13 13:00:00+00:00,23.03,72.58,35.8,44,5.5,80.0,era5
2021-06-13 14:00:00+00:00,23.03,72.58,33.1,55,6.03,68.4,era5
2021-06-13 15:00:00+00:00,23.03,72.58,31.6,65,5.81,0.0,era5
2021-06-13 16:00:00+00:00,23.03,72.58,30.8,69,4.36,0.0,era5
2021-06-13 17:00:00+00:00,23.03,72.58,30.4,74,3.81,0.0,era5
2021-06-13 18:00:00+00:00,23.03,72.58,30.4,75,3.53,0.0,era5
2021-06-13 19:00:00+00:00,23.03,72.58,31.3,63,5.47,0.0,era5
2021-06-13 20:00:00+00:00,23.03,72.58,30.6,65,4.44,0.0,era5
2021-06-13 21:00:00+00:00,23.03,72.58,30.4,68,3.83,0.0,era5
2021-06-13 22:00:00+00:00,23.03,72.58,29.9,72,3.83,0.0,era5
2021-06-13 23:00:00+00:00,23.03,72.58,29.4,74,3.0,0.0,era5
2021-06-14 00:00:00+00:00,23.03,72.58,29.1,77,3.06,0.0,era5
2021-06-14 01:00:00+00:00,23.03,72.58,29.4,73,3.53,12.4,era5
2021-06-14 02:00:00+00:00,23.03,72.58,30.3,68,3.94,170.8,era5
2021-06-14 03:00:00+00:00,23.03,72.58,31.6,62,4.06,356.5,era5
2021-06-14 04:00:00+00:00,23.03,72.58,33.1,55,4.08,449.6,era5
2021-06-14 05:00:00+00:00,23.03,72.58,34.7,48,4.44,555.9,era5
2021-06-14 06:00:00+00:00,23.03,72.58,35.6,42,4.36,351.6,era5
2021-06-14 07:00:00+00:00,23.03,72.58,37.0,37,4.17,353.4,era5
2021-06-14 08:00:00+00:00,23.03,72.58,38.0,33,4.61,395.2,era5
2021-06-14 09:00:00+00:00,23.03,72.58,38.4,33,5.08,475.3,era5
2021-06-14 10:00:00+00:00,23.03,72.58,38.8,31,3.89,236.7,era5
2021-06-14 11:00:00+00:00,23.03,72.58,39.4,29,4.69,430.8,era5
2021-06-14 12:00:00+00:00,23.03,72.58,39.3,29,3.67,424.8,era5
2021-06-14 13:00:00+00:00,23.03,72.58,35.5,47,6.78,216.0,era5
2021-06-14 14:00:00+00:00,23.03,72.58,33.7,54,5.42,59.6,era5
2021-06-14 15:00:00+00:00,23.03,72.58,32.1,64,4.72,0.0,era5
2021-06-14 16:00:00+00:00,23.03,72.58,31.2,71,4.78,0.0,era5
2021-06-14 17:00:00+00:00,23.03,72.58,30.6,75,3.97,0.0,era5
2021-06-14 18:00:00+00:00,23.03,72.58,30.5,76,3.61,0.0,era5
2021-06-14 19:00:00+00:00,23.03,72.58,30.1,78,3.28,0.0,era5
2021-06-14 20:00:00+00:00,23.03,72.58,31.1,63,4.64,0.0,era5
2021-06-14 21:00:00+00:00,23.03,72.58,30.6,66,4.64,0.0,era5
2021-06-14 22:00:00+00:00,23.03,72.58,30.5,68,4.39,0.0,era5
2021-06-14 23:00:00+00:00,23.03,72.58,30.3,63,4.75,0.0,era5
2021-06-15 00:00:00+00:00,23.03,72.58,30.4,61,4.78,0.0,era5
2021-06-15 01:00:00+00:00,23.03,72.58,29.9,64,4.92,12.4,era5
2021-06-15 02:00:00+00:00,23.03,72.58,30.2,64,4.58,162.4,era5
2021-06-15 03:00:00+00:00,23.03,72.58,31.5,59,5.19,327.5,era5
2021-06-15 04:00:00+00:00,23.03,72.58,33.2,52,5.14,374.7,era5
2021-06-15 05:00:00+00:00,23.03,72.58,34.8,46,5.0,528.7,era5
2021-06-15 06:00:00+00:00,23.03,72.58,36.3,41,4.78,573.8,era5
2021-06-15 07:00:00+00:00,23.03,72.58,37.7,37,4.83,606.3,era5
2021-06-15 08:00:00+00:00,23.03,72.58,38.6,33,4.97,584.3,era5
2021-06-15 09:00:00+00:00,23.03,72.58,39.3,31,5.39,495.3,era5
2021-06-15 10:00:00+00:00,23.03,72.58,39.9,29,5.47,512.1,era5
2021-06-15 11:00:00+00:00,23.03,72.58,38.8,32,6.94,365.8,era5
2021-06-15 12:00:00+00:00,23.03,72.58,37.0,42,7.44,303.0,era5
2021-06-15 13:00:00+00:00,23.03,72.58,34.3,52,7.58,261.7,era5
2021-06-15 14:00:00+00:00,23.03,72.58,32.3,62,7.0,59.3,era5
2021-06-15 15:00:00+00:00,23.03,72.58,31.0,70,6.92,0.0,era5
2021-06-15 16:00:00+00:00,23.03,72.58,30.9,71,6.22,0.0,era5
2021-06-15 17:00:00+00:00,23.03,72.58,31.5,65,6.58,0.0,era5
2021-06-15 18:00:00+00:00,23.03,72.58,31.3,64,5.64,0.0,era5
2021-06-15 19:00:00+00:00,23.03,72.58,31.0,62,5.53,0.0,era5
2021-06-15 20:00:00+00:00,23.03,72.58,30.4,63,4.75,0.0,era5
2021-06-15 21:00:00+00:00,23.03,72.58,29.9,64,4.25,0.0,era5
2021-06-15 22:00:00+00:00,23.03,72.58,29.3,67,3.92,0.0,era5
2021-06-15 23:00:00+00:00,23.03,72.58,28.8,70,3.53,0.0,era5
2021-06-16 00:00:00+00:00,23.03,72.58,28.8,70,3.22,0.0,era5
2021-06-16 01:00:00+00:00,23.03,72.58,29.0,70,3.89,12.4,era5
2021-06-16 02:00:00+00:00,23.03,72.58,29.7,67,4.25,167.1,era5
2021-06-16 03:00:00+00:00,23.03,72.58,31.3,59,4.97,357.3,era5
2021-06-16 04:00:00+00:00,23.03,72.58,32.6,53,5.22,368.7,era5
2021-06-16 05:00:00+00:00,23.03,72.58,34.0,49,5.31,252.6,era5
2021-06-16 06:00:00+00:00,23.03,72.58,34.7,47,5.36,218.9,era5
2021-06-16 07:00:00+00:00,23.03,72.58,35.2,46,5.06,190.9,era5
2021-06-16 08:00:00+00:00,23.03,72.58,36.6,42,4.39,219.2,era5
2021-06-16 09:00:00+00:00,23.03,72.58,38.0,37,4.64,479.3,era5
2021-06-16 10:00:00+00:00,23.03,72.58,36.8,41,5.19,567.4,era5
2021-06-16 11:00:00+00:00,23.03,72.58,36.1,44,4.33,283.8,era5
2021-06-16 12:00:00+00:00,23.03,72.58,36.4,42,3.47,292.8,era5
2021-06-16 13:00:00+00:00,23.03,72.58,34.9,49,5.83,224.6,era5
2021-06-16 14:00:00+00:00,23.03,72.58,33.0,60,5.19,42.2,era5
2021-06-16 15:00:00+00:00,23.03,72.58,31.7,68,4.5,0.0,era5
2021-06-16 16:00:00+00:00,23.03,72.58,31.9,68,4.42,0.0,era5
2021-06-16 17:00:00+00:00,23.03,72.58,32.5,59,4.58,0.0,era5
2021-06-16 18:00:00+00:00,23.03,72.58,32.0,58,4.44,0.0,era5
2021-06-16 19:00:00+00:00,23.03,72.58,30.4,64,4.17,0.0,era5
2021-06-16 20:00:00+00:00,23.03,72.58,29.8,68,3.11,0.0,era5
2021-06-16 21:00:00+00:00,23.03,72.58,29.4,70,2.94,0.0,era5
2021-06-16 22:00:00+00:00,23.03,72.58,28.8,74,2.33,0.0,era5
2021-06-16 23:00:00+00:00,23.03,72.58,28.7,75,2.67,0.0,era5
2021-06-17 00:00:00+00:00,23.03,72.58,26.8,91,2.5,0.0,era5
2021-06-17 01:00:00+00:00,23.03,72.58,27.3,90,2.42,12.5,era5
2021-06-17 02:00:00+00:00,23.03,72.58,28.4,83,2.83,110.2,era5
2021-06-17 03:00:00+00:00,23.03,72.58,30.2,72,3.5,258.1,era5
2021-06-17 04:00:00+00:00,23.03,72.58,32.0,63,3.25,417.7,era5
2021-06-17 05:00:00+00:00,23.03,72.58,33.7,54,2.78,523.0,era5
2021-06-17 06:00:00+00:00,23.03,72.58,34.6,50,3.08,481.6,era5
2021-06-17 07:00:00+00:00,23.03,72.58,31.2,63,5.11,184.9,era5
2021-06-17 08:00:00+00:00,23.03,72.58,33.5,55,3.61,337.8,era5
2021-06-17 09:00:00+00:00,23.03,72.58,33.0,56,5.56,421.1,era5
2021-06-17 10:00:00+00:00,23.03,72.58,33.6,55,4.17,328.5,era5
2021-06-17 11:00:00+00:00,23.03,72.58,31.9,62,5.19,263.5,era5
2021-06-17 12:00:00+00:00,23.03,72.58,30.5,72,2.36,214.4,era5
2021-06-17 13:00:00+00:00,23.03,72.58,31.1,70,3.28,141.6,era5
2021-06-17 14:00:00+00:00,23.03,72.58,29.2,78,4.11,33.7,era5
2021-06-17 15:00:00+00:00,23.03,72.58,27.8,91,2.58,0.0,era5
2021-06-17 16:00:00+00:00,23.03,72.58,27.8,91,3.33,0.0,era5
2021-06-17 17:00:00+00:00,23.03,72.58,27.8,92,3.0,0.0,era5
2021-06-17 18:00:00+00:00,23.03,72.58,27.6,90,3.19,0.0,era5
2021-06-17 19:00:00+00:00,23.03,72.58,27.2,93,3.42,0.0,era5
2021-06-17 20:00:00+00:00,23.03,72.58,26.5,91,4.22,0.0,era5
2021-06-17 21:00:00+00:00,23.03,72.58,25.7,93,3.08,0.0,era5
2021-06-17 22:00:00+00:00,23.03,72.58,25.7,94,2.58,0.0,era5
2021-06-17 23:00:00+00:00,23.03,72.58,25.7,95,2.22,0.0,era5
2021-06-18 00:00:00+00:00,23.03,72.58,25.2,95,2.33,0.0,era5
2021-06-18 01:00:00+00:00,23.03,72.58,25.3,95,2.31,0.0,era5
2021-06-18 02:00:00+00:00,23.03,72.58,25.7,93,2.17,17.7,era5
2021-06-18 03:00:00+00:00,23.03,72.58,25.9,91,2.36,20.4,era5
2021-06-18 04:00:00+00:00,23.03,72.58,26.3,88,2.44,34.6,era5
2021-06-18 05:00:00+00:00,23.03,72.58,26.8,85,2.17,33.8,era5
2021-06-18 06:00:00+00:00,23.03,72.58,27.8,81,2.56,9.8,era5
2021-06-18 07:00:00+00:00,23.03,72.58,28.7,76,1.81,18.3,era5
2021-06-18 08:00:00+00:00,23.03,72.58,28.9,76,1.28,9.0,era5
2021-06-18 09:00:00+00:00,23.03,72.58,29.5,73,0.22,96.0,era5
2021-06-18 10:00:00+00:00,23.03,72.58,29.3,75,2.11,144.1,era5
2021-06-18 11:00:00+00:00,23.03,72.58,26.6,91,2.61,15.7,era5
2021-06-18 12:00:00+00:00,23.03,72.58,28.1,86,3.33,42.8,era5
2021-06-18 13:00:00+00:00,23.03,72.58,27.9,91,3.25,88.7,era5
2021-06-18 14:00:00+00:00,23.03,72.58,27.4,93,3.19,8.4,era5
2021-06-18 15:00:00+00:00,23.03,72.58,27.2,92,3.11,0.0,era5
2021-06-18 16:00:00+00:00,23.03,72.58,27.2,92,3.06,0.0,era5
2021-06-18 17:00:00+00:00,23.03,72.58,27.0,91,3.75,0.0,era5
2021-06-18 18:00:00+00:00,23.03,72.58,26.7,90,3.08,0.0,era5
2021-06-18 19:00:00+00:00,23.03,72.58,26.3,93,2.69,0.0,era5
2021-06-18 20:00:00+00:00,23.03,72.58,25.8,95,2.61,0.0,era5
2021-06-18 21:00:00+00:00,23.03,72.58,25.3,95,3.31,0.0,era5
2021-06-18 22:00:00+00:00,23.03,72.58,25.1,95,2.33,0.0,era5
2021-06-18 23:00:00+00:00,23.03,72.58,24.9,96,2.08,0.0,era5
2021-06-19 00:00:00+00:00,23.03,72.58,25.0,95,1.94,0.0,era5
2021-06-19 01:00:00+00:00,23.03,72.58,25.4,92,2.08,0.0,era5
2021-06-19 02:00:00+00:00,23.03,72.58,25.7,92,2.53,26.6,era5
2021-06-19 03:00:00+00:00,23.03,72.58,25.9,93,3.28,47.7,era5
2021-06-19 04:00:00+00:00,23.03,72.58,26.6,91,2.47,147.9,era5
2021-06-19 05:00:00+00:00,23.03,72.58,28.2,85,1.81,125.2,era5
2021-06-19 06:00:00+00:00,23.03,72.58,28.7,84,2.03,92.7,era5
2021-06-19 07:00:00+00:00,23.03,72.58,29.0,82,3.56,221.5,era5
2021-06-19 08:00:00+00:00,23.03,72.58,25.8,95,3.94,3.0,era5
2021-06-19 09:00:00+00:00,23.03,72.58,27.0,91,2.58,3.2,era5
2021-06-19 10:00:00+00:00,23.03,72.58,27.8,88,1.75,26.0,era5
2021-06-19 11:00:00+00:00,23.03,72.58,27.6,85,3.67,27.2,era5
2021-06-19 12:00:00+00:00,23.03,72.58,27.4,84,1.28,25.3,era5
2021-06-19 13:00:00+00:00,23.03,72.58,26.9,88,1.44,6.6,era5
2021-06-19 14:00:00+00:00,23.03,72.58,26.2,92,2.19,0.0,era5
2021-06-19 15:00:00+00:00,23.03,72.58,26.1,93,3.0,0.0,era5
2021-06-19 16:00:00+00:00,23.03,72.58,25.9,95,2.78,0.0,era5
2021-06-19 17:00:00+00:00,23.03,72.58,25.5,95,3.67,0.0,era5
2021-06-19 18:00:00+00:00,23.03,72.58,25.0,97,2.89,0.0,era5
2021-06-19 19:00:00+00:00,23.03,72.58,25.1,97,2.72,0.0,era5
2021-06-19 20:00:00+00:00,23.03,72.58,25.2,97,3.0,0.0,era5
2021-06-19 21:00:00+00:00,23.03,72.58,25.2,96,3.22,0.0,era5
2021-06-19 22:00:00+00:00,23.03,72.58,24.8,96,3.08,0.0,era5
2021-06-19 23:00:00+00:00,23.03,72.58,24.6,97,2.03,0.0,era5
2021-06-20 00:00:00+00:00,23.03,72.58,25.0,96,2.86,0.0,era5
2021-06-20 01:00:00+00:00,23.03,72.58,25.3,95,3.19,0.0,era5
2021-06-20 02:00:00+00:00,23.03,72.58,25.6,96,4.11,13.3,era5
2021-06-20 03:00:00+00:00,23.03,72.58,25.8,93,4.58,18.2,era5
2021-06-20 04:00:00+00:00,23.03,72.58,26.1,92,4.17,31.5,era5
2021-06-20 05:00:00+00:00,23.03,72.58,26.3,94,4.42,25.1,era5
2021-06-20 06:00:00+00:00,23.03,72.58,26.3,87,5.81,53.4,era5
2021-06-20 07:00:00+00:00,23.03,72.58,26.4,90,4.44,74.2,era5
2021-06-20 08:00:00+00:00,23.03,72.58,27.5,85,3.11,78.4,era5
2021-06-20 09:00:00+00:00,23.03,72.58,29.1,79,3.81,130.8,era5
2021-06-20 10:00:00+00:00,23.03,72.58,29.5,72,4.81,228.8,era5
2021-06-20 11:00:00+00:00,23.03,72.58,29.0,78,3.19,172.8,era5
2021-06-20 12:00:00+00:00,23.03,72.58,26.9,89,3.03,46.6,era5
2021-06-20 13:00:00+00:00,23.03,72.58,26.6,92,1.92,3.3,era5
2021-06-20 14:00:00+00:00,23.03,72.58,26.6,93,1.64,0.0,era5
2021-06-20 15:00:00+00:00,23.03,72.58,26.3,94,1.64,0.0,era5
2021-06-20 16:00:00+00:00,23.03,72.58,26.1,95,1.94,0.0,era5
2021-06-20 17:00:00+00:00,23.03,72.58,25.9,95,2.39,0.0,era5
2021-06-20 18:00:00+00:00,23.03,72.58,25.7,94,2.47,0.0,era5
2021-06-20 19:00:00+00:00,23.03,72.58,25.6,94,1.97,0.0,era5
2021-06-20 20:00:00+00:00,23.03,72.58,25.5,94,1.92,0.0,era5
2021-06-20 21:00:00+00:00,23.03,72.58,25.5,94,1.86,0.0,era5
2021-06-20 22:00:00+00:00,23.03,72.58,25.3,96,1.75,0.0,era5
2021-06-20 23:00:00+00:00,23.03,72.58,25.4,96,1.78,0.0,era5
2021-06-21 00:00:00+00:00,23.03,72.58,25.2,96,2.0,0.0,era5
2021-06-21 01:00:00+00:00,23.03,72.58,25.4,94,2.17,0.0,era5
2021-06-21 02:00:00+00:00,23.03,72.58,26.1,91,2.69,44.6,era5
2021-06-21 03:00:00+00:00,23.03,72.58,26.7,88,3.22,123.0,era5
2021-06-21 04:00:00+00:00,23.03,72.58,26.7,88,3.36,28.4,era5
2021-06-21 05:00:00+00:00,23.03,72.58,27.8,86,3.08,112.9,era5
2021-06-21 06:00:00+00:00,23.03,72.58,30.0,74,2.47,298.9,era5
2021-06-21 07:00:00+00:00,23.03,72.58,29.9,74,3.89,169.7,era5
2021-06-21 08:00:00+00:00,23.03,72.58,28.1,84,2.33,62.3,era5
2021-06-21 09:00:00+00:00,23.03,72.58,31.0,71,2.36,294.2,era5
2021-06-21 10:00:00+00:00,23.03,72.58,29.2,80,3.78,283.0,era5
2021-06-21 11:00:00+00:00,23.03,72.58,30.2,74,1.53,296.9,era5
2021-06-21 12:00:00+00:00,23.03,72.58,28.7,80,1.06,282.9,era5
2021-06-21 13:00:00+00:00,23.03,72.58,28.7,79,0.72,101.0,era5
2021-06-21 14:00:00+00:00,23.03,72.58,27.3,89,0.58,16.6,era5
2021-06-21 15:00:00+00:00,23.03,72.58,27.1,92,1.11,0.0,era5
2021-06-21 16:00:00+00:00,23.03,72.58,26.8,92,2.28,0.0,era5
2021-06-21 17:00:00+00:00,23.03,72.58,26.5,92,2.44,0.0,era5
2021-06-21 18:00:00+00:00,23.03,72.58,26.4,93,1.64,0.0,era5
2021-06-21 19:00:00+00:00,23.03,72.58,26.3,93,1.81,0.0,era5
2021-06-21 20:00:00+00:00,23.03,72.58,26.2,93,1.94,0.0,era5
2021-06-21 21:00:00+00:00,23.03,72.58,26.1,92,1.97,0.0,era5
2021-06-21 22:00:00+00:00,23.03,72.58,26.1,91,2.33,0.0,era5
2021-06-21 23:00:00+00:00,23.03,72.58,25.8,91,2.22,0.0,era5
2021-06-22 00:00:00+00:00,23.03,72.58,26.2,91,2.14,0.0,era5
2021-06-22 01:00:00+00:00,23.03,72.58,26.5,89,2.39,12.8,era5
2021-06-22 02:00:00+00:00,23.03,72.58,27.4,83,2.64,120.9,era5
2021-06-22 03:00:00+00:00,23.03,72.58,28.4,78,3.5,230.5,era5
2021-06-22 04:00:00+00:00,23.03,72.58,29.6,76,3.22,380.2,era5
2021-06-22 05:00:00+00:00,23.03,72.58,30.6,73,2.69,480.6,era5
2021-06-22 06:00:00+00:00,23.03,72.58,31.5,67,2.31,480.2,era5
2021-06-22 07:00:00+00:00,23.03,72.58,29.9,72,2.42,64.0,era5
2021-06-22 08:00:00+00:00,23.03,72.58,31.2,69,1.64,218.1,era5
2021-06-22 09:00:00+00:00,23.03,72.58,30.7,70,4.14,422.7,era5
2021-06-22 10:00:00+00:00,23.03,72.58,30.5,72,3.03,401.8,era5
2021-06-22 11:00:00+00:00,23.03,72.58,30.3,73,1.69,269.5,era5
2021-06-22 12:00:00+00:00,23.03,72.58,30.1,75,1.61,214.8,era5
2021-06-22 13:00:00+00:00,23.03,72.58,29.8,76,1.64,162.6,era5
2021-06-22 14:00:00+00:00,23.03,72.58,28.7,83,1.39,41.4,era5
2021-06-22 15:00:00+00:00,23.03,72.58,28.2,85,2.56,0.0,era5
2021-06-22 16:00:00+00:00,23.03,72.58,27.7,85,2.78,0.0,era5
2021-06-22 17:00:00+00:00,23.03,72.58,27.5,86,2.75,0.0,era5
2021-06-22 18:00:00+00:00,23.03,72.58,27.3,88,2.25,0.0,era5
2021-06-22 19:00:00+00:00,23.03,72.58,27.1,89,1.86,0.0,era5
2021-06-22 20:00:00+00:00,23.03,72.58,26.9,91,1.97,0.0,era5
2021-06-22 21:00:00+00:00,23.03,72.58,26.9,89,2.25,0.0,era5
2021-06-22 22:00:00+00:00,23.03,72.58,26.9,85,2.19,0.0,era5
2021-06-22 23:00:00+00:00,23.03,72.58,26.6,85,2.11,0.0,era5
2021-06-23 00:00:00+00:00,23.03,72.58,26.6,85,2.31,0.0,era5
2021-06-23 01:00:00+00:00,23.03,72.58,26.9,85,2.64,12.8,era5
2021-06-23 02:00:00+00:00,23.03,72.58,27.9,82,2.92,179.8,era5
2021-06-23 03:00:00+00:00,23.03,72.58,28.8,78,4.39,242.3,era5
2021-06-23 04:00:00+00:00,23.03,72.58,29.7,76,3.81,331.7,era5
2021-06-23 05:00:00+00:00,23.03,72.58,30.6,74,3.03,401.8,era5
2021-06-23 06:00:00+00:00,23.03,72.58,31.3,74,2.5,326.5,era5
2021-06-23 07:00:00+00:00,23.03,72.58,31.7,74,2.0,209.4,era5
2021-06-23 08:00:00+00:00,23.03,72.58,32.4,66,2.5,216.1,era5
2021-06-23 09:00:00+00:00,23.03,72.58,30.4,75,1.94,163.3,era5
2021-06-23 10:00:00+00:00,23.03,72.58,31.0,72,1.19,45.9,era5
2021-06-23 11:00:00+00:00,23.03,72.58,30.0,79,3.5,85.5,era5
2021-06-23 12:00:00+00:00,23.03,72.58,31.2,74,1.67,129.5,era5
2021-06-23 13:00:00+00:00,23.03,72.58,30.6,77,2.25,142.7,era5
2021-06-23 14:00:00+00:00,23.03,72.58,29.2,82,3.19,41.2,era5
2021-06-23 15:00:00+00:00,23.03,72.58,29.0,80,3.39,0.0,era5
2021-06-23 16:00:00+00:00,23.03,72.58,28.6,81,3.31,0.0,era5
2021-06-23 17:00:00+00:00,23.03,72.58,28.1,84,2.83,0.0,era5
2021-06-23 18:00:00+00:00,23.03,72.58,27.8,84,2.78,0.0,era5
2021-06-23 19:00:00+00:00,23.03,72.58,27.5,84,3.11,0.0,era5
2021-06-23 20:00:00+00:00,23.03,72.58,27.2,85,3.0,0.0,era5
2021-06-23 21:00:00+00:00,23.03,72.58,27.1,85,2.67,0.0,era5
2021-06-23 22:00:00+00:00,23.03,72.58,27.1,81,2.5,0.0,era5
2021-06-23 23:00:00+00:00,23.03,72.58,26.8,81,2.61,0.0,era5
2021-06-24 00:00:00+00:00,23.03,72.58,26.7,83,2.19,0.0,era5
2021-06-24 01:00:00+00:00,23.03,72.58,27.3,83,2.81,12.9,era5
2021-06-24 02:00:00+00:00,23.03,72.58,28.1,81,3.17,117.3,era5
2021-06-24 03:00:00+00:00,23.03,72.58,28.9,76,4.14,263.4,era5
2021-06-24 04:00:00+00:00,23.03,72.58,29.7,72,4.42,332.0,era5
2021-06-24 05:00:00+00:00,23.03,72.58,30.4,66,3.94,312.9,era5
2021-06-24 06:00:00+00:00,23.03,72.58,31.2,62,3.64,376.8,era5
2021-06-24 07:00:00+00:00,23.03,72.58,31.6,60,3.31,377.2,era5
2021-06-24 08:00:00+00:00,23.03,72.58,32.4,57,2.81,495.5,era5
2021-06-24 09:00:00+00:00,23.03,72.58,32.5,56,2.42,317.1,era5
2021-06-24 10:00:00+00:00,23.03,72.58,32.4,57,3.14,334.3,era5
2021-06-24 11:00:00+00:00,23.03,72.58,31.7,62,2.06,180.8,era5
2021-06-24 12:00:00+00:00,23.03,72.58,31.7,62,1.67,237.4,era5
2021-06-24 13:00:00+00:00,23.03,72.58,30.7,68,3.44,187.7,era5
2021-06-24 14:00:00+00:00,23.03,72.58,28.9,81,4.47,41.1,era5
2021-06-24 15:00:00+00:00,23.03,72.58,28.1,83,4.67,0.0,era5
2021-06-24 16:00:00+00:00,23.03,72.58,28.0,83,3.92,0.0,era5
2021-06-24 17:00:00+00:00,23.03,72.58,27.7,85,3.44,0.0,era5
2021-06-24 18:00:00+00:00,23.03,72.58,27.4,87,3.11,0.0,era5
2021-06-24 19:00:00+00:00,23.03,72.58,27.3,88,3.22,0.0,era5
2021-06-24 20:00:00+00:00,23.03,72.58,27.2,87,2.92,0.0,era5
2021-06-24 21:00:00+00:00,23.03,72.58,27.2,85,2.47,0.0,era5
2021-06-24 22:00:00+00:00,23.03,72.58,27.2,82,2.14,0.0,era5
2021-06-24 23:00:00+00:00,23.03,72.58,27.0,81,2.19,0.0,era5
2021-06-25 00:00:00+00:00,23.03,72.58,27.2,82,2.31,0.0,era5
2021-06-25 01:00:00+00:00,23.03,72.58,27.5,82,2.61,0.0,era5
2021-06-25 02:00:00+00:00,23.03,72.58,28.1,80,2.72,149.6,era5
2021-06-25 03:00:00+00:00,23.03,72.58,28.8,76,3.94,293.8,era5
2021-06-25 04:00:00+00:00,23.03,72.58,29.8,72,4.28,365.7,era5
2021-06-25 05:00:00+00:00,23.03,72.58,30.5,69,4.11,369.7,era5
2021-06-25 06:00:00+00:00,23.03,72.58,31.1,66,3.78,410.9,era5
2021-06-25 07:00:00+00:00,23.03,72.58,32.1,62,3.19,458.7,era5
2021-06-25 08:00:00+00:00,23.03,72.58,33.0,57,2.92,532.6,era5
2021-06-25 09:00:00+00:00,23.03,72.58,33.5,54,2.81,512.9,era5
2021-06-25 10:00:00+00:00,23.03,72.58,33.6,53,3.19,480.0,era5
2021-06-25 11:00:00+00:00,23.03,72.58,33.5,52,1.92,483.7,era5
2021-06-25 12:00:00+00:00,23.03,72.58,33.5,54,2.69,379.8,era5
2021-06-25 13:00:00+00:00,23.03,72.58,32.1,64,1.5,193.8,era5
2021-06-25 14:00:00+00:00,23.03,72.58,30.7,70,2.11,57.4,era5
2021-06-25 15:00:00+00:00,23.03,72.58,29.4,78,3.36,0.0,era5
2021-06-25 16:00:00+00:00,23.03,72.58,28.9,81,3.69,0.0,era5
2021-06-25 17:00:00+00:00,23.03,72.58,28.3,84,3.42,0.0,era5
2021-06-25 18:00:00+00:00,23.03,72.58,27.8,87,2.64,0.0,era5
2021-06-25 19:00:00+00:00,23.03,72.58,27.6,90,2.33,0.0,era5
2021-06-25 20:00:00+00:00,23.03,72.58,27.7,84,3.33,0.0,era5
2021-06-25 21:00:00+00:00,23.03,72.58,27.3,77,3.33,0.0,era5
2021-06-25 22:00:00+00:00,23.03,72.58,26.7,80,3.08,0.0,era5
2021-06-25 23:00:00+00:00,23.03,72.58,26.3,83,2.33,0.0,era5
2021-06-26 00:00:00+00:00,23.03,72.58,26.4,84,1.61,0.0,era5
2021-06-26 01:00:00+00:00,23.03,72.58,27.0,81,2.11,13.1,era5
2021-06-26 02:00:00+00:00,23.03,72.58,27.8,77,2.39,173.0,era5
2021-06-26 03:00:00+00:00,23.03,72.58,28.9,73,4.31,349.6,era5
2021-06-26 04:00:00+00:00,23.03,72.58,29.7,68,4.03,359.8,era5
2021-06-26 05:00:00+00:00,23.03,72.58,30.7,64,3.64,456.8,era5
2021-06-26 06:00:00+00:00,23.03,72.58,31.5,61,3.67,494.1,era5
2021-06-26 07:00:00+00:00,23.03,72.58,32.0,58,3.44,506.5,era5
2021-06-26 08:00:00+00:00,23.03,72.58,32.5,56,3.39,497.4,era5
2021-06-26 09:00:00+00:00,23.03,72.58,32.8,55,3.14,493.8,era5
2021-06-26 10:00:00+00:00,23.03,72.58,33.0,53,2.83,496.3,era5
2021-06-26 11:00:00+00:00,23.03,72.58,32.7,54,2.97,412.2,era5
2021-06-26 12:00:00+00:00,23.03,72.58,32.9,55,2.14,383.2,era5
2021-06-26 13:00:00+00:00,23.03,72.58,32.0,63,1.89,132.2,era5
2021-06-26 14:00:00+00:00,23.03,72.58,30.4,72,1.61,49.1,era5
2021-06-26 15:00:00+00:00,23.03,72.58,29.8,75,1.11,0.0,era5
2021-06-26 16:00:00+00:00,23.03,72.58,29.7,72,3.31,0.0,era5
2021-06-26 17:00:00+00:00,23.03,72.58,28.8,79,3.22,0.0,era5
2021-06-26 18:00:00+00:00,23.03,72.58,28.5,82,2.89,0.0,era5
2021-06-26 19:00:00+00:00,23.03,72.58,28.1,85,2.78,0.0,era5
2021-06-26 20:00:00+00:00,23.03,72.58,27.9,75,3.83,0.0,era5
2021-06-26 21:00:00+00:00,23.03,72.58,27.3,76,4.0,0.0,era5
2021-06-26 22:00:00+00:00,23.03,72.58,26.8,82,3.78,0.0,era5
2021-06-26 23:00:00+00:00,23.03,72.58,26.6,85,3.47,0.0,era5
2021-06-27 00:00:00+00:00,23.03,72.58,26.9,85,3.61,0.0,era5
2021-06-27 01:00:00+00:00,23.03,72.58,27.3,83,3.89,13.2,era5
2021-06-27 02:00:00+00:00,23.03,72.58,28.1,79,4.5,178.4,era5
2021-06-27 03:00:00+00:00,23.03,72.58,29.2,74,4.64,361.8,era5
2021-06-27 04:00:00+00:00,23.03,72.58,30.3,68,4.53,428.4,era5
2021-06-27 05:00:00+00:00,23.03,72.58,31.2,64,3.83,298.5,era5
2021-06-27 06:00:00+00:00,23.03,72.58,31.6,61,3.56,161.8,era5
2021-06-27 07:00:00+00:00,23.03,72.58,32.0,59,2.69,104.8,era5
2021-06-27 08:00:00+00:00,23.03,72.58,32.1,59,2.14,69.3,era5
2021-06-27 09:00:00+00:00,23.03,72.58,32.2,60,2.25,173.7,era5
2021-06-27 10:00:00+00:00,23.03,72.58,32.4,60,1.89,199.8,era5
2021-06-27 11:00:00+00:00,23.03,72.58,32.4,60,2.22,281.2,era5
2021-06-27 12:00:00+00:00,23.03,72.58,34.0,54,1.75,215.4,era5
2021-06-27 13:00:00+00:00,23.03,72.58,33.1,62,1.08,138.3,era5
2021-06-27 14:00:00+00:00,23.03,72.58,31.4,69,1.28,16.3,era5
2021-06-27 15:00:00+00:00,23.03,72.58,30.9,69,1.69,0.0,era5
2021-06-27 16:00:00+00:00,23.03,72.58,30.5,69,2.75,0.0,era5
2021-06-27 17:00:00+00:00,23.03,72.58,29.7,73,3.42,0.0,era5
2021-06-27 18:00:00+00:00,23.03,72.58,29.4,75,3.36,0.0,era5
2021-06-27 19:00:00+00:00,23.03,72.58,29.0,78,3.19,0.0,era5
2021-06-27 20:00:00+00:00,23.03,72.58,28.9,78,2.89,0.0,era5
2021-06-27 21:00:00+00:00,23.03,72.58,28.6,76,2.97,0.0,era5
2021-06-27 22:00:00+00:00,23.03,72.58,28.4,75,3.19,0.0,era5
2021-06-27 23:00:00+00:00,23.03,72.58,28.0,77,3.36,0.0,era5
2021-06-28 00:00:00+00:00,23.03,72.58,27.6,80,2.97,0.0,era5
2021-06-28 01:00:00+00:00,23.03,72.58,27.6,81,3.11,0.0,era5
2021-06-28 02:00:00+00:00,23.03,72.58,27.6,82,2.58,0.0,era5
2021-06-28 03:00:00+00:00,23.03,72.58,27.9,82,2.33,4.6,era5
2021-06-28 04:00:00+00:00,23.03,72.58,28.3,80,3.17,12.7,era5
2021-06-28 05:00:00+00:00,23.03,72.58,29.5,74,3.42,109.6,era5
2021-06-28 06:00:00+00:00,23.03,72.58,30.0,72,2.97,159.7,era5
2021-06-28 07:00:00+00:00,23.03,72.58,30.7,70,3.11,141.4,era5
2021-06-28 08:00:00+00:00,23.03,72.58,31.3,67,3.61,153.7,era5
2021-06-28 09:00:00+00:00,23.03,72.58,32.6,62,3.5,377.8,era5
2021-06-28 10:00:00+00:00,23.03,72.58,33.2,59,3.39,415.9,era5
2021-06-28 11:00:00+00:00,23.03,72.58,33.8,56,3.0,511.0,era5
2021-06-28 12:00:00+00:00,23.03,72.58,33.4,59,2.0,217.1,era5
2021-06-28 13:00:00+00:00,23.03,72.58,32.6,64,1.72,99.6,era5
2021-06-28 14:00:00+00:00,23.03,72.58,31.4,69,2.11,32.6,era5
2021-06-28 15:00:00+00:00,23.03,72.58,30.7,70,2.42,0.0,era5
2021-06-28 16:00:00+00:00,23.03,72.58,30.1,71,3.06,0.0,era5
2021-06-28 17:00:00+00:00,23.03,72.58,29.5,77,4.22,0.0,era5
2021-06-28 18:00:00+00:00,23.03,72.58,28.8,80,3.81,0.0,era5
2021-06-28 19:00:00+00:00,23.03,72.58,28.3,85,3.36,0.0,era5
2021-06-28 20:00:00+00:00,23.03,72.58,28.1,85,3.19,0.0,era5
2021-06-28 21:00:00+00:00,23.03,72.58,27.9,84,3.33,0.0,era5
2021-06-28 22:00:00+00:00,23.03,72.58,27.7,85,3.11,0.0,era5
2021-06-28 23:00:00+00:00,23.03,72.58,27.4,86,2.33,0.0,era5
2021-06-29 00:00:00+00:00,23.03,72.58,27.3,89,2.08,0.0,era5
2021-06-29 01:00:00+00:00,23.03,72.58,27.5,87,2.42,0.0,era5
2021-06-29 02:00:00+00:00,23.03,72.58,28.3,83,2.81,64.7,era5
2021-06-29 03:00:00+00:00,23.03,72.58,29.3,78,3.0,270.8,era5
2021-06-29 04:00:00+00:00,23.03,72.58,30.5,73,3.0,445.4,era5
2021-06-29 05:00:00+00:00,23.03,72.58,32.0,66,3.0,512.0,era5
2021-06-29 06:00:00+00:00,23.03,72.58,33.2,60,2.81,469.5,era5
2021-06-29 07:00:00+00:00,23.03,72.58,33.7,57,2.64,301.2,era5
2021-06-29 08:00:00+00:00,23.03,72.58,33.8,59,2.56,331.6,era5
2021-06-29 09:00:00+00:00,23.03,72.58,34.1,59,2.39,510.2,era5
2021-06-29 10:00:00+00:00,23.03,72.58,33.9,59,2.42,447.4,era5
2021-06-29 11:00:00+00:00,23.03,72.58,33.9,59,2.5,344.7,era5
2021-06-29 12:00:00+00:00,23.03,72.58,34.5,55,2.06,157.4,era5
2021-06-29 13:00:00+00:00,23.03,72.58,33.6,60,2.33,189.2,era5
2021-06-29 14:00:00+00:00,23.03,72.58,32.3,64,3.19,32.5,era5
2021-06-29 15:00:00+00:00,23.03,72.58,31.1,68,4.17,0.0,era5
2021-06-29 16:00:00+00:00,23.03,72.58,30.0,72,3.97,0.0,era5
2021-06-29 17:00:00+00:00,23.03,72.58,29.5,77,4.28,0.0,era5
2021-06-29 18:00:00+00:00,23.03,72.58,29.4,79,3.97,0.0,era5
2021-06-29 19:00:00+00:00,23.03,72.58,29.3,79,3.89,0.0,era5
2021-06-29 20:00:00+00:00,23.03,72.58,29.1,77,3.64,0.0,era5
2021-06-29 21:00:00+00:00,23.03,72.58,28.6,78,3.06,0.0,era5
2021-06-29 22:00:00+00:00,23.03,72.58,28.3,79,2.64,0.0,era5
2021-06-29 23:00:00+00:00,23.03,72.58,28.1,77,2.72,0.0,era5
2021-06-30 00:00:00+00:00,23.03,72.58,28.0,78,2.56,0.0,era5
2021-06-30 01:00:00+00:00,23.03,72.58,28.2,79,2.67,0.0,era5
2021-06-30 02:00:00+00:00,23.03,72.58,28.8,78,3.0,148.6,era5
2021-06-30 03:00:00+00:00,23.03,72.58,29.7,74,4.22,229.7,era5
2021-06-30 04:00:00+00:00,23.03,72.58,30.6,70,4.06,283.5,era5
2021-06-30 05:00:00+00:00,23.03,72.58,31.9,63,4.17,454.4,era5
2021-06-30 06:00:00+00:00,23.03,72.58,32.9,58,4.47,517.9,era5
2021-06-30 07:00:00+00:00,23.03,72.58,33.7,55,4.56,411.2,era5
2021-06-30 08:00:00+00:00,23.03,72.58,34.3,52,4.28,401.9,era5
2021-06-30 09:00:00+00:00,23.03,72.58,35.1,49,4.08,478.6,era5
2021-06-30 10:00:00+00:00,23.03,72.58,35.5,49,3.97,498.9,era5
2021-06-30 11:00:00+00:00,23.03,72.58,35.2,49,4.17,429.5,era5
2021-06-30 12:00:00+00:00,23.03,72.58,32.2,64,5.22,291.5,era5
2021-06-30 13:00:00+00:00,23.03,72.58,32.3,64,3.94,185.7,era5
2021-06-30 14:00:00+00:00,23.03,72.58,31.0,70,4.31,56.8,era5
2021-06-30 15:00:00+00:00,23.03,72.58,29.8,75,4.33,0.0,era5
2021-06-30 16:00:00+00:00,23.03,72.58,29.3,78,3.97,0.0,era5
2021-06-30 17:00:00+00:00,23.03,72.58,29.1,81,3.28,0.0,era5
2021-06-30 18:00:00+00:00,23.03,72.58,28.9,83,2.83,0.0,era5
2021-06-30 19:00:00+00:00,23.03,72.58,28.9,80,2.94,0.0,era5
2021-06-30 20:00:00+00:00,23.03,72.58,28.7,74,3.11,0.0,era5
2021-06-30 21:00:00+00:00,23.03,72.58,28.5,75,3.5,0.0,era5
2021-06-30 22:00:00+00:00,23.03,72.58,27.9,78,3.11,0.0,era5
2021-06-30 23:00:00+00:00,23.03,72.58,27.6,77,3.22,0.0,era5
2022-04-01 00:00:00+00:00,23.03,72.58,24.0,53,2.14,0.0,era5
2022-04-01 01:00:00+00:00,23.03,72.58,24.3,51,1.53,0.0,era5
2022-04-01 02:00:00+00:00,23.03,72.58,25.8,46,1.31,151.8,era5
2022-04-01 03:00:00+00:00,23.03,72.58,28.6,38,1.14,460.6,era5
2022-04-01 04:00:00+00:00,23.03,72.58,31.1,34,1.33,641.9,era5
2022-04-01 05:00:00+00:00,23.03,72.58,33.6,29,1.08,742.0,era5
2022-04-01 06:00:00+00:00,23.03,72.58,36.0,25,1.08,796.3,era5
2022-04-01 07:00:00+00:00,23.03,72.58,38.2,20,1.0,823.1,era5
2022-04-01 08:00:00+00:00,23.03,72.58,39.9,16,0.92,828.7,era5
2022-04-01 09:00:00+00:00,23.03,72.58,40.8,13,0.92,812.9,era5
2022-04-01 10:00:00+00:00,23.03,72.58,41.1,12,1.22,774.7,era5
2022-04-01 11:00:00+00:00,23.03,72.58,40.9,12,1.83,699.9,era5
2022-04-01 12:00:00+00:00,23.03,72.58,40.0,13,1.83,564.2,era5
2022-04-01 13:00:00+00:00,23.03,72.58,36.8,21,2.03,318.4,era5
2022-04-01 14:00:00+00:00,23.03,72.58,34.2,19,2.61,15.0,era5
2022-04-01 15:00:00+00:00,23.03,72.58,33.6,20,3.53,0.0,era5
2022-04-01 16:00:00+00:00,23.03,72.58,31.5,24,2.17,0.0,era5
2022-04-01 17:00:00+00:00,23.03,72.58,29.8,27,2.11,0.0,era5
2022-04-01 18:00:00+00:00,23.03,72.58,29.6,28,3.14,0.0,era5
2022-04-01 19:00:00+00:00,23.03,72.58,28.6,39,3.67,0.0,era5
2022-04-01 20:00:00+00:00,23.03,72.58,27.9,41,2.5,0.0,era5
2022-04-01 21:00:00+00:00,23.03,72.58,25.8,47,2.86,0.0,era5
2022-04-01 22:00:00+00:00,23.03,72.58,26.2,44,1.31,0.0,era5
2022-04-01 23:00:00+00:00,23.03,72.58,26.8,42,0.31,0.0,era5
2022-04-02 00:00:00+00:00,23.03,72.58,25.0,60,2.42,0.0,era5
2022-04-02 01:00:00+00:00,23.03,72.58,24.8,63,2.47,0.0,era5
2022-04-02 02:00:00+00:00,23.03,72.58,25.9,61,1.83,157.1,era5
2022-04-02 03:00:00+00:00,23.03,72.58,28.9,48,1.92,461.6,era5
2022-04-02 04:00:00+00:00,23.03,72.58,31.9,36,1.61,639.8,era5
2022-04-02 05:00:00+00:00,23.03,72.58,34.7,29,1.92,738.8,era5
2022-04-02 06:00:00+00:00,23.03,72.58,37.1,24,1.53,793.8,era5
2022-04-02 07:00:00+00:00,23.03,72.58,39.0,19,1.42,821.0,era5
2022-04-02 08:00:00+00:00,23.03,72.58,40.2,16,1.08,825.9,era5
2022-04-02 09:00:00+00:00,23.03,72.58,40.8,14,0.86,809.0,era5
2022-04-02 10:00:00+00:00,23.03,72.58,40.9,13,1.0,769.4,era5
2022-04-02 11:00:00+00:00,23.03,72.58,40.7,13,1.08,695.2,era5
2022-04-02 12:00:00+00:00,23.03,72.58,39.5,17,1.11,560.1,era5
2022-04-02 13:00:00+00:00,23.03,72.58,37.2,22,1.5,311.4,era5
2022-04-02 14:00:00+00:00,23.03,72.58,34.6,22,2.08,14.8,era5
2022-04-02 15:00:00+00:00,23.03,72.58,33.7,22,2.19,0.0,era5
2022-04-02 16:00:00+00:00,23.03,72.58,31.7,27,3.64,0.0,era5
2022-04-02 17:00:00+00:00,23.03,72.58,29.3,44,3.42,0.0,era5
2022-04-02 18:00:00+00:00,23.03,72.58,28.3,48,3.0,0.0,era5
2022-04-02 19:00:00+00:00,23.03,72.58,27.5,54,2.56,0.0,era5
2022-04-02 20:00:00+00:00,23.03,72.58,26.7,58,1.86,0.0,era5
2022-04-02 21:00:00+00:00,23.03,72.58,25.5,62,2.08,0.0,era5
2022-04-02 22:00:00+00:00,23.03,72.58,25.1,64,1.92,0.0,era5
2022-04-02 23:00:00+00:00,23.03,72.58,24.7,65,1.94,0.0,era5
2022-04-03 00:00:00+00:00,23.03,72.58,24.5,72,1.83,0.0,era5
2022-04-03 01:00:00+00:00,23.03,72.58,24.6,72,1.53,0.0,era5
2022-04-03 02:00:00+00:00,23.03,72.58,26.3,67,2.03,162.4,era5
2022-04-03 03:00:00+00:00,23.03,72.58,29.4,56,1.17,465.6,era5
2022-04-03 04:00:00+00:00,23.03,72.58,32.5,38,1.06,645.0,era5
2022-04-03 05:00:00+00:00,23.03,72.58,35.7,25,1.69,745.4,era5
2022-04-03 06:00:00+00:00,23.03,72.58,38.6,16,2.25,800.6,era5
2022-04-03 07:00:00+00:00,23.03,72.58,40.5,12,2.25,829.7,era5
2022-04-03 08:00:00+00:00,23.03,72.58,41.6,9,1.78,836.8,era5
2022-04-03 09:00:00+00:00,23.03,72.58,42.1,8,2.14,825.3,era5
2022-04-03 10:00:00+00:00,23.03,72.58,42.1,7,2.67,786.9,era5
2022-04-03 11:00:00+00:00,23.03,72.58,41.7,7,2.75,712.7,era5
2022-04-03 12:00:00+00:00,23.03,72.58,41.0,8,2.78,576.9,era5
2022-04-03 13:00:00+00:00,23.03,72.58,38.2,10,2.0,328.7,era5
2022-04-03 14:00:00+00:00,23.03,72.58,35.1,12,2.58,14.7,era5
2022-04-03 15:00:00+00:00,23.03,72.58,33.7,13,2.78,0.0,era5
2022-04-03 16:00:00+00:00,23.03,72.58,31.3,14,3.0,0.0,era5
2022-04-03 17:00:00+00:00,23.03,72.58,33.3,11,1.89,0.0,era5
2022-04-03 18:00:00+00:00,23.03,72.58,28.2,18,2.28,0.0,era5
2022-04-03 19:00:00+00:00,23.03,72.58,28.9,28,2.75,0.0,era5
2022-04-03 20:00:00+00:00,23.03,72.58,28.1,36,2.33,0.0,era5
2022-04-03 21:00:00+00:00,23.03,72.58,25.7,46,3.0,0.0,era5
2022-04-03 22:00:00+00:00,23.03,72.58,24.8,45,2.69,0.0,era5
2022-04-03 23:00:00+00:00,23.03,72.58,24.7,39,2.67,0.0,era5
2022-04-04 00:00:00+00:00,23.03,72.58,25.6,27,2.06,0.0,era5
2022-04-04 01:00:00+00:00,23.03,72.58,25.3,29,2.47,0.0,era5
2022-04-04 02:00:00+00:00,23.03,72.58,26.8,35,3.61,167.5,era5
2022-04-04 03:00:00+00:00,23.03,72.58,29.5,38,3.33,472.4,era5
2022-04-04 04:00:00+00:00,23.03,72.58,32.8,32,3.67,650.2,era5
2022-04-04 05:00:00+00:00,23.03,72.58,35.7,24,4.17,746.5,era5
2022-04-04 06:00:00+00:00,23.03,72.58,38.3,17,3.94,797.0,era5
2022-04-04 07:00:00+00:00,23.03,72.58,40.0,14,3.42,823.4,era5
2022-04-04 08:00:00+00:00,23.03,72.58,41.2,12,2.81,828.8,era5
2022-04-04 09:00:00+00:00,23.03,72.58,41.9,10,2.75,812.7,era5
2022-04-04 10:00:00+00:00,23.03,72.58,42.2,10,3.28,774.2,era5
2022-04-04 11:00:00+00:00,23.03,72.58,41.9,9,3.75,698.6,era5
2022-04-04 12:00:00+00:00,23.03,72.58,40.8,10,3.19,561.4,era5
2022-04-04 13:00:00+00:00,23.03,72.58,38.1,12,1.83,317.0,era5
2022-04-04 14:00:00+00:00,23.03,72.58,33.9,16,2.86,14.5,era5
2022-04-04 15:00:00+00:00,23.03,72.58,33.0,17,2.56,0.0,era5
2022-04-04 16:00:00+00:00,23.03,72.58,31.1,19,2.64,0.0,era5
2022-04-04 17:00:00+00:00,23.03,72.58,30.3,19,2.42,0.0,era5
2022-04-04 18:00:00+00:00,23.03,72.58,28.5,21,2.89,0.0,era5
2022-04-04 19:00:00+00:00,23.03,72.58,27.7,21,3.03,0.0,era5
2022-04-04 20:00:00+00:00,23.03,72.58,27.9,21,2.44,0.0,era5
2022-04-04 21:00:00+00:00,23.03,72.58,27.1,27,2.83,0.0,era5
2022-04-04 22:00:00+00:00,23.03,72.58,27.3,28,2.58,0.0,era5
2022-04-04 23:00:00+00:00,23.03,72.58,26.9,32,2.83,0.0,era5
2022-04-05 00:00:00+00:00,23.03,72.58,25.8,39,2.08,0.0,era5
2022-04-05 01:00:00+00:00,23.03,72.58,25.8,40,2.36,0.0,era5
2022-04-05 02:00:00+00:00,23.03,72.58,27.5,37,3.17,165.3,era5
2022-04-05 03:00:00+00:00,23.03,72.58,30.8,30,3.17,461.8,era5
2022-04-05 04:00:00+00:00,23.03,72.58,34.1,23,2.72,637.5,era5
2022-04-05 05:00:00+00:00,23.03,72.58,37.2,17,1.97,731.3,era5
2022-04-05 06:00:00+00:00,23.03,72.58,39.4,15,0.89,785.4,era5
2022-04-05 07:00:00+00:00,23.03,72.58,41.0,13,1.11,810.8,era5
2022-04-05 08:00:00+00:00,23.03,72.58,42.0,12,1.31,815.6,era5
2022-04-05 09:00:00+00:00,23.03,72.58,42.7,11,2.22,799.0,era5
2022-04-05 10:00:00+00:00,23.03,72.58,42.9,11,3.56,650.7,era5
2022-04-05 11:00:00+00:00,23.03,72.58,41.7,12,4.14,184.1,era5
2022-04-05 12:00:00+00:00,23.03,72.58,40.8,13,3.19,41.3,era5
2022-04-05 13:00:00+00:00,23.03,72.58,38.7,15,2.11,291.2,era5
2022-04-05 14:00:00+00:00,23.03,72.58,34.9,19,2.33,14.4,era5
2022-04-05 15:00:00+00:00,23.03,72.58,33.9,20,2.14,0.0,era5
2022-04-05 16:00:00+00:00,23.03,72.58,32.3,20,2.78,0.0,era5
2022-04-05 17:00:00+00:00,23.03,72.58,32.7,17,2.81,0.0,era5
2022-04-05 18:00:00+00:00,23.03,72.58,31.2,21,2.97,0.0,era5
2022-04-05 19:00:00+00:00,23.03,72.58,29.8,27,2.36,0.0,era5
2022-04-05 20:00:00+00:00,23.03,72.58,28.7,29,2.31,0.0,era5
2022-04-05 21:00:00+00:00,23.03,72.58,28.8,24,3.42,0.0,era5
2022-04-05 22:00:00+00:00,23.03,72.58,28.7,23,4.19,0.0,era5
2022-04-05 23:00:00+00:00,23.03,72.58,27.6,30,3.72,0.0,era5
2022-04-06 00:00:00+00:00,23.03,72.58,26.6,45,2.67,0.0,era5
2022-04-06 01:00:00+00:00,23.03,72.58,25.8,52,1.94,0.0,era5
2022-04-06 02:00:00+00:00,23.03,72.58,27.0,52,2.44,170.3,era5
2022-04-06 03:00:00+00:00,23.03,72.58,29.3,46,2.47,448.6,era5
2022-04-06 04:00:00+00:00,23.03,72.58,32.0,38,2.75,624.9,era5
2022-04-06 05:00:00+00:00,23.03,72.58,34.9,30,3.06,725.8,era5
2022-04-06 06:00:00+00:00,23.03,72.58,37.8,22,3.14,779.7,era5
2022-04-06 07:00:00+00:00,23.03,72.58,39.9,16,3.53,802.6,era5
2022-04-06 08:00:00+00:00,23.03,72.58,41.2,13,4.11,810.9,era5
2022-04-06 09:00:00+00:00,23.03,72.58,42.0,10,4.58,786.6,era5
2022-04-06 10:00:00+00:00,23.03,72.58,42.2,8,4.67,737.5,era5
2022-04-06 11:00:00+00:00,23.03,72.58,41.9,7,4.61,651.8,era5
2022-04-06 12:00:00+00:00,23.03,72.58,40.7,8,3.67,496.4,era5
2022-04-06 13:00:00+00:00,23.03,72.58,37.9,10,1.78,284.6,era5
2022-04-06 14:00:00+00:00,23.03,72.58,33.4,13,3.11,14.2,era5
2022-04-06 15:00:00+00:00,23.03,72.58,32.1,13,3.0,0.0,era5
2022-04-06 16:00:00+00:00,23.03,72.58,31.4,13,2.61,0.0,era5
2022-04-06 17:00:00+00:00,23.03,72.58,31.0,13,2.69,0.0,era5
2022-04-06 18:00:00+00:00,23.03,72.58,30.4,13,2.58,0.0,era5
2022-04-06 19:00:00+00:00,23.03,72.58,28.4,17,2.39,0.0,era5
2022-04-06 20:00:00+00:00,23.03,72.58,26.5,23,2.78,0.0,era5
2022-04-06 21:00:00+00:00,23.03,72.58,26.7,22,2.44,0.0,era5
2022-04-06 22:00:00+00:00,23.03,72.58,26.2,25,2.81,0.0,era5
2022-04-06 23:00:00+00:00,23.03,72.58,26.2,33,3.56,0.0,era5
2022-04-07 00:00:00+00:00,23.03,72.58,25.3,45,3.22,0.0,era5
2022-04-07 01:00:00+00:00,23.03,72.58,24.5,55,1.61,0.0,era5
2022-04-07 02:00:00+00:00,23.03,72.58,26.3,50,2.11,175.2,era5
2022-04-07 03:00:00+00:00,23.03,72.58,29.4,43,1.72,464.1,era5
2022-04-07 04:00:00+00:00,23.03,72.58,32.6,34,2.56,639.2,era5
2022-04-07 05:00:00+00:00,23.03,72.58,35.5,27,3.11,709.5,era5
2022-04-07 06:00:00+00:00,23.03,72.58,38.3,21,3.14,738.4,era5
2022-04-07 07:00:00+00:00,23.03,72.58,40.9,16,3.33,772.2,era5
2022-04-07 08:00:00+00:00,23.03,72.58,42.8,10,4.03,782.2,era5
2022-04-07 09:00:00+00:00,23.03,72.58,43.4,8,3.72,798.5,era5
2022-04-07 10:00:00+00:00,23.03,72.58,43.3,8,3.75,762.6,era5
2022-04-07 11:00:00+00:00,23.03,72.58,42.7,8,3.97,692.9,era5
2022-04-07 12:00:00+00:00,23.03,72.58,41.8,8,3.81,558.9,era5
2022-04-07 13:00:00+00:00,23.03,72.58,39.2,9,2.56,320.5,era5
2022-04-07 14:00:00+00:00,23.03,72.58,36.8,10,3.11,14.1,era5
2022-04-07 15:00:00+00:00,23.03,72.58,36.0,10,2.81,0.0,era5
2022-04-07 16:00:00+00:00,23.03,72.58,32.6,13,2.83,0.0,era5
2022-04-07 17:00:00+00:00,23.03,72.58,30.4,16,2.78,0.0,era5
2022-04-07 18:00:00+00:00,23.03,72.58,32.4,14,1.25,0.0,era5
2022-04-07 19:00:00+00:00,23.03,72.58,32.8,13,0.42,0.0,era5
2022-04-07 20:00:00+00:00,23.03,72.58,28.5,18,2.47,0.0,era5
2022-04-07 21:00:00+00:00,23.03,72.58,27.5,18,2.56,0.0,era5
2022-04-07 22:00:00+00:00,23.03,72.58,27.9,16,3.56,0.0,era5
2022-04-07 23:00:00+00:00,23.03,72.58,27.2,21,3.42,0.0,era5
2022-04-08 00:00:00+00:00,23.03,72.58,27.0,46,4.33,0.0,era5
2022-04-08 01:00:00+00:00,23.03,72.58,26.5,52,3.19,0.0,era5
2022-04-08 02:00:00+00:00,23.03,72.58,28.1,44,3.22,186.9,era5
2022-04-08 03:00:00+00:00,23.03,72.58,31.6,32,1.5,473.8,era5
2022-04-08 04:00:00+00:00,23.03,72.58,35.1,20,2.39,648.1,era5
2022-04-08 05:00:00+00:00,23.03,72.58,38.0,15,3.36,741.9,era5
2022-04-08 06:00:00+00:00,23.03,72.58,40.4,12,4.44,794.9,era5
2022-04-08 07:00:00+00:00,23.03,72.58,42.1,10,4.78,821.3,era5
2022-04-08 08:00:00+00:00,23.03,72.58,43.1,9,4.36,825.7,era5
2022-04-08 09:00:00+00:00,23.03,72.58,43.5,8,3.33,810.5,era5
2022-04-08 10:00:00+00:00,23.03,72.58,43.5,8,2.94,770.2,era5
2022-04-08 11:00:00+00:00,23.03,72.58,43.1,8,3.11,696.2,era5
2022-04-08 12:00:00+00:00,23.03,72.58,42.2,8,2.69,561.9,era5
2022-04-08 13:00:00+00:00,23.03,72.58,38.6,12,2.0,323.2,era5
2022-04-08 14:00:00+00:00,23.03,72.58,35.0,13,2.83,14.0,era5
2022-04-08 15:00:00+00:00,23.03,72.58,34.6,13,2.36,0.0,era5
2022-04-08 16:00:00+00:00,23.03,72.58,35.0,12,3.06,0.0,era5
2022-04-08 17:00:00+00:00,23.03,72.58,35.1,12,2.47,0.0,era5
2022-04-08 18:00:00+00:00,23.03,72.58,33.4,14,4.83,0.0,era5
2022-04-08 19:00:00+00:00,23.03,72.58,31.7,19,3.78,0.0,era5
2022-04-08 20:00:00+00:00,23.03,72.58,30.3,22,3.28,0.0,era5
2022-04-08 21:00:00+00:00,23.03,72.58,29.4,24,3.42,0.0,era5
2022-04-08 22:00:00+00:00,23.03,72.58,28.5,26,3.19,0.0,era5
2022-04-08 23:00:00+00:00,23.03,72.58,27.5,27,2.47,0.0,era5
2022-04-09 00:00:00+00:00,23.03,72.58,26.5,29,2.06,0.0,era5
2022-04-09 01:00:00+00:00,23.03,72.58,26.5,27,2.89,0.0,era5
2022-04-09 02:00:00+00:00,23.03,72.58,28.3,24,3.33,191.6,era5
2022-04-09 03:00:00+00:00,23.03,72.58,30.9,21,1.69,483.4,era5
2022-04-09 04:00:00+00:00,23.03,72.58,32.9,20,0.94,651.7,era5
2022-04-09 05:00:00+00:00,23.03,72.58,35.2,19,1.47,743.3,era5
2022-04-09 06:00:00+00:00,23.03,72.58,37.5,15,1.92,795.1,era5
2022-04-09 07:00:00+00:00,23.03,72.58,39.5,13,2.42,820.7,era5
2022-04-09 08:00:00+00:00,23.03,72.58,40.9,11,2.81,825.3,era5
2022-04-09 09:00:00+00:00,23.03,72.58,41.7,10,3.19,809.2,era5
2022-04-09 10:00:00+00:00,23.03,72.58,41.7,10,3.5,770.2,era5
2022-04-09 11:00:00+00:00,23.03,72.58,41.4,11,3.33,694.9,era5
2022-04-09 12:00:00+00:00,23.03,72.58,40.3,11,2.56,560.4,era5
2022-04-09 13:00:00+00:00,23.03,72.58,39.4,12,0.22,321.3,era5
2022-04-09 14:00:00+00:00,23.03,72.58,37.7,14,0.44,13.8,era5
2022-04-09 15:00:00+00:00,23.03,72.58,33.5,15,2.61,0.0,era5
2022-04-09 16:00:00+00:00,23.03,72.58,31.8,24,4.56,0.0,era5
2022-04-09 17:00:00+00:00,23.03,72.58,30.0,36,4.22,0.0,era5
2022-04-09 18:00:00+00:00,23.03,72.58,29.6,42,3.86,0.0,era5
2022-04-09 19:00:00+00:00,23.03,72.58,28.7,46,2.75,0.0,era5
2022-04-09 20:00:00+00:00,23.03,72.58,27.4,48,2.19,0.0,era5
2022-04-09 21:00:00+00:00,23.03,72.58,26.7,37,2.22,0.0,era5
2022-04-09 22:00:00+00:00,23.03,72.58,26.4,23,2.56,0.0,era5
2022-04-09 23:00:00+00:00,23.03,72.58,25.9,20,2.69,0.0,era5
2022-04-10 00:00:00+00:00,23.03,72.58,25.1,27,2.33,0.0,era5
2022-04-10 01:00:00+00:00,23.03,72.58,25.1,32,2.31,0.0,era5
2022-04-10 02:00:00+00:00,23.03,72.58,26.5,36,2.75,196.2,era5
2022-04-10 03:00:00+00:00,23.03,72.58,28.5,40,2.06,481.9,era5
2022-04-10 04:00:00+00:00,23.03,72.58,30.9,38,1.0,646.7,era5
2022-04-10 05:00:00+00:00,23.03,72.58,33.6,31,1.31,736.7,era5
2022-04-10 06:00:00+00:00,23.03,72.58,36.4,23,1.64,788.5,era5
2022-04-10 07:00:00+00:00,23.03,72.58,38.6,17,1.94,812.7,era5
2022-04-10 08:00:00+00:00,23.03,72.58,40.0,13,2.42,816.6,era5
2022-04-10 09:00:00+00:00,23.03,72.58,40.9,12,2.92,800.3,era5
2022-04-10 10:00:00+00:00,23.03,72.58,41.2,11,3.11,761.5,era5
2022-04-10 11:00:00+00:00,23.03,72.58,41.0,11,2.89,685.9,era5
2022-04-10 12:00:00+00:00,23.03,72.58,39.4,14,2.83,552.1,era5
2022-04-10 13:00:00+00:00,23.03,72.58,37.4,16,1.28,314.7,era5
2022-04-10 14:00:00+00:00,23.03,72.58,35.0,18,4.0,13.7,era5
2022-04-10 15:00:00+00:00,23.03,72.58,32.2,31,4.47,0.0,era5
2022-04-10 16:00:00+00:00,23.03,72.58,30.5,36,3.28,0.0,era5
2022-04-10 17:00:00+00:00,23.03,72.58,29.7,36,2.5,0.0,era5
2022-04-10 18:00:00+00:00,23.03,72.58,28.9,42,2.42,0.0,era5
2022-04-10 19:00:00+00:00,23.03,72.58,28.3,51,2.64,0.0,era5
2022-04-10 20:00:00+00:00,23.03,72.58,27.6,63,1.83,0.0,era5
2022-04-10 21:00:00+00:00,23.03,72.58,26.8,70,1.33,0.0,era5
2022-04-10 22:00:00+00:00,23.03,72.58,26.2,69,1.61,0.0,era5
2022-04-10 23:00:00+00:00,23.03,72.58,25.8,51,1.94,0.0,era5
2022-04-11 00:00:00+00:00,23.03,72.58,25.5,48,2.47,0.0,era5
2022-04-11 01:00:00+00:00,23.03,72.58,25.3,54,2.22,0.0,era5
2022-04-11 02:00:00+00:00,23.03,72.58,26.7,55,2.28,160.5,era5
2022-04-11 03:00:00+00:00,23.03,72.58,28.7,54,2.17,389.8,era5
2022-04-11 04:00:00+00:00,23.03,72.58,31.1,46,2.0,535.6,era5
2022-04-11 05:00:00+00:00,23.03,72.58,33.8,36,2.11,641.0,era5
2022-04-11 06:00:00+00:00,23.03,72.58,36.4,27,2.44,692.1,era5
2022-04-11 07:00:00+00:00,23.03,72.58,38.4,20,2.86,721.7,era5
2022-04-11 08:00:00+00:00,23.03,72.58,39.9,15,3.14,718.6,era5
2022-04-11 09:00:00+00:00,23.03,72.58,40.7,12,3.25,703.6,era5
2022-04-11 10:00:00+00:00,23.03,72.58,40.9,11,3.33,673.1,era5
2022-04-11 11:00:00+00:00,23.03,72.58,40.6,11,3.25,557.1,era5
2022-04-11 12:00:00+00:00,23.03,72.58,39.0,12,2.33,338.5,era5
2022-04-11 13:00:00+00:00,23.03,72.58,38.7,11,1.06,193.2,era5
2022-04-11 14:00:00+00:00,23.03,72.58,36.5,13,1.75,0.0,era5
2022-04-11 15:00:00+00:00,23.03,72.58,32.7,12,2.47,0.0,era5
2022-04-11 16:00:00+00:00,23.03,72.58,32.2,11,3.17,0.0,era5
2022-04-11 17:00:00+00:00,23.03,72.58,30.2,28,3.03,0.0,era5
2022-04-11 18:00:00+00:00,23.03,72.58,29.4,32,2.61,0.0,era5
2022-04-11 19:00:00+00:00,23.03,72.58,28.7,36,2.25,0.0,era5
2022-04-11 20:00:00+00:00,23.03,72.58,28.0,40,1.97,0.0,era5
2022-04-11 21:00:00+00:00,23.03,72.58,27.0,44,2.0,0.0,era5
2022-04-11 22:00:00+00:00,23.03,72.58,26.8,36,2.94,0.0,era5
2022-04-11 23:00:00+00:00,23.03,72.58,26.3,25,2.69,0.0,era5
2022-04-12 00:00:00+00:00,23.03,72.58,25.4,28,1.86,0.0,era5
2022-04-12 01:00:00+00:00,23.03,72.58,25.0,29,1.64,0.0,era5
2022-04-12 02:00:00+00:00,23.03,72.58,26.8,31,1.69,112.5,era5
2022-04-12 03:00:00+00:00,23.03,72.58,28.9,38,1.36,435.5,era5
2022-04-12 04:00:00+00:00,23.03,72.58,31.4,35,1.19,583.3,era5
2022-04-12 05:00:00+00:00,23.03,72.58,34.3,28,1.86,662.8,era5
2022-04-12 06:00:00+00:00,23.03,72.58,37.0,19,2.83,600.8,era5
2022-04-12 07:00:00+00:00,23.03,72.58,39.0,13,3.42,594.4,era5
2022-04-12 08:00:00+00:00,23.03,72.58,40.2,10,3.72,695.7,era5
2022-04-12 09:00:00+00:00,23.03,72.58,40.8,8,3.97,689.4,era5
2022-04-12 10:00:00+00:00,23.03,72.58,40.7,8,3.83,633.5,era5
2022-04-12 11:00:00+00:00,23.03,72.58,40.3,9,3.61,678.8,era5
2022-04-12 12:00:00+00:00,23.03,72.58,39.7,9,2.75,555.9,era5
2022-04-12 13:00:00+00:00,23.03,72.58,37.5,15,1.64,324.6,era5
2022-04-12 14:00:00+00:00,23.03,72.58,35.6,12,1.78,13.5,era5
2022-04-12 15:00:00+00:00,23.03,72.58,32.4,12,2.5,0.0,era5
2022-04-12 16:00:00+00:00,23.03,72.58,31.0,19,2.97,0.0,era5
2022-04-12 17:00:00+00:00,23.03,72.58,28.2,27,2.75,0.0,era5
2022-04-12 18:00:00+00:00,23.03,72.58,27.4,29,2.69,0.0,era5
2022-04-12 19:00:00+00:00,23.03,72.58,26.9,27,3.11,0.0,era5
2022-04-12 20:00:00+00:00,23.03,72.58,28.1,18,2.78,0.0,era5
2022-04-12 21:00:00+00:00,23.03,72.58,27.2,21,2.94,0.0,era5
2022-04-12 22:00:00+00:00,23.03,72.58,25.8,35,2.81,0.0,era5
2022-04-12 23:00:00+00:00,23.03,72.58,24.5,55,2.56,0.0,era5
2022-04-13 00:00:00+00:00,23.03,72.58,24.0,60,1.69,0.0,era5
2022-04-13 01:00:00+00:00,23.03,72.58,23.7,69,1.56,0.0,era5
2022-04-13 02:00:00+00:00,23.03,72.58,25.5,69,2.19,209.6,era5
2022-04-13 03:00:00+00:00,23.03,72.58,27.7,63,2.06,491.4,era5
2022-04-13 04:00:00+00:00,23.03,72.58,30.1,52,1.08,654.6,era5
2022-04-13 05:00:00+00:00,23.03,72.58,32.9,40,1.33,745.5,era5
2022-04-13 06:00:00+00:00,23.03,72.58,35.6,29,1.89,794.3,era5
2022-04-13 07:00:00+00:00,23.03,72.58,38.1,20,2.33,821.8,era5
2022-04-13 08:00:00+00:00,23.03,72.58,40.0,14,3.0,828.4,era5
2022-04-13 09:00:00+00:00,23.03,72.58,41.0,11,3.81,813.3,era5
2022-04-13 10:00:00+00:00,23.03,72.58,41.3,10,3.78,775.6,era5
2022-04-13 11:00:00+00:00,23.03,72.58,41.4,7,3.83,704.0,era5
2022-04-13 12:00:00+00:00,23.03,72.58,40.0,9,4.31,572.3,era5
2022-04-13 13:00:00+00:00,23.03,72.58,37.6,11,1.89,331.7,era5
2022-04-13 14:00:00+00:00,23.03,72.58,37.1,10,1.31,26.7,era5
2022-04-13 15:00:00+00:00,23.03,72.58,32.7,15,1.75,0.0,era5
2022-04-13 16:00:00+00:00,23.03,72.58,33.1,15,1.42,0.0,era5
2022-04-13 17:00:00+00:00,23.03,72.58,29.3,18,2.33,0.0,era5
2022-04-13 18:00:00+00:00,23.03,72.58,29.8,15,3.31,0.0,era5
2022-04-13 19:00:00+00:00,23.03,72.58,29.4,15,3.28,0.0,era5
2022-04-13 20:00:00+00:00,23.03,72.58,28.6,15,3.39,0.0,era5
2022-04-13 21:00:00+00:00,23.03,72.58,27.8,18,3.78,0.0,era5
2022-04-13 22:00:00+00:00,23.03,72.58,26.5,26,3.33,0.0,era5
2022-04-13 23:00:00+00:00,23.03,72.58,25.7,37,3.44,0.0,era5
2022-04-14 00:00:00+00:00,23.03,72.58,24.4,47,2.78,0.0,era5
2022-04-14 01:00:00+00:00,23.03,72.58,24.0,58,2.44,0.0,era5
2022-04-14 02:00:00+00:00,23.03,72.58,25.3,63,2.61,220.5,era5
2022-04-14 03:00:00+00:00,23.03,72.58,27.7,64,3.25,495.5,era5
2022-04-14 04:00:00+00:00,23.03,72.58,30.9,51,3.33,658.5,era5
2022-04-14 05:00:00+00:00,23.03,72.58,34.5,32,3.39,748.5,era5
2022-04-14 06:00:00+00:00,23.03,72.58,37.5,20,3.44,802.7,era5
2022-04-14 07:00:00+00:00,23.03,72.58,39.4,13,3.28,829.8,era5
2022-04-14 08:00:00+00:00,23.03,72.58,40.7,10,3.5,834.4,era5
2022-04-14 09:00:00+00:00,23.03,72.58,41.4,8,3.72,819.8,era5
2022-04-14 10:00:00+00:00,23.03,72.58,41.4,8,3.81,782.0,era5
2022-04-14 11:00:00+00:00,23.03,72.58,41.1,8,3.69,709.0,era5
2022-04-14 12:00:00+00:00,23.03,72.58,39.5,9,2.97,575.3,era5
2022-04-14 13:00:00+00:00,23.03,72.58,36.5,17,2.31,334.3,era5
2022-04-14 14:00:00+00:00,23.03,72.58,32.9,14,2.78,26.4,era5
2022-04-14 15:00:00+00:00,23.03,72.58,33.1,13,2.53,0.0,era5
2022-04-14 16:00:00+00:00,23.03,72.58,31.0,20,4.81,0.0,era5
2022-04-14 17:00:00+00:00,23.03,72.58,30.2,28,4.39,0.0,era5
2022-04-14 18:00:00+00:00,23.03,72.58,29.2,34,3.14,0.0,era5
2022-04-14 19:00:00+00:00,23.03,72.58,27.7,40,2.0,0.0,era5
2022-04-14 20:00:00+00:00,23.03,72.58,26.4,45,1.97,0.0,era5
2022-04-14 21:00:00+00:00,23.03,72.58,25.6,46,1.97,0.0,era5
2022-04-14 22:00:00+00:00,23.03,72.58,25.7,39,2.39,0.0,era5
2022-04-14 23:00:00+00:00,23.03,72.58,25.1,40,2.31,0.0,era5
2022-04-15 00:00:00+00:00,23.03,72.58,24.7,46,2.0,0.0,era5
2022-04-15 01:00:00+00:00,23.03,72.58,24.9,50,2.64,0.0,era5
2022-04-15 02:00:00+00:00,23.03,72.58,26.4,59,2.56,218.3,era5
2022-04-15 03:00:00+00:00,23.03,72.58,27.8,65,2.5,489.0,era5
2022-04-15 04:00:00+00:00,23.03,72.58,30.2,57,2.22,635.1,era5
2022-04-15 05:00:00+00:00,23.03,72.58,33.3,44,2.58,733.1,era5
2022-04-15 06:00:00+00:00,23.03,72.58,36.3,31,2.92,786.3,era5
2022-04-15 07:00:00+00:00,23.03,72.58,38.9,21,3.36,813.8,era5
2022-04-15 08:00:00+00:00,23.03,72.58,40.5,15,4.06,819.8,era5
2022-04-15 09:00:00+00:00,23.03,72.58,41.1,13,4.33,804.6,era5
2022-04-15 10:00:00+00:00,23.03,72.58,41.3,14,4.36,763.6,era5
2022-04-15 11:00:00+00:00,23.03,72.58,41.4,13,4.06,687.7,era5
2022-04-15 12:00:00+00:00,23.03,72.58,40.0,12,4.11,558.2,era5
2022-04-15 13:00:00+00:00,23.03,72.58,38.3,13,2.06,323.3,era5
2022-04-15 14:00:00+00:00,23.03,72.58,35.6,15,3.25,26.2,era5
2022-04-15 15:00:00+00:00,23.03,72.58,32.1,38,4.83,0.0,era5
2022-04-15 16:00:00+00:00,23.03,72.58,30.4,43,4.86,0.0,era5
2022-04-15 17:00:00+00:00,23.03,72.58,29.0,52,4.17,0.0,era5
2022-04-15 18:00:00+00:00,23.03,72.58,28.0,65,3.94,0.0,era5
2022-04-15 19:00:00+00:00,23.03,72.58,27.3,72,3.47,0.0,era5
2022-04-15 20:00:00+00:00,23.03,72.58,26.2,78,1.67,0.0,era5
2022-04-15 21:00:00+00:00,23.03,72.58,24.9,84,1.78,0.0,era5
2022-04-15 22:00:00+00:00,23.03,72.58,25.2,79,0.64,0.0,era5
2022-04-15 23:00:00+00:00,23.03,72.58,23.7,93,1.11,0.0,era5
2022-04-16 00:00:00+00:00,23.03,72.58,23.8,82,1.53,0.0,era5
2022-04-16 01:00:00+00:00,23.03,72.58,24.8,60,1.89,0.0,era5
2022-04-16 02:00:00+00:00,23.03,72.58,26.9,54,2.42,216.2,era5
2022-04-16 03:00:00+00:00,23.03,72.58,28.8,52,2.64,485.2,era5
2022-04-16 04:00:00+00:00,23.03,72.58,31.3,43,2.61,647.6,era5
2022-04-16 05:00:00+00:00,23.03,72.58,34.1,32,2.72,740.2,era5
2022-04-16 06:00:00+00:00,23.03,72.58,36.9,23,2.78,792.5,era5
2022-04-16 07:00:00+00:00,23.03,72.58,39.3,17,2.94,818.7,era5
2022-04-16 08:00:00+00:00,23.03,72.58,40.9,12,3.5,823.8,era5
2022-04-16 09:00:00+00:00,23.03,72.58,41.7,10,3.89,808.0,era5
2022-04-16 10:00:00+00:00,23.03,72.58,42.1,9,4.22,768.8,era5
2022-04-16 11:00:00+00:00,23.03,72.58,42.0,8,4.44,695.9,era5
2022-04-16 12:00:00+00:00,23.03,72.58,40.5,10,3.17,565.7,era5
2022-04-16 13:00:00+00:00,23.03,72.58,37.4,16,2.03,330.3,era5
2022-04-16 14:00:00+00:00,23.03,72.58,35.8,14,1.39,26.0,era5
2022-04-16 15:00:00+00:00,23.03,72.58,33.3,21,4.89,0.0,era5
2022-04-16 16:00:00+00:00,23.03,72.58,30.9,34,4.28,0.0,era5
2022-04-16 17:00:00+00:00,23.03,72.58,30.0,36,3.72,0.0,era5
2022-04-16 18:00:00+00:00,23.03,72.58,29.0,44,2.75,0.0,era5
2022-04-16 19:00:00+00:00,23.03,72.58,27.8,53,1.92,0.0,era5
2022-04-16 20:00:00+00:00,23.03,72.58,27.1,54,2.81,0.0,era5
2022-04-16 21:00:00+00:00,23.03,72.58,27.1,35,3.39,0.0,era5
2022-04-16 22:00:00+00:00,23.03,72.58,26.2,35,2.61,0.0,era5
2022-04-16 23:00:00+00:00,23.03,72.58,25.1,41,2.0,0.0,era5
2022-04-17 00:00:00+00:00,23.03,72.58,24.4,56,1.75,0.0,era5
2022-04-17 01:00:00+00:00,23.03,72.58,24.4,64,1.61,0.0,era5
2022-04-17 02:00:00+00:00,23.03,72.58,26.3,63,1.61,226.8,era5
2022-04-17 03:00:00+00:00,23.03,72.58,28.4,59,1.72,489.5,era5
2022-04-17 04:00:00+00:00,23.03,72.58,30.9,49,1.42,648.2,era5
2022-04-17 05:00:00+00:00,23.03,72.58,33.8,36,1.83,735.5,era5
2022-04-17 06:00:00+00:00,23.03,72.58,36.7,26,2.42,785.2,era5
2022-04-17 07:00:00+00:00,23.03,72.58,39.1,18,2.94,811.2,era5
2022-04-17 08:00:00+00:00,23.03,72.58,40.8,13,3.69,817.6,era5
2022-04-17 09:00:00+00:00,23.03,72.58,41.6,10,4.22,803.7,era5
2022-04-17 10:00:00+00:00,23.03,72.58,41.8,10,4.0,764.1,era5
2022-04-17 11:00:00+00:00,23.03,72.58,41.6,9,3.39,691.7,era5
2022-04-17 12:00:00+00:00,23.03,72.58,40.9,9,2.42,557.6,era5
2022-04-17 13:00:00+00:00,23.03,72.58,38.3,14,1.81,324.0,era5
2022-04-17 14:00:00+00:00,23.03,72.58,35.1,15,3.61,25.7,era5
2022-04-17 15:00:00+00:00,23.03,72.58,31.4,37,3.86,0.0,era5
2022-04-17 16:00:00+00:00,23.03,72.58,29.9,47,4.97,0.0,era5
2022-04-17 17:00:00+00:00,23.03,72.58,28.9,54,3.94,0.0,era5
2022-04-17 18:00:00+00:00,23.03,72.58,28.2,65,3.28,0.0,era5
2022-04-17 19:00:00+00:00,23.03,72.58,27.5,66,2.28,0.0,era5
2022-04-17 20:00:00+00:00,23.03,72.58,26.4,57,2.11,0.0,era5
2022-04-17 21:00:00+00:00,23.03,72.58,26.1,39,2.42,0.0,era5
2022-04-17 22:00:00+00:00,23.03,72.58,25.9,32,3.61,0.0,era5
2022-04-17 23:00:00+00:00,23.03,72.58,25.0,47,3.69,0.0,era5
2022-04-18 00:00:00+00:00,23.03,72.58,24.6,64,2.72,0.0,era5
2022-04-18 01:00:00+00:00,23.03,72.58,24.3,74,2.0,0.0,era5
2022-04-18 02:00:00+00:00,23.03,72.58,25.8,73,1.56,224.7,era5
2022-04-18 03:00:00+00:00,23.03,72.58,27.9,66,1.56,483.3,era5
2022-04-18 04:00:00+00:00,23.03,72.58,30.5,56,1.5,640.5,era5
2022-04-18 05:00:00+00:00,23.03,72.58,33.2,45,1.78,729.5,era5
2022-04-18 06:00:00+00:00,23.03,72.58,35.9,35,1.92,777.0,era5
2022-04-18 07:00:00+00:00,23.03,72.58,38.5,25,2.22,802.6,era5
2022-04-18 08:00:00+00:00,23.03,72.58,40.5,17,2.44,807.3,era5
2022-04-18 09:00:00+00:00,23.03,72.58,41.7,12,3.0,786.5,era5
2022-04-18 10:00:00+00:00,23.03,72.58,41.8,10,3.31,744.6,era5
2022-04-18 11:00:00+00:00,23.03,72.58,41.4,10,3.72,676.8,era5
2022-04-18 12:00:00+00:00,23.03,72.58,39.8,12,3.72,538.5,era5
2022-04-18 13:00:00+00:00,23.03,72.58,38.1,14,2.03,308.9,era5
2022-04-18 14:00:00+00:00,23.03,72.58,34.0,19,2.83,25.5,era5
2022-04-18 15:00:00+00:00,23.03,72.58,36.0,16,1.0,0.0,era5
2022-04-18 16:00:00+00:00,23.03,72.58,31.4,22,2.92,0.0,era5
2022-04-18 17:00:00+00:00,23.03,72.58,31.0,29,4.0,0.0,era5
2022-04-18 18:00:00+00:00,23.03,72.58,29.3,38,3.44,0.0,era5
2022-04-18 19:00:00+00:00,23.03,72.58,28.4,41,2.89,0.0,era5
2022-04-18 20:00:00+00:00,23.03,72.58,27.6,34,2.56,0.0,era5
2022-04-18 21:00:00+00:00,23.03,72.58,27.3,23,3.14,0.0,era5
2022-04-18 22:00:00+00:00,23.03,72.58,27.2,33,4.25,0.0,era5
2022-04-18 23:00:00+00:00,23.03,72.58,25.9,52,3.56,0.0,era5
2022-04-19 00:00:00+00:00,23.03,72.58,25.4,68,2.92,0.0,era5
2022-04-19 01:00:00+00:00,23.03,72.58,25.2,76,2.19,0.0,era5
2022-04-19 02:00:00+00:00,23.03,72.58,26.5,74,2.42,222.7,era5
2022-04-19 03:00:00+00:00,23.03,72.58,28.5,66,2.42,474.6,era5
2022-04-19 04:00:00+00:00,23.03,72.58,31.3,52,2.94,634.5,era5
2022-04-19 05:00:00+00:00,23.03,72.58,34.3,38,3.31,723.7,era5
2022-04-19 06:00:00+00:00,23.03,72.58,36.9,28,3.08,774.3,era5
2022-04-19 07:00:00+00:00,23.03,72.58,39.0,20,2.83,787.9,era5
2022-04-19 08:00:00+00:00,23.03,72.58,40.3,16,2.69,785.7,era5
2022-04-19 09:00:00+00:00,23.03,72.58,41.0,14,3.11,754.1,era5
2022-04-19 10:00:00+00:00,23.03,72.58,41.2,12,4.03,680.8,era5
2022-04-19 11:00:00+00:00,23.03,72.58,40.8,11,4.61,614.3,era5
2022-04-19 12:00:00+00:00,23.03,72.58,39.5,11,3.83,510.7,era5
2022-04-19 13:00:00+00:00,23.03,72.58,37.8,12,2.94,193.0,era5
2022-04-19 14:00:00+00:00,23.03,72.58,34.9,15,2.53,12.6,era5
2022-04-19 15:00:00+00:00,23.03,72.58,33.1,16,2.36,0.0,era5
2022-04-19 16:00:00+00:00,23.03,72.58,31.1,19,2.33,0.0,era5
2022-04-19 17:00:00+00:00,23.03,72.58,31.6,18,1.92,0.0,era5
2022-04-19 18:00:00+00:00,23.03,72.58,30.3,20,3.08,0.0,era5
2022-04-19 19:00:00+00:00,23.03,72.58,29.9,25,3.17,0.0,era5
2022-04-19 20:00:00+00:00,23.03,72.58,29.9,23,3.19,0.0,era5
2022-04-19 21:00:00+00:00,23.03,72.58,29.3,26,2.89,0.0,era5
2022-04-19 22:00:00+00:00,23.03,72.58,28.0,34,3.0,0.0,era5
2022-04-19 23:00:00+00:00,23.03,72.58,27.1,50,3.78,0.0,era5
2022-04-20 00:00:00+00:00,23.03,72.58,26.8,67,3.44,0.0,era5
2022-04-20 01:00:00+00:00,23.03,72.58,26.8,67,3.14,0.0,era5
2022-04-20 02:00:00+00:00,23.03,72.58,28.4,60,3.44,134.9,era5
2022-04-20 03:00:00+00:00,23.03,72.58,30.2,56,4.06,399.6,era5
2022-04-20 04:00:00+00:00,23.03,72.58,32.6,49,4.03,598.5,era5
2022-04-20 05:00:00+00:00,23.03,72.58,35.5,39,4.11,721.8,era5
2022-04-20 06:00:00+00:00,23.03,72.58,38.0,29,4.11,767.3,era5
2022-04-20 07:00:00+00:00,23.03,72.58,39.9,22,4.06,785.8,era5
2022-04-20 08:00:00+00:00,23.03,72.58,40.9,18,3.97,731.4,era5
2022-04-20 09:00:00+00:00,23.03,72.58,40.8,16,4.19,371.2,era5
2022-04-20 10:00:00+00:00,23.03,72.58,40.3,15,4.53,208.2,era5
2022-04-20 11:00:00+00:00,23.03,72.58,40.0,16,5.47,227.0,era5
2022-04-20 12:00:00+00:00,23.03,72.58,38.7,17,5.67,44.1,era5
2022-04-20 13:00:00+00:00,23.03,72.58,37.5,19,6.39,205.0,era5
2022-04-20 14:00:00+00:00,23.03,72.58,34.3,26,7.28,12.5,era5
2022-04-20 15:00:00+00:00,23.03,72.58,32.6,22,7.42,0.0,era5
2022-04-20 16:00:00+00:00,23.03,72.58,31.3,24,7.14,0.0,era5
2022-04-20 17:00:00+00:00,23.03,72.58,30.7,29,6.56,0.0,era5
2022-04-20 18:00:00+00:00,23.03,72.58,30.2,32,6.53,0.0,era5
2022-04-20 19:00:00+00:00,23.03,72.58,31.5,27,4.11,0.0,era5
2022-04-20 20:00:00+00:00,23.03,72.58,28.6,41,3.78,0.0,era5
2022-04-20 21:00:00+00:00,23.03,72.58,28.5,43,2.03,0.0,era5
2022-04-20 22:00:00+00:00,23.03,72.58,28.2,43,0.83,0.0,era5
2022-04-20 23:00:00+00:00,23.03,72.58,27.6,44,1.14,0.0,era5
2022-04-21 00:00:00+00:00,23.03,72.58,28.8,38,4.56,0.0,era5
2022-04-21 01:00:00+00:00,23.03,72.58,28.1,41,4.47,0.0,era5
2022-04-21 02:00:00+00:00,23.03,72.58,28.9,40,2.92,60.8,era5
2022-04-21 03:00:00+00:00,23.03,72.58,30.2,37,3.03,137.4,era5
2022-04-21 04:00:00+00:00,23.03,72.58,32.2,35,1.58,303.1,era5
2022-04-21 05:00:00+00:00,23.03,72.58,36.0,26,2.69,644.8,era5
2022-04-21 06:00:00+00:00,23.03,72.58,38.5,19,2.11,750.3,era5
2022-04-21 07:00:00+00:00,23.03,72.58,40.0,15,1.39,773.3,era5
2022-04-21 08:00:00+00:00,23.03,72.58,41.0,14,2.0,787.0,era5
2022-04-21 09:00:00+00:00,23.03,72.58,41.3,13,3.06,768.7,era5
2022-04-21 10:00:00+00:00,23.03,72.58,41.1,13,3.56,697.7,era5
2022-04-21 11:00:00+00:00,23.03,72.58,40.5,13,2.75,617.1,era5
2022-04-21 12:00:00+00:00,23.03,72.58,40.0,11,3.78,479.6,era5
2022-04-21 13:00:00+00:00,23.03,72.58,38.5,12,1.97,308.0,era5
2022-04-21 14:00:00+00:00,23.03,72.58,33.9,17,2.64,24.9,era5
2022-04-21 15:00:00+00:00,23.03,72.58,33.3,17,2.33,0.0,era5
2022-04-21 16:00:00+00:00,23.03,72.58,33.0,17,2.42,0.0,era5
2022-04-21 17:00:00+00:00,23.03,72.58,31.2,19,2.19,0.0,era5
2022-04-21 18:00:00+00:00,23.03,72.58,31.3,19,3.22,0.0,era5
2022-04-21 19:00:00+00:00,23.03,72.58,30.2,20,2.19,0.0,era5
2022-04-21 20:00:00+00:00,23.03,72.58,27.6,24,2.03,0.0,era5
2022-04-21 21:00:00+00:00,23.03,72.58,27.5,24,1.86,0.0,era5
2022-04-21 22:00:00+00:00,23.03,72.58,26.8,30,1.89,0.0,era5
2022-04-21 23:00:00+00:00,23.03,72.58,25.9,40,2.19,0.0,era5
2022-04-22 00:00:00+00:00,23.03,72.58,26.8,62,2.5,0.0,era5
2022-04-22 01:00:00+00:00,23.03,72.58,26.9,62,2.39,0.0,era5
2022-04-22 02:00:00+00:00,23.03,72.58,28.9,49,2.75,233.0,era5
2022-04-22 03:00:00+00:00,23.03,72.58,31.6,38,3.47,480.1,era5
2022-04-22 04:00:00+00:00,23.03,72.58,34.3,32,3.81,637.1,era5
2022-04-22 05:00:00+00:00,23.03,72.58,37.1,22,4.47,725.9,era5
2022-04-22 06:00:00+00:00,23.03,72.58,39.4,15,4.56,776.8,era5
2022-04-22 07:00:00+00:00,23.03,72.58,40.7,10,4.19,805.4,era5
2022-04-22 08:00:00+00:00,23.03,72.58,41.1,10,4.39,801.5,era5
2022-04-22 09:00:00+00:00,23.03,72.58,41.3,10,4.42,777.7,era5
2022-04-22 10:00:00+00:00,23.03,72.58,41.3,10,4.47,747.4,era5
2022-04-22 11:00:00+00:00,23.03,72.58,40.7,11,5.06,668.2,era5
2022-04-22 12:00:00+00:00,23.03,72.58,40.0,10,2.56,535.6,era5
2022-04-22 13:00:00+00:00,23.03,72.58,37.3,16,1.67,310.6,era5
2022-04-22 14:00:00+00:00,23.03,72.58,34.8,13,2.03,24.7,era5
2022-04-22 15:00:00+00:00,23.03,72.58,32.5,15,2.69,0.0,era5
2022-04-22 16:00:00+00:00,23.03,72.58,33.3,15,2.44,0.0,era5
2022-04-22 17:00:00+00:00,23.03,72.58,30.5,17,1.97,0.0,era5
2022-04-22 18:00:00+00:00,23.03,72.58,29.6,18,2.11,0.0,era5
2022-04-22 19:00:00+00:00,23.03,72.58,28.3,17,2.94,0.0,era5
2022-04-22 20:00:00+00:00,23.03,72.58,28.6,18,2.42,0.0,era5
2022-04-22 21:00:00+00:00,23.03,72.58,28.6,21,2.5,0.0,era5
2022-04-22 22:00:00+00:00,23.03,72.58,27.4,27,2.11,0.0,era5
2022-04-22 23:00:00+00:00,23.03,72.58,26.8,32,2.78,0.0,era5
2022-04-23 00:00:00+00:00,23.03,72.58,27.4,39,3.06,0.0,era5
2022-04-23 01:00:00+00:00,23.03,72.58,26.9,38,2.75,0.0,era5
2022-04-23 02:00:00+00:00,23.03,72.58,29.1,33,3.47,234.9,era5
2022-04-23 03:00:00+00:00,23.03,72.58,32.2,28,3.53,479.5,era5
2022-04-23 04:00:00+00:00,23.03,72.58,34.5,26,3.25,631.5,era5
2022-04-23 05:00:00+00:00,23.03,72.58,37.0,21,3.47,719.0,era5
2022-04-23 06:00:00+00:00,23.03,72.58,39.1,16,3.53,766.6,era5
2022-04-23 07:00:00+00:00,23.03,72.58,40.4,12,3.39,784.7,era5
2022-04-23 08:00:00+00:00,23.03,72.58,41.2,10,3.75,796.6,era5
2022-04-23 09:00:00+00:00,23.03,72.58,41.6,10,3.94,780.2,era5
2022-04-23 10:00:00+00:00,23.03,72.58,41.6,10,4.11,741.7,era5
2022-04-23 11:00:00+00:00,23.03,72.58,41.3,10,4.25,668.8,era5
2022-04-23 12:00:00+00:00,23.03,72.58,40.5,10,3.58,538.7,era5
2022-04-23 13:00:00+00:00,23.03,72.58,38.7,12,2.58,313.1,era5
2022-04-23 14:00:00+00:00,23.03,72.58,34.3,16,2.31,24.4,era5
2022-04-23 15:00:00+00:00,23.03,72.58,32.0,19,2.61,0.0,era5
2022-04-23 16:00:00+00:00,23.03,72.58,31.9,19,2.19,0.0,era5
2022-04-23 17:00:00+00:00,23.03,72.58,31.9,18,2.58,0.0,era5
2022-04-23 18:00:00+00:00,23.03,72.58,30.3,20,2.08,0.0,era5
2022-04-23 19:00:00+00:00,23.03,72.58,29.5,22,2.36,0.0,era5
2022-04-23 20:00:00+00:00,23.03,72.58,28.6,26,2.11,0.0,era5
2022-04-23 21:00:00+00:00,23.03,72.58,27.9,29,2.33,0.0,era5
2022-04-23 22:00:00+00:00,23.03,72.58,27.7,30,2.81,0.0,era5
2022-04-23 23:00:00+00:00,23.03,72.58,27.3,33,3.5,0.0,era5
2022-04-24 00:00:00+00:00,23.03,72.58,27.3,39,3.83,0.0,era5
2022-04-24 01:00:00+00:00,23.03,72.58,27.0,39,3.53,0.0,era5
2022-04-24 02:00:00+00:00,23.03,72.58,28.8,34,3.83,242.6,era5
2022-04-24 03:00:00+00:00,23.03,72.58,31.4,32,3.78,484.0,era5
2022-04-24 04:00:00+00:00,23.03,72.58,34.0,30,3.44,635.8,era5
2022-04-24 05:00:00+00:00,23.03,72.58,36.9,23,3.53,723.8,era5
2022-04-24 06:00:00+00:00,23.03,72.58,39.4,16,3.03,773.1,era5
2022-04-24 07:00:00+00:00,23.03,72.58,41.1,11,3.03,797.2,era5
2022-04-24 08:00:00+00:00,23.03,72.58,41.8,10,3.56,800.9,era5
2022-04-24 09:00:00+00:00,23.03,72.58,42.0,10,4.0,783.8,era5
2022-04-24 10:00:00+00:00,23.03,72.58,42.0,10,4.31,743.4,era5
2022-04-24 11:00:00+00:00,23.03,72.58,41.5,10,4.5,669.4,era5
2022-04-24 12:00:00+00:00,23.03,72.58,40.4,10,2.56,539.6,era5
2022-04-24 13:00:00+00:00,23.03,72.58,38.1,13,1.22,315.6,era5
2022-04-24 14:00:00+00:00,23.03,72.58,37.8,12,1.03,24.2,era5
2022-04-24 15:00:00+00:00,23.03,72.58,33.0,16,2.86,0.0,era5
2022-04-24 16:00:00+00:00,23.03,72.58,32.8,16,2.81,0.0,era5
2022-04-24 17:00:00+00:00,23.03,72.58,29.9,21,3.17,0.0,era5
2022-04-24 18:00:00+00:00,23.03,72.58,29.8,18,2.69,0.0,era5
2022-04-24 19:00:00+00:00,23.03,72.58,28.5,23,3.22,0.0,era5
2022-04-24 20:00:00+00:00,23.03,72.58,27.6,25,2.86,0.0,era5
2022-04-24 21:00:00+00:00,23.03,72.58,28.0,24,2.42,0.0,era5
2022-04-24 22:00:00+00:00,23.03,72.58,28.1,32,3.72,0.0,era5
2022-04-24 23:00:00+00:00,23.03,72.58,27.8,39,3.72,0.0,era5
2022-04-25 00:00:00+00:00,23.03,72.58,27.1,46,3.53,0.0,era5
2022-04-25 01:00:00+00:00,23.03,72.58,26.8,47,2.89,0.0,era5
2022-04-25 02:00:00+00:00,23.03,72.58,28.5,44,2.69,244.4,era5
2022-04-25 03:00:00+00:00,23.03,72.58,30.8,38,3.31,488.5,era5
2022-04-25 04:00:00+00:00,23.03,72.58,33.4,31,3.39,641.9,era5
2022-04-25 05:00:00+00:00,23.03,72.58,36.3,23,3.53,731.2,era5
2022-04-25 06:00:00+00:00,23.03,72.58,38.5,16,3.64,780.8,era5
2022-04-25 07:00:00+00:00,23.03,72.58,39.9,13,3.72,803.4,era5
2022-04-25 08:00:00+00:00,23.03,72.58,40.9,12,4.0,805.2,era5
2022-04-25 09:00:00+00:00,23.03,72.58,41.4,10,4.36,787.4,era5
2022-04-25 10:00:00+00:00,23.03,72.58,41.4,9,4.61,748.8,era5
2022-04-25 11:00:00+00:00,23.03,72.58,40.8,10,5.0,676.1,era5
2022-04-25 12:00:00+00:00,23.03,72.58,40.2,11,4.5,544.9,era5
2022-04-25 13:00:00+00:00,23.03,72.58,39.0,11,3.03,313.9,era5
2022-04-25 14:00:00+00:00,23.03,72.58,36.1,12,2.78,24.0,era5
2022-04-25 15:00:00+00:00,23.03,72.58,35.6,12,4.03,0.0,era5
2022-04-25 16:00:00+00:00,23.03,72.58,33.8,14,3.22,0.0,era5
2022-04-25 17:00:00+00:00,23.03,72.58,33.4,14,4.19,0.0,era5
2022-04-25 18:00:00+00:00,23.03,72.58,32.2,20,3.81,0.0,era5
2022-04-25 19:00:00+00:00,23.03,72.58,30.5,24,3.61,0.0,era5
2022-04-25 20:00:00+00:00,23.03,72.58,29.9,22,3.94,0.0,era5
2022-04-25 21:00:00+00:00,23.03,72.58,29.2,22,3.67,0.0,era5
2022-04-25 22:00:00+00:00,23.03,72.58,28.2,28,3.61,0.0,era5
2022-04-25 23:00:00+00:00,23.03,72.58,27.0,38,2.69,0.0,era5
2022-04-26 00:00:00+00:00,23.03,72.58,26.2,50,2.78,0.0,era5
2022-04-26 01:00:00+00:00,23.03,72.58,26.1,54,2.94,0.0,era5
2022-04-26 02:00:00+00:00,23.03,72.58,27.9,51,2.94,246.3,era5
2022-04-26 03:00:00+00:00,23.03,72.58,30.6,40,3.17,493.0,era5
2022-04-26 04:00:00+00:00,23.03,72.58,33.3,31,3.33,646.3,era5
2022-04-26 05:00:00+00:00,23.03,72.58,36.0,24,3.39,732.2,era5
2022-04-26 06:00:00+00:00,23.03,72.58,38.5,17,3.61,779.6,era5
2022-04-26 07:00:00+00:00,23.03,72.58,40.1,13,2.97,804.6,era5
2022-04-26 08:00:00+00:00,23.03,72.58,41.1,11,2.58,808.6,era5
2022-04-26 09:00:00+00:00,23.03,72.58,41.7,10,2.75,793.2,era5
2022-04-26 10:00:00+00:00,23.03,72.58,41.9,9,3.19,754.2,era5
2022-04-26 11:00:00+00:00,23.03,72.58,41.6,9,3.67,679.8,era5
2022-04-26 12:00:00+00:00,23.03,72.58,40.4,10,3.72,550.2,era5
2022-04-26 13:00:00+00:00,23.03,72.58,38.7,11,2.5,320.6,era5
2022-04-26 14:00:00+00:00,23.03,72.58,35.1,14,2.25,23.8,era5
2022-04-26 15:00:00+00:00,23.03,72.58,34.5,15,2.42,0.0,era5
2022-04-26 16:00:00+00:00,23.03,72.58,33.7,16,2.39,0.0,era5
2022-04-26 17:00:00+00:00,23.03,72.58,33.0,17,2.58,0.0,era5
2022-04-26 18:00:00+00:00,23.03,72.58,33.0,16,2.56,0.0,era5
2022-04-26 19:00:00+00:00,23.03,72.58,32.2,17,4.58,0.0,era5
2022-04-26 20:00:00+00:00,23.03,72.58,29.9,26,4.11,0.0,era5
2022-04-26 21:00:00+00:00,23.03,72.58,28.9,33,3.89,0.0,era5
2022-04-26 22:00:00+00:00,23.03,72.58,27.9,39,2.86,0.0,era5
2022-04-26 23:00:00+00:00,23.03,72.58,27.0,49,2.33,0.0,era5
2022-04-27 00:00:00+00:00,23.03,72.58,26.7,63,2.19,0.0,era5
2022-04-27 01:00:00+00:00,23.03,72.58,27.0,66,1.78,0.0,era5
2022-04-27 02:00:00+00:00,23.03,72.58,28.8,61,1.72,237.1,era5
2022-04-27 03:00:00+00:00,23.03,72.58,31.2,49,2.69,478.0,era5
2022-04-27 04:00:00+00:00,23.03,72.58,33.9,38,3.14,627.9,era5
2022-04-27 05:00:00+00:00,23.03,72.58,37.0,27,3.31,716.6,era5
2022-04-27 06:00:00+00:00,23.03,72.58,39.5,19,3.42,767.5,era5
2022-04-27 07:00:00+00:00,23.03,72.58,41.3,15,3.19,792.4,era5
2022-04-27 08:00:00+00:00,23.03,72.58,42.3,13,2.61,796.6,era5
2022-04-27 09:00:00+00:00,23.03,72.58,42.8,12,1.89,780.7,era5
2022-04-27 10:00:00+00:00,23.03,72.58,42.9,11,1.56,738.8,era5
2022-04-27 11:00:00+00:00,23.03,72.58,42.7,10,1.86,665.2,era5
2022-04-27 12:00:00+00:00,23.03,72.58,41.5,9,1.31,533.8,era5
2022-04-27 13:00:00+00:00,23.03,72.58,39.1,15,1.5,318.9,era5
2022-04-27 14:00:00+00:00,23.03,72.58,37.3,11,2.03,35.5,era5
2022-04-27 15:00:00+00:00,23.03,72.58,34.1,13,2.58,0.0,era5
2022-04-27 16:00:00+00:00,23.03,72.58,33.8,13,2.42,0.0,era5
2022-04-27 17:00:00+00:00,23.03,72.58,33.3,14,2.44,0.0,era5
2022-04-27 18:00:00+00:00,23.03,72.58,32.7,14,3.5,0.0,era5
2022-04-27 19:00:00+00:00,23.03,72.58,31.4,18,3.67,0.0,era5
2022-04-27 20:00:00+00:00,23.03,72.58,29.9,22,3.78,0.0,era5
2022-04-27 21:00:00+00:00,23.03,72.58,29.4,23,3.69,0.0,era5
2022-04-27 22:00:00+00:00,23.03,72.58,28.5,27,3.5,0.0,era5
2022-04-27 23:00:00+00:00,23.03,72.58,27.9,37,3.14,0.0,era5
2022-04-28 00:00:00+00:00,23.03,72.58,27.4,44,2.78,0.0,era5
2022-04-28 01:00:00+00:00,23.03,72.58,27.9,48,3.17,0.0,era5
2022-04-28 02:00:00+00:00,23.03,72.58,30.0,44,2.92,239.2,era5
2022-04-28 03:00:00+00:00,23.03,72.58,32.8,38,3.36,482.7,era5
2022-04-28 04:00:00+00:00,23.03,72.58,35.6,32,3.33,630.9,era5
2022-04-28 05:00:00+00:00,23.03,72.58,38.4,24,3.69,717.8,era5
2022-04-28 06:00:00+00:00,23.03,72.58,40.8,17,3.58,766.4,era5
2022-04-28 07:00:00+00:00,23.03,72.58,42.4,13,3.42,789.6,era5
2022-04-28 08:00:00+00:00,23.03,72.58,43.4,12,3.56,789.9,era5
2022-04-28 09:00:00+00:00,23.03,72.58,43.7,10,3.92,773.6,era5
2022-04-28 10:00:00+00:00,23.03,72.58,43.7,10,4.22,734.4,era5
2022-04-28 11:00:00+00:00,23.03,72.58,43.1,10,4.44,662.8,era5
2022-04-28 12:00:00+00:00,23.03,72.58,41.8,10,3.72,532.6,era5
2022-04-28 13:00:00+00:00,23.03,72.58,40.3,12,3.47,313.0,era5
2022-04-28 14:00:00+00:00,23.03,72.58,37.6,14,2.64,35.2,era5
2022-04-28 15:00:00+00:00,23.03,72.58,35.3,15,2.11,0.0,era5
2022-04-28 16:00:00+00:00,23.03,72.58,32.8,18,2.78,0.0,era5
2022-04-28 17:00:00+00:00,23.03,72.58,31.5,20,2.78,0.0,era5
2022-04-28 18:00:00+00:00,23.03,72.58,32.8,18,3.44,0.0,era5
2022-04-28 19:00:00+00:00,23.03,72.58,32.4,18,3.14,0.0,era5
2022-04-28 20:00:00+00:00,23.03,72.58,30.8,20,2.44,0.0,era5
2022-04-28 21:00:00+00:00,23.03,72.58,30.5,20,3.08,0.0,era5
2022-04-28 22:00:00+00:00,23.03,72.58,30.0,26,3.47,0.0,era5
2022-04-28 23:00:00+00:00,23.03,72.58,29.4,34,3.61,0.0,era5
2022-04-29 00:00:00+00:00,23.03,72.58,29.2,38,3.61,0.0,era5
2022-04-29 01:00:00+00:00,23.03,72.58,29.1,38,3.58,0.0,era5
2022-04-29 02:00:00+00:00,23.03,72.58,30.6,34,3.14,241.4,era5
2022-04-29 03:00:00+00:00,23.03,72.58,33.0,29,3.58,480.1,era5
2022-04-29 04:00:00+00:00,23.03,72.58,35.8,24,3.58,630.6,era5
2022-04-29 05:00:00+00:00,23.03,72.58,38.4,17,4.03,717.7,era5
2022-04-29 06:00:00+00:00,23.03,72.58,40.1,13,4.28,768.7,era5
2022-04-29 07:00:00+00:00,23.03,72.58,41.4,12,3.97,794.0,era5
2022-04-29 08:00:00+00:00,23.03,72.58,42.1,12,4.0,797.4,era5
2022-04-29 09:00:00+00:00,23.03,72.58,42.6,11,3.78,777.3,era5
2022-04-29 10:00:00+00:00,23.03,72.58,43.4,9,4.11,735.0,era5
2022-04-29 11:00:00+00:00,23.03,72.58,42.9,9,5.92,663.5,era5
2022-04-29 12:00:00+00:00,23.03,72.58,41.7,9,6.86,535.7,era5
2022-04-29 13:00:00+00:00,23.03,72.58,40.8,9,4.92,311.3,era5
2022-04-29 14:00:00+00:00,23.03,72.58,38.3,11,4.47,34.9,era5
2022-04-29 15:00:00+00:00,23.03,72.58,35.8,19,5.58,0.0,era5
2022-04-29 16:00:00+00:00,23.03,72.58,33.6,29,4.97,0.0,era5
2022-04-29 17:00:00+00:00,23.03,72.58,33.1,31,4.17,0.0,era5
2022-04-29 18:00:00+00:00,23.03,72.58,32.7,27,3.97,0.0,era5
2022-04-29 19:00:00+00:00,23.03,72.58,31.9,27,4.25,0.0,era5
2022-04-29 20:00:00+00:00,23.03,72.58,30.8,31,3.72,0.0,era5
2022-04-29 21:00:00+00:00,23.03,72.58,29.9,37,3.75,0.0,era5
2022-04-29 22:00:00+00:00,23.03,72.58,29.1,42,3.56,0.0,era5
2022-04-29 23:00:00+00:00,23.03,72.58,28.3,47,3.11,0.0,era5
2022-04-30 00:00:00+00:00,23.03,72.58,27.4,54,2.14,0.0,era5
2022-04-30 01:00:00+00:00,23.03,72.58,27.7,55,1.5,0.0,era5
2022-04-30 02:00:00+00:00,23.03,72.58,29.2,52,1.56,238.2,era5
2022-04-30 03:00:00+00:00,23.03,72.58,31.1,50,2.58,472.9,era5
2022-04-30 04:00:00+00:00,23.03,72.58,33.5,44,3.03,619.2,era5
2022-04-30 05:00:00+00:00,23.03,72.58,35.9,39,2.83,701.2,era5
2022-04-30 06:00:00+00:00,23.03,72.58,38.3,33,3.08,746.9,era5
2022-04-30 07:00:00+00:00,23.03,72.58,40.5,27,3.44,769.7,era5
2022-04-30 08:00:00+00:00,23.03,72.58,42.3,21,3.83,772.4,era5
2022-04-30 09:00:00+00:00,23.03,72.58,43.5,17,4.25,721.9,era5
2022-04-30 10:00:00+00:00,23.03,72.58,44.0,14,4.97,664.8,era5
2022-04-30 11:00:00+00:00,23.03,72.58,43.9,12,5.53,617.3,era5
2022-04-30 12:00:00+00:00,23.03,72.58,42.4,13,4.19,497.8,era5
2022-04-30 13:00:00+00:00,23.03,72.58,40.0,19,5.31,297.2,era5
2022-04-30 14:00:00+00:00,23.03,72.58,34.3,42,5.72,34.6,era5
2022-04-30 15:00:00+00:00,23.03,72.58,32.9,50,5.92,0.0,era5
2022-04-30 16:00:00+00:00,23.03,72.58,31.3,61,5.36,0.0,era5
2022-04-30 17:00:00+00:00,23.03,72.58,30.8,66,4.53,0.0,era5
2022-04-30 18:00:00+00:00,23.03,72.58,30.3,68,3.56,0.0,era5
2022-04-30 19:00:00+00:00,23.03,72.58,29.9,67,3.19,0.0,era5
2022-04-30 20:00:00+00:00,23.03,72.58,29.6,56,2.19,0.0,era5
2022-04-30 21:00:00+00:00,23.03,72.58,29.1,42,2.0,0.0,era5
2022-04-30 22:00:00+00:00,23.03,72.58,28.1,42,1.75,0.0,era5
2022-04-30 23:00:00+00:00,23.03,72.58,27.3,47,2.06,0.0,era5
2022-05-01 00:00:00+00:00,23.03,72.58,26.8,51,1.25,0.0,era5
2022-05-01 01:00:00+00:00,23.03,72.58,27.3,49,1.19,0.0,era5
2022-05-01 02:00:00+00:00,23.03,72.58,29.6,44,1.56,240.5,era5
2022-05-01 03:00:00+00:00,23.03,72.58,31.8,42,2.97,475.4,era5
2022-05-01 04:00:00+00:00,23.03,72.58,33.8,39,3.42,619.1,era5
2022-05-01 05:00:00+00:00,23.03,72.58,36.1,34,3.31,703.8,era5
2022-05-01 06:00:00+00:00,23.03,72.58,38.3,28,3.44,751.5,era5
2022-05-01 07:00:00+00:00,23.03,72.58,40.4,23,3.75,775.2,era5
2022-05-01 08:00:00+00:00,23.03,72.58,42.1,19,4.25,778.9,era5
2022-05-01 09:00:00+00:00,23.03,72.58,43.2,15,4.42,767.6,era5
2022-05-01 10:00:00+00:00,23.03,72.58,43.6,13,4.61,625.3,era5
2022-05-01 11:00:00+00:00,23.03,72.58,43.5,12,4.42,627.1,era5
2022-05-01 12:00:00+00:00,23.03,72.58,42.3,13,4.58,516.1,era5
2022-05-01 13:00:00+00:00,23.03,72.58,37.0,36,6.78,303.8,era5
2022-05-01 14:00:00+00:00,23.03,72.58,33.7,49,5.89,34.3,era5
2022-05-01 15:00:00+00:00,23.03,72.58,31.7,62,4.08,0.0,era5
2022-05-01 16:00:00+00:00,23.03,72.58,30.9,68,3.94,0.0,era5
2022-05-01 17:00:00+00:00,23.03,72.58,30.2,72,4.17,0.0,era5
2022-05-01 18:00:00+00:00,23.03,72.58,29.8,76,3.28,0.0,era5
2022-05-01 19:00:00+00:00,23.03,72.58,29.5,74,2.36,0.0,era5
2022-05-01 20:00:00+00:00,23.03,72.58,28.6,67,1.67,0.0,era5
2022-05-01 21:00:00+00:00,23.03,72.58,27.7,58,2.03,0.0,era5
2022-05-01 22:00:00+00:00,23.03,72.58,27.7,50,1.72,0.0,era5
2022-05-01 23:00:00+00:00,23.03,72.58,27.5,51,2.03,0.0,era5
2022-05-02 00:00:00+00:00,23.03,72.58,27.1,58,1.64,0.0,era5
2022-05-02 01:00:00+00:00,23.03,72.58,27.9,57,1.53,0.0,era5
2022-05-02 02:00:00+00:00,23.03,72.58,29.8,53,2.11,237.7,era5
2022-05-02 03:00:00+00:00,23.03,72.58,31.8,49,2.92,473.2,era5
2022-05-02 04:00:00+00:00,23.03,72.58,34.2,42,3.0,615.9,era5
2022-05-02 05:00:00+00:00,23.03,72.58,36.7,33,3.75,696.3,era5
2022-05-02 06:00:00+00:00,23.03,72.58,38.9,25,4.61,715.6,era5
2022-05-02 07:00:00+00:00,23.03,72.58,40.7,19,5.0,744.9,era5
2022-05-02 08:00:00+00:00,23.03,72.58,41.1,17,5.03,569.1,era5
2022-05-02 09:00:00+00:00,23.03,72.58,41.7,15,5.33,652.2,era5
2022-05-02 10:00:00+00:00,23.03,72.58,41.7,15,5.39,666.2,era5
2022-05-02 11:00:00+00:00,23.03,72.58,41.5,15,5.69,630.8,era5
2022-05-02 12:00:00+00:00,23.03,72.58,40.6,15,5.39,506.3,era5
2022-05-02 13:00:00+00:00,23.03,72.58,39.3,15,4.78,289.9,era5
2022-05-02 14:00:00+00:00,23.03,72.58,37.5,15,3.31,34.1,era5
2022-05-02 15:00:00+00:00,23.03,72.58,32.7,51,6.14,0.0,era5
2022-05-02 16:00:00+00:00,23.03,72.58,31.5,61,5.08,0.0,era5
2022-05-02 17:00:00+00:00,23.03,72.58,31.1,61,2.72,0.0,era5
2022-05-02 18:00:00+00:00,23.03,72.58,30.5,45,1.94,0.0,era5
2022-05-02 19:00:00+00:00,23.03,72.58,29.8,30,2.5,0.0,era5
2022-05-02 20:00:00+00:00,23.03,72.58,31.3,24,1.31,0.0,era5
2022-05-02 21:00:00+00:00,23.03,72.58,27.6,32,1.86,0.0,era5
2022-05-02 22:00:00+00:00,23.03,72.58,26.9,35,1.97,0.0,era5
2022-05-02 23:00:00+00:00,23.03,72.58,26.0,39,2.0,0.0,era5
2022-05-03 00:00:00+00:00,23.03,72.58,25.7,42,1.56,0.0,era5
2022-05-03 01:00:00+00:00,23.03,72.58,26.4,45,1.11,0.0,era5
2022-05-03 02:00:00+00:00,23.03,72.58,29.2,37,1.47,245.2,era5
2022-05-03 03:00:00+00:00,23.03,72.58,31.6,34,1.89,483.0,era5
2022-05-03 04:00:00+00:00,23.03,72.58,33.8,31,2.33,628.9,era5
2022-05-03 05:00:00+00:00,23.03,72.58,35.9,26,2.39,711.7,era5
2022-05-03 06:00:00+00:00,23.03,72.58,38.0,21,2.92,757.6,era5
2022-05-03 07:00:00+00:00,23.03,72.58,39.7,16,4.19,781.1,era5
2022-05-03 08:00:00+00:00,23.03,72.58,40.2,18,5.33,767.8,era5
2022-05-03 09:00:00+00:00,23.03,72.58,40.4,20,4.47,738.7,era5
2022-05-03 10:00:00+00:00,23.03,72.58,41.2,18,2.78,709.4,era5
2022-05-03 11:00:00+00:00,23.03,72.58,41.9,15,5.19,634.6,era5
2022-05-03 12:00:00+00:00,23.03,72.58,38.2,24,6.08,473.1,era5
2022-05-03 13:00:00+00:00,23.03,72.58,37.1,26,5.83,300.5,era5
2022-05-03 14:00:00+00:00,23.03,72.58,33.2,41,5.5,33.8,era5
2022-05-03 15:00:00+00:00,23.03,72.58,32.4,46,4.97,0.0,era5
2022-05-03 16:00:00+00:00,23.03,72.58,31.3,55,3.75,0.0,era5
2022-05-03 17:00:00+00:00,23.03,72.58,30.8,61,2.86,0.0,era5
2022-05-03 18:00:00+00:00,23.03,72.58,30.6,59,2.11,0.0,era5
2022-05-03 19:00:00+00:00,23.03,72.58,30.5,35,2.92,0.0,era5
2022-05-03 20:00:00+00:00,23.03,72.58,29.1,31,2.5,0.0,era5
2022-05-03 21:00:00+00:00,23.03,72.58,27.9,36,2.0,0.0,era5
2022-05-03 22:00:00+00:00,23.03,72.58,26.6,43,1.89,0.0,era5
2022-05-03 23:00:00+00:00,23.03,72.58,25.4,49,2.44,0.0,era5
2022-05-04 00:00:00+00:00,23.03,72.58,25.7,58,2.19,0.0,era5
2022-05-04 01:00:00+00:00,23.03,72.58,27.0,57,1.14,15.6,era5
2022-05-04 02:00:00+00:00,23.03,72.58,28.9,52,0.22,242.6,era5
2022-05-04 03:00:00+00:00,23.03,72.58,31.0,49,1.08,481.0,era5
2022-05-04 04:00:00+00:00,23.03,72.58,33.4,39,1.72,624.2,era5
2022-05-04 05:00:00+00:00,23.03,72.58,35.8,29,1.67,709.4,era5
2022-05-04 06:00:00+00:00,23.03,72.58,38.1,22,2.0,756.9,era5
2022-05-04 07:00:00+00:00,23.03,72.58,39.9,16,2.47,780.5,era5
2022-05-04 08:00:00+00:00,23.03,72.58,41.1,13,2.92,784.5,era5
2022-05-04 09:00:00+00:00,23.03,72.58,41.7,12,3.28,769.4,era5
2022-05-04 10:00:00+00:00,23.03,72.58,41.8,11,3.53,729.5,era5
2022-05-04 11:00:00+00:00,23.03,72.58,41.3,12,3.97,656.4,era5
2022-05-04 12:00:00+00:00,23.03,72.58,40.0,15,3.56,525.4,era5
2022-05-04 13:00:00+00:00,23.03,72.58,38.8,17,1.5,302.9,era5
2022-05-04 14:00:00+00:00,23.03,72.58,35.8,20,1.56,33.5,era5
2022-05-04 15:00:00+00:00,23.03,72.58,34.8,21,2.92,0.0,era5
2022-05-04 16:00:00+00:00,23.03,72.58,32.5,35,3.97,0.0,era5
2022-05-04 17:00:00+00:00,23.03,72.58,31.5,38,2.78,0.0,era5
2022-05-04 18:00:00+00:00,23.03,72.58,30.7,43,3.0,0.0,era5
2022-05-04 19:00:00+00:00,23.03,72.58,29.7,54,2.61,0.0,era5
2022-05-04 20:00:00+00:00,23.03,72.58,29.0,58,1.97,0.0,era5
2022-05-04 21:00:00+00:00,23.03,72.58,28.8,53,2.39,0.0,era5
2022-05-04 22:00:00+00:00,23.03,72.58,28.0,59,2.36,0.0,era5
2022-05-04 23:00:00+00:00,23.03,72.58,27.0,71,2.33,0.0,era5
2022-05-05 00:00:00+00:00,23.03,72.58,26.8,78,2.39,0.0,era5
2022-05-05 01:00:00+00:00,23.03,72.58,26.7,86,3.44,15.3,era5
2022-05-05 02:00:00+00:00,23.03,72.58,28.0,79,3.17,195.1,era5
2022-05-05 03:00:00+00:00,23.03,72.58,29.6,70,2.78,398.8,era5
2022-05-05 04:00:00+00:00,23.03,72.58,31.7,59,2.5,563.8,era5
2022-05-05 05:00:00+00:00,23.03,72.58,34.1,47,2.36,683.2,era5
2022-05-05 06:00:00+00:00,23.03,72.58,36.5,36,2.22,740.9,era5
2022-05-05 07:00:00+00:00,23.03,72.58,38.6,26,2.31,769.8,era5
2022-05-05 08:00:00+00:00,23.03,72.58,40.0,19,2.61,739.5,era5
2022-05-05 09:00:00+00:00,23.03,72.58,40.7,16,2.53,712.1,era5
2022-05-05 10:00:00+00:00,23.03,72.58,41.0,15,2.42,685.2,era5
2022-05-05 11:00:00+00:00,23.03,72.58,40.8,15,2.36,627.0,era5
2022-05-05 12:00:00+00:00,23.03,72.58,39.3,19,2.53,507.2,era5
2022-05-05 13:00:00+00:00,23.03,72.58,38.4,20,2.22,293.2,era5
2022-05-05 14:00:00+00:00,23.03,72.58,35.7,23,1.69,33.3,era5
2022-05-05 15:00:00+00:00,23.03,72.58,34.7,26,2.11,0.0,era5
2022-05-05 16:00:00+00:00,23.03,72.58,33.1,29,2.28,0.0,era5
2022-05-05 17:00:00+00:00,23.03,72.58,32.8,31,4.31,0.0,era5
2022-05-05 18:00:00+00:00,23.03,72.58,31.2,46,3.56,0.0,era5
2022-05-05 19:00:00+00:00,23.03,72.58,30.9,49,2.47,0.0,era5
2022-05-05 20:00:00+00:00,23.03,72.58,30.6,48,2.94,0.0,era5
2022-05-05 21:00:00+00:00,23.03,72.58,30.3,39,4.22,0.0,era5
2022-05-05 22:00:00+00:00,23.03,72.58,29.2,39,4.14,0.0,era5
2022-05-05 23:00:00+00:00,23.03,72.58,28.3,47,3.67,0.0,era5
2022-05-06 00:00:00+00:00,23.03,72.58,28.2,60,3.72,0.0,era5
2022-05-06 01:00:00+00:00,23.03,72.58,28.4,64,3.25,15.1,era5
2022-05-06 02:00:00+00:00,23.03,72.58,29.4,63,3.75,237.7,era5
2022-05-06 03:00:00+00:00,23.03,72.58,31.5,55,3.56,465.4,era5
2022-05-06 04:00:00+00:00,23.03,72.58,33.9,45,3.19,607.2,era5
2022-05-06 05:00:00+00:00,23.03,72.58,36.4,36,3.39,687.4,era5
2022-05-06 06:00:00+00:00,23.03,72.58,38.7,27,3.33,734.8,era5
2022-05-06 07:00:00+00:00,23.03,72.58,40.3,20,2.97,697.9,era5
2022-05-06 08:00:00+00:00,23.03,72.58,41.3,18,2.92,729.9,era5
2022-05-06 09:00:00+00:00,23.03,72.58,41.7,17,3.03,734.1,era5
2022-05-06 10:00:00+00:00,23.03,72.58,41.8,15,3.06,683.5,era5
2022-05-06 11:00:00+00:00,23.03,72.58,41.4,15,3.22,510.6,era5
2022-05-06 12:00:00+00:00,23.03,72.58,40.3,16,3.06,412.5,era5
2022-05-06 13:00:00+00:00,23.03,72.58,39.3,16,3.19,255.7,era5
2022-05-06 14:00:00+00:00,23.03,72.58,36.9,18,2.08,33.0,era5
2022-05-06 15:00:00+00:00,23.03,72.58,35.4,20,2.0,0.0,era5
2022-05-06 16:00:00+00:00,23.03,72.58,34.1,22,2.14,0.0,era5
2022-05-06 17:00:00+00:00,23.03,72.58,33.8,23,2.72,0.0,era5
2022-05-06 18:00:00+00:00,23.03,72.58,33.5,23,3.69,0.0,era5
2022-05-06 19:00:00+00:00,23.03,72.58,31.8,27,2.81,0.0,era5
2022-05-06 20:00:00+00:00,23.03,72.58,31.0,30,3.53,0.0,era5
2022-05-06 21:00:00+00:00,23.03,72.58,30.2,32,3.14,0.0,era5
2022-05-06 22:00:00+00:00,23.03,72.58,29.2,36,2.69,0.0,era5
2022-05-06 23:00:00+00:00,23.03,72.58,28.5,41,2.92,0.0,era5
2022-05-07 00:00:00+00:00,23.03,72.58,28.4,49,3.39,0.0,era5
2022-05-07 01:00:00+00:00,23.03,72.58,28.8,46,3.89,14.8,era5
2022-05-07 02:00:00+00:00,23.03,72.58,30.1,41,4.31,240.4,era5
2022-05-07 03:00:00+00:00,23.03,72.58,31.8,40,3.69,466.0,era5
2022-05-07 04:00:00+00:00,23.03,72.58,34.1,36,3.53,609.1,era5
2022-05-07 05:00:00+00:00,23.03,72.58,36.8,29,4.31,691.6,era5
2022-05-07 06:00:00+00:00,23.03,72.58,39.0,24,4.67,740.7,era5
2022-05-07 07:00:00+00:00,23.03,72.58,40.7,20,4.0,762.7,era5
2022-05-07 08:00:00+00:00,23.03,72.58,41.8,16,3.44,679.9,era5
2022-05-07 09:00:00+00:00,23.03,72.58,42.2,15,3.17,614.8,era5
2022-05-07 10:00:00+00:00,23.03,72.58,42.2,14,3.03,584.7,era5
2022-05-07 11:00:00+00:00,23.03,72.58,42.0,14,2.89,547.5,era5
2022-05-07 12:00:00+00:00,23.03,72.58,40.6,16,2.25,439.1,era5
2022-05-07 13:00:00+00:00,23.03,72.58,39.4,17,2.5,286.1,era5
2022-05-07 14:00:00+00:00,23.03,72.58,36.8,20,2.89,32.7,era5
2022-05-07 15:00:00+00:00,23.03,72.58,35.9,21,3.58,0.0,era5
2022-05-07 16:00:00+00:00,23.03,72.58,35.2,22,3.61,0.0,era5
2022-05-07 17:00:00+00:00,23.03,72.58,33.8,24,2.92,0.0,era5
2022-05-07 18:00:00+00:00,23.03,72.58,33.0,26,2.61,0.0,era5
2022-05-07 19:00:00+00:00,23.03,72.58,32.7,26,4.31,0.0,era5
2022-05-07 20:00:00+00:00,23.03,72.58,31.4,33,4.36,0.0,era5
2022-05-07 21:00:00+00:00,23.03,72.58,30.0,46,4.36,0.0,era5
2022-05-07 22:00:00+00:00,23.03,72.58,29.5,55,3.72,0.0,era5
2022-05-07 23:00:00+00:00,23.03,72.58,29.0,58,3.67,0.0,era5
2022-05-08 00:00:00+00:00,23.03,72.58,29.1,62,3.78,0.0,era5
2022-05-08 01:00:00+00:00,23.03,72.58,29.2,59,3.03,14.6,era5
2022-05-08 02:00:00+00:00,23.03,72.58,30.6,53,3.0,238.2,era5
2022-05-08 03:00:00+00:00,23.03,72.58,32.4,48,3.58,462.0,era5
2022-05-08 04:00:00+00:00,23.03,72.58,34.6,41,4.08,603.2,era5
2022-05-08 05:00:00+00:00,23.03,72.58,37.3,33,4.64,688.2,era5
2022-05-08 06:00:00+00:00,23.03,72.58,39.9,24,5.19,736.9,era5
2022-05-08 07:00:00+00:00,23.03,72.58,41.8,18,4.61,763.3,era5
2022-05-08 08:00:00+00:00,23.03,72.58,42.7,14,3.22,580.3,era5
2022-05-08 09:00:00+00:00,23.03,72.58,43.0,11,2.69,519.2,era5
2022-05-08 10:00:00+00:00,23.03,72.58,43.1,10,2.56,566.1,era5
2022-05-08 11:00:00+00:00,23.03,72.58,43.0,10,2.19,525.8,era5
2022-05-08 12:00:00+00:00,23.03,72.58,42.5,9,3.67,457.2,era5
2022-05-08 13:00:00+00:00,23.03,72.58,40.9,10,2.86,280.6,era5
2022-05-08 14:00:00+00:00,23.03,72.58,37.4,13,2.31,32.5,era5
2022-05-08 15:00:00+00:00,23.03,72.58,35.7,15,2.11,0.0,era5
2022-05-08 16:00:00+00:00,23.03,72.58,34.0,17,2.22,0.0,era5
2022-05-08 17:00:00+00:00,23.03,72.58,34.7,16,4.11,0.0,era5
2022-05-08 18:00:00+00:00,23.03,72.58,32.8,16,2.42,0.0,era5
2022-05-08 19:00:00+00:00,23.03,72.58,30.9,19,2.0,0.0,era5
2022-05-08 20:00:00+00:00,23.03,72.58,30.6,19,3.0,0.0,era5
2022-05-08 21:00:00+00:00,23.03,72.58,29.5,41,4.33,0.0,era5
2022-05-08 22:00:00+00:00,23.03,72.58,28.8,59,4.72,0.0,era5
2022-05-08 23:00:00+00:00,23.03,72.58,28.5,64,4.78,0.0,era5
2022-05-09 00:00:00+00:00,23.03,72.58,28.8,66,4.69,0.0,era5
2022-05-09 01:00:00+00:00,23.03,72.58,29.0,63,4.28,14.4,era5
2022-05-09 02:00:00+00:00,23.03,72.58,30.3,55,4.47,240.9,era5
2022-05-09 03:00:00+00:00,23.03,72.58,32.2,48,4.39,469.7,era5
2022-05-09 04:00:00+00:00,23.03,72.58,34.7,39,4.53,610.0,era5
2022-05-09 05:00:00+00:00,23.03,72.58,37.4,31,4.75,692.5,era5
2022-05-09 06:00:00+00:00,23.03,72.58,39.9,24,4.56,739.6,era5
2022-05-09 07:00:00+00:00,23.03,72.58,42.0,18,4.42,763.9,era5
2022-05-09 08:00:00+00:00,23.03,72.58,43.4,14,4.06,757.2,era5
2022-05-09 09:00:00+00:00,23.03,72.58,43.7,12,3.53,599.2,era5
2022-05-09 10:00:00+00:00,23.03,72.58,43.8,11,3.36,582.6,era5
2022-05-09 11:00:00+00:00,23.03,72.58,43.6,11,3.47,562.6,era5
2022-05-09 12:00:00+00:00,23.03,72.58,42.4,11,3.42,473.0,era5
2022-05-09 13:00:00+00:00,23.03,72.58,41.0,11,2.42,286.9,era5
2022-05-09 14:00:00+00:00,23.03,72.58,37.2,14,2.06,32.2,era5
2022-05-09 15:00:00+00:00,23.03,72.58,35.6,15,2.19,0.0,era5
2022-05-09 16:00:00+00:00,23.03,72.58,35.4,16,2.81,0.0,era5
2022-05-09 17:00:00+00:00,23.03,72.58,34.8,16,3.03,0.0,era5
2022-05-09 18:00:00+00:00,23.03,72.58,34.1,22,4.42,0.0,era5
2022-05-09 19:00:00+00:00,23.03,72.58,32.5,26,3.97,0.0,era5
2022-05-09 20:00:00+00:00,23.03,72.58,31.6,23,4.83,0.0,era5
2022-05-09 21:00:00+00:00,23.03,72.58,30.1,46,5.17,0.0,era5
2022-05-09 22:00:00+00:00,23.03,72.58,29.5,60,4.58,0.0,era5
2022-05-09 23:00:00+00:00,23.03,72.58,29.3,57,3.5,0.0,era5
2022-05-10 00:00:00+00:00,23.03,72.58,29.0,58,2.44,0.0,era5
2022-05-10 01:00:00+00:00,23.03,72.58,29.5,52,3.17,14.2,era5
2022-05-10 02:00:00+00:00,23.03,72.58,31.0,45,3.44,229.4,era5
2022-05-10 03:00:00+00:00,23.03,72.58,33.0,39,3.94,264.2,era5
2022-05-10 04:00:00+00:00,23.03,72.58,34.5,35,4.42,96.5,era5
2022-05-10 05:00:00+00:00,23.03,72.58,37.7,24,4.17,292.0,era5
2022-05-10 06:00:00+00:00,23.03,72.58,40.2,17,3.64,476.4,era5
2022-05-10 07:00:00+00:00,23.03,72.58,42.3,13,3.94,610.8,era5
2022-05-10 08:00:00+00:00,23.03,72.58,43.5,11,4.19,650.6,era5
2022-05-10 09:00:00+00:00,23.03,72.58,44.2,10,4.31,736.8,era5
2022-05-10 10:00:00+00:00,23.03,72.58,44.4,10,4.11,712.9,era5
2022-05-10 11:00:00+00:00,23.03,72.58,44.1,10,4.17,641.1,era5
2022-05-10 12:00:00+00:00,23.03,72.58,42.9,10,4.03,522.5,era5
2022-05-10 13:00:00+00:00,23.03,72.58,41.5,11,4.08,312.7,era5
2022-05-10 14:00:00+00:00,23.03,72.58,39.3,12,4.22,42.6,era5
2022-05-10 15:00:00+00:00,23.03,72.58,38.0,12,4.22,0.0,era5
2022-05-10 16:00:00+00:00,23.03,72.58,37.1,13,4.42,0.0,era5
2022-05-10 17:00:00+00:00,23.03,72.58,36.0,17,4.08,0.0,era5
2022-05-10 18:00:00+00:00,23.03,72.58,35.1,21,5.33,0.0,era5
2022-05-10 19:00:00+00:00,23.03,72.58,34.1,23,5.58,0.0,era5
2022-05-10 20:00:00+00:00,23.03,72.58,33.4,18,5.97,0.0,era5
2022-05-10 21:00:00+00:00,23.03,72.58,32.2,23,5.11,0.0,era5
2022-05-10 22:00:00+00:00,23.03,72.58,30.8,39,3.69,0.0,era5
2022-05-10 23:00:00+00:00,23.03,72.58,29.8,51,2.72,0.0,era5
2022-05-11 00:00:00+00:00,23.03,72.58,30.0,51,3.47,0.0,era5
2022-05-11 01:00:00+00:00,23.03,72.58,30.1,49,3.25,14.1,era5
2022-05-11 02:00:00+00:00,23.03,72.58,31.7,44,3.39,246.5,era5
2022-05-11 03:00:00+00:00,23.03,72.58,33.7,40,2.56,455.2,era5
2022-05-11 04:00:00+00:00,23.03,72.58,36.0,35,1.83,608.0,era5
2022-05-11 05:00:00+00:00,23.03,72.58,38.6,29,2.89,687.3,era5
2022-05-11 06:00:00+00:00,23.03,72.58,40.9,24,3.47,736.5,era5
2022-05-11 07:00:00+00:00,23.03,72.58,42.9,19,3.61,758.1,era5
2022-05-11 08:00:00+00:00,23.03,72.58,44.2,16,3.42,707.0,era5
2022-05-11 09:00:00+00:00,23.03,72.58,44.6,12,2.97,454.3,era5
2022-05-11 10:00:00+00:00,23.03,72.58,45.3,11,2.42,585.4,era5
2022-05-11 11:00:00+00:00,23.03,72.58,45.4,10,2.75,500.0,era5
2022-05-11 12:00:00+00:00,23.03,72.58,44.5,10,3.64,447.8,era5
2022-05-11 13:00:00+00:00,23.03,72.58,42.7,11,4.69,287.7,era5
2022-05-11 14:00:00+00:00,23.03,72.58,40.2,13,4.03,42.3,era5
2022-05-11 15:00:00+00:00,23.03,72.58,38.4,15,3.53,0.0,era5
2022-05-11 16:00:00+00:00,23.03,72.58,37.2,16,3.53,0.0,era5
2022-05-11 17:00:00+00:00,23.03,72.58,36.7,16,3.64,0.0,era5
2022-05-11 18:00:00+00:00,23.03,72.58,35.9,17,4.31,0.0,era5
2022-05-11 19:00:00+00:00,23.03,72.58,34.5,29,4.42,0.0,era5
2022-05-11 20:00:00+00:00,23.03,72.58,33.1,37,3.28,0.0,era5
2022-05-11 21:00:00+00:00,23.03,72.58,32.1,41,3.25,0.0,era5
2022-05-11 22:00:00+00:00,23.03,72.58,31.3,43,3.11,0.0,era5
2022-05-11 23:00:00+00:00,23.03,72.58,30.7,45,2.86,0.0,era5
2022-05-12 00:00:00+00:00,23.03,72.58,29.8,52,1.86,0.0,era5
2022-05-12 01:00:00+00:00,23.03,72.58,31.1,49,0.28,13.9,era5
2022-05-12 02:00:00+00:00,23.03,72.58,32.6,46,1.81,239.9,era5
2022-05-12 03:00:00+00:00,23.03,72.58,34.4,42,2.72,463.0,era5
2022-05-12 04:00:00+00:00,23.03,72.58,36.6,36,2.75,602.3,era5
2022-05-12 05:00:00+00:00,23.03,72.58,38.8,28,2.97,684.2,era5
2022-05-12 06:00:00+00:00,23.03,72.58,41.1,21,3.44,732.8,era5
2022-05-12 07:00:00+00:00,23.03,72.58,42.9,16,3.94,756.8,era5
2022-05-12 08:00:00+00:00,23.03,72.58,44.3,13,3.86,764.3,era5
2022-05-12 09:00:00+00:00,23.03,72.58,44.7,11,3.22,658.1,era5
2022-05-12 10:00:00+00:00,23.03,72.58,44.9,10,2.81,634.5,era5
2022-05-12 11:00:00+00:00,23.03,72.58,44.8,10,2.83,576.9,era5
2022-05-12 12:00:00+00:00,23.03,72.58,43.7,10,3.89,499.2,era5
2022-05-12 13:00:00+00:00,23.03,72.58,42.1,11,3.5,305.5,era5
2022-05-12 14:00:00+00:00,23.03,72.58,39.4,12,3.17,42.0,era5
2022-05-12 15:00:00+00:00,23.03,72.58,33.0,49,5.58,0.0,era5
2022-05-12 16:00:00+00:00,23.03,72.58,32.5,52,6.42,0.0,era5
2022-05-12 17:00:00+00:00,23.03,72.58,31.9,60,5.75,0.0,era5
2022-05-12 18:00:00+00:00,23.03,72.58,32.0,60,5.14,0.0,era5
2022-05-12 19:00:00+00:00,23.03,72.58,32.4,48,5.22,0.0,era5
2022-05-12 20:00:00+00:00,23.03,72.58,31.4,36,4.78,0.0,era5
2022-05-12 21:00:00+00:00,23.03,72.58,30.0,46,3.17,0.0,era5
2022-05-12 22:00:00+00:00,23.03,72.58,29.2,51,3.06,0.0,era5
2022-05-12 23:00:00+00:00,23.03,72.58,28.5,54,2.69,0.0,era5
2022-05-13 00:00:00+00:00,23.03,72.58,27.9,57,1.89,0.0,era5
2022-05-13 01:00:00+00:00,23.03,72.58,28.3,57,2.61,13.7,era5
2022-05-13 02:00:00+00:00,23.03,72.58,29.5,56,2.58,247.5,era5
2022-05-13 03:00:00+00:00,23.03,72.58,31.3,53,2.94,470.9,era5
2022-05-13 04:00:00+00:00,23.03,72.58,33.6,45,3.17,609.3,era5
2022-05-13 05:00:00+00:00,23.03,72.58,36.1,36,3.08,691.1,era5
2022-05-13 06:00:00+00:00,23.03,72.58,38.6,29,3.33,736.7,era5
2022-05-13 07:00:00+00:00,23.03,72.58,40.6,23,3.78,758.5,era5
2022-05-13 08:00:00+00:00,23.03,72.58,42.0,19,4.19,762.0,era5
2022-05-13 09:00:00+00:00,23.03,72.58,42.9,16,4.47,746.4,era5
2022-05-13 10:00:00+00:00,23.03,72.58,43.2,16,4.31,707.7,era5
2022-05-13 11:00:00+00:00,23.03,72.58,43.3,16,3.81,637.3,era5
2022-05-13 12:00:00+00:00,23.03,72.58,39.9,24,4.72,443.7,era5
2022-05-13 13:00:00+00:00,23.03,72.58,38.4,30,5.53,292.3,era5
2022-05-13 14:00:00+00:00,23.03,72.58,32.1,51,6.31,41.7,era5
2022-05-13 15:00:00+00:00,23.03,72.58,31.2,58,5.61,0.0,era5
2022-05-13 16:00:00+00:00,23.03,72.58,30.2,70,4.5,0.0,era5
2022-05-13 17:00:00+00:00,23.03,72.58,29.8,75,4.0,0.0,era5
2022-05-13 18:00:00+00:00,23.03,72.58,29.4,79,3.44,0.0,era5
2022-05-13 19:00:00+00:00,23.03,72.58,29.1,79,3.53,0.0,era5
2022-05-13 20:00:00+00:00,23.03,72.58,28.8,77,3.0,0.0,era5
2022-05-13 21:00:00+00:00,23.03,72.58,28.5,70,3.11,0.0,era5
2022-05-13 22:00:00+00:00,23.03,72.58,28.7,49,3.72,0.0,era5
2022-05-13 23:00:00+00:00,23.03,72.58,28.4,47,2.97,0.0,era5
2022-05-14 00:00:00+00:00,23.03,72.58,27.9,51,2.25,0.0,era5
2022-05-14 01:00:00+00:00,23.03,72.58,28.3,51,2.19,13.6,era5
2022-05-14 02:00:00+00:00,23.03,72.58,29.7,52,3.08,245.8,era5
2022-05-14 03:00:00+00:00,23.03,72.58,31.2,52,3.31,467.4,era5
2022-05-14 04:00:00+00:00,23.03,72.58,33.1,48,3.08,603.7,era5
2022-05-14 05:00:00+00:00,23.03,72.58,35.4,42,2.67,684.3,era5
2022-05-14 06:00:00+00:00,23.03,72.58,37.6,35,2.56,728.7,era5
2022-05-14 07:00:00+00:00,23.03,72.58,39.5,29,2.75,750.1,era5
2022-05-14 08:00:00+00:00,23.03,72.58,41.1,25,3.25,752.6,era5
2022-05-14 09:00:00+00:00,23.03,72.58,42.4,21,3.61,739.7,era5
2022-05-14 10:00:00+00:00,23.03,72.58,42.9,18,3.61,562.4,era5
2022-05-14 11:00:00+00:00,23.03,72.58,43.1,15,3.28,429.8,era5
2022-05-14 12:00:00+00:00,23.03,72.58,41.7,17,2.28,375.9,era5
2022-05-14 13:00:00+00:00,23.03,72.58,40.9,18,2.81,290.8,era5
2022-05-14 14:00:00+00:00,23.03,72.58,36.1,42,6.47,41.3,era5
2022-05-14 15:00:00+00:00,23.03,72.58,32.7,56,6.25,0.0,era5
2022-05-14 16:00:00+00:00,23.03,72.58,30.9,67,4.61,0.0,era5
2022-05-14 17:00:00+00:00,23.03,72.58,30.0,75,4.17,0.0,era5
2022-05-14 18:00:00+00:00,23.03,72.58,29.6,77,3.22,0.0,era5
2022-05-14 19:00:00+00:00,23.03,72.58,29.4,79,2.67,0.0,era5
2022-05-14 20:00:00+00:00,23.03,72.58,29.4,76,2.92,0.0,era5
2022-05-14 21:00:00+00:00,23.03,72.58,29.5,64,2.31,0.0,era5
2022-05-14 22:00:00+00:00,23.03,72.58,29.2,51,1.94,0.0,era5
2022-05-14 23:00:00+00:00,23.03,72.58,28.4,48,1.64,0.0,era5
2022-05-15 00:00:00+00:00,23.03,72.58,27.7,54,2.11,0.0,era5
2022-05-15 01:00:00+00:00,23.03,72.58,28.4,48,2.56,13.5,era5
2022-05-15 02:00:00+00:00,23.03,72.58,30.4,43,2.33,248.8,era5
2022-05-15 03:00:00+00:00,23.03,72.58,32.4,43,3.33,468.5,era5
2022-05-15 04:00:00+00:00,23.03,72.58,34.2,41,3.19,606.1,era5
2022-05-15 05:00:00+00:00,23.03,72.58,36.2,36,3.39,687.6,era5
2022-05-15 06:00:00+00:00,23.03,72.58,38.3,30,3.53,733.8,era5
2022-05-15 07:00:00+00:00,23.03,72.58,40.1,25,3.92,756.9,era5
2022-05-15 08:00:00+00:00,23.03,72.58,41.5,22,4.67,759.5,era5
2022-05-15 09:00:00+00:00,23.03,72.58,42.6,18,5.06,717.0,era5
2022-05-15 10:00:00+00:00,23.03,72.58,43.2,15,4.31,547.6,era5
2022-05-15 11:00:00+00:00,23.03,72.58,42.8,12,4.19,210.9,era5
2022-05-15 12:00:00+00:00,23.03,72.58,43.0,12,4.08,381.3,era5
2022-05-15 13:00:00+00:00,23.03,72.58,40.3,19,5.72,262.6,era5
2022-05-15 14:00:00+00:00,23.03,72.58,35.9,41,5.47,30.8,era5
2022-05-15 15:00:00+00:00,23.03,72.58,33.2,52,4.67,0.0,era5
2022-05-15 16:00:00+00:00,23.03,72.58,32.1,57,4.39,0.0,era5
2022-05-15 17:00:00+00:00,23.03,72.58,31.3,64,3.83,0.0,era5
2022-05-15 18:00:00+00:00,23.03,72.58,31.4,57,3.97,0.0,era5
2022-05-15 19:00:00+00:00,23.03,72.58,30.9,41,4.31,0.0,era5
2022-05-15 20:00:00+00:00,23.03,72.58,29.5,51,3.92,0.0,era5
2022-05-15 21:00:00+00:00,23.03,72.58,28.5,60,3.31,0.0,era5
2022-05-15 22:00:00+00:00,23.03,72.58,27.6,63,2.81,0.0,era5
2022-05-15 23:00:00+00:00,23.03,72.58,26.8,67,2.19,0.0,era5
2022-05-16 00:00:00+00:00,23.03,72.58,26.6,70,1.61,0.0,era5
2022-05-16 01:00:00+00:00,23.03,72.58,27.3,66,1.39,13.3,era5
2022-05-16 02:00:00+00:00,23.03,72.58,28.7,60,1.67,247.2,era5
2022-05-16 03:00:00+00:00,23.03,72.58,30.2,57,2.36,467.4,era5
2022-05-16 04:00:00+00:00,23.03,72.58,32.1,52,2.47,603.8,era5
2022-05-16 05:00:00+00:00,23.03,72.58,34.4,43,2.89,684.6,era5
2022-05-16 06:00:00+00:00,23.03,72.58,36.8,35,3.28,731.4,era5
2022-05-16 07:00:00+00:00,23.03,72.58,38.9,27,3.72,754.7,era5
2022-05-16 08:00:00+00:00,23.03,72.58,40.3,23,4.31,759.2,era5
2022-05-16 09:00:00+00:00,23.03,72.58,41.3,21,4.31,741.2,era5
2022-05-16 10:00:00+00:00,23.03,72.58,43.3,11,4.5,699.1,era5
2022-05-16 11:00:00+00:00,23.03,72.58,42.9,9,5.97,626.2,era5
2022-05-16 12:00:00+00:00,23.03,72.58,41.3,12,5.92,517.6,era5
2022-05-16 13:00:00+00:00,23.03,72.58,40.4,12,4.03,302.9,era5
2022-05-16 14:00:00+00:00,23.03,72.58,36.4,30,4.92,40.7,era5
2022-05-16 15:00:00+00:00,23.03,72.58,33.2,49,5.42,0.0,era5
2022-05-16 16:00:00+00:00,23.03,72.58,32.1,55,4.28,0.0,era5
2022-05-16 17:00:00+00:00,23.03,72.58,31.0,62,3.81,0.0,era5
2022-05-16 18:00:00+00:00,23.03,72.58,30.0,70,3.19,0.0,era5
2022-05-16 19:00:00+00:00,23.03,72.58,29.5,73,2.58,0.0,era5
2022-05-16 20:00:00+00:00,23.03,72.58,29.7,54,3.11,0.0,era5
2022-05-16 21:00:00+00:00,23.03,72.58,29.0,49,2.81,0.0,era5
2022-05-16 22:00:00+00:00,23.03,72.58,27.9,58,2.61,0.0,era5
2022-05-16 23:00:00+00:00,23.03,72.58,26.8,67,2.06,0.0,era5
2022-05-17 00:00:00+00:00,23.03,72.58,26.8,76,1.72,0.0,era5
2022-05-17 01:00:00+00:00,23.03,72.58,27.3,74,2.11,13.2,era5
2022-05-17 02:00:00+00:00,23.03,72.58,28.5,66,2.69,241.2,era5
2022-05-17 03:00:00+00:00,23.03,72.58,30.0,59,2.89,464.1,era5
2022-05-17 04:00:00+00:00,23.03,72.58,31.6,54,2.5,585.9,era5
2022-05-17 05:00:00+00:00,23.03,72.58,33.6,46,2.11,661.8,era5
2022-05-17 06:00:00+00:00,23.03,72.58,35.8,37,2.11,715.9,era5
2022-05-17 07:00:00+00:00,23.03,72.58,37.9,28,2.44,744.3,era5
2022-05-17 08:00:00+00:00,23.03,72.58,39.4,22,2.81,748.9,era5
2022-05-17 09:00:00+00:00,23.03,72.58,40.2,18,3.39,711.1,era5
2022-05-17 10:00:00+00:00,23.03,72.58,40.6,15,4.03,613.1,era5
2022-05-17 11:00:00+00:00,23.03,72.58,40.3,17,4.22,634.3,era5
2022-05-17 12:00:00+00:00,23.03,72.58,40.3,14,3.44,506.1,era5
2022-05-17 13:00:00+00:00,23.03,72.58,39.1,17,6.28,301.3,era5
2022-05-17 14:00:00+00:00,23.03,72.58,33.4,47,5.72,50.5,era5
2022-05-17 15:00:00+00:00,23.03,72.58,31.4,55,6.36,0.0,era5
2022-05-17 16:00:00+00:00,23.03,72.58,30.2,63,5.75,0.0,era5
2022-05-17 17:00:00+00:00,23.03,72.58,29.3,71,5.17,0.0,era5
2022-05-17 18:00:00+00:00,23.03,72.58,28.9,74,4.58,0.0,era5
2022-05-17 19:00:00+00:00,23.03,72.58,28.5,79,3.58,0.0,era5
2022-05-17 20:00:00+00:00,23.03,72.58,28.1,81,3.17,0.0,era5
2022-05-17 21:00:00+00:00,23.03,72.58,27.6,82,2.25,0.0,era5
2022-05-17 22:00:00+00:00,23.03,72.58,26.9,81,1.44,0.0,era5
2022-05-17 23:00:00+00:00,23.03,72.58,26.2,76,1.64,0.0,era5
2022-05-18 00:00:00+00:00,23.03,72.58,26.7,83,0.69,0.0,era5
2022-05-18 01:00:00+00:00,23.03,72.58,26.8,82,0.86,13.1,era5
2022-05-18 02:00:00+00:00,23.03,72.58,28.8,63,1.28,249.0,era5
2022-05-18 03:00:00+00:00,23.03,72.58,30.9,48,2.44,467.6,era5
2022-05-18 04:00:00+00:00,23.03,72.58,32.7,42,2.61,602.5,era5
2022-05-18 05:00:00+00:00,23.03,72.58,34.7,38,2.53,683.8,era5
2022-05-18 06:00:00+00:00,23.03,72.58,37.0,29,2.64,729.8,era5
2022-05-18 07:00:00+00:00,23.03,72.58,39.1,22,2.86,754.3,era5
2022-05-18 08:00:00+00:00,23.03,72.58,40.7,16,3.14,757.8,era5
2022-05-18 09:00:00+00:00,23.03,72.58,41.7,14,3.22,741.7,era5
2022-05-18 10:00:00+00:00,23.03,72.58,41.9,13,3.08,700.6,era5
2022-05-18 11:00:00+00:00,23.03,72.58,41.8,13,3.0,629.2,era5
2022-05-18 12:00:00+00:00,23.03,72.58,40.9,12,2.97,490.5,era5
2022-05-18 13:00:00+00:00,23.03,72.58,39.8,13,1.64,277.3,era5
2022-05-18 14:00:00+00:00,23.03,72.58,35.7,17,2.11,40.1,era5
2022-05-18 15:00:00+00:00,23.03,72.58,34.4,18,2.56,0.0,era5
2022-05-18 16:00:00+00:00,23.03,72.58,33.6,30,3.83,0.0,era5
2022-05-18 17:00:00+00:00,23.03,72.58,31.9,46,4.25,0.0,era5
2022-05-18 18:00:00+00:00,23.03,72.58,31.2,52,4.03,0.0,era5
2022-05-18 19:00:00+00:00,23.03,72.58,30.9,56,3.33,0.0,era5
2022-05-18 20:00:00+00:00,23.03,72.58,30.5,59,2.47,0.0,era5
2022-05-18 21:00:00+00:00,23.03,72.58,29.8,59,2.53,0.0,era5
2022-05-18 22:00:00+00:00,23.03,72.58,29.2,43,3.67,0.0,era5
2022-05-18 23:00:00+00:00,23.03,72.58,28.8,37,3.94,0.0,era5
2022-05-19 00:00:00+00:00,23.03,72.58,28.2,45,3.22,0.0,era5
2022-05-19 01:00:00+00:00,23.03,72.58,28.4,50,2.92,13.0,era5
2022-05-19 02:00:00+00:00,23.03,72.58,29.5,56,3.11,247.7,era5
2022-05-19 03:00:00+00:00,23.03,72.58,31.4,54,2.97,462.2,era5
2022-05-19 04:00:00+00:00,23.03,72.58,33.8,47,3.03,597.3,era5
2022-05-19 05:00:00+00:00,23.03,72.58,36.3,38,3.28,678.5,era5
2022-05-19 06:00:00+00:00,23.03,72.58,38.6,31,3.06,723.0,era5
2022-05-19 07:00:00+00:00,23.03,72.58,40.5,25,2.81,746.0,era5
2022-05-19 08:00:00+00:00,23.03,72.58,41.8,21,2.61,748.5,era5
2022-05-19 09:00:00+00:00,23.03,72.58,42.7,17,2.42,732.9,era5
2022-05-19 10:00:00+00:00,23.03,72.58,42.9,16,2.17,692.9,era5
2022-05-19 11:00:00+00:00,23.03,72.58,42.7,15,2.28,619.6,era5
2022-05-19 12:00:00+00:00,23.03,72.58,41.3,16,2.67,497.7,era5
2022-05-19 13:00:00+00:00,23.03,72.58,40.4,17,2.69,298.3,era5
2022-05-19 14:00:00+00:00,23.03,72.58,37.6,19,1.89,49.8,era5
2022-05-19 15:00:00+00:00,23.03,72.58,35.7,22,2.44,0.0,era5
2022-05-19 16:00:00+00:00,23.03,72.58,35.3,23,2.75,0.0,era5
2022-05-19 17:00:00+00:00,23.03,72.58,33.2,33,4.75,0.0,era5
2022-05-19 18:00:00+00:00,23.03,72.58,32.2,38,4.61,0.0,era5
2022-05-19 19:00:00+00:00,23.03,72.58,32.2,42,3.61,0.0,era5
2022-05-19 20:00:00+00:00,23.03,72.58,31.9,45,3.36,0.0,era5
2022-05-19 21:00:00+00:00,23.03,72.58,31.7,40,3.78,0.0,era5
2022-05-19 22:00:00+00:00,23.03,72.58,30.5,37,3.83,0.0,era5
2022-05-19 23:00:00+00:00,23.03,72.58,29.2,48,3.69,0.0,era5
2022-05-20 00:00:00+00:00,23.03,72.58,28.9,62,4.11,0.0,era5
2022-05-20 01:00:00+00:00,23.03,72.58,29.1,64,2.94,12.9,era5
2022-05-20 02:00:00+00:00,23.03,72.58,29.9,63,1.86,242.0,era5
2022-05-20 03:00:00+00:00,23.03,72.58,31.3,59,2.33,454.6,era5
2022-05-20 04:00:00+00:00,23.03,72.58,33.2,52,2.72,590.5,era5
2022-05-20 05:00:00+00:00,23.03,72.58,35.5,43,2.83,672.0,era5
2022-05-20 06:00:00+00:00,23.03,72.58,37.7,35,3.19,718.5,era5
2022-05-20 07:00:00+00:00,23.03,72.58,39.8,28,3.53,741.8,era5
2022-05-20 08:00:00+00:00,23.03,72.58,41.6,21,3.81,746.4,era5
2022-05-20 09:00:00+00:00,23.03,72.58,42.5,18,4.11,732.6,era5
2022-05-20 10:00:00+00:00,23.03,72.58,42.6,18,4.44,692.4,era5
2022-05-20 11:00:00+00:00,23.03,72.58,42.6,17,4.39,618.9,era5
2022-05-20 12:00:00+00:00,23.03,72.58,42.2,16,3.94,496.7,era5
2022-05-20 13:00:00+00:00,23.03,72.58,38.7,31,6.03,296.8,era5
2022-05-20 14:00:00+00:00,23.03,72.58,33.4,53,6.14,49.5,era5
2022-05-20 15:00:00+00:00,23.03,72.58,31.6,63,5.11,0.0,era5
2022-05-20 16:00:00+00:00,23.03,72.58,30.4,71,4.64,0.0,era5
2022-05-20 17:00:00+00:00,23.03,72.58,29.8,75,4.33,0.0,era5
2022-05-20 18:00:00+00:00,23.03,72.58,29.4,77,2.67,0.0,era5
2022-05-20 19:00:00+00:00,23.03,72.58,29.9,65,3.39,0.0,era5
2022-05-20 20:00:00+00:00,23.03,72.58,29.9,52,2.97,0.0,era5
2022-05-20 21:00:00+00:00,23.03,72.58,29.0,59,2.97,0.0,era5
2022-05-20 22:00:00+00:00,23.03,72.58,28.3,66,3.14,0.0,era5
2022-05-20 23:00:00+00:00,23.03,72.58,27.5,68,3.81,0.0,era5
2022-05-21 00:00:00+00:00,23.03,72.58,27.0,66,3.33,0.0,era5
2022-05-21 01:00:00+00:00,23.03,72.58,27.2,69,3.19,12.8,era5
2022-05-21 02:00:00+00:00,23.03,72.58,28.2,68,3.97,245.4,era5
2022-05-21 03:00:00+00:00,23.03,72.58,29.8,62,4.17,460.6,era5
2022-05-21 04:00:00+00:00,23.03,72.58,31.8,54,4.53,593.2,era5
2022-05-21 05:00:00+00:00,23.03,72.58,34.1,45,4.89,675.5,era5
2022-05-21 06:00:00+00:00,23.03,72.58,36.2,38,5.39,723.8,era5
2022-05-21 07:00:00+00:00,23.03,72.58,38.1,33,5.83,742.7,era5
2022-05-21 08:00:00+00:00,23.03,72.58,40.0,27,6.28,743.2,era5
2022-05-21 09:00:00+00:00,23.03,72.58,41.8,20,6.81,726.0,era5
2022-05-21 10:00:00+00:00,23.03,72.58,42.5,17,7.25,689.6,era5
2022-05-21 11:00:00+00:00,23.03,72.58,42.6,17,8.19,622.6,era5
2022-05-21 12:00:00+00:00,23.03,72.58,40.0,24,6.56,493.5,era5
2022-05-21 13:00:00+00:00,23.03,72.58,35.4,47,6.92,291.7,era5
2022-05-21 14:00:00+00:00,23.03,72.58,33.0,56,4.56,39.3,era5
2022-05-21 15:00:00+00:00,23.03,72.58,32.1,61,2.39,0.0,era5
2022-05-21 16:00:00+00:00,23.03,72.58,32.3,54,2.92,0.0,era5
2022-05-21 17:00:00+00:00,23.03,72.58,31.5,54,6.5,0.0,era5
2022-05-21 18:00:00+00:00,23.03,72.58,30.0,63,5.28,0.0,era5
2022-05-21 19:00:00+00:00,23.03,72.58,29.2,66,3.81,0.0,era5
2022-05-21 20:00:00+00:00,23.03,72.58,29.0,66,3.39,0.0,era5
2022-05-21 21:00:00+00:00,23.03,72.58,28.6,64,4.25,0.0,era5
2022-05-21 22:00:00+00:00,23.03,72.58,27.8,69,3.83,0.0,era5
2022-05-21 23:00:00+00:00,23.03,72.58,27.4,71,3.81,0.0,era5
2022-05-22 00:00:00+00:00,23.03,72.58,27.6,69,3.22,0.0,era5
2022-05-22 01:00:00+00:00,23.03,72.58,28.2,67,4.11,12.7,era5
2022-05-22 02:00:00+00:00,23.03,72.58,29.2,63,5.67,133.3,era5
2022-05-22 03:00:00+00:00,23.03,72.58,31.0,55,6.06,250.3,era5
2022-05-22 04:00:00+00:00,23.03,72.58,32.6,49,6.22,246.5,era5
2022-05-22 05:00:00+00:00,23.03,72.58,34.3,42,6.44,257.4,era5
2022-05-22 06:00:00+00:00,23.03,72.58,36.3,36,6.36,337.4,era5
2022-05-22 07:00:00+00:00,23.03,72.58,38.0,32,6.03,532.6,era5
2022-05-22 08:00:00+00:00,23.03,72.58,39.3,31,6.0,707.7,era5
2022-05-22 09:00:00+00:00,23.03,72.58,40.5,28,6.28,704.5,era5
2022-05-22 10:00:00+00:00,23.03,72.58,41.2,24,6.47,652.0,era5
2022-05-22 11:00:00+00:00,23.03,72.58,41.3,23,7.25,537.9,era5
2022-05-22 12:00:00+00:00,23.03,72.58,36.5,38,7.83,455.6,era5
2022-05-22 13:00:00+00:00,23.03,72.58,34.8,48,7.03,227.8,era5
2022-05-22 14:00:00+00:00,23.03,72.58,32.9,56,4.92,39.0,era5
2022-05-22 15:00:00+00:00,23.03,72.58,31.8,61,3.33,0.0,era5
2022-05-22 16:00:00+00:00,23.03,72.58,31.8,62,1.67,0.0,era5
2022-05-22 17:00:00+00:00,23.03,72.58,32.1,54,6.11,0.0,era5
2022-05-22 18:00:00+00:00,23.03,72.58,30.9,60,5.61,0.0,era5
2022-05-22 19:00:00+00:00,23.03,72.58,30.1,64,3.75,0.0,era5
2022-05-22 20:00:00+00:00,23.03,72.58,30.0,62,4.06,0.0,era5
2022-05-22 21:00:00+00:00,23.03,72.58,29.4,63,5.53,0.0,era5
2022-05-22 22:00:00+00:00,23.03,72.58,28.7,68,5.25,0.0,era5
2022-05-22 23:00:00+00:00,23.03,72.58,28.3,71,4.75,0.0,era5
2022-05-23 00:00:00+00:00,23.03,72.58,28.4,71,3.78,0.0,era5
2022-05-23 01:00:00+00:00,23.03,72.58,28.7,71,5.22,12.6,era5
2022-05-23 02:00:00+00:00,23.03,72.58,29.6,67,5.94,150.5,era5
2022-05-23 03:00:00+00:00,23.03,72.58,31.2,60,5.75,310.7,era5
2022-05-23 04:00:00+00:00,23.03,72.58,33.1,51,6.08,491.1,era5
2022-05-23 05:00:00+00:00,23.03,72.58,34.9,45,5.75,553.2,era5
2022-05-23 06:00:00+00:00,23.03,72.58,37.0,39,6.08,611.8,era5
2022-05-23 07:00:00+00:00,23.03,72.58,38.1,36,5.97,584.3,era5
2022-05-23 08:00:00+00:00,23.03,72.58,39.8,32,6.11,700.6,era5
2022-05-23 09:00:00+00:00,23.03,72.58,41.0,28,6.56,704.2,era5
2022-05-23 10:00:00+00:00,23.03,72.58,41.6,26,7.08,630.0,era5
2022-05-23 11:00:00+00:00,23.03,72.58,41.5,24,7.36,550.6,era5
2022-05-23 12:00:00+00:00,23.03,72.58,36.8,41,7.61,348.1,era5
2022-05-23 13:00:00+00:00,23.03,72.58,34.8,51,6.94,237.7,era5
2022-05-23 14:00:00+00:00,23.03,72.58,32.8,59,5.11,38.8,era5
2022-05-23 15:00:00+00:00,23.03,72.58,31.7,65,3.97,0.0,era5
2022-05-23 16:00:00+00:00,23.03,72.58,31.2,68,2.72,0.0,era5
2022-05-23 17:00:00+00:00,23.03,72.58,31.2,69,1.33,0.0,era5
2022-05-23 18:00:00+00:00,23.03,72.58,31.1,62,4.25,0.0,era5
2022-05-23 19:00:00+00:00,23.03,72.58,30.4,64,2.92,0.0,era5
2022-05-23 20:00:00+00:00,23.03,72.58,30.1,62,4.89,0.0,era5
2022-05-23 21:00:00+00:00,23.03,72.58,29.3,65,4.67,0.0,era5
2022-05-23 22:00:00+00:00,23.03,72.58,28.7,68,3.97,0.0,era5
2022-05-23 23:00:00+00:00,23.03,72.58,28.2,70,2.89,0.0,era5
2022-05-24 00:00:00+00:00,23.03,72.58,29.3,66,3.39,0.0,era5
2022-05-24 01:00:00+00:00,23.03,72.58,30.0,63,4.75,0.0,era5
2022-05-24 02:00:00+00:00,23.03,72.58,30.8,59,5.0,176.4,era5
2022-05-24 03:00:00+00:00,23.03,72.58,32.0,54,4.08,359.8,era5
2022-05-24 04:00:00+00:00,23.03,72.58,33.4,49,3.58,448.8,era5
2022-05-24 05:00:00+00:00,23.03,72.58,34.8,44,3.36,558.1,era5
2022-05-24 06:00:00+00:00,23.03,72.58,36.2,39,3.19,596.6,era5
2022-05-24 07:00:00+00:00,23.03,72.58,37.8,35,3.11,669.4,era5
2022-05-24 08:00:00+00:00,23.03,72.58,39.3,29,2.86,713.5,era5
2022-05-24 09:00:00+00:00,23.03,72.58,40.2,25,2.67,674.2,era5
2022-05-24 10:00:00+00:00,23.03,72.58,40.6,23,2.56,616.4,era5
2022-05-24 11:00:00+00:00,23.03,72.58,41.0,21,2.22,585.3,era5
2022-05-24 12:00:00+00:00,23.03,72.58,36.9,39,5.92,474.1,era5
2022-05-24 13:00:00+00:00,23.03,72.58,35.2,46,5.44,207.4,era5
2022-05-24 14:00:00+00:00,23.03,72.58,33.1,54,5.67,38.5,era5
2022-05-24 15:00:00+00:00,23.03,72.58,31.9,60,5.61,0.0,era5
2022-05-24 16:00:00+00:00,23.03,72.58,30.7,65,4.81,0.0,era5
2022-05-24 17:00:00+00:00,23.03,72.58,30.0,70,3.83,0.0,era5
2022-05-24 18:00:00+00:00,23.03,72.58,29.6,71,2.83,0.0,era5
2022-05-24 19:00:00+00:00,23.03,72.58,29.5,70,2.19,0.0,era5
2022-05-24 20:00:00+00:00,23.03,72.58,29.9,66,3.06,0.0,era5
2022-05-24 21:00:00+00:00,23.03,72.58,29.3,65,3.56,0.0,era5
2022-05-24 22:00:00+00:00,23.03,72.58,28.7,71,2.81,0.0,era5
2022-05-24 23:00:00+00:00,23.03,72.58,28.4,72,2.53,0.0,era5
2022-05-25 00:00:00+00:00,23.03,72.58,29.0,74,2.5,0.0,era5
2022-05-25 01:00:00+00:00,23.03,72.58,29.3,69,3.0,12.5,era5
2022-05-25 02:00:00+00:00,23.03,72.58,30.0,65,3.03,189.1,era5
2022-05-25 03:00:00+00:00,23.03,72.58,31.2,60,2.97,343.7,era5
2022-05-25 04:00:00+00:00,23.03,72.58,33.0,53,2.94,521.8,era5
2022-05-25 05:00:00+00:00,23.03,72.58,34.8,46,2.92,448.6,era5
2022-05-25 06:00:00+00:00,23.03,72.58,36.3,42,3.06,569.4,era5
2022-05-25 07:00:00+00:00,23.03,72.58,37.7,37,3.25,637.9,era5
2022-05-25 08:00:00+00:00,23.03,72.58,39.2,31,3.28,692.3,era5
2022-05-25 09:00:00+00:00,23.03,72.58,40.4,26,3.22,691.0,era5
2022-05-25 10:00:00+00:00,23.03,72.58,40.8,22,3.19,612.4,era5
2022-05-25 11:00:00+00:00,23.03,72.58,40.8,21,3.47,547.9,era5
2022-05-25 12:00:00+00:00,23.03,72.58,39.3,21,3.72,405.8,era5
2022-05-25 13:00:00+00:00,23.03,72.58,38.5,21,3.5,282.5,era5
2022-05-25 14:00:00+00:00,23.03,72.58,36.7,25,2.83,47.8,era5
2022-05-25 15:00:00+00:00,23.03,72.58,33.0,46,5.08,0.0,era5
2022-05-25 16:00:00+00:00,23.03,72.58,31.2,53,4.97,0.0,era5
2022-05-25 17:00:00+00:00,23.03,72.58,30.5,60,4.19,0.0,era5
2022-05-25 18:00:00+00:00,23.03,72.58,30.4,63,3.75,0.0,era5
2022-05-25 19:00:00+00:00,23.03,72.58,30.2,65,2.92,0.0,era5
2022-05-25 20:00:00+00:00,23.03,72.58,30.0,61,2.92,0.0,era5
2022-05-25 21:00:00+00:00,23.03,72.58,29.4,56,3.31,0.0,era5
2022-05-25 22:00:00+00:00,23.03,72.58,28.6,60,3.22,0.0,era5
2022-05-25 23:00:00+00:00,23.03,72.58,28.0,67,3.03,0.0,era5
2022-05-26 00:00:00+00:00,23.03,72.58,27.9,75,2.81,0.0,era5
2022-05-26 01:00:00+00:00,23.03,72.58,28.1,76,3.47,12.5,era5
2022-05-26 02:00:00+00:00,23.03,72.58,29.1,72,4.06,219.3,era5
2022-05-26 03:00:00+00:00,23.03,72.58,30.6,64,3.86,332.2,era5
2022-05-26 04:00:00+00:00,23.03,72.58,32.2,56,3.61,509.1,era5
2022-05-26 05:00:00+00:00,23.03,72.58,34.2,48,3.58,627.5,era5
2022-05-26 06:00:00+00:00,23.03,72.58,36.2,42,3.89,686.5,era5
2022-05-26 07:00:00+00:00,23.03,72.58,38.0,35,4.47,721.0,era5
2022-05-26 08:00:00+00:00,23.03,72.58,39.3,30,4.75,728.4,era5
2022-05-26 09:00:00+00:00,23.03,72.58,40.2,25,4.64,666.3,era5
2022-05-26 10:00:00+00:00,23.03,72.58,40.7,21,4.44,552.1,era5
2022-05-26 11:00:00+00:00,23.03,72.58,40.5,20,4.28,425.5,era5
2022-05-26 12:00:00+00:00,23.03,72.58,39.4,24,4.67,378.5,era5
2022-05-26 13:00:00+00:00,23.03,72.58,35.4,42,6.19,248.7,era5
2022-05-26 14:00:00+00:00,23.03,72.58,33.2,52,5.97,47.5,era5
2022-05-26 15:00:00+00:00,23.03,72.58,31.6,58,4.31,0.0,era5
2022-05-26 16:00:00+00:00,23.03,72.58,30.9,62,3.67,0.0,era5
2022-05-26 17:00:00+00:00,23.03,72.58,30.2,67,2.42,0.0,era5
2022-05-26 18:00:00+00:00,23.03,72.58,30.3,64,2.53,0.0,era5
2022-05-26 19:00:00+00:00,23.03,72.58,29.7,62,4.42,0.0,era5
2022-05-26 20:00:00+00:00,23.03,72.58,28.8,67,3.39,0.0,era5
2022-05-26 21:00:00+00:00,23.03,72.58,28.5,69,3.64,0.0,era5
2022-05-26 22:00:00+00:00,23.03,72.58,27.9,70,3.28,0.0,era5
2022-05-26 23:00:00+00:00,23.03,72.58,27.6,68,3.61,0.0,era5
2022-05-27 00:00:00+00:00,23.03,72.58,27.9,67,3.75,0.0,era5
2022-05-27 01:00:00+00:00,23.03,72.58,28.1,69,5.39,12.4,era5
2022-05-27 02:00:00+00:00,23.03,72.58,29.0,65,6.06,126.9,era5
2022-05-27 03:00:00+00:00,23.03,72.58,30.3,60,6.11,280.4,era5
2022-05-27 04:00:00+00:00,23.03,72.58,32.2,52,5.31,365.8,era5
2022-05-27 05:00:00+00:00,23.03,72.58,34.0,45,5.03,429.9,era5
2022-05-27 06:00:00+00:00,23.03,72.58,35.8,38,4.83,491.3,era5
2022-05-27 07:00:00+00:00,23.03,72.58,37.3,34,4.97,552.7,era5
2022-05-27 08:00:00+00:00,23.03,72.58,38.4,32,5.0,673.9,era5
2022-05-27 09:00:00+00:00,23.03,72.58,39.9,28,5.17,695.8,era5
2022-05-27 10:00:00+00:00,23.03,72.58,40.2,26,5.75,671.5,era5
2022-05-27 11:00:00+00:00,23.03,72.58,40.3,25,6.19,600.8,era5
2022-05-27 12:00:00+00:00,23.03,72.58,39.9,17,6.14,477.1,era5
2022-05-27 13:00:00+00:00,23.03,72.58,34.7,45,7.03,301.3,era5
2022-05-27 14:00:00+00:00,23.03,72.58,31.8,54,5.94,47.2,era5
2022-05-27 15:00:00+00:00,23.03,72.58,30.9,62,4.36,0.0,era5
2022-05-27 16:00:00+00:00,23.03,72.58,30.3,66,3.61,0.0,era5
2022-05-27 17:00:00+00:00,23.03,72.58,29.7,69,2.11,0.0,era5
2022-05-27 18:00:00+00:00,23.03,72.58,29.3,71,0.89,0.0,era5
2022-05-27 19:00:00+00:00,23.03,72.58,29.5,66,3.42,0.0,era5
2022-05-27 20:00:00+00:00,23.03,72.58,29.4,63,3.72,0.0,era5
2022-05-27 21:00:00+00:00,23.03,72.58,28.9,62,4.94,0.0,era5
2022-05-27 22:00:00+00:00,23.03,72.58,28.1,65,4.33,0.0,era5
2022-05-27 23:00:00+00:00,23.03,72.58,27.5,69,4.0,0.0,era5
2022-05-28 00:00:00+00:00,23.03,72.58,28.1,72,3.53,0.0,era5
2022-05-28 01:00:00+00:00,23.03,72.58,28.5,71,4.61,12.4,era5
2022-05-28 02:00:00+00:00,23.03,72.58,29.6,65,5.25,117.9,era5
2022-05-28 03:00:00+00:00,23.03,72.58,30.5,60,6.08,159.1,era5
2022-05-28 04:00:00+00:00,23.03,72.58,32.3,52,5.56,197.7,era5
2022-05-28 05:00:00+00:00,23.03,72.58,34.5,43,6.14,456.0,era5
2022-05-28 06:00:00+00:00,23.03,72.58,36.1,38,5.92,560.7,era5
2022-05-28 07:00:00+00:00,23.03,72.58,37.7,34,5.64,651.0,era5
2022-05-28 08:00:00+00:00,23.03,72.58,39.1,30,5.92,716.1,era5
2022-05-28 09:00:00+00:00,23.03,72.58,39.9,28,5.94,709.4,era5
2022-05-28 10:00:00+00:00,23.03,72.58,40.6,26,6.08,674.6,era5
2022-05-28 11:00:00+00:00,23.03,72.58,40.8,24,6.42,604.5,era5
2022-05-28 12:00:00+00:00,23.03,72.58,38.8,28,5.72,484.2,era5
2022-05-28 13:00:00+00:00,23.03,72.58,34.8,46,6.83,292.7,era5
2022-05-28 14:00:00+00:00,23.03,72.58,31.8,56,6.56,46.9,era5
2022-05-28 15:00:00+00:00,23.03,72.58,30.8,63,4.36,0.0,era5
2022-05-28 16:00:00+00:00,23.03,72.58,30.2,66,3.28,0.0,era5
2022-05-28 17:00:00+00:00,23.03,72.58,29.8,69,1.92,0.0,era5
2022-05-28 18:00:00+00:00,23.03,72.58,30.1,68,2.31,0.0,era5
2022-05-28 19:00:00+00:00,23.03,72.58,29.8,62,5.31,0.0,era5
2022-05-28 20:00:00+00:00,23.03,72.58,29.0,67,4.33,0.0,era5
2022-05-28 21:00:00+00:00,23.03,72.58,28.8,69,4.33,0.0,era5
2022-05-28 22:00:00+00:00,23.03,72.58,28.5,69,4.06,0.0,era5
2022-05-28 23:00:00+00:00,23.03,72.58,28.2,67,4.67,0.0,era5
2022-05-29 00:00:00+00:00,23.03,72.58,29.0,68,4.92,0.0,era5
2022-05-29 01:00:00+00:00,23.03,72.58,29.1,68,4.94,12.3,era5
2022-05-29 02:00:00+00:00,23.03,72.58,30.2,63,5.33,95.9,era5
2022-05-29 03:00:00+00:00,23.03,72.58,30.7,61,5.94,112.0,era5
2022-05-29 04:00:00+00:00,23.03,72.58,32.3,53,5.69,126.1,era5
2022-05-29 05:00:00+00:00,23.03,72.58,34.5,46,5.56,515.7,era5
2022-05-29 06:00:00+00:00,23.03,72.58,35.9,41,5.08,591.1,era5
2022-05-29 07:00:00+00:00,23.03,72.58,37.6,36,4.86,644.9,era5
2022-05-29 08:00:00+00:00,23.03,72.58,38.7,33,4.94,689.9,era5
2022-05-29 09:00:00+00:00,23.03,72.58,39.5,31,4.89,684.8,era5
2022-05-29 10:00:00+00:00,23.03,72.58,40.2,28,5.31,662.2,era5
2022-05-29 11:00:00+00:00,23.03,72.58,40.3,27,5.25,596.5,era5
2022-05-29 12:00:00+00:00,23.03,72.58,39.2,29,5.22,479.1,era5
2022-05-29 13:00:00+00:00,23.03,72.58,37.9,32,5.11,284.2,era5
2022-05-29 14:00:00+00:00,23.03,72.58,33.1,52,5.97,46.6,era5
2022-05-29 15:00:00+00:00,23.03,72.58,31.4,57,4.39,0.0,era5
2022-05-29 16:00:00+00:00,23.03,72.58,30.7,62,3.89,0.0,era5
2022-05-29 17:00:00+00:00,23.03,72.58,30.1,67,3.0,0.0,era5
2022-05-29 18:00:00+00:00,23.03,72.58,29.8,68,2.5,0.0,era5
2022-05-29 19:00:00+00:00,23.03,72.58,29.7,60,3.17,0.0,era5
2022-05-29 20:00:00+00:00,23.03,72.58,29.2,57,3.22,0.0,era5
2022-05-29 21:00:00+00:00,23.03,72.58,28.5,63,3.83,0.0,era5
2022-05-29 22:00:00+00:00,23.03,72.58,27.8,70,3.97,0.0,era5
2022-05-29 23:00:00+00:00,23.03,72.58,27.6,71,3.58,0.0,era5
2022-05-30 00:00:00+00:00,23.03,72.58,27.9,73,3.08,0.0,era5
2022-05-30 01:00:00+00:00,23.03,72.58,28.2,70,3.97,12.3,era5
2022-05-30 02:00:00+00:00,23.03,72.58,29.2,67,4.61,130.5,era5
2022-05-30 03:00:00+00:00,23.03,72.58,30.2,62,4.28,44.8,era5
2022-05-30 04:00:00+00:00,23.03,72.58,31.7,56,4.03,149.4,era5
2022-05-30 05:00:00+00:00,23.03,72.58,33.7,49,3.89,510.7,era5
2022-05-30 06:00:00+00:00,23.03,72.58,35.5,42,3.36,631.3,era5
2022-05-30 07:00:00+00:00,23.03,72.58,37.4,36,3.58,695.6,era5
2022-05-30 08:00:00+00:00,23.03,72.58,38.8,32,3.81,725.0,era5
2022-05-30 09:00:00+00:00,23.03,72.58,39.9,28,4.03,711.1,era5
2022-05-30 10:00:00+00:00,23.03,72.58,40.7,25,4.36,673.8,era5
2022-05-30 11:00:00+00:00,23.03,72.58,40.7,23,4.61,606.0,era5
2022-05-30 12:00:00+00:00,23.03,72.58,39.7,27,4.47,480.0,era5
2022-05-30 13:00:00+00:00,23.03,72.58,36.1,42,6.03,289.9,era5
2022-05-30 14:00:00+00:00,23.03,72.58,33.5,50,5.53,55.5,era5
2022-05-30 15:00:00+00:00,23.03,72.58,31.9,56,4.75,0.0,era5
2022-05-30 16:00:00+00:00,23.03,72.58,31.0,58,4.11,0.0,era5
2022-05-30 17:00:00+00:00,23.03,72.58,30.1,63,3.78,0.0,era5
2022-05-30 18:00:00+00:00,23.03,72.58,29.6,68,3.44,0.0,era5
2022-05-30 19:00:00+00:00,23.03,72.58,29.1,72,2.33,0.0,era5
2022-05-30 20:00:00+00:00,23.03,72.58,28.8,64,2.89,0.0,era5
2022-05-30 21:00:00+00:00,23.03,72.58,28.3,60,3.56,0.0,era5
2022-05-30 22:00:00+00:00,23.03,72.58,27.4,71,3.89,0.0,era5
2022-05-30 23:00:00+00:00,23.03,72.58,26.9,76,3.67,0.0,era5
2022-05-31 00:00:00+00:00,23.03,72.58,27.4,82,3.67,0.0,era5
2022-05-31 01:00:00+00:00,23.03,72.58,27.7,80,4.14,12.3,era5
2022-05-31 02:00:00+00:00,23.03,72.58,28.6,74,4.22,139.1,era5
2022-05-31 03:00:00+00:00,23.03,72.58,30.1,66,4.31,288.9,era5
2022-05-31 04:00:00+00:00,23.03,72.58,31.9,57,4.11,482.5,era5
2022-05-31 05:00:00+00:00,23.03,72.58,33.8,48,3.92,611.5,era5
2022-05-31 06:00:00+00:00,23.03,72.58,35.8,40,3.81,665.0,era5
2022-05-31 07:00:00+00:00,23.03,72.58,37.7,34,3.81,718.0,era5
2022-05-31 08:00:00+00:00,23.03,72.58,39.3,28,4.0,726.9,era5
2022-05-31 09:00:00+00:00,23.03,72.58,40.4,25,4.39,715.1,era5
2022-05-31 10:00:00+00:00,23.03,72.58,41.0,22,4.19,679.3,era5
2022-05-31 11:00:00+00:00,23.03,72.58,41.3,20,4.44,611.1,era5
2022-05-31 12:00:00+00:00,23.03,72.58,40.0,27,3.33,493.1,era5
2022-05-31 13:00:00+00:00,23.03,72.58,39.2,27,3.36,295.5,era5
2022-05-31 14:00:00+00:00,23.03,72.58,37.7,28,1.83,55.1,era5
2022-05-31 15:00:00+00:00,23.03,72.58,33.6,48,6.28,0.0,era5
2022-05-31 16:00:00+00:00,23.03,72.58,31.2,59,4.75,0.0,era5
2022-05-31 17:00:00+00:00,23.03,72.58,30.5,65,3.53,0.0,era5
2022-05-31 18:00:00+00:00,23.03,72.58,30.0,71,3.19,0.0,era5
2022-05-31 19:00:00+00:00,23.03,72.58,30.1,68,3.17,0.0,era5
2022-05-31 20:00:00+00:00,23.03,72.58,30.0,60,3.19,0.0,era5
2022-05-31 21:00:00+00:00,23.03,72.58,29.1,65,3.14,0.0,era5
2022-05-31 22:00:00+00:00,23.03,72.58,28.2,70,3.69,0.0,era5
2022-05-31 23:00:00+00:00,23.03,72.58,27.5,74,3.47,0.0,era5
2022-06-01 00:00:00+00:00,23.03,72.58,27.5,76,3.31,0.0,era5
2022-06-01 01:00:00+00:00,23.03,72.58,27.7,74,3.53,12.3,era5
2022-06-01 02:00:00+00:00,23.03,72.58,28.5,71,3.75,230.1,era5
2022-06-01 03:00:00+00:00,23.03,72.58,30.1,64,3.78,443.3,era5
2022-06-01 04:00:00+00:00,23.03,72.58,32.1,55,3.64,580.6,era5
2022-06-01 05:00:00+00:00,23.03,72.58,34.5,45,3.53,663.8,era5
2022-06-01 06:00:00+00:00,23.03,72.58,36.8,35,3.42,713.9,era5
2022-06-01 07:00:00+00:00,23.03,72.58,38.9,27,3.5,737.3,era5
2022-06-01 08:00:00+00:00,23.03,72.58,40.6,21,3.61,743.0,era5
2022-06-01 09:00:00+00:00,23.03,72.58,41.8,17,3.61,729.7,era5
2022-06-01 10:00:00+00:00,23.03,72.58,42.5,14,3.92,694.3,era5
2022-06-01 11:00:00+00:00,23.03,72.58,42.7,11,4.78,608.9,era5
2022-06-01 12:00:00+00:00,23.03,72.58,42.3,8,3.5,471.9,era5
2022-06-01 13:00:00+00:00,23.03,72.58,41.2,9,1.97,297.7,era5
2022-06-01 14:00:00+00:00,23.03,72.58,34.8,38,6.36,63.9,era5
2022-06-01 15:00:00+00:00,23.03,72.58,33.4,43,5.69,0.0,era5
2022-06-01 16:00:00+00:00,23.03,72.58,31.5,53,4.94,0.0,era5
2022-06-01 17:00:00+00:00,23.03,72.58,30.9,56,3.92,0.0,era5
2022-06-01 18:00:00+00:00,23.03,72.58,30.3,60,2.47,0.0,era5
2022-06-01 19:00:00+00:00,23.03,72.58,29.5,63,1.67,0.0,era5
2022-06-01 20:00:00+00:00,23.03,72.58,29.0,55,2.06,0.0,era5
2022-06-01 21:00:00+00:00,23.03,72.58,28.2,48,1.78,0.0,era5
2022-06-01 22:00:00+00:00,23.03,72.58,27.0,51,1.67,0.0,era5
2022-06-01 23:00:00+00:00,23.03,72.58,26.5,53,2.0,0.0,era5
2022-06-02 00:00:00+00:00,23.03,72.58,27.1,68,1.75,0.0,era5
2022-06-02 01:00:00+00:00,23.03,72.58,27.5,76,3.0,24.5,era5
2022-06-02 02:00:00+00:00,23.03,72.58,29.0,74,4.81,195.2,era5
2022-06-02 03:00:00+00:00,23.03,72.58,30.8,64,5.11,136.6,era5
2022-06-02 04:00:00+00:00,23.03,72.58,32.5,57,4.11,456.2,era5
2022-06-02 05:00:00+00:00,23.03,72.58,34.6,48,3.89,645.3,era5
2022-06-02 06:00:00+00:00,23.03,72.58,37.0,39,3.92,703.2,era5
2022-06-02 07:00:00+00:00,23.03,72.58,39.7,27,4.11,730.2,era5
2022-06-02 08:00:00+00:00,23.03,72.58,41.7,17,4.78,734.8,era5
2022-06-02 09:00:00+00:00,23.03,72.58,42.4,14,5.08,697.6,era5
2022-06-02 10:00:00+00:00,23.03,72.58,42.5,12,4.64,616.4,era5
2022-06-02 11:00:00+00:00,23.03,72.58,42.5,11,4.67,552.9,era5
2022-06-02 12:00:00+00:00,23.03,72.58,42.0,10,4.44,446.9,era5
2022-06-02 13:00:00+00:00,23.03,72.58,40.7,11,3.42,289.3,era5
2022-06-02 14:00:00+00:00,23.03,72.58,37.9,13,2.25,54.5,era5
2022-06-02 15:00:00+00:00,23.03,72.58,34.9,27,5.53,0.0,era5
2022-06-02 16:00:00+00:00,23.03,72.58,31.8,53,5.47,0.0,era5
2022-06-02 17:00:00+00:00,23.03,72.58,31.8,57,4.67,0.0,era5
2022-06-02 18:00:00+00:00,23.03,72.58,31.6,46,3.69,0.0,era5
2022-06-02 19:00:00+00:00,23.03,72.58,31.0,32,3.69,0.0,era5
2022-06-02 20:00:00+00:00,23.03,72.58,29.4,44,3.72,0.0,era5
2022-06-02 21:00:00+00:00,23.03,72.58,28.4,54,3.19,0.0,era5
2022-06-02 22:00:00+00:00,23.03,72.58,27.7,61,3.33,0.0,era5
2022-06-02 23:00:00+00:00,23.03,72.58,27.2,68,3.94,0.0,era5
2022-06-03 00:00:00+00:00,23.03,72.58,26.4,73,3.22,0.0,era5
2022-06-03 01:00:00+00:00,23.03,72.58,26.7,75,2.89,12.2,era5
2022-06-03 02:00:00+00:00,23.03,72.58,27.8,73,3.42,160.4,era5
2022-06-03 03:00:00+00:00,23.03,72.58,29.5,66,3.61,351.6,era5
2022-06-03 04:00:00+00:00,23.03,72.58,31.8,55,3.72,548.1,era5
2022-06-03 05:00:00+00:00,23.03,72.58,34.3,44,3.83,636.7,era5
2022-06-03 06:00:00+00:00,23.03,72.58,36.6,35,3.97,690.3,era5
2022-06-03 07:00:00+00:00,23.03,72.58,38.5,28,4.06,699.8,era5
2022-06-03 08:00:00+00:00,23.03,72.58,40.1,22,4.17,688.5,era5
2022-06-03 09:00:00+00:00,23.03,72.58,41.3,18,4.08,664.6,era5
2022-06-03 10:00:00+00:00,23.03,72.58,42.1,14,4.19,627.9,era5
2022-06-03 11:00:00+00:00,23.03,72.58,42.3,13,4.44,566.8,era5
2022-06-03 12:00:00+00:00,23.03,72.58,41.3,11,3.5,439.9,era5
2022-06-03 13:00:00+00:00,23.03,72.58,40.0,12,2.83,274.1,era5
2022-06-03 14:00:00+00:00,23.03,72.58,36.7,15,1.94,54.1,era5
2022-06-03 15:00:00+00:00,23.03,72.58,32.9,44,5.36,0.0,era5
2022-06-03 16:00:00+00:00,23.03,72.58,31.7,53,5.69,0.0,era5
2022-06-03 17:00:00+00:00,23.03,72.58,31.1,61,4.67,0.0,era5
2022-06-03 18:00:00+00:00,23.03,72.58,31.7,51,3.36,0.0,era5
2022-06-03 19:00:00+00:00,23.03,72.58,31.2,42,3.25,0.0,era5
2022-06-03 20:00:00+00:00,23.03,72.58,30.1,47,3.33,0.0,era5
2022-06-03 21:00:00+00:00,23.03,72.58,29.0,57,3.53,0.0,era5
2022-06-03 22:00:00+00:00,23.03,72.58,28.2,64,3.47,0.0,era5
2022-06-03 23:00:00+00:00,23.03,72.58,27.6,70,3.44,0.0,era5
2022-06-04 00:00:00+00:00,23.03,72.58,27.8,72,2.19,0.0,era5
2022-06-04 01:00:00+00:00,23.03,72.58,28.0,73,2.22,24.4,era5
2022-06-04 02:00:00+00:00,23.03,72.58,29.0,71,2.44,229.8,era5
2022-06-04 03:00:00+00:00,23.03,72.58,30.6,63,3.5,423.3,era5
2022-06-04 04:00:00+00:00,23.03,72.58,32.5,54,2.86,526.5,era5
2022-06-04 05:00:00+00:00,23.03,72.58,34.8,44,2.94,655.6,era5
2022-06-04 06:00:00+00:00,23.03,72.58,36.9,36,3.31,702.3,era5
2022-06-04 07:00:00+00:00,23.03,72.58,38.9,29,3.39,726.2,era5
2022-06-04 08:00:00+00:00,23.03,72.58,40.6,23,3.61,730.7,era5
2022-06-04 09:00:00+00:00,23.03,72.58,41.8,17,3.72,717.3,era5
2022-06-04 10:00:00+00:00,23.03,72.58,42.1,15,3.64,625.1,era5
2022-06-04 11:00:00+00:00,23.03,72.58,42.1,15,3.64,576.3,era5
2022-06-04 12:00:00+00:00,23.03,72.58,40.7,14,3.19,431.0,era5
2022-06-04 13:00:00+00:00,23.03,72.58,39.7,14,1.75,304.0,era5
2022-06-04 14:00:00+00:00,23.03,72.58,36.9,17,1.28,62.8,era5
2022-06-04 15:00:00+00:00,23.03,72.58,34.8,29,5.19,0.0,era5
2022-06-04 16:00:00+00:00,23.03,72.58,32.0,49,3.86,0.0,era5
2022-06-04 17:00:00+00:00,23.03,72.58,31.2,53,3.33,0.0,era5
2022-06-04 18:00:00+00:00,23.03,72.58,30.6,58,3.25,0.0,era5
2022-06-04 19:00:00+00:00,23.03,72.58,30.1,57,2.56,0.0,era5
2022-06-04 20:00:00+00:00,23.03,72.58,30.0,35,3.11,0.0,era5
2022-06-04 21:00:00+00:00,23.03,72.58,28.8,36,2.92,0.0,era5
2022-06-04 22:00:00+00:00,23.03,72.58,27.7,50,2.47,0.0,era5
2022-06-04 23:00:00+00:00,23.03,72.58,26.8,67,2.36,0.0,era5
2022-06-05 00:00:00+00:00,23.03,72.58,27.1,74,1.61,0.0,era5
2022-06-05 01:00:00+00:00,23.03,72.58,27.3,81,2.42,24.4,era5
2022-06-05 02:00:00+00:00,23.03,72.58,28.4,77,2.64,221.1,era5
2022-06-05 03:00:00+00:00,23.03,72.58,30.0,68,2.61,414.5,era5
2022-06-05 04:00:00+00:00,23.03,72.58,32.0,58,2.61,556.3,era5
2022-06-05 05:00:00+00:00,23.03,72.58,34.3,47,2.61,642.1,era5
2022-06-05 06:00:00+00:00,23.03,72.58,36.9,35,2.69,694.9,era5
2022-06-05 07:00:00+00:00,23.03,72.58,39.1,25,2.89,725.3,era5
2022-06-05 08:00:00+00:00,23.03,72.58,40.6,18,3.31,731.6,era5
2022-06-05 09:00:00+00:00,23.03,72.58,41.7,14,3.69,717.1,era5
2022-06-05 10:00:00+00:00,23.03,72.58,41.9,15,4.03,678.3,era5
2022-06-05 11:00:00+00:00,23.03,72.58,41.5,17,3.72,601.8,era5
2022-06-05 12:00:00+00:00,23.03,72.58,41.2,12,3.14,485.9,era5
2022-06-05 13:00:00+00:00,23.03,72.58,40.7,10,1.58,309.6,era5
2022-06-05 14:00:00+00:00,23.03,72.58,36.1,12,2.42,62.4,era5
2022-06-05 15:00:00+00:00,23.03,72.58,35.7,13,3.11,0.0,era5
2022-06-05 16:00:00+00:00,23.03,72.58,32.1,45,4.53,0.0,era5
2022-06-05 17:00:00+00:00,23.03,72.58,31.5,52,3.89,0.0,era5
2022-06-05 18:00:00+00:00,23.03,72.58,30.8,61,3.19,0.0,era5
2022-06-05 19:00:00+00:00,23.03,72.58,30.3,64,2.25,0.0,era5
2022-06-05 20:00:00+00:00,23.03,72.58,30.3,39,2.86,0.0,era5
2022-06-05 21:00:00+00:00,23.03,72.58,29.1,39,3.19,0.0,era5
2022-06-05 22:00:00+00:00,23.03,72.58,27.9,52,3.06,0.0,era5
2022-06-05 23:00:00+00:00,23.03,72.58,27.0,65,2.81,0.0,era5
2022-06-06 00:00:00+00:00,23.03,72.58,27.1,71,2.94,0.0,era5
2022-06-06 01:00:00+00:00,23.03,72.58,27.3,78,2.81,12.2,era5
2022-06-06 02:00:00+00:00,23.03,72.58,28.2,75,2.92,221.1,era5
2022-06-06 03:00:00+00:00,23.03,72.58,29.9,67,2.78,425.9,era5
2022-06-06 04:00:00+00:00,23.03,72.58,32.0,57,2.78,562.7,era5
2022-06-06 05:00:00+00:00,23.03,72.58,34.4,46,2.75,643.5,era5
2022-06-06 06:00:00+00:00,23.03,72.58,36.8,36,2.81,697.2,era5
2022-06-06 07:00:00+00:00,23.03,72.58,38.9,27,3.11,720.3,era5
2022-06-06 08:00:00+00:00,23.03,72.58,40.5,20,3.61,725.5,era5
2022-06-06 09:00:00+00:00,23.03,72.58,41.4,18,3.94,711.6,era5
2022-06-06 10:00:00+00:00,23.03,72.58,41.6,18,4.11,674.3,era5
2022-06-06 11:00:00+00:00,23.03,72.58,41.5,19,3.92,605.4,era5
2022-06-06 12:00:00+00:00,23.03,72.58,40.6,17,3.94,457.1,era5
2022-06-06 13:00:00+00:00,23.03,72.58,40.6,15,4.11,298.0,era5
2022-06-06 14:00:00+00:00,23.03,72.58,35.4,37,6.28,62.0,era5
2022-06-06 15:00:00+00:00,23.03,72.58,33.0,48,5.22,0.0,era5
2022-06-06 16:00:00+00:00,23.03,72.58,31.4,56,3.61,0.0,era5
2022-06-06 17:00:00+00:00,23.03,72.58,30.4,63,3.44,0.0,era5
2022-06-06 18:00:00+00:00,23.03,72.58,29.8,68,2.47,0.0,era5
2022-06-06 19:00:00+00:00,23.03,72.58,29.6,71,2.0,0.0,era5
2022-06-06 20:00:00+00:00,23.03,72.58,30.4,57,3.78,0.0,era5
2022-06-06 21:00:00+00:00,23.03,72.58,30.0,57,3.94,0.0,era5
2022-06-06 22:00:00+00:00,23.03,72.58,29.2,63,3.31,0.0,era5
2022-06-06 23:00:00+00:00,23.03,72.58,28.4,66,2.61,0.0,era5
2022-06-07 00:00:00+00:00,23.03,72.58,28.0,72,2.25,0.0,era5
2022-06-07 01:00:00+00:00,23.03,72.58,28.3,67,3.11,12.2,era5
2022-06-07 02:00:00+00:00,23.03,72.58,28.9,67,3.53,225.5,era5
2022-06-07 03:00:00+00:00,23.03,72.58,30.3,62,3.61,399.2,era5
2022-06-07 04:00:00+00:00,23.03,72.58,32.2,55,3.61,524.0,era5
2022-06-07 05:00:00+00:00,23.03,72.58,34.2,47,3.61,616.3,era5
2022-06-07 06:00:00+00:00,23.03,72.58,36.2,40,3.81,673.5,era5
2022-06-07 07:00:00+00:00,23.03,72.58,38.0,34,3.69,705.1,era5
2022-06-07 08:00:00+00:00,23.03,72.58,39.4,30,3.64,711.4,era5
2022-06-07 09:00:00+00:00,23.03,72.58,40.3,27,3.83,694.4,era5
2022-06-07 10:00:00+00:00,23.03,72.58,40.8,26,3.94,643.0,era5
2022-06-07 11:00:00+00:00,23.03,72.58,40.9,26,3.75,551.2,era5
2022-06-07 12:00:00+00:00,23.03,72.58,40.4,25,4.33,420.5,era5
2022-06-07 13:00:00+00:00,23.03,72.58,40.0,25,5.0,208.1,era5
2022-06-07 14:00:00+00:00,23.03,72.58,37.0,35,4.61,44.1,era5
2022-06-07 15:00:00+00:00,23.03,72.58,34.7,46,5.56,0.0,era5
2022-06-07 16:00:00+00:00,23.03,72.58,32.5,61,4.69,0.0,era5
2022-06-07 17:00:00+00:00,23.03,72.58,31.7,66,3.89,0.0,era5
2022-06-07 18:00:00+00:00,23.03,72.58,31.9,66,2.83,0.0,era5
2022-06-07 19:00:00+00:00,23.03,72.58,32.2,57,4.83,0.0,era5
2022-06-07 20:00:00+00:00,23.03,72.58,31.0,62,4.19,0.0,era5
2022-06-07 21:00:00+00:00,23.03,72.58,30.3,66,3.83,0.0,era5
2022-06-07 22:00:00+00:00,23.03,72.58,29.8,70,3.92,0.0,era5
2022-06-07 23:00:00+00:00,23.03,72.58,29.4,72,3.92,0.0,era5
2022-06-08 00:00:00+00:00,23.03,72.58,29.3,74,2.92,0.0,era5
2022-06-08 01:00:00+00:00,23.03,72.58,29.5,73,3.5,12.2,era5
2022-06-08 02:00:00+00:00,23.03,72.58,30.6,66,4.42,195.3,era5
2022-06-08 03:00:00+00:00,23.03,72.58,31.9,60,4.61,309.6,era5
2022-06-08 04:00:00+00:00,23.03,72.58,33.5,53,4.61,444.7,era5
2022-06-08 05:00:00+00:00,23.03,72.58,35.1,47,4.11,543.1,era5
2022-06-08 06:00:00+00:00,23.03,72.58,36.8,41,3.72,618.2,era5
2022-06-08 07:00:00+00:00,23.03,72.58,38.4,35,3.94,666.6,era5
2022-06-08 08:00:00+00:00,23.03,72.58,39.6,31,4.47,677.1,era5
2022-06-08 09:00:00+00:00,23.03,72.58,40.2,28,4.58,663.5,era5
2022-06-08 10:00:00+00:00,23.03,72.58,40.9,26,4.42,620.0,era5
2022-06-08 11:00:00+00:00,23.03,72.58,40.6,26,4.17,555.0,era5
2022-06-08 12:00:00+00:00,23.03,72.58,39.6,30,4.5,289.0,era5
2022-06-08 13:00:00+00:00,23.03,72.58,39.2,30,4.58,210.7,era5
2022-06-08 14:00:00+00:00,23.03,72.58,35.4,49,6.47,43.8,era5
2022-06-08 15:00:00+00:00,23.03,72.58,33.2,56,5.42,0.0,era5
2022-06-08 16:00:00+00:00,23.03,72.58,32.2,64,4.33,0.0,era5
2022-06-08 17:00:00+00:00,23.03,72.58,31.8,68,2.83,0.0,era5
2022-06-08 18:00:00+00:00,23.03,72.58,32.0,61,4.17,0.0,era5
2022-06-08 19:00:00+00:00,23.03,72.58,30.6,60,4.53,0.0,era5
2022-06-08 20:00:00+00:00,23.03,72.58,29.8,67,3.81,0.0,era5
2022-06-08 21:00:00+00:00,23.03,72.58,28.8,75,4.06,0.0,era5
2022-06-08 22:00:00+00:00,23.03,72.58,28.1,78,4.08,0.0,era5
2022-06-08 23:00:00+00:00,23.03,72.58,28.0,78,3.92,0.0,era5
2022-06-09 00:00:00+00:00,23.03,72.58,28.1,77,3.61,0.0,era5
2022-06-09 01:00:00+00:00,23.03,72.58,28.5,74,4.08,12.2,era5
2022-06-09 02:00:00+00:00,23.03,72.58,29.6,69,4.53,204.1,era5
2022-06-09 03:00:00+00:00,23.03,72.58,31.0,62,4.22,350.2,era5
2022-06-09 04:00:00+00:00,23.03,72.58,32.7,55,3.72,452.7,era5
2022-06-09 05:00:00+00:00,23.03,72.58,34.7,46,3.36,558.2,era5
2022-06-09 06:00:00+00:00,23.03,72.58,36.3,41,3.28,609.7,era5
2022-06-09 07:00:00+00:00,23.03,72.58,37.9,36,3.47,675.8,era5
2022-06-09 08:00:00+00:00,23.03,72.58,39.5,31,4.11,699.2,era5
2022-06-09 09:00:00+00:00,23.03,72.58,40.3,29,4.17,683.4,era5
2022-06-09 10:00:00+00:00,23.03,72.58,40.8,27,4.17,649.3,era5
2022-06-09 11:00:00+00:00,23.03,72.58,40.6,26,3.89,541.4,era5
2022-06-09 12:00:00+00:00,23.03,72.58,39.3,28,4.22,413.0,era5
2022-06-09 13:00:00+00:00,23.03,72.58,39.1,28,4.33,257.3,era5
2022-06-09 14:00:00+00:00,23.03,72.58,35.1,45,6.03,61.1,era5
2022-06-09 15:00:00+00:00,23.03,72.58,33.7,53,5.72,0.0,era5
2022-06-09 16:00:00+00:00,23.03,72.58,32.0,63,3.86,0.0,era5
2022-06-09 17:00:00+00:00,23.03,72.58,31.2,69,3.25,0.0,era5
2022-06-09 18:00:00+00:00,23.03,72.58,31.0,72,3.03,0.0,era5
2022-06-09 19:00:00+00:00,23.03,72.58,31.1,64,2.81,0.0,era5
2022-06-09 20:00:00+00:00,23.03,72.58,30.6,61,4.22,0.0,era5
2022-06-09 21:00:00+00:00,23.03,72.58,29.7,66,3.22,0.0,era5
2022-06-09 22:00:00+00:00,23.03,72.58,29.3,68,2.5,0.0,era5
2022-06-09 23:00:00+00:00,23.03,72.58,29.0,68,2.61,0.0,era5
2022-06-10 00:00:00+00:00,23.03,72.58,29.1,66,3.11,0.0,era5
2022-06-10 01:00:00+00:00,23.03,72.58,29.2,65,3.61,12.3,era5
2022-06-10 02:00:00+00:00,23.03,72.58,29.8,63,3.31,217.4,era5
2022-06-10 03:00:00+00:00,23.03,72.58,31.0,59,2.72,420.1,era5
2022-06-10 04:00:00+00:00,23.03,72.58,32.7,52,2.58,552.9,era5
2022-06-10 05:00:00+00:00,23.03,72.58,34.6,46,2.69,635.7,era5
2022-06-10 06:00:00+00:00,23.03,72.58,36.3,40,3.03,683.8,era5
2022-06-10 07:00:00+00:00,23.03,72.58,37.8,37,3.33,705.3,era5
2022-06-10 08:00:00+00:00,23.03,72.58,39.0,34,3.56,702.2,era5
2022-06-10 09:00:00+00:00,23.03,72.58,40.0,30,3.53,697.0,era5
2022-06-10 10:00:00+00:00,23.03,72.58,40.6,27,3.36,584.9,era5
2022-06-10 11:00:00+00:00,23.03,72.58,40.7,25,3.67,513.5,era5
2022-06-10 12:00:00+00:00,23.03,72.58,39.1,29,5.31,422.1,era5
2022-06-10 13:00:00+00:00,23.03,72.58,36.6,39,6.14,226.0,era5
2022-06-10 14:00:00+00:00,23.03,72.58,34.4,50,6.58,52.1,era5
2022-06-10 15:00:00+00:00,23.03,72.58,33.4,55,5.72,0.0,era5
2022-06-10 16:00:00+00:00,23.03,72.58,32.2,62,4.31,0.0,era5
2022-06-10 17:00:00+00:00,23.03,72.58,31.8,65,3.81,0.0,era5
2022-06-10 18:00:00+00:00,23.03,72.58,31.1,69,4.08,0.0,era5
2022-06-10 19:00:00+00:00,23.03,72.58,31.1,69,2.22,0.0,era5
2022-06-10 20:00:00+00:00,23.03,72.58,31.0,65,2.56,0.0,era5
2022-06-10 21:00:00+00:00,23.03,72.58,30.7,62,3.19,0.0,era5
2022-06-10 22:00:00+00:00,23.03,72.58,30.3,64,3.5,0.0,era5
2022-06-10 23:00:00+00:00,23.03,72.58,29.9,65,2.81,0.0,era5
2022-06-11 00:00:00+00:00,23.03,72.58,29.8,66,2.03,0.0,era5
2022-06-11 01:00:00+00:00,23.03,72.58,30.2,64,1.92,12.3,era5
2022-06-11 02:00:00+00:00,23.03,72.58,31.1,60,2.11,208.9,era5
2022-06-11 03:00:00+00:00,23.03,72.58,32.3,54,2.22,411.5,era5
2022-06-11 04:00:00+00:00,23.03,72.58,33.9,48,2.61,548.5,era5
2022-06-11 05:00:00+00:00,23.03,72.58,35.4,43,2.81,633.5,era5
2022-06-11 06:00:00+00:00,23.03,72.58,37.0,39,2.86,682.9,era5
2022-06-11 07:00:00+00:00,23.03,72.58,38.4,34,3.03,706.4,era5
2022-06-11 08:00:00+00:00,23.03,72.58,39.7,31,3.06,710.2,era5
2022-06-11 09:00:00+00:00,23.03,72.58,40.4,28,3.33,678.8,era5
2022-06-11 10:00:00+00:00,23.03,72.58,40.6,26,3.31,579.8,era5
2022-06-11 11:00:00+00:00,23.03,72.58,39.7,28,4.78,397.7,era5
2022-06-11 12:00:00+00:00,23.03,72.58,39.0,31,4.83,364.3,era5
2022-06-11 13:00:00+00:00,23.03,72.58,37.1,40,6.03,252.1,era5
2022-06-11 14:00:00+00:00,23.03,72.58,33.5,55,7.03,43.2,era5
2022-06-11 15:00:00+00:00,23.03,72.58,32.5,61,6.42,0.0,era5
2022-06-11 16:00:00+00:00,23.03,72.58,31.6,66,5.81,0.0,era5
2022-06-11 17:00:00+00:00,23.03,72.58,30.7,71,5.83,0.0,era5
2022-06-11 18:00:00+00:00,23.03,72.58,30.0,75,5.61,0.0,era5
2022-06-11 19:00:00+00:00,23.03,72.58,29.4,77,4.83,0.0,era5
2022-06-11 20:00:00+00:00,23.03,72.58,29.0,78,4.94,0.0,era5
2022-06-11 21:00:00+00:00,23.03,72.58,28.9,76,3.97,0.0,era5
2022-06-11 22:00:00+00:00,23.03,72.58,28.5,77,4.39,0.0,era5
2022-06-11 23:00:00+00:00,23.03,72.58,26.7,84,3.61,0.0,era5
2022-06-12 00:00:00+00:00,23.03,72.58,28.7,77,3.03,0.0,era5
2022-06-12 01:00:00+00:00,23.03,72.58,29.1,75,1.67,12.3,era5
2022-06-12 02:00:00+00:00,23.03,72.58,30.0,70,2.33,130.7,era5
2022-06-12 03:00:00+00:00,23.03,72.58,31.6,62,2.83,317.3,era5
2022-06-12 04:00:00+00:00,23.03,72.58,33.1,55,2.36,328.4,era5
2022-06-12 05:00:00+00:00,23.03,72.58,34.5,50,2.14,346.8,era5
2022-06-12 06:00:00+00:00,23.03,72.58,35.8,46,2.42,289.3,era5
2022-06-12 07:00:00+00:00,23.03,72.58,35.7,45,2.61,40.6,era5
2022-06-12 08:00:00+00:00,23.03,72.58,36.7,42,2.92,95.6,era5
2022-06-12 09:00:00+00:00,23.03,72.58,36.8,41,2.81,96.2,era5
2022-06-12 10:00:00+00:00,23.03,72.58,34.8,49,5.39,26.1,era5
2022-06-12 11:00:00+00:00,23.03,72.58,35.8,42,4.94,230.3,era5
2022-06-12 12:00:00+00:00,23.03,72.58,34.8,46,4.17,249.7,era5
2022-06-12 13:00:00+00:00,23.03,72.58,33.5,51,5.67,211.1,era5
2022-06-12 14:00:00+00:00,23.03,72.58,32.2,56,5.53,51.6,era5
2022-06-12 15:00:00+00:00,23.03,72.58,30.9,61,5.19,0.0,era5
2022-06-12 16:00:00+00:00,23.03,72.58,30.0,66,4.08,0.0,era5
2022-06-12 17:00:00+00:00,23.03,72.58,27.7,79,3.78,0.0,era5
2022-06-12 18:00:00+00:00,23.03,72.58,27.4,83,3.0,0.0,era5
2022-06-12 19:00:00+00:00,23.03,72.58,27.7,86,3.56,0.0,era5
2022-06-12 20:00:00+00:00,23.03,72.58,28.0,83,3.5,0.0,era5
2022-06-12 21:00:00+00:00,23.03,72.58,28.0,80,3.17,0.0,era5
2022-06-12 22:00:00+00:00,23.03,72.58,28.0,78,3.03,0.0,era5
2022-06-12 23:00:00+00:00,23.03,72.58,27.9,77,3.03,0.0,era5
2022-06-13 00:00:00+00:00,23.03,72.58,28.9,73,3.42,0.0,era5
2022-06-13 01:00:00+00:00,23.03,72.58,28.9,74,3.69,0.0,era5
2022-06-13 02:00:00+00:00,23.03,72.58,29.9,69,3.78,130.9,era5
2022-06-13 03:00:00+00:00,23.03,72.58,31.2,62,2.92,313.1,era5
2022-06-13 04:00:00+00:00,23.03,72.58,32.4,58,2.58,334.8,era5
2022-06-13 05:00:00+00:00,23.03,72.58,33.7,51,2.72,128.6,era5
2022-06-13 06:00:00+00:00,23.03,72.58,33.7,50,3.22,34.8,era5
2022-06-13 07:00:00+00:00,23.03,72.58,31.6,61,5.36,34.5,era5
2022-06-13 08:00:00+00:00,23.03,72.58,33.4,54,2.72,160.9,era5
2022-06-13 09:00:00+00:00,23.03,72.58,33.8,51,4.08,258.9,era5
2022-06-13 10:00:00+00:00,23.03,72.58,33.6,53,3.92,159.9,era5
2022-06-13 11:00:00+00:00,23.03,72.58,33.0,55,4.42,171.1,era5
2022-06-13 12:00:00+00:00,23.03,72.58,32.8,55,4.06,184.5,era5
2022-06-13 13:00:00+00:00,23.03,72.58,32.4,56,3.69,163.6,era5
2022-06-13 14:00:00+00:00,23.03,72.58,31.4,59,3.33,34.3,era5
2022-06-13 15:00:00+00:00,23.03,72.58,30.7,64,3.61,0.0,era5
2022-06-13 16:00:00+00:00,23.03,72.58,29.9,69,3.39,0.0,era5
2022-06-13 17:00:00+00:00,23.03,72.58,29.5,72,3.25,0.0,era5
2022-06-13 18:00:00+00:00,23.03,72.58,29.0,75,3.08,0.0,era5
2022-06-13 19:00:00+00:00,23.03,72.58,28.8,78,3.11,0.0,era5
2022-06-13 20:00:00+00:00,23.03,72.58,28.7,76,3.28,0.0,era5
2022-06-13 21:00:00+00:00,23.03,72.58,28.3,76,4.06,0.0,era5
2022-06-13 22:00:00+00:00,23.03,72.58,28.1,76,3.47,0.0,era5
2022-06-13 23:00:00+00:00,23.03,72.58,27.8,77,3.75,0.0,era5
2022-06-14 00:00:00+00:00,23.03,72.58,28.0,78,2.97,0.0,era5
2022-06-14 01:00:00+00:00,23.03,72.58,28.4,76,3.33,0.0,era5
2022-06-14 02:00:00+00:00,23.03,72.58,29.0,72,4.03,21.9,era5
2022-06-14 03:00:00+00:00,23.03,72.58,30.0,68,3.86,99.2,era5
2022-06-14 04:00:00+00:00,23.03,72.58,31.2,62,3.72,159.7,era5
2022-06-14 05:00:00+00:00,23.03,72.58,32.2,57,3.75,156.1,era5
2022-06-14 06:00:00+00:00,23.03,72.58,33.6,51,3.67,215.5,era5
2022-06-14 07:00:00+00:00,23.03,72.58,34.9,46,3.36,210.2,era5
2022-06-14 08:00:00+00:00,23.03,72.58,36.3,41,3.42,284.6,era5
2022-06-14 09:00:00+00:00,23.03,72.58,37.2,38,3.81,282.1,era5
2022-06-14 10:00:00+00:00,23.03,72.58,37.3,38,4.28,235.6,era5
2022-06-14 11:00:00+00:00,23.03,72.58,36.5,39,4.94,339.1,era5
2022-06-14 12:00:00+00:00,23.03,72.58,34.9,47,5.64,180.3,era5
2022-06-14 13:00:00+00:00,23.03,72.58,33.9,50,5.33,243.0,era5
2022-06-14 14:00:00+00:00,23.03,72.58,32.0,58,5.39,51.2,era5
2022-06-14 15:00:00+00:00,23.03,72.58,30.7,67,4.86,0.0,era5
2022-06-14 16:00:00+00:00,23.03,72.58,29.8,71,4.78,0.0,era5
2022-06-14 17:00:00+00:00,23.03,72.58,29.3,75,4.64,0.0,era5
2022-06-14 18:00:00+00:00,23.03,72.58,29.1,77,4.89,0.0,era5
2022-06-14 19:00:00+00:00,23.03,72.58,29.3,74,4.92,0.0,era5
2022-06-14 20:00:00+00:00,23.03,72.58,28.9,75,4.53,0.0,era5
2022-06-14 21:00:00+00:00,23.03,72.58,28.6,76,4.08,0.0,era5
2022-06-14 22:00:00+00:00,23.03,72.58,28.3,77,3.83,0.0,era5
2022-06-14 23:00:00+00:00,23.03,72.58,28.1,78,3.5,0.0,era5
2022-06-15 00:00:00+00:00,23.03,72.58,28.0,79,3.36,0.0,era5
2022-06-15 01:00:00+00:00,23.03,72.58,28.4,77,3.25,12.4,era5
2022-06-15 02:00:00+00:00,23.03,72.58,29.6,71,3.56,166.5,era5
2022-06-15 03:00:00+00:00,23.03,72.58,31.0,64,3.22,277.7,era5
2022-06-15 04:00:00+00:00,23.03,72.58,32.7,57,2.81,451.3,era5
2022-06-15 05:00:00+00:00,23.03,72.58,34.2,52,2.67,524.8,era5
2022-06-15 06:00:00+00:00,23.03,72.58,35.3,48,2.67,543.2,era5
2022-06-15 07:00:00+00:00,23.03,72.58,36.3,44,2.83,522.0,era5
2022-06-15 08:00:00+00:00,23.03,72.58,36.9,43,3.39,481.7,era5
2022-06-15 09:00:00+00:00,23.03,72.58,37.2,41,3.44,150.0,era5
2022-06-15 10:00:00+00:00,23.03,72.58,31.5,66,6.58,9.5,era5
2022-06-15 11:00:00+00:00,23.03,72.58,33.5,55,5.11,195.2,era5
2022-06-15 12:00:00+00:00,23.03,72.58,33.6,53,5.64,297.3,era5
2022-06-15 13:00:00+00:00,23.03,72.58,32.8,56,5.47,205.7,era5
2022-06-15 14:00:00+00:00,23.03,72.58,32.2,57,4.56,51.0,era5
2022-06-15 15:00:00+00:00,23.03,72.58,31.3,61,4.42,0.0,era5
2022-06-15 16:00:00+00:00,23.03,72.58,30.9,64,3.75,0.0,era5
2022-06-15 17:00:00+00:00,23.03,72.58,30.6,66,3.58,0.0,era5
2022-06-15 18:00:00+00:00,23.03,72.58,30.3,68,3.39,0.0,era5
2022-06-15 19:00:00+00:00,23.03,72.58,30.0,69,3.19,0.0,era5
2022-06-15 20:00:00+00:00,23.03,72.58,29.5,71,3.67,0.0,era5
2022-06-15 21:00:00+00:00,23.03,72.58,29.0,73,3.75,0.0,era5
2022-06-15 22:00:00+00:00,23.03,72.58,28.6,75,3.69,0.0,era5
2022-06-15 23:00:00+00:00,23.03,72.58,28.3,77,3.47,0.0,era5
2022-06-16 00:00:00+00:00,23.03,72.58,28.2,76,2.83,0.0,era5
2022-06-16 01:00:00+00:00,23.03,72.58,28.5,75,3.17,12.4,era5
2022-06-16 02:00:00+00:00,23.03,72.58,29.5,71,3.94,166.9,era5
2022-06-16 03:00:00+00:00,23.03,72.58,30.7,65,3.72,309.7,era5
2022-06-16 04:00:00+00:00,23.03,72.58,32.3,58,3.39,414.0,era5
2022-06-16 05:00:00+00:00,23.03,72.58,34.1,50,3.44,550.1,era5
2022-06-16 06:00:00+00:00,23.03,72.58,35.1,46,3.61,443.2,era5
2022-06-16 07:00:00+00:00,23.03,72.58,36.6,41,3.92,568.7,era5
2022-06-16 08:00:00+00:00,23.03,72.58,37.4,39,4.33,565.1,era5
2022-06-16 09:00:00+00:00,23.03,72.58,37.6,39,4.53,475.1,era5
2022-06-16 10:00:00+00:00,23.03,72.58,33.0,61,5.97,476.5,era5
2022-06-16 11:00:00+00:00,23.03,72.58,35.1,49,4.78,306.9,era5
2022-06-16 12:00:00+00:00,23.03,72.58,35.6,43,5.5,361.3,era5
2022-06-16 13:00:00+00:00,23.03,72.58,33.7,51,5.86,234.8,era5
2022-06-16 14:00:00+00:00,23.03,72.58,32.2,60,5.31,42.3,era5
2022-06-16 15:00:00+00:00,23.03,72.58,30.8,68,4.61,0.0,era5
2022-06-16 16:00:00+00:00,23.03,72.58,30.5,71,4.22,0.0,era5
2022-06-16 17:00:00+00:00,23.03,72.58,30.4,71,3.83,0.0,era5
2022-06-16 18:00:00+00:00,23.03,72.58,30.5,68,3.78,0.0,era5
2022-06-16 19:00:00+00:00,23.03,72.58,30.1,68,4.28,0.0,era5
2022-06-16 20:00:00+00:00,23.03,72.58,29.5,71,4.28,0.0,era5
2022-06-16 21:00:00+00:00,23.03,72.58,29.1,72,3.94,0.0,era5
2022-06-16 22:00:00+00:00,23.03,72.58,28.9,73,3.44,0.0,era5
2022-06-16 23:00:00+00:00,23.03,72.58,28.9,72,3.14,0.0,era5
2022-06-17 00:00:00+00:00,23.03,72.58,28.8,72,2.97,0.0,era5
2022-06-17 01:00:00+00:00,23.03,72.58,29.0,71,2.97,12.5,era5
2022-06-17 02:00:00+00:00,23.03,72.58,29.8,68,2.97,185.0,era5
2022-06-17 03:00:00+00:00,23.03,72.58,31.1,62,3.56,362.2,era5
2022-06-17 04:00:00+00:00,23.03,72.58,32.7,56,3.89,475.6,era5
2022-06-17 05:00:00+00:00,23.03,72.58,34.0,50,4.06,532.9,era5
2022-06-17 06:00:00+00:00,23.03,72.58,35.6,44,4.17,603.5,era5
2022-06-17 07:00:00+00:00,23.03,72.58,36.8,41,4.11,621.6,era5
2022-06-17 08:00:00+00:00,23.03,72.58,38.1,38,4.19,644.5,era5
2022-06-17 09:00:00+00:00,23.03,72.58,38.7,36,4.47,604.8,era5
2022-06-17 10:00:00+00:00,23.03,72.58,35.1,49,5.89,547.1,era5
2022-06-17 11:00:00+00:00,23.03,72.58,35.7,44,5.33,355.3,era5
2022-06-17 12:00:00+00:00,23.03,72.58,36.5,40,4.78,294.4,era5
2022-06-17 13:00:00+00:00,23.03,72.58,34.2,51,6.47,217.6,era5
2022-06-17 14:00:00+00:00,23.03,72.58,32.7,59,5.78,42.1,era5
2022-06-17 15:00:00+00:00,23.03,72.58,31.7,64,5.31,0.0,era5
2022-06-17 16:00:00+00:00,23.03,72.58,30.6,71,4.69,0.0,era5
2022-06-17 17:00:00+00:00,23.03,72.58,30.3,73,4.5,0.0,era5
2022-06-17 18:00:00+00:00,23.03,72.58,29.8,77,4.31,0.0,era5
2022-06-17 19:00:00+00:00,23.03,72.58,29.3,80,4.22,0.0,era5
2022-06-17 20:00:00+00:00,23.03,72.58,29.3,77,4.81,0.0,era5
2022-06-17 21:00:00+00:00,23.03,72.58,29.1,76,5.19,0.0,era5
2022-06-17 22:00:00+00:00,23.03,72.58,29.0,74,4.75,0.0,era5
2022-06-17 23:00:00+00:00,23.03,72.58,28.7,75,4.03,0.0,era5
2022-06-18 00:00:00+00:00,23.03,72.58,28.6,75,3.53,0.0,era5
2022-06-18 01:00:00+00:00,23.03,72.58,28.8,74,3.61,12.5,era5
2022-06-18 02:00:00+00:00,23.03,72.58,29.7,70,3.89,181.1,era5
2022-06-18 03:00:00+00:00,23.03,72.58,30.9,65,3.97,294.7,era5
2022-06-18 04:00:00+00:00,23.03,72.58,32.3,59,3.92,383.4,era5
2022-06-18 05:00:00+00:00,23.03,72.58,33.7,53,4.39,458.1,era5
2022-06-18 06:00:00+00:00,23.03,72.58,35.2,47,5.06,625.5,era5
2022-06-18 07:00:00+00:00,23.03,72.58,36.2,45,5.28,592.3,era5
2022-06-18 08:00:00+00:00,23.03,72.58,36.2,46,5.81,577.1,era5
2022-06-18 09:00:00+00:00,23.03,72.58,36.4,46,5.36,425.3,era5
2022-06-18 10:00:00+00:00,23.03,72.58,34.0,55,4.08,93.3,era5
2022-06-18 11:00:00+00:00,23.03,72.58,33.8,55,5.42,389.3,era5
2022-06-18 12:00:00+00:00,23.03,72.58,34.8,49,6.19,257.0,era5
2022-06-18 13:00:00+00:00,23.03,72.58,33.9,52,5.44,220.2,era5
2022-06-18 14:00:00+00:00,23.03,72.58,32.3,58,5.28,50.3,era5
2022-06-18 15:00:00+00:00,23.03,72.58,31.4,64,5.06,0.0,era5
2022-06-18 16:00:00+00:00,23.03,72.58,30.7,70,4.86,0.0,era5
2022-06-18 17:00:00+00:00,23.03,72.58,30.4,72,4.64,0.0,era5
2022-06-18 18:00:00+00:00,23.03,72.58,30.1,72,5.33,0.0,era5
2022-06-18 19:00:00+00:00,23.03,72.58,29.6,74,5.42,0.0,era5
2022-06-18 20:00:00+00:00,23.03,72.58,29.2,76,4.89,0.0,era5
2022-06-18 21:00:00+00:00,23.03,72.58,28.9,76,4.44,0.0,era5
2022-06-18 22:00:00+00:00,23.03,72.58,28.7,77,4.08,0.0,era5
2022-06-18 23:00:00+00:00,23.03,72.58,28.4,78,3.58,0.0,era5
2022-06-19 00:00:00+00:00,23.03,72.58,28.3,78,2.92,0.0,era5
2022-06-19 01:00:00+00:00,23.03,72.58,28.9,75,3.44,12.6,era5
2022-06-19 02:00:00+00:00,23.03,72.58,29.7,71,3.64,177.3,era5
2022-06-19 03:00:00+00:00,23.03,72.58,31.3,64,3.78,365.6,era5
2022-06-19 04:00:00+00:00,23.03,72.58,32.9,57,3.78,467.1,era5
2022-06-19 05:00:00+00:00,23.03,72.58,34.4,52,4.39,548.6,era5
2022-06-19 06:00:00+00:00,23.03,72.58,32.6,60,4.64,542.9,era5
2022-06-19 07:00:00+00:00,23.03,72.58,34.2,53,4.97,215.4,era5
2022-06-19 08:00:00+00:00,23.03,72.58,33.2,58,4.81,215.2,era5
2022-06-19 09:00:00+00:00,23.03,72.58,35.3,50,4.25,407.2,era5
2022-06-19 10:00:00+00:00,23.03,72.58,35.3,50,4.97,341.1,era5
2022-06-19 11:00:00+00:00,23.03,72.58,32.8,60,4.92,330.3,era5
2022-06-19 12:00:00+00:00,23.03,72.58,34.2,53,5.25,338.2,era5
2022-06-19 13:00:00+00:00,23.03,72.58,33.0,59,6.14,190.1,era5
2022-06-19 14:00:00+00:00,23.03,72.58,31.4,66,5.94,50.1,era5
2022-06-19 15:00:00+00:00,23.03,72.58,31.1,67,5.14,0.0,era5
2022-06-19 16:00:00+00:00,23.03,72.58,30.6,68,4.97,0.0,era5
2022-06-19 17:00:00+00:00,23.03,72.58,30.1,71,4.78,0.0,era5
2022-06-19 18:00:00+00:00,23.03,72.58,29.7,72,4.53,0.0,era5
2022-06-19 19:00:00+00:00,23.03,72.58,29.2,72,3.94,0.0,era5
2022-06-19 20:00:00+00:00,23.03,72.58,28.9,74,3.53,0.0,era5
2022-06-19 21:00:00+00:00,23.03,72.58,28.6,76,3.58,0.0,era5
2022-06-19 22:00:00+00:00,23.03,72.58,28.4,78,3.69,0.0,era5
2022-06-19 23:00:00+00:00,23.03,72.58,28.2,79,3.33,0.0,era5
2022-06-20 00:00:00+00:00,23.03,72.58,28.2,80,3.36,0.0,era5
2022-06-20 01:00:00+00:00,23.03,72.58,28.5,78,3.89,12.6,era5
2022-06-20 02:00:00+00:00,23.03,72.58,29.4,73,4.61,155.6,era5
2022-06-20 03:00:00+00:00,23.03,72.58,30.7,67,4.61,357.1,era5
2022-06-20 04:00:00+00:00,23.03,72.58,32.4,59,4.53,442.4,era5
2022-06-20 05:00:00+00:00,23.03,72.58,34.0,52,4.5,526.4,era5
2022-06-20 06:00:00+00:00,23.03,72.58,35.6,46,4.47,552.9,era5
2022-06-20 07:00:00+00:00,23.03,72.58,37.0,41,4.78,601.6,era5
2022-06-20 08:00:00+00:00,23.03,72.58,38.3,38,4.69,622.3,era5
2022-06-20 09:00:00+00:00,23.03,72.58,38.7,36,4.75,555.8,era5
2022-06-20 10:00:00+00:00,23.03,72.58,37.6,37,5.67,482.5,era5
2022-06-20 11:00:00+00:00,23.03,72.58,34.3,53,6.47,340.0,era5
2022-06-20 12:00:00+00:00,23.03,72.58,33.8,54,7.11,203.8,era5
2022-06-20 13:00:00+00:00,23.03,72.58,32.9,59,6.42,163.4,era5
2022-06-20 14:00:00+00:00,23.03,72.58,31.5,66,6.25,41.6,era5
2022-06-20 15:00:00+00:00,23.03,72.58,31.1,63,5.78,0.0,era5
2022-06-20 16:00:00+00:00,23.03,72.58,30.5,63,4.61,0.0,era5
2022-06-20 17:00:00+00:00,23.03,72.58,30.4,65,3.78,0.0,era5
2022-06-20 18:00:00+00:00,23.03,72.58,30.1,67,2.92,0.0,era5
2022-06-20 19:00:00+00:00,23.03,72.58,29.8,68,2.86,0.0,era5
2022-06-20 20:00:00+00:00,23.03,72.58,29.3,71,3.5,0.0,era5
2022-06-20 21:00:00+00:00,23.03,72.58,28.8,75,2.83,0.0,era5
2022-06-20 22:00:00+00:00,23.03,72.58,28.5,78,2.94,0.0,era5
2022-06-20 23:00:00+00:00,23.03,72.58,28.1,80,3.22,0.0,era5
2022-06-21 00:00:00+00:00,23.03,72.58,28.4,78,2.78,0.0,era5
2022-06-21 01:00:00+00:00,23.03,72.58,28.6,77,3.89,12.7,era5
2022-06-21 02:00:00+00:00,23.03,72.58,29.6,72,4.42,187.4,era5
2022-06-21 03:00:00+00:00,23.03,72.58,30.9,65,4.44,385.0,era5
2022-06-21 04:00:00+00:00,23.03,72.58,32.2,59,4.11,457.1,era5
2022-06-21 05:00:00+00:00,23.03,72.58,33.7,53,4.53,553.1,era5
2022-06-21 06:00:00+00:00,23.03,72.58,35.0,47,4.94,560.8,era5
2022-06-21 07:00:00+00:00,23.03,72.58,36.1,45,5.22,579.3,era5
2022-06-21 08:00:00+00:00,23.03,72.58,36.9,42,5.11,573.0,era5
2022-06-21 09:00:00+00:00,23.03,72.58,37.7,39,5.36,611.5,era5
2022-06-21 10:00:00+00:00,23.03,72.58,37.8,38,5.89,544.7,era5
2022-06-21 11:00:00+00:00,23.03,72.58,35.5,47,6.56,502.3,era5
2022-06-21 12:00:00+00:00,23.03,72.58,35.2,48,7.0,391.4,era5
2022-06-21 13:00:00+00:00,23.03,72.58,33.3,56,6.78,277.0,era5
2022-06-21 14:00:00+00:00,23.03,72.58,31.0,68,6.64,66.4,era5
2022-06-21 15:00:00+00:00,23.03,72.58,29.4,76,6.19,0.0,era5
2022-06-21 16:00:00+00:00,23.03,72.58,29.1,77,5.53,0.0,era5
2022-06-21 17:00:00+00:00,23.03,72.58,29.1,77,5.53,0.0,era5
2022-06-21 18:00:00+00:00,23.03,72.58,29.0,77,4.78,0.0,era5
2022-06-21 19:00:00+00:00,23.03,72.58,28.8,78,4.5,0.0,era5
2022-06-21 20:00:00+00:00,23.03,72.58,28.5,79,3.69,0.0,era5
2022-06-21 21:00:00+00:00,23.03,72.58,28.3,79,3.25,0.0,era5
2022-06-21 22:00:00+00:00,23.03,72.58,27.9,81,3.0,0.0,era5
2022-06-21 23:00:00+00:00,23.03,72.58,27.6,84,3.0,0.0,era5
2022-06-22 00:00:00+00:00,23.03,72.58,27.4,86,1.72,0.0,era5
2022-06-22 01:00:00+00:00,23.03,72.58,27.7,85,2.11,12.8,era5
2022-06-22 02:00:00+00:00,23.03,72.58,29.1,78,2.17,179.2,era5
2022-06-22 03:00:00+00:00,23.03,72.58,30.4,69,1.11,360.6,era5
2022-06-22 04:00:00+00:00,23.03,72.58,31.5,65,0.81,402.4,era5
2022-06-22 05:00:00+00:00,23.03,72.58,33.0,58,0.94,455.6,era5
2022-06-22 06:00:00+00:00,23.03,72.58,34.6,52,1.08,565.4,era5
2022-06-22 07:00:00+00:00,23.03,72.58,35.6,47,0.86,551.0,era5
2022-06-22 08:00:00+00:00,23.03,72.58,36.6,44,1.06,523.7,era5
2022-06-22 09:00:00+00:00,23.03,72.58,37.4,40,1.17,544.9,era5
2022-06-22 10:00:00+00:00,23.03,72.58,37.8,38,1.0,514.9,era5
2022-06-22 11:00:00+00:00,23.03,72.58,37.8,37,0.94,434.9,era5
2022-06-22 12:00:00+00:00,23.03,72.58,37.3,36,1.11,323.1,era5
2022-06-22 13:00:00+00:00,23.03,72.58,35.6,40,4.89,120.3,era5
2022-06-22 14:00:00+00:00,23.03,72.58,33.5,46,2.06,41.3,era5
2022-06-22 15:00:00+00:00,23.03,72.58,32.8,48,1.86,0.0,era5
2022-06-22 16:00:00+00:00,23.03,72.58,32.6,51,3.14,0.0,era5
2022-06-22 17:00:00+00:00,23.03,72.58,26.2,82,5.64,0.0,era5
2022-06-22 18:00:00+00:00,23.03,72.58,26.4,81,2.72,0.0,era5
2022-06-22 19:00:00+00:00,23.03,72.58,26.4,83,3.14,0.0,era5
2022-06-22 20:00:00+00:00,23.03,72.58,26.6,84,2.56,0.0,era5
2022-06-22 21:00:00+00:00,23.03,72.58,26.5,87,1.81,0.0,era5
2022-06-22 22:00:00+00:00,23.03,72.58,26.5,89,1.25,0.0,era5
2022-06-22 23:00:00+00:00,23.03,72.58,26.6,89,0.97,0.0,era5
2022-06-23 00:00:00+00:00,23.03,72.58,26.6,89,2.47,0.0,era5
2022-06-23 01:00:00+00:00,23.03,72.58,26.8,88,2.22,12.8,era5
2022-06-23 02:00:00+00:00,23.03,72.58,28.0,83,1.44,184.4,era5
2022-06-23 03:00:00+00:00,23.03,72.58,29.9,73,1.31,381.9,era5
2022-06-23 04:00:00+00:00,23.03,72.58,31.8,64,1.5,505.5,era5
2022-06-23 05:00:00+00:00,23.03,72.58,33.8,54,1.5,571.4,era5
2022-06-23 06:00:00+00:00,23.03,72.58,35.3,49,1.92,614.7,era5
2022-06-23 07:00:00+00:00,23.03,72.58,35.9,47,2.64,589.7,era5
2022-06-23 08:00:00+00:00,23.03,72.58,36.0,47,3.17,506.6,era5
2022-06-23 09:00:00+00:00,23.03,72.58,36.9,44,3.08,532.1,era5
2022-06-23 10:00:00+00:00,23.03,72.58,36.8,44,3.06,442.8,era5
2022-06-23 11:00:00+00:00,23.03,72.58,35.3,51,3.39,463.0,era5
2022-06-23 12:00:00+00:00,23.03,72.58,36.7,41,1.56,282.1,era5
2022-06-23 13:00:00+00:00,23.03,72.58,35.6,45,2.06,123.2,era5
2022-06-23 14:00:00+00:00,23.03,72.58,34.1,53,3.06,8.2,era5
2022-06-23 15:00:00+00:00,23.03,72.58,33.5,55,2.78,0.0,era5
2022-06-23 16:00:00+00:00,23.03,72.58,31.1,63,3.81,0.0,era5
2022-06-23 17:00:00+00:00,23.03,72.58,30.0,69,3.83,0.0,era5
2022-06-23 18:00:00+00:00,23.03,72.58,30.0,71,1.92,0.0,era5
2022-06-23 19:00:00+00:00,23.03,72.58,30.1,71,1.25,0.0,era5
2022-06-23 20:00:00+00:00,23.03,72.58,30.0,71,1.33,0.0,era5
2022-06-23 21:00:00+00:00,23.03,72.58,29.7,72,0.78,0.0,era5
2022-06-23 22:00:00+00:00,23.03,72.58,29.4,74,0.72,0.0,era5
2022-06-23 23:00:00+00:00,23.03,72.58,29.1,76,1.5,0.0,era5
2022-06-24 00:00:00+00:00,23.03,72.58,27.4,87,1.39,0.0,era5
2022-06-24 01:00:00+00:00,23.03,72.58,28.0,84,1.06,12.9,era5
2022-06-24 02:00:00+00:00,23.03,72.58,29.2,79,2.72,162.6,era5
2022-06-24 03:00:00+00:00,23.03,72.58,31.1,68,1.19,359.7,era5
2022-06-24 04:00:00+00:00,23.03,72.58,32.3,61,0.81,140.8,era5
2022-06-24 05:00:00+00:00,23.03,72.58,33.8,53,1.03,54.0,era5
2022-06-24 06:00:00+00:00,23.03,72.58,34.4,50,1.81,39.3,era5
2022-06-24 07:00:00+00:00,23.03,72.58,35.3,48,2.72,131.2,era5
2022-06-24 08:00:00+00:00,23.03,72.58,36.8,44,2.92,496.5,era5
2022-06-24 09:00:00+00:00,23.03,72.58,37.7,40,2.81,420.3,era5
2022-06-24 10:00:00+00:00,23.03,72.58,38.6,36,3.0,492.0,era5
2022-06-24 11:00:00+00:00,23.03,72.58,38.5,33,2.92,340.2,era5
2022-06-24 12:00:00+00:00,23.03,72.58,39.2,25,3.86,202.6,era5
2022-06-24 13:00:00+00:00,23.03,72.58,38.5,27,4.39,207.0,era5
2022-06-24 14:00:00+00:00,23.03,72.58,31.5,67,6.33,49.3,era5
2022-06-24 15:00:00+00:00,23.03,72.58,30.7,70,5.78,0.0,era5
2022-06-24 16:00:00+00:00,23.03,72.58,30.0,75,4.81,0.0,era5
2022-06-24 17:00:00+00:00,23.03,72.58,29.4,78,4.44,0.0,era5
2022-06-24 18:00:00+00:00,23.03,72.58,28.9,81,4.08,0.0,era5
2022-06-24 19:00:00+00:00,23.03,72.58,28.9,80,3.89,0.0,era5
2022-06-24 20:00:00+00:00,23.03,72.58,28.7,79,3.42,0.0,era5
2022-06-24 21:00:00+00:00,23.03,72.58,28.3,80,2.56,0.0,era5
2022-06-24 22:00:00+00:00,23.03,72.58,28.0,83,2.11,0.0,era5
2022-06-24 23:00:00+00:00,23.03,72.58,27.6,85,1.83,0.0,era5
2022-06-25 00:00:00+00:00,23.03,72.58,27.1,83,1.03,0.0,era5
2022-06-25 01:00:00+00:00,23.03,72.58,27.9,80,2.94,13.0,era5
2022-06-25 02:00:00+00:00,23.03,72.58,29.2,73,3.53,195.0,era5
2022-06-25 03:00:00+00:00,23.03,72.58,31.0,65,3.08,390.3,era5
2022-06-25 04:00:00+00:00,23.03,72.58,32.9,57,2.64,527.2,era5
2022-06-25 05:00:00+00:00,23.03,72.58,34.9,49,2.86,613.7,era5
2022-06-25 06:00:00+00:00,23.03,72.58,36.6,43,2.75,662.2,era5
2022-06-25 07:00:00+00:00,23.03,72.58,38.1,38,2.86,687.5,era5
2022-06-25 08:00:00+00:00,23.03,72.58,39.1,34,2.83,662.3,era5
2022-06-25 09:00:00+00:00,23.03,72.58,39.5,31,2.61,615.0,era5
2022-06-25 10:00:00+00:00,23.03,72.58,39.7,30,2.72,558.8,era5
2022-06-25 11:00:00+00:00,23.03,72.58,39.5,29,2.72,543.3,era5
2022-06-25 12:00:00+00:00,23.03,72.58,39.2,26,2.28,443.3,era5
2022-06-25 13:00:00+00:00,23.03,72.58,38.5,27,2.47,271.1,era5
2022-06-25 14:00:00+00:00,23.03,72.58,36.6,33,3.61,73.8,era5
2022-06-25 15:00:00+00:00,23.03,72.58,35.3,38,3.61,0.0,era5
2022-06-25 16:00:00+00:00,23.03,72.58,33.5,49,4.83,0.0,era5
2022-06-25 17:00:00+00:00,23.03,72.58,32.1,56,4.58,0.0,era5
2022-06-25 18:00:00+00:00,23.03,72.58,31.2,61,4.64,0.0,era5
2022-06-25 19:00:00+00:00,23.03,72.58,30.7,62,4.97,0.0,era5
2022-06-25 20:00:00+00:00,23.03,72.58,30.3,65,4.58,0.0,era5
2022-06-25 21:00:00+00:00,23.03,72.58,30.0,68,3.92,0.0,era5
2022-06-25 22:00:00+00:00,23.03,72.58,29.8,69,3.22,0.0,era5
2022-06-25 23:00:00+00:00,23.03,72.58,29.4,70,3.06,0.0,era5
2022-06-26 00:00:00+00:00,23.03,72.58,29.7,69,2.14,0.0,era5
2022-06-26 01:00:00+00:00,23.03,72.58,30.3,67,1.64,13.1,era5
2022-06-26 02:00:00+00:00,23.03,72.58,31.4,63,2.19,177.7,era5
2022-06-26 03:00:00+00:00,23.03,72.58,32.9,59,2.14,384.2,era5
2022-06-26 04:00:00+00:00,23.03,72.58,34.6,54,1.56,516.8,era5
2022-06-26 05:00:00+00:00,23.03,72.58,36.6,47,1.08,602.8,era5
2022-06-26 06:00:00+00:00,23.03,72.58,38.3,41,0.72,650.5,era5
2022-06-26 07:00:00+00:00,23.03,72.58,39.9,36,0.61,664.2,era5
2022-06-26 08:00:00+00:00,23.03,72.58,41.0,33,1.83,603.9,era5
2022-06-26 09:00:00+00:00,23.03,72.58,41.1,32,2.44,502.2,era5
2022-06-26 10:00:00+00:00,23.03,72.58,40.9,32,2.5,433.9,era5
2022-06-26 11:00:00+00:00,23.03,72.58,40.8,31,2.58,322.6,era5
2022-06-26 12:00:00+00:00,23.03,72.58,39.9,31,2.19,206.0,era5
2022-06-26 13:00:00+00:00,23.03,72.58,39.3,30,2.58,148.2,era5
2022-06-26 14:00:00+00:00,23.03,72.58,32.6,58,3.94,16.3,era5
2022-06-26 15:00:00+00:00,23.03,72.58,29.2,80,1.92,0.0,era5
2022-06-26 16:00:00+00:00,23.03,72.58,28.0,88,3.53,0.0,era5
2022-06-26 17:00:00+00:00,23.03,72.58,28.6,83,6.56,0.0,era5
2022-06-26 18:00:00+00:00,23.03,72.58,28.7,81,6.0,0.0,era5
2022-06-26 19:00:00+00:00,23.03,72.58,29.0,78,6.31,0.0,era5
2022-06-26 20:00:00+00:00,23.03,72.58,28.8,78,5.61,0.0,era5
2022-06-26 21:00:00+00:00,23.03,72.58,28.7,79,4.72,0.0,era5
2022-06-26 22:00:00+00:00,23.03,72.58,28.4,80,3.92,0.0,era5
2022-06-26 23:00:00+00:00,23.03,72.58,28.2,82,3.36,0.0,era5
2022-06-27 00:00:00+00:00,23.03,72.58,27.7,85,0.89,0.0,era5
2022-06-27 01:00:00+00:00,23.03,72.58,28.2,81,1.25,13.2,era5
2022-06-27 02:00:00+00:00,23.03,72.58,29.3,77,2.94,141.9,era5
2022-06-27 03:00:00+00:00,23.03,72.58,30.8,69,3.58,269.7,era5
2022-06-27 04:00:00+00:00,23.03,72.58,32.2,64,3.78,285.7,era5
2022-06-27 05:00:00+00:00,23.03,72.58,31.6,66,4.14,0.0,era5
2022-06-27 06:00:00+00:00,23.03,72.58,33.4,59,4.19,161.9,era5
2022-06-27 07:00:00+00:00,23.03,72.58,35.2,52,3.92,534.1,era5
2022-06-27 08:00:00+00:00,23.03,72.58,35.6,50,3.64,489.4,era5
2022-06-27 09:00:00+00:00,23.03,72.58,36.3,47,3.81,483.1,era5
2022-06-27 10:00:00+00:00,23.03,72.58,36.0,49,4.5,516.0,era5
2022-06-27 11:00:00+00:00,23.03,72.58,35.0,50,3.92,269.8,era5
2022-06-27 12:00:00+00:00,23.03,72.58,33.8,56,4.17,321.1,era5
2022-06-27 13:00:00+00:00,23.03,72.58,33.1,60,4.31,170.4,era5
2022-06-27 14:00:00+00:00,23.03,72.58,31.8,67,4.25,40.8,era5
2022-06-27 15:00:00+00:00,23.03,72.58,30.9,71,4.5,0.0,era5
2022-06-27 16:00:00+00:00,23.03,72.58,30.1,73,4.22,0.0,era5
2022-06-27 17:00:00+00:00,23.03,72.58,29.6,75,4.81,0.0,era5
2022-06-27 18:00:00+00:00,23.03,72.58,29.1,79,4.72,0.0,era5
2022-06-27 19:00:00+00:00,23.03,72.58,28.8,81,4.42,0.0,era5
2022-06-27 20:00:00+00:00,23.03,72.58,28.8,79,4.31,0.0,era5
2022-06-27 21:00:00+00:00,23.03,72.58,28.6,77,4.53,0.0,era5
2022-06-27 22:00:00+00:00,23.03,72.58,28.5,76,4.03,0.0,era5
2022-06-27 23:00:00+00:00,23.03,72.58,28.3,75,3.58,0.0,era5
2022-06-28 00:00:00+00:00,23.03,72.58,28.4,79,2.97,0.0,era5
2022-06-28 01:00:00+00:00,23.03,72.58,28.7,77,3.03,0.0,era5
2022-06-28 02:00:00+00:00,23.03,72.58,29.5,73,3.47,110.3,era5
2022-06-28 03:00:00+00:00,23.03,72.58,30.8,68,3.47,302.6,era5
2022-06-28 04:00:00+00:00,23.03,72.58,32.6,59,3.53,448.1,era5
2022-06-28 05:00:00+00:00,23.03,72.58,33.9,54,3.33,426.0,era5
2022-06-28 06:00:00+00:00,23.03,72.58,35.1,48,3.61,386.2,era5
2022-06-28 07:00:00+00:00,23.03,72.58,36.5,44,3.42,494.5,era5
2022-06-28 08:00:00+00:00,23.03,72.58,37.0,43,3.47,456.2,era5
2022-06-28 09:00:00+00:00,23.03,72.58,37.8,41,3.61,396.7,era5
2022-06-28 10:00:00+00:00,23.03,72.58,33.2,59,5.64,207.9,era5
2022-06-28 11:00:00+00:00,23.03,72.58,35.1,48,4.53,208.6,era5
2022-06-28 12:00:00+00:00,23.03,72.58,34.5,52,3.92,23.1,era5
2022-06-28 13:00:00+00:00,23.03,72.58,34.0,53,4.86,102.7,era5
2022-06-28 14:00:00+00:00,23.03,72.58,31.4,63,6.33,8.1,era5
2022-06-28 15:00:00+00:00,23.03,72.58,30.7,68,5.22,0.0,era5
2022-06-28 16:00:00+00:00,23.03,72.58,30.4,70,5.42,0.0,era5
2022-06-28 17:00:00+00:00,23.03,72.58,30.3,71,4.92,0.0,era5
2022-06-28 18:00:00+00:00,23.03,72.58,30.5,68,5.08,0.0,era5
2022-06-28 19:00:00+00:00,23.03,72.58,30.5,65,4.89,0.0,era5
2022-06-28 20:00:00+00:00,23.03,72.58,30.3,66,4.11,0.0,era5
2022-06-28 21:00:00+00:00,23.03,72.58,30.0,68,4.17,0.0,era5
2022-06-28 22:00:00+00:00,23.03,72.58,29.5,70,4.31,0.0,era5
2022-06-28 23:00:00+00:00,23.03,72.58,29.0,72,4.11,0.0,era5
2022-06-29 00:00:00+00:00,23.03,72.58,28.6,75,3.89,0.0,era5
2022-06-29 01:00:00+00:00,23.03,72.58,28.6,75,4.19,0.0,era5
2022-06-29 02:00:00+00:00,23.03,72.58,29.0,73,3.92,0.0,era5
2022-06-29 03:00:00+00:00,23.03,72.58,30.0,69,3.75,48.6,era5
2022-06-29 04:00:00+00:00,23.03,72.58,31.6,62,4.39,197.3,era5
2022-06-29 05:00:00+00:00,23.03,72.58,33.1,55,4.83,201.8,era5
2022-06-29 06:00:00+00:00,23.03,72.58,34.7,49,4.61,313.0,era5
2022-06-29 07:00:00+00:00,23.03,72.58,35.9,44,4.47,280.9,era5
2022-06-29 08:00:00+00:00,23.03,72.58,37.0,40,4.06,260.2,era5
2022-06-29 09:00:00+00:00,23.03,72.58,37.9,37,4.31,285.1,era5
2022-06-29 10:00:00+00:00,23.03,72.58,37.9,36,4.61,244.2,era5
2022-06-29 11:00:00+00:00,23.03,72.58,37.8,37,4.69,290.7,era5
2022-06-29 12:00:00+00:00,23.03,72.58,34.6,53,6.11,188.1,era5
2022-06-29 13:00:00+00:00,23.03,72.58,34.7,50,5.47,64.1,era5
2022-06-29 14:00:00+00:00,23.03,72.58,32.6,60,5.69,16.2,era5
2022-06-29 15:00:00+00:00,23.03,72.58,31.7,66,4.94,0.0,era5
2022-06-29 16:00:00+00:00,23.03,72.58,31.1,72,3.72,0.0,era5
2022-06-29 17:00:00+00:00,23.03,72.58,31.2,72,3.22,0.0,era5
2022-06-29 18:00:00+00:00,23.03,72.58,31.5,67,2.89,0.0,era5
2022-06-29 19:00:00+00:00,23.03,72.58,31.4,65,2.56,0.0,era5
2022-06-29 20:00:00+00:00,23.03,72.58,31.0,66,2.89,0.0,era5
2022-06-29 21:00:00+00:00,23.03,72.58,30.5,68,3.64,0.0,era5
2022-06-29 22:00:00+00:00,23.03,72.58,29.9,70,4.42,0.0,era5
2022-06-29 23:00:00+00:00,23.03,72.58,29.3,73,4.11,0.0,era5
2022-06-30 00:00:00+00:00,23.03,72.58,29.3,72,3.28,0.0,era5
2022-06-30 01:00:00+00:00,23.03,72.58,29.4,73,3.39,0.0,era5
2022-06-30 02:00:00+00:00,23.03,72.58,30.1,70,3.78,102.1,era5
2022-06-30 03:00:00+00:00,23.03,72.58,31.4,64,3.94,234.3,era5
2022-06-30 04:00:00+00:00,23.03,72.58,32.7,58,4.31,331.3,era5
2022-06-30 05:00:00+00:00,23.03,72.58,34.2,52,4.56,420.3,era5
2022-06-30 06:00:00+00:00,23.03,72.58,35.5,47,4.31,457.7,era5
2022-06-30 07:00:00+00:00,23.03,72.58,36.1,44,4.19,338.9,era5
2022-06-30 08:00:00+00:00,23.03,72.58,37.1,41,3.97,322.5,era5
2022-06-30 09:00:00+00:00,23.03,72.58,37.3,40,4.11,166.2,era5
2022-06-30 10:00:00+00:00,23.03,72.58,37.4,38,4.67,95.1,era5
2022-06-30 11:00:00+00:00,23.03,72.58,34.3,52,5.97,85.0,era5
2022-06-30 12:00:00+00:00,23.03,72.58,34.7,50,5.75,28.8,era5
2022-06-30 13:00:00+00:00,23.03,72.58,34.8,51,5.69,35.2,era5
2022-06-30 14:00:00+00:00,23.03,72.58,31.6,65,6.11,0.0,era5
2022-06-30 15:00:00+00:00,23.03,72.58,30.2,74,6.33,0.0,era5
2022-06-30 16:00:00+00:00,23.03,72.58,29.6,79,5.11,0.0,era5
2022-06-30 17:00:00+00:00,23.03,72.58,29.7,77,5.17,0.0,era5
2022-06-30 18:00:00+00:00,23.03,72.58,29.3,73,4.83,0.0,era5
2022-06-30 19:00:00+00:00,23.03,72.58,28.7,76,4.03,0.0,era5
2022-06-30 20:00:00+00:00,23.03,72.58,26.9,89,4.72,0.0,era5
2022-06-30 21:00:00+00:00,23.03,72.58,26.0,95,3.94,0.0,era5
2022-06-30 22:00:00+00:00,23.03,72.58,25.9,93,3.94,0.0,era5
2022-06-30 23:00:00+00:00,23.03,72.58,26.1,95,2.83,0.0,era5
2023-04-01 00:00:00+00:00,23.03,72.58,22.3,79,1.72,0.0,era5
2023-04-01 01:00:00+00:00,23.03,72.58,22.7,77,2.11,0.0,era5
2023-04-01 02:00:00+00:00,23.03,72.58,23.5,76,2.44,136.9,era5
2023-04-01 03:00:00+00:00,23.03,72.58,25.4,69,2.56,443.1,era5
2023-04-01 04:00:00+00:00,23.03,72.58,27.6,56,2.81,624.1,era5
2023-04-01 05:00:00+00:00,23.03,72.58,29.9,46,2.47,723.1,era5
2023-04-01 06:00:00+00:00,23.03,72.58,32.1,36,2.47,779.1,era5
2023-04-01 07:00:00+00:00,23.03,72.58,33.5,29,2.83,752.4,era5
2023-04-01 08:00:00+00:00,23.03,72.58,34.5,24,2.97,749.6,era5
2023-04-01 09:00:00+00:00,23.03,72.58,35.0,22,2.89,779.8,era5
2023-04-01 10:00:00+00:00,23.03,72.58,35.0,21,2.86,748.5,era5
2023-04-01 11:00:00+00:00,23.03,72.58,34.9,20,2.58,668.6,era5
2023-04-01 12:00:00+00:00,23.03,72.58,33.9,22,2.22,548.5,era5
2023-04-01 13:00:00+00:00,23.03,72.58,31.2,38,1.89,309.3,era5
2023-04-01 14:00:00+00:00,23.03,72.58,31.8,26,1.31,15.0,era5
2023-04-01 15:00:00+00:00,23.03,72.58,29.5,31,1.11,0.0,era5
2023-04-01 16:00:00+00:00,23.03,72.58,26.6,38,2.39,0.0,era5
2023-04-01 17:00:00+00:00,23.03,72.58,25.3,38,2.89,0.0,era5
2023-04-01 18:00:00+00:00,23.03,72.58,24.6,45,2.64,0.0,era5
2023-04-01 19:00:00+00:00,23.03,72.58,24.4,48,2.17,0.0,era5
2023-04-01 20:00:00+00:00,23.03,72.58,23.9,50,2.08,0.0,era5
2023-04-01 21:00:00+00:00,23.03,72.58,24.1,49,2.92,0.0,era5
2023-04-01 22:00:00+00:00,23.03,72.58,23.3,49,2.94,0.0,era5
2023-04-01 23:00:00+00:00,23.03,72.58,22.6,56,2.94,0.0,era5
2023-04-02 00:00:00+00:00,23.03,72.58,22.8,64,3.39,0.0,era5
2023-04-02 01:00:00+00:00,23.03,72.58,22.8,63,3.17,0.0,era5
2023-04-02 02:00:00+00:00,23.03,72.58,23.7,58,3.5,149.9,era5
2023-04-02 03:00:00+00:00,23.03,72.58,26.1,50,3.19,447.3,era5
2023-04-02 04:00:00+00:00,23.03,72.58,28.4,44,3.39,629.4,era5
2023-04-02 05:00:00+00:00,23.03,72.58,30.7,34,3.28,728.3,era5
2023-04-02 06:00:00+00:00,23.03,72.58,32.5,28,3.11,783.7,era5
2023-04-02 07:00:00+00:00,23.03,72.58,33.7,25,2.61,809.6,era5
2023-04-02 08:00:00+00:00,23.03,72.58,34.5,24,2.33,813.6,era5
2023-04-02 09:00:00+00:00,23.03,72.58,35.0,23,2.42,793.8,era5
2023-04-02 10:00:00+00:00,23.03,72.58,35.2,22,2.61,739.5,era5
2023-04-02 11:00:00+00:00,23.03,72.58,34.9,22,2.83,543.6,era5
2023-04-02 12:00:00+00:00,23.03,72.58,33.8,22,2.42,268.8,era5
2023-04-02 13:00:00+00:00,23.03,72.58,32.1,25,2.42,239.0,era5
2023-04-02 14:00:00+00:00,23.03,72.58,30.2,28,2.33,14.9,era5
2023-04-02 15:00:00+00:00,23.03,72.58,28.0,32,2.42,0.0,era5
2023-04-02 16:00:00+00:00,23.03,72.58,27.2,35,2.69,0.0,era5
2023-04-02 17:00:00+00:00,23.03,72.58,26.0,37,2.03,0.0,era5
2023-04-02 18:00:00+00:00,23.03,72.58,25.2,39,1.92,0.0,era5
2023-04-02 19:00:00+00:00,23.03,72.58,25.1,46,2.22,0.0,era5
2023-04-02 20:00:00+00:00,23.03,72.58,25.3,49,3.31,0.0,era5
2023-04-02 21:00:00+00:00,23.03,72.58,24.5,46,3.14,0.0,era5
2023-04-02 22:00:00+00:00,23.03,72.58,23.6,43,3.17,0.0,era5
2023-04-02 23:00:00+00:00,23.03,72.58,22.9,51,3.06,0.0,era5
2023-04-03 00:00:00+00:00,23.03,72.58,23.3,60,2.97,0.0,era5
2023-04-03 01:00:00+00:00,23.03,72.58,23.1,68,2.83,0.0,era5
2023-04-03 02:00:00+00:00,23.03,72.58,23.9,71,3.53,155.3,era5
2023-04-03 03:00:00+00:00,23.03,72.58,25.2,75,4.08,404.0,era5
2023-04-03 04:00:00+00:00,23.03,72.58,27.6,63,3.22,565.6,era5
2023-04-03 05:00:00+00:00,23.03,72.58,30.1,49,2.81,701.9,era5
2023-04-03 06:00:00+00:00,23.03,72.58,32.5,35,2.22,777.8,era5
2023-04-03 07:00:00+00:00,23.03,72.58,34.5,25,2.42,805.4,era5
2023-04-03 08:00:00+00:00,23.03,72.58,35.7,21,2.92,810.8,era5
2023-04-03 09:00:00+00:00,23.03,72.58,36.3,19,3.11,793.4,era5
2023-04-03 10:00:00+00:00,23.03,72.58,36.6,19,3.25,753.2,era5
2023-04-03 11:00:00+00:00,23.03,72.58,36.4,18,3.81,662.6,era5
2023-04-03 12:00:00+00:00,23.03,72.58,35.4,19,3.64,503.6,era5
2023-04-03 13:00:00+00:00,23.03,72.58,34.2,21,3.44,271.4,era5
2023-04-03 14:00:00+00:00,23.03,72.58,32.1,22,4.31,14.7,era5
2023-04-03 15:00:00+00:00,23.03,72.58,31.6,22,3.89,0.0,era5
2023-04-03 16:00:00+00:00,23.03,72.58,29.3,27,3.53,0.0,era5
2023-04-03 17:00:00+00:00,23.03,72.58,27.7,43,4.72,0.0,era5
2023-04-03 18:00:00+00:00,23.03,72.58,27.4,48,3.61,0.0,era5
2023-04-03 19:00:00+00:00,23.03,72.58,26.6,51,3.03,0.0,era5
2023-04-03 20:00:00+00:00,23.03,72.58,26.1,43,3.03,0.0,era5
2023-04-03 21:00:00+00:00,23.03,72.58,25.5,31,3.14,0.0,era5
2023-04-03 22:00:00+00:00,23.03,72.58,24.6,32,3.11,0.0,era5
2023-04-03 23:00:00+00:00,23.03,72.58,24.5,40,3.06,0.0,era5
2023-04-04 00:00:00+00:00,23.03,72.58,23.3,52,2.44,0.0,era5
2023-04-04 01:00:00+00:00,23.03,72.58,23.4,64,2.33,0.0,era5
2023-04-04 02:00:00+00:00,23.03,72.58,24.3,73,2.69,146.0,era5
2023-04-04 03:00:00+00:00,23.03,72.58,26.1,74,2.69,440.9,era5
2023-04-04 04:00:00+00:00,23.03,72.58,28.4,65,2.56,612.9,era5
2023-04-04 05:00:00+00:00,23.03,72.58,30.6,53,2.78,700.5,era5
2023-04-04 06:00:00+00:00,23.03,72.58,32.2,45,3.22,744.1,era5
2023-04-04 07:00:00+00:00,23.03,72.58,33.2,40,2.92,757.6,era5
2023-04-04 08:00:00+00:00,23.03,72.58,33.9,37,3.0,710.1,era5
2023-04-04 09:00:00+00:00,23.03,72.58,34.6,33,2.92,696.4,era5
2023-04-04 10:00:00+00:00,23.03,72.58,35.1,30,3.31,663.6,era5
2023-04-04 11:00:00+00:00,23.03,72.58,35.0,27,3.75,605.9,era5
2023-04-04 12:00:00+00:00,23.03,72.58,34.6,25,3.25,474.4,era5
2023-04-04 13:00:00+00:00,23.03,72.58,33.5,25,3.61,221.5,era5
2023-04-04 14:00:00+00:00,23.03,72.58,30.8,37,5.03,14.6,era5
2023-04-04 15:00:00+00:00,23.03,72.58,29.8,39,2.5,0.0,era5
2023-04-04 16:00:00+00:00,23.03,72.58,27.7,45,2.47,0.0,era5
2023-04-04 17:00:00+00:00,23.03,72.58,28.0,42,2.36,0.0,era5
2023-04-04 18:00:00+00:00,23.03,72.58,28.2,35,3.83,0.0,era5
2023-04-04 19:00:00+00:00,23.03,72.58,27.4,40,3.47,0.0,era5
2023-04-04 20:00:00+00:00,23.03,72.58,26.7,44,2.69,0.0,era5
2023-04-04 21:00:00+00:00,23.03,72.58,25.7,43,2.33,0.0,era5
2023-04-04 22:00:00+00:00,23.03,72.58,25.1,43,2.31,0.0,era5
2023-04-04 23:00:00+00:00,23.03,72.58,24.5,46,1.94,0.0,era5
2023-04-05 00:00:00+00:00,23.03,72.58,25.1,58,2.06,0.0,era5
2023-04-05 01:00:00+00:00,23.03,72.58,24.2,65,2.19,0.0,era5
2023-04-05 02:00:00+00:00,23.03,72.58,25.4,65,2.36,144.1,era5
2023-04-05 03:00:00+00:00,23.03,72.58,27.5,61,2.5,445.2,era5
2023-04-05 04:00:00+00:00,23.03,72.58,29.9,47,2.72,595.0,era5
2023-04-05 05:00:00+00:00,23.03,72.58,31.9,35,2.33,590.1,era5
2023-04-05 06:00:00+00:00,23.03,72.58,33.8,27,1.64,752.3,era5
2023-04-05 07:00:00+00:00,23.03,72.58,35.0,24,1.03,682.2,era5
2023-04-05 08:00:00+00:00,23.03,72.58,36.0,22,2.03,782.3,era5
2023-04-05 09:00:00+00:00,23.03,72.58,36.5,20,2.83,757.3,era5
2023-04-05 10:00:00+00:00,23.03,72.58,36.7,18,3.72,735.4,era5
2023-04-05 11:00:00+00:00,23.03,72.58,35.8,18,4.31,423.6,era5
2023-04-05 12:00:00+00:00,23.03,72.58,35.1,18,4.19,298.5,era5
2023-04-05 13:00:00+00:00,23.03,72.58,33.6,22,2.81,224.8,era5
2023-04-05 14:00:00+00:00,23.03,72.58,31.7,25,2.67,14.4,era5
2023-04-05 15:00:00+00:00,23.03,72.58,29.6,29,2.06,0.0,era5
2023-04-05 16:00:00+00:00,23.03,72.58,29.3,31,1.92,0.0,era5
2023-04-05 17:00:00+00:00,23.03,72.58,27.9,33,2.11,0.0,era5
2023-04-05 18:00:00+00:00,23.03,72.58,27.3,39,2.69,0.0,era5
2023-04-05 19:00:00+00:00,23.03,72.58,26.8,46,2.58,0.0,era5
2023-04-05 20:00:00+00:00,23.03,72.58,26.5,38,3.36,0.0,era5
2023-04-05 21:00:00+00:00,23.03,72.58,25.9,37,3.72,0.0,era5
2023-04-05 22:00:00+00:00,23.03,72.58,24.8,39,3.44,0.0,era5
2023-04-05 23:00:00+00:00,23.03,72.58,24.0,42,3.39,0.0,era5
2023-04-06 00:00:00+00:00,23.03,72.58,23.9,50,3.39,0.0,era5
2023-04-06 01:00:00+00:00,23.03,72.58,23.8,49,3.33,0.0,era5
2023-04-06 02:00:00+00:00,23.03,72.58,24.8,45,3.19,170.7,era5
2023-04-06 03:00:00+00:00,23.03,72.58,27.0,40,2.94,466.8,era5
2023-04-06 04:00:00+00:00,23.03,72.58,29.4,36,2.75,634.6,era5
2023-04-06 05:00:00+00:00,23.03,72.58,31.9,30,2.47,731.8,era5
2023-04-06 06:00:00+00:00,23.03,72.58,34.1,24,2.08,787.1,era5
2023-04-06 07:00:00+00:00,23.03,72.58,35.6,20,1.28,814.7,era5
2023-04-06 08:00:00+00:00,23.03,72.58,36.7,15,1.31,760.9,era5
2023-04-06 09:00:00+00:00,23.03,72.58,37.2,13,1.61,774.8,era5
2023-04-06 10:00:00+00:00,23.03,72.58,37.4,13,2.17,771.8,era5
2023-04-06 11:00:00+00:00,23.03,72.58,37.3,13,2.69,694.6,era5
2023-04-06 12:00:00+00:00,23.03,72.58,36.0,14,3.39,554.1,era5
2023-04-06 13:00:00+00:00,23.03,72.58,34.0,16,2.69,299.4,era5
2023-04-06 14:00:00+00:00,23.03,72.58,29.9,20,2.39,14.3,era5
2023-04-06 15:00:00+00:00,23.03,72.58,29.3,20,2.22,0.0,era5
2023-04-06 16:00:00+00:00,23.03,72.58,28.7,20,2.31,0.0,era5
2023-04-06 17:00:00+00:00,23.03,72.58,27.6,22,2.58,0.0,era5
2023-04-06 18:00:00+00:00,23.03,72.58,27.6,21,1.94,0.0,era5
2023-04-06 19:00:00+00:00,23.03,72.58,27.0,22,2.22,0.0,era5
2023-04-06 20:00:00+00:00,23.03,72.58,27.3,21,2.83,0.0,era5
2023-04-06 21:00:00+00:00,23.03,72.58,26.8,22,3.56,0.0,era5
2023-04-06 22:00:00+00:00,23.03,72.58,27.3,20,4.78,0.0,era5
2023-04-06 23:00:00+00:00,23.03,72.58,26.3,29,3.94,0.0,era5
2023-04-07 00:00:00+00:00,23.03,72.58,25.7,38,1.5,0.0,era5
2023-04-07 01:00:00+00:00,23.03,72.58,25.4,38,1.22,0.0,era5
2023-04-07 02:00:00+00:00,23.03,72.58,26.4,36,1.61,112.4,era5
2023-04-07 03:00:00+00:00,23.03,72.58,29.2,27,2.89,174.1,era5
2023-04-07 04:00:00+00:00,23.03,72.58,31.9,20,2.83,277.4,era5
2023-04-07 05:00:00+00:00,23.03,72.58,32.2,21,5.31,390.9,era5
2023-04-07 06:00:00+00:00,23.03,72.58,33.0,22,2.33,531.8,era5
2023-04-07 07:00:00+00:00,23.03,72.58,34.2,18,2.28,395.9,era5
2023-04-07 08:00:00+00:00,23.03,72.58,35.9,17,0.86,606.5,era5
2023-04-07 09:00:00+00:00,23.03,72.58,36.2,17,0.64,573.5,era5
2023-04-07 10:00:00+00:00,23.03,72.58,36.7,17,2.47,417.9,era5
2023-04-07 11:00:00+00:00,23.03,72.58,34.6,18,6.39,354.5,era5
2023-04-07 12:00:00+00:00,23.03,72.58,33.4,25,2.36,180.4,era5
2023-04-07 13:00:00+00:00,23.03,72.58,32.0,31,1.31,70.8,era5
2023-04-07 14:00:00+00:00,23.03,72.58,30.8,30,1.14,0.0,era5
2023-04-07 15:00:00+00:00,23.03,72.58,30.1,29,1.83,0.0,era5
2023-04-07 16:00:00+00:00,23.03,72.58,29.5,27,1.83,0.0,era5
2023-04-07 17:00:00+00:00,23.03,72.58,28.7,28,1.86,0.0,era5
2023-04-07 18:00:00+00:00,23.03,72.58,28.5,31,2.72,0.0,era5
2023-04-07 19:00:00+00:00,23.03,72.58,28.3,34,2.31,0.0,era5
2023-04-07 20:00:00+00:00,23.03,72.58,26.6,39,1.89,0.0,era5
2023-04-07 21:00:00+00:00,23.03,72.58,25.9,43,1.92,0.0,era5
2023-04-07 22:00:00+00:00,23.03,72.58,26.3,42,1.31,0.0,era5
2023-04-07 23:00:00+00:00,23.03,72.58,25.4,43,3.14,0.0,era5
2023-04-08 00:00:00+00:00,23.03,72.58,25.1,43,2.33,0.0,era5
2023-04-08 01:00:00+00:00,23.03,72.58,24.9,45,1.72,0.0,era5
2023-04-08 02:00:00+00:00,23.03,72.58,26.4,42,2.31,173.6,era5
2023-04-08 03:00:00+00:00,23.03,72.58,29.2,37,2.28,452.5,era5
2023-04-08 04:00:00+00:00,23.03,72.58,31.5,34,2.86,613.7,era5
2023-04-08 05:00:00+00:00,23.03,72.58,33.4,32,2.25,718.4,era5
2023-04-08 06:00:00+00:00,23.03,72.58,35.0,28,1.86,642.9,era5
2023-04-08 07:00:00+00:00,23.03,72.58,36.4,23,2.14,758.3,era5
2023-04-08 08:00:00+00:00,23.03,72.58,37.1,21,1.44,733.0,era5
2023-04-08 09:00:00+00:00,23.03,72.58,37.1,21,0.39,509.7,era5
2023-04-08 10:00:00+00:00,23.03,72.58,37.1,21,1.31,570.0,era5
2023-04-08 11:00:00+00:00,23.03,72.58,36.5,21,2.19,356.9,era5
2023-04-08 12:00:00+00:00,23.03,72.58,36.7,15,0.53,239.0,era5
2023-04-08 13:00:00+00:00,23.03,72.58,35.5,21,0.94,211.1,era5
2023-04-08 14:00:00+00:00,23.03,72.58,34.4,18,0.0,14.0,era5
2023-04-08 15:00:00+00:00,23.03,72.58,31.7,23,1.36,0.0,era5
2023-04-08 16:00:00+00:00,23.03,72.58,32.0,20,1.28,0.0,era5
2023-04-08 17:00:00+00:00,23.03,72.58,27.9,29,1.83,0.0,era5
2023-04-08 18:00:00+00:00,23.03,72.58,26.3,34,2.06,0.0,era5
2023-04-08 19:00:00+00:00,23.03,72.58,26.7,33,1.64,0.0,era5
2023-04-08 20:00:00+00:00,23.03,72.58,26.4,36,2.28,0.0,era5
2023-04-08 21:00:00+00:00,23.03,72.58,27.3,31,1.75,0.0,era5
2023-04-08 22:00:00+00:00,23.03,72.58,26.7,33,2.11,0.0,era5
2023-04-08 23:00:00+00:00,23.03,72.58,27.0,28,2.47,0.0,era5
2023-04-09 00:00:00+00:00,23.03,72.58,24.9,38,1.5,0.0,era5
2023-04-09 01:00:00+00:00,23.03,72.58,24.5,38,2.31,0.0,era5
2023-04-09 02:00:00+00:00,23.03,72.58,25.9,36,2.81,178.5,era5
2023-04-09 03:00:00+00:00,23.03,72.58,28.9,32,1.83,462.4,era5
2023-04-09 04:00:00+00:00,23.03,72.58,31.5,28,1.56,622.9,era5
2023-04-09 05:00:00+00:00,23.03,72.58,34.2,25,0.81,720.0,era5
2023-04-09 06:00:00+00:00,23.03,72.58,36.6,21,0.36,772.9,era5
2023-04-09 07:00:00+00:00,23.03,72.58,37.9,16,1.28,659.5,era5
2023-04-09 08:00:00+00:00,23.03,72.58,38.1,15,1.0,563.7,era5
2023-04-09 09:00:00+00:00,23.03,72.58,38.7,15,1.42,731.3,era5
2023-04-09 10:00:00+00:00,23.03,72.58,38.7,15,2.06,720.5,era5
2023-04-09 11:00:00+00:00,23.03,72.58,38.4,15,2.06,671.8,era5
2023-04-09 12:00:00+00:00,23.03,72.58,37.5,15,2.81,535.7,era5
2023-04-09 13:00:00+00:00,23.03,72.58,35.8,17,2.61,223.8,era5
2023-04-09 14:00:00+00:00,23.03,72.58,33.8,19,3.19,13.9,era5
2023-04-09 15:00:00+00:00,23.03,72.58,32.6,20,2.47,0.0,era5
2023-04-09 16:00:00+00:00,23.03,72.58,30.6,25,2.42,0.0,era5
2023-04-09 17:00:00+00:00,23.03,72.58,29.3,27,2.0,0.0,era5
2023-04-09 18:00:00+00:00,23.03,72.58,29.6,25,1.92,0.0,era5
2023-04-09 19:00:00+00:00,23.03,72.58,29.2,26,3.19,0.0,era5
2023-04-09 20:00:00+00:00,23.03,72.58,27.9,27,1.97,0.0,era5
2023-04-09 21:00:00+00:00,23.03,72.58,25.9,33,1.72,0.0,era5
2023-04-09 22:00:00+00:00,23.03,72.58,26.1,32,1.92,0.0,era5
2023-04-09 23:00:00+00:00,23.03,72.58,26.4,31,3.03,0.0,era5
2023-04-10 00:00:00+00:00,23.03,72.58,26.9,38,4.17,0.0,era5
2023-04-10 01:00:00+00:00,23.03,72.58,26.8,38,4.25,0.0,era5
2023-04-10 02:00:00+00:00,23.03,72.58,27.6,36,3.47,183.3,era5
2023-04-10 03:00:00+00:00,23.03,72.58,29.5,32,2.42,461.1,era5
2023-04-10 04:00:00+00:00,23.03,72.58,31.8,28,1.78,626.7,era5
2023-04-10 05:00:00+00:00,23.03,72.58,34.3,24,2.14,721.5,era5
2023-04-10 06:00:00+00:00,23.03,72.58,36.2,21,1.61,762.9,era5
2023-04-10 07:00:00+00:00,23.03,72.58,37.8,19,0.75,781.6,era5
2023-04-10 08:00:00+00:00,23.03,72.58,38.9,16,1.11,781.6,era5
2023-04-10 09:00:00+00:00,23.03,72.58,39.2,15,1.67,671.9,era5
2023-04-10 10:00:00+00:00,23.03,72.58,39.4,15,1.28,713.1,era5
2023-04-10 11:00:00+00:00,23.03,72.58,39.5,14,1.0,667.5,era5
2023-04-10 12:00:00+00:00,23.03,72.58,38.7,14,3.11,466.3,era5
2023-04-10 13:00:00+00:00,23.03,72.58,36.9,16,2.67,231.7,era5
2023-04-10 14:00:00+00:00,23.03,72.58,33.7,19,2.33,0.0,era5
2023-04-10 15:00:00+00:00,23.03,72.58,32.5,22,2.0,0.0,era5
2023-04-10 16:00:00+00:00,23.03,72.58,33.4,20,1.25,0.0,era5
2023-04-10 17:00:00+00:00,23.03,72.58,33.7,19,0.19,0.0,era5
2023-04-10 18:00:00+00:00,23.03,72.58,31.8,22,1.92,0.0,era5
2023-04-10 19:00:00+00:00,23.03,72.58,30.1,23,2.75,0.0,era5
2023-04-10 20:00:00+00:00,23.03,72.58,27.1,31,2.64,0.0,era5
2023-04-10 21:00:00+00:00,23.03,72.58,28.3,29,0.36,0.0,era5
2023-04-10 22:00:00+00:00,23.03,72.58,28.2,29,1.11,0.0,era5
2023-04-10 23:00:00+00:00,23.03,72.58,27.4,30,3.44,0.0,era5
2023-04-11 00:00:00+00:00,23.03,72.58,27.1,36,3.53,0.0,era5
2023-04-11 01:00:00+00:00,23.03,72.58,26.6,43,3.31,0.0,era5
2023-04-11 02:00:00+00:00,23.03,72.58,27.6,44,3.5,161.1,era5
2023-04-11 03:00:00+00:00,23.03,72.58,30.0,39,3.44,440.5,era5
2023-04-11 04:00:00+00:00,23.03,72.58,33.1,32,2.56,601.0,era5
2023-04-11 05:00:00+00:00,23.03,72.58,35.8,25,2.22,684.4,era5
2023-04-11 06:00:00+00:00,23.03,72.58,37.6,21,2.22,751.9,era5
2023-04-11 07:00:00+00:00,23.03,72.58,39.0,19,3.0,792.7,era5
2023-04-11 08:00:00+00:00,23.03,72.58,39.5,18,3.17,690.8,era5
2023-04-11 09:00:00+00:00,23.03,72.58,39.9,17,3.36,685.2,era5
2023-04-11 10:00:00+00:00,23.03,72.58,40.0,16,2.94,629.7,era5
2023-04-11 11:00:00+00:00,23.03,72.58,39.7,16,2.39,504.4,era5
2023-04-11 12:00:00+00:00,23.03,72.58,39.0,16,2.56,494.4,era5
2023-04-11 13:00:00+00:00,23.03,72.58,36.0,28,1.92,133.6,era5
2023-04-11 14:00:00+00:00,23.03,72.58,33.9,23,2.06,13.6,era5
2023-04-11 15:00:00+00:00,23.03,72.58,34.7,21,0.89,0.0,era5
2023-04-11 16:00:00+00:00,23.03,72.58,33.8,21,1.06,0.0,era5
2023-04-11 17:00:00+00:00,23.03,72.58,31.0,25,2.0,0.0,era5
2023-04-11 18:00:00+00:00,23.03,72.58,30.0,26,2.17,0.0,era5
2023-04-11 19:00:00+00:00,23.03,72.58,29.2,28,2.67,0.0,era5
2023-04-11 20:00:00+00:00,23.03,72.58,28.6,31,3.08,0.0,era5
2023-04-11 21:00:00+00:00,23.03,72.58,27.5,35,2.5,0.0,era5
2023-04-11 22:00:00+00:00,23.03,72.58,27.0,39,2.83,0.0,era5
2023-04-11 23:00:00+00:00,23.03,72.58,26.8,38,3.03,0.0,era5
2023-04-12 00:00:00+00:00,23.03,72.58,26.7,45,3.11,0.0,era5
2023-04-12 01:00:00+00:00,23.03,72.58,26.5,44,3.17,0.0,era5
2023-04-12 02:00:00+00:00,23.03,72.58,27.5,42,3.39,179.3,era5
2023-04-12 03:00:00+00:00,23.03,72.58,29.4,39,3.69,455.9,era5
2023-04-12 04:00:00+00:00,23.03,72.58,31.7,33,3.33,570.3,era5
2023-04-12 05:00:00+00:00,23.03,72.58,34.2,26,3.06,662.2,era5
2023-04-12 06:00:00+00:00,23.03,72.58,36.2,21,3.03,756.9,era5
2023-04-12 07:00:00+00:00,23.03,72.58,37.7,20,2.72,782.8,era5
2023-04-12 08:00:00+00:00,23.03,72.58,38.8,18,3.0,792.6,era5
2023-04-12 09:00:00+00:00,23.03,72.58,39.5,17,3.78,786.2,era5
2023-04-12 10:00:00+00:00,23.03,72.58,39.2,17,4.75,650.0,era5
2023-04-12 11:00:00+00:00,23.03,72.58,38.7,18,4.69,547.0,era5
2023-04-12 12:00:00+00:00,23.03,72.58,37.2,22,3.28,301.7,era5
2023-04-12 13:00:00+00:00,23.03,72.58,36.1,22,2.33,297.6,era5
2023-04-12 14:00:00+00:00,23.03,72.58,33.0,24,1.83,13.5,era5
2023-04-12 15:00:00+00:00,23.03,72.58,33.4,22,1.69,0.0,era5
2023-04-12 16:00:00+00:00,23.03,72.58,29.8,24,2.28,0.0,era5
2023-04-12 17:00:00+00:00,23.03,72.58,31.0,19,0.92,0.0,era5
2023-04-12 18:00:00+00:00,23.03,72.58,30.6,20,0.89,0.0,era5
2023-04-12 19:00:00+00:00,23.03,72.58,28.5,25,1.75,0.0,era5
2023-04-12 20:00:00+00:00,23.03,72.58,26.5,30,2.31,0.0,era5
2023-04-12 21:00:00+00:00,23.03,72.58,26.5,29,1.89,0.0,era5
2023-04-12 22:00:00+00:00,23.03,72.58,26.4,34,1.97,0.0,era5
2023-04-12 23:00:00+00:00,23.03,72.58,26.3,44,2.42,0.0,era5
2023-04-13 00:00:00+00:00,23.03,72.58,26.4,58,2.92,0.0,era5
2023-04-13 01:00:00+00:00,23.03,72.58,26.3,59,2.47,0.0,era5
2023-04-13 02:00:00+00:00,23.03,72.58,27.5,56,2.67,52.6,era5
2023-04-13 03:00:00+00:00,23.03,72.58,30.1,45,3.0,243.6,era5
2023-04-13 04:00:00+00:00,23.03,72.58,32.5,35,3.11,415.8,era5
2023-04-13 05:00:00+00:00,23.03,72.58,34.9,28,2.89,473.2,era5
2023-04-13 06:00:00+00:00,23.03,72.58,36.9,22,2.92,464.9,era5
2023-04-13 07:00:00+00:00,23.03,72.58,38.1,18,3.11,480.3,era5
2023-04-13 08:00:00+00:00,23.03,72.58,39.1,16,3.5,706.3,era5
2023-04-13 09:00:00+00:00,23.03,72.58,39.4,15,3.61,493.8,era5
2023-04-13 10:00:00+00:00,23.03,72.58,39.4,15,3.72,373.0,era5
2023-04-13 11:00:00+00:00,23.03,72.58,38.6,15,3.97,105.5,era5
2023-04-13 12:00:00+00:00,23.03,72.58,37.4,17,2.94,132.5,era5
2023-04-13 13:00:00+00:00,23.03,72.58,36.1,18,2.11,45.5,era5
2023-04-13 14:00:00+00:00,23.03,72.58,33.7,21,2.39,0.0,era5
2023-04-13 15:00:00+00:00,23.03,72.58,32.0,22,2.17,0.0,era5
2023-04-13 16:00:00+00:00,23.03,72.58,30.3,25,3.11,0.0,era5
2023-04-13 17:00:00+00:00,23.03,72.58,29.5,26,2.64,0.0,era5
2023-04-13 18:00:00+00:00,23.03,72.58,28.3,29,2.61,0.0,era5
2023-04-13 19:00:00+00:00,23.03,72.58,28.3,29,1.69,0.0,era5
2023-04-13 20:00:00+00:00,23.03,72.58,27.5,30,2.36,0.0,era5
2023-04-13 21:00:00+00:00,23.03,72.58,26.5,33,2.0,0.0,era5
2023-04-13 22:00:00+00:00,23.03,72.58,25.9,36,2.08,0.0,era5
2023-04-13 23:00:00+00:00,23.03,72.58,25.4,39,2.5,0.0,era5
2023-04-14 00:00:00+00:00,23.03,72.58,26.0,48,2.75,0.0,era5
2023-04-14 01:00:00+00:00,23.03,72.58,26.4,52,3.28,0.0,era5
2023-04-14 02:00:00+00:00,23.03,72.58,27.9,48,3.53,182.1,era5
2023-04-14 03:00:00+00:00,23.03,72.58,30.1,40,3.89,469.8,era5
2023-04-14 04:00:00+00:00,23.03,72.58,32.5,34,3.72,633.6,era5
2023-04-14 05:00:00+00:00,23.03,72.58,35.1,26,3.78,730.6,era5
2023-04-14 06:00:00+00:00,23.03,72.58,37.0,21,3.61,779.4,era5
2023-04-14 07:00:00+00:00,23.03,72.58,38.3,19,2.97,804.0,era5
2023-04-14 08:00:00+00:00,23.03,72.58,39.1,18,2.72,807.8,era5
2023-04-14 09:00:00+00:00,23.03,72.58,39.6,16,2.83,791.7,era5
2023-04-14 10:00:00+00:00,23.03,72.58,39.8,15,3.42,751.2,era5
2023-04-14 11:00:00+00:00,23.03,72.58,39.5,15,3.92,669.0,era5
2023-04-14 12:00:00+00:00,23.03,72.58,37.7,16,3.72,521.9,era5
2023-04-14 13:00:00+00:00,23.03,72.58,35.9,19,1.61,312.1,era5
2023-04-14 14:00:00+00:00,23.03,72.58,35.9,18,2.03,13.2,era5
2023-04-14 15:00:00+00:00,23.03,72.58,33.1,22,2.36,0.0,era5
2023-04-14 16:00:00+00:00,23.03,72.58,30.2,26,2.39,0.0,era5
2023-04-14 17:00:00+00:00,23.03,72.58,29.3,28,2.53,0.0,era5
2023-04-14 18:00:00+00:00,23.03,72.58,29.7,25,2.81,0.0,era5
2023-04-14 19:00:00+00:00,23.03,72.58,29.4,25,2.94,0.0,era5
2023-04-14 20:00:00+00:00,23.03,72.58,28.6,27,3.11,0.0,era5
2023-04-14 21:00:00+00:00,23.03,72.58,27.7,31,3.0,0.0,era5
2023-04-14 22:00:00+00:00,23.03,72.58,26.2,36,2.06,0.0,era5
2023-04-14 23:00:00+00:00,23.03,72.58,25.1,41,1.92,0.0,era5
2023-04-15 00:00:00+00:00,23.03,72.58,25.4,44,2.39,0.0,era5
2023-04-15 01:00:00+00:00,23.03,72.58,25.3,49,2.42,0.0,era5
2023-04-15 02:00:00+00:00,23.03,72.58,26.7,50,2.64,212.4,era5
2023-04-15 03:00:00+00:00,23.03,72.58,28.8,51,1.31,476.6,era5
2023-04-15 04:00:00+00:00,23.03,72.58,31.1,46,1.56,635.8,era5
2023-04-15 05:00:00+00:00,23.03,72.58,33.8,37,1.72,725.8,era5
2023-04-15 06:00:00+00:00,23.03,72.58,36.0,27,1.69,775.4,era5
2023-04-15 07:00:00+00:00,23.03,72.58,37.6,23,2.06,798.4,era5
2023-04-15 08:00:00+00:00,23.03,72.58,38.9,20,2.78,802.5,era5
2023-04-15 09:00:00+00:00,23.03,72.58,39.5,17,3.81,748.1,era5
2023-04-15 10:00:00+00:00,23.03,72.58,39.5,16,4.14,726.6,era5
2023-04-15 11:00:00+00:00,23.03,72.58,39.3,15,3.42,652.4,era5
2023-04-15 12:00:00+00:00,23.03,72.58,38.0,16,2.5,507.2,era5
2023-04-15 13:00:00+00:00,23.03,72.58,35.6,29,1.61,314.8,era5
2023-04-15 14:00:00+00:00,23.03,72.58,33.7,18,2.56,26.3,era5
2023-04-15 15:00:00+00:00,23.03,72.58,32.5,20,2.67,0.0,era5
2023-04-15 16:00:00+00:00,23.03,72.58,30.2,24,2.33,0.0,era5
2023-04-15 17:00:00+00:00,23.03,72.58,30.5,26,4.17,0.0,era5
2023-04-15 18:00:00+00:00,23.03,72.58,29.7,25,4.03,0.0,era5
2023-04-15 19:00:00+00:00,23.03,72.58,28.5,31,3.08,0.0,era5
2023-04-15 20:00:00+00:00,23.03,72.58,26.8,40,1.92,0.0,era5
2023-04-15 21:00:00+00:00,23.03,72.58,26.4,43,2.39,0.0,era5
2023-04-15 22:00:00+00:00,23.03,72.58,26.2,40,3.28,0.0,era5
2023-04-15 23:00:00+00:00,23.03,72.58,25.5,44,2.47,0.0,era5
2023-04-16 00:00:00+00:00,23.03,72.58,25.8,50,1.72,0.0,era5
2023-04-16 01:00:00+00:00,23.03,72.58,24.8,58,1.64,0.0,era5
2023-04-16 02:00:00+00:00,23.03,72.58,26.9,54,1.39,216.7,era5
2023-04-16 03:00:00+00:00,23.03,72.58,28.7,53,1.06,475.5,era5
2023-04-16 04:00:00+00:00,23.03,72.58,30.9,47,1.22,636.3,era5
2023-04-16 05:00:00+00:00,23.03,72.58,33.4,37,1.31,726.2,era5
2023-04-16 06:00:00+00:00,23.03,72.58,35.6,29,1.22,777.1,era5
2023-04-16 07:00:00+00:00,23.03,72.58,37.4,22,2.14,802.3,era5
2023-04-16 08:00:00+00:00,23.03,72.58,38.7,17,3.19,810.7,era5
2023-04-16 09:00:00+00:00,23.03,72.58,39.4,14,3.67,783.1,era5
2023-04-16 10:00:00+00:00,23.03,72.58,39.6,13,3.44,741.8,era5
2023-04-16 11:00:00+00:00,23.03,72.58,39.2,13,3.14,665.3,era5
2023-04-16 12:00:00+00:00,23.03,72.58,38.0,15,2.03,532.7,era5
2023-04-16 13:00:00+00:00,23.03,72.58,36.3,24,1.03,308.5,era5
2023-04-16 14:00:00+00:00,23.03,72.58,32.9,22,1.86,26.0,era5
2023-04-16 15:00:00+00:00,23.03,72.58,31.6,22,1.92,0.0,era5
2023-04-16 16:00:00+00:00,23.03,72.58,31.6,23,1.86,0.0,era5
2023-04-16 17:00:00+00:00,23.03,72.58,30.3,24,3.08,0.0,era5
2023-04-16 18:00:00+00:00,23.03,72.58,29.9,30,2.61,0.0,era5
2023-04-16 19:00:00+00:00,23.03,72.58,27.8,37,2.11,0.0,era5
2023-04-16 20:00:00+00:00,23.03,72.58,27.3,37,2.03,0.0,era5
2023-04-16 21:00:00+00:00,23.03,72.58,26.8,34,2.31,0.0,era5
2023-04-16 22:00:00+00:00,23.03,72.58,26.6,37,3.0,0.0,era5
2023-04-16 23:00:00+00:00,23.03,72.58,26.0,47,2.78,0.0,era5
2023-04-17 00:00:00+00:00,23.03,72.58,26.0,60,2.81,0.0,era5
2023-04-17 01:00:00+00:00,23.03,72.58,26.0,65,2.11,0.0,era5
2023-04-17 02:00:00+00:00,23.03,72.58,27.4,64,1.78,220.9,era5
2023-04-17 03:00:00+00:00,23.03,72.58,29.7,57,1.64,477.1,era5
2023-04-17 04:00:00+00:00,23.03,72.58,32.2,46,1.42,636.9,era5
2023-04-17 05:00:00+00:00,23.03,72.58,34.7,34,1.36,724.1,era5
2023-04-17 06:00:00+00:00,23.03,72.58,36.9,26,1.11,774.3,era5
2023-04-17 07:00:00+00:00,23.03,72.58,38.6,21,1.36,801.0,era5
2023-04-17 08:00:00+00:00,23.03,72.58,39.8,17,2.33,738.4,era5
2023-04-17 09:00:00+00:00,23.03,72.58,40.5,14,3.08,654.7,era5
2023-04-17 10:00:00+00:00,23.03,72.58,40.8,13,3.5,693.8,era5
2023-04-17 11:00:00+00:00,23.03,72.58,40.3,13,3.69,602.6,era5
2023-04-17 12:00:00+00:00,23.03,72.58,39.5,13,2.78,480.2,era5
2023-04-17 13:00:00+00:00,23.03,72.58,37.4,15,2.39,311.2,era5
2023-04-17 14:00:00+00:00,23.03,72.58,35.1,17,2.47,25.8,era5
2023-04-17 15:00:00+00:00,23.03,72.58,34.8,16,2.89,0.0,era5
2023-04-17 16:00:00+00:00,23.03,72.58,35.5,15,1.94,0.0,era5
2023-04-17 17:00:00+00:00,23.03,72.58,31.7,21,5.31,0.0,era5
2023-04-17 18:00:00+00:00,23.03,72.58,31.7,24,4.25,0.0,era5
2023-04-17 19:00:00+00:00,23.03,72.58,30.3,29,2.47,0.0,era5
2023-04-17 20:00:00+00:00,23.03,72.58,28.6,32,2.47,0.0,era5
2023-04-17 21:00:00+00:00,23.03,72.58,27.7,31,2.19,0.0,era5
2023-04-17 22:00:00+00:00,23.03,72.58,27.3,32,2.75,0.0,era5
2023-04-17 23:00:00+00:00,23.03,72.58,27.2,39,3.06,0.0,era5
2023-04-18 00:00:00+00:00,23.03,72.58,26.7,51,2.19,0.0,era5
2023-04-18 01:00:00+00:00,23.03,72.58,26.6,55,1.83,0.0,era5
2023-04-18 02:00:00+00:00,23.03,72.58,28.3,52,2.33,218.8,era5
2023-04-18 03:00:00+00:00,23.03,72.58,30.8,46,2.69,470.9,era5
2023-04-18 04:00:00+00:00,23.03,72.58,33.6,37,2.97,629.1,era5
2023-04-18 05:00:00+00:00,23.03,72.58,36.0,30,3.0,718.1,era5
2023-04-18 06:00:00+00:00,23.03,72.58,38.1,23,2.61,767.1,era5
2023-04-18 07:00:00+00:00,23.03,72.58,39.4,19,2.25,791.4,era5
2023-04-18 08:00:00+00:00,23.03,72.58,40.4,16,3.86,669.5,era5
2023-04-18 09:00:00+00:00,23.03,72.58,40.2,15,4.69,583.2,era5
2023-04-18 10:00:00+00:00,23.03,72.58,40.2,14,4.42,571.9,era5
2023-04-18 11:00:00+00:00,23.03,72.58,39.9,13,4.28,629.4,era5
2023-04-18 12:00:00+00:00,23.03,72.58,38.8,13,4.11,476.8,era5
2023-04-18 13:00:00+00:00,23.03,72.58,37.1,16,1.81,296.1,era5
2023-04-18 14:00:00+00:00,23.03,72.58,36.7,16,1.31,25.6,era5
2023-04-18 15:00:00+00:00,23.03,72.58,36.1,17,0.69,0.0,era5
2023-04-18 16:00:00+00:00,23.03,72.58,33.0,21,2.5,0.0,era5
2023-04-18 17:00:00+00:00,23.03,72.58,30.1,26,3.19,0.0,era5
2023-04-18 18:00:00+00:00,23.03,72.58,31.9,22,0.5,0.0,era5
2023-04-18 19:00:00+00:00,23.03,72.58,29.9,25,3.58,0.0,era5
2023-04-18 20:00:00+00:00,23.03,72.58,30.7,23,3.94,0.0,era5
2023-04-18 21:00:00+00:00,23.03,72.58,29.5,26,3.0,0.0,era5
2023-04-18 22:00:00+00:00,23.03,72.58,28.3,31,2.81,0.0,era5
2023-04-18 23:00:00+00:00,23.03,72.58,27.8,39,3.0,0.0,era5
2023-04-19 00:00:00+00:00,23.03,72.58,27.7,51,2.97,0.0,era5
2023-04-19 01:00:00+00:00,23.03,72.58,27.6,50,2.56,0.0,era5
2023-04-19 02:00:00+00:00,23.03,72.58,29.4,42,2.81,216.8,era5
2023-04-19 03:00:00+00:00,23.03,72.58,32.4,33,2.39,477.8,era5
2023-04-19 04:00:00+00:00,23.03,72.58,35.4,27,2.47,618.1,era5
2023-04-19 05:00:00+00:00,23.03,72.58,37.4,23,3.19,717.5,era5
2023-04-19 06:00:00+00:00,23.03,72.58,38.6,20,3.36,763.4,era5
2023-04-19 07:00:00+00:00,23.03,72.58,39.6,18,3.72,775.7,era5
2023-04-19 08:00:00+00:00,23.03,72.58,39.9,17,4.03,714.9,era5
2023-04-19 09:00:00+00:00,23.03,72.58,40.2,15,4.58,668.4,era5
2023-04-19 10:00:00+00:00,23.03,72.58,40.1,15,5.42,581.1,era5
2023-04-19 11:00:00+00:00,23.03,72.58,39.4,15,5.22,600.8,era5
2023-04-19 12:00:00+00:00,23.03,72.58,38.2,17,5.0,380.5,era5
2023-04-19 13:00:00+00:00,23.03,72.58,37.3,17,3.19,215.3,era5
2023-04-19 14:00:00+00:00,23.03,72.58,34.2,20,2.33,12.7,era5
2023-04-19 15:00:00+00:00,23.03,72.58,33.5,20,2.03,0.0,era5
2023-04-19 16:00:00+00:00,23.03,72.58,32.8,20,2.97,0.0,era5
2023-04-19 17:00:00+00:00,23.03,72.58,32.5,21,4.06,0.0,era5
2023-04-19 18:00:00+00:00,23.03,72.58,31.7,26,4.53,0.0,era5
2023-04-19 19:00:00+00:00,23.03,72.58,30.7,29,3.5,0.0,era5
2023-04-19 20:00:00+00:00,23.03,72.58,29.5,33,2.86,0.0,era5
2023-04-19 21:00:00+00:00,23.03,72.58,28.6,36,2.61,0.0,era5
2023-04-19 22:00:00+00:00,23.03,72.58,27.8,40,2.72,0.0,era5
2023-04-19 23:00:00+00:00,23.03,72.58,27.2,42,3.06,0.0,era5
2023-04-20 00:00:00+00:00,23.03,72.58,27.0,49,3.86,0.0,era5
2023-04-20 01:00:00+00:00,23.03,72.58,26.8,49,3.44,0.0,era5
2023-04-20 02:00:00+00:00,23.03,72.58,28.1,43,3.14,233.3,era5
2023-04-20 03:00:00+00:00,23.03,72.58,30.0,38,4.17,484.6,era5
2023-04-20 04:00:00+00:00,23.03,72.58,32.0,34,4.06,639.0,era5
2023-04-20 05:00:00+00:00,23.03,72.58,34.1,28,3.39,724.6,era5
2023-04-20 06:00:00+00:00,23.03,72.58,36.0,23,3.36,774.2,era5
2023-04-20 07:00:00+00:00,23.03,72.58,37.4,20,4.19,768.4,era5
2023-04-20 08:00:00+00:00,23.03,72.58,38.0,18,5.03,668.9,era5
2023-04-20 09:00:00+00:00,23.03,72.58,37.9,18,5.17,542.8,era5
2023-04-20 10:00:00+00:00,23.03,72.58,37.5,19,4.33,269.9,era5
2023-04-20 11:00:00+00:00,23.03,72.58,37.7,18,4.28,236.3,era5
2023-04-20 12:00:00+00:00,23.03,72.58,37.2,18,4.97,220.7,era5
2023-04-20 13:00:00+00:00,23.03,72.58,35.8,17,4.92,244.7,era5
2023-04-20 14:00:00+00:00,23.03,72.58,34.0,18,4.22,25.1,era5
2023-04-20 15:00:00+00:00,23.03,72.58,33.2,18,3.89,0.0,era5
2023-04-20 16:00:00+00:00,23.03,72.58,32.2,19,3.03,0.0,era5
2023-04-20 17:00:00+00:00,23.03,72.58,30.6,21,2.42,0.0,era5
2023-04-20 18:00:00+00:00,23.03,72.58,28.4,28,1.97,0.0,era5
2023-04-20 19:00:00+00:00,23.03,72.58,27.6,36,2.03,0.0,era5
2023-04-20 20:00:00+00:00,23.03,72.58,27.1,36,2.19,0.0,era5
2023-04-20 21:00:00+00:00,23.03,72.58,26.6,42,2.39,0.0,era5
2023-04-20 22:00:00+00:00,23.03,72.58,26.2,54,2.97,0.0,era5
2023-04-20 23:00:00+00:00,23.03,72.58,25.8,61,3.25,0.0,era5
2023-04-21 00:00:00+00:00,23.03,72.58,25.9,71,3.67,0.0,era5
2023-04-21 01:00:00+00:00,23.03,72.58,26.0,74,3.75,0.0,era5
2023-04-21 02:00:00+00:00,23.03,72.58,26.8,73,3.64,170.4,era5
2023-04-21 03:00:00+00:00,23.03,72.58,28.7,64,3.67,443.1,era5
2023-04-21 04:00:00+00:00,23.03,72.58,31.2,50,3.17,609.9,era5
2023-04-21 05:00:00+00:00,23.03,72.58,33.9,33,2.83,711.1,era5
2023-04-21 06:00:00+00:00,23.03,72.58,36.0,21,2.67,763.9,era5
2023-04-21 07:00:00+00:00,23.03,72.58,37.3,16,1.94,764.2,era5
2023-04-21 08:00:00+00:00,23.03,72.58,38.1,15,1.81,755.4,era5
2023-04-21 09:00:00+00:00,23.03,72.58,38.5,15,2.42,739.7,era5
2023-04-21 10:00:00+00:00,23.03,72.58,38.4,15,2.97,694.3,era5
2023-04-21 11:00:00+00:00,23.03,72.58,38.0,16,3.56,597.5,era5
2023-04-21 12:00:00+00:00,23.03,72.58,36.3,18,4.0,449.2,era5
2023-04-21 13:00:00+00:00,23.03,72.58,35.1,19,3.42,273.8,era5
2023-04-21 14:00:00+00:00,23.03,72.58,33.6,22,2.94,24.9,era5
2023-04-21 15:00:00+00:00,23.03,72.58,31.4,26,2.56,0.0,era5
2023-04-21 16:00:00+00:00,23.03,72.58,30.3,28,2.33,0.0,era5
2023-04-21 17:00:00+00:00,23.03,72.58,30.1,29,3.69,0.0,era5
2023-04-21 18:00:00+00:00,23.03,72.58,29.5,34,2.36,0.0,era5
2023-04-21 19:00:00+00:00,23.03,72.58,28.7,39,3.11,0.0,era5
2023-04-21 20:00:00+00:00,23.03,72.58,28.4,40,2.61,0.0,era5
2023-04-21 21:00:00+00:00,23.03,72.58,27.6,40,2.22,0.0,era5
2023-04-21 22:00:00+00:00,23.03,72.58,27.7,37,3.25,0.0,era5
2023-04-21 23:00:00+00:00,23.03,72.58,26.9,42,3.61,0.0,era5
2023-04-22 00:00:00+00:00,23.03,72.58,26.8,63,4.25,0.0,era5
2023-04-22 01:00:00+00:00,23.03,72.58,26.9,66,4.17,0.0,era5
2023-04-22 02:00:00+00:00,23.03,72.58,27.7,64,4.17,167.7,era5
2023-04-22 03:00:00+00:00,23.03,72.58,29.5,56,4.72,376.9,era5
2023-04-22 04:00:00+00:00,23.03,72.58,31.7,45,5.19,562.8,era5
2023-04-22 05:00:00+00:00,23.03,72.58,34.2,33,5.33,708.1,era5
2023-04-22 06:00:00+00:00,23.03,72.58,36.3,24,4.89,765.9,era5
2023-04-22 07:00:00+00:00,23.03,72.58,37.8,17,4.25,729.0,era5
2023-04-22 08:00:00+00:00,23.03,72.58,38.3,13,4.53,645.9,era5
2023-04-22 09:00:00+00:00,23.03,72.58,38.7,12,4.5,670.7,era5
2023-04-22 10:00:00+00:00,23.03,72.58,38.9,12,4.83,702.1,era5
2023-04-22 11:00:00+00:00,23.03,72.58,38.4,12,4.42,651.7,era5
2023-04-22 12:00:00+00:00,23.03,72.58,37.5,12,3.39,527.2,era5
2023-04-22 13:00:00+00:00,23.03,72.58,35.9,13,2.06,311.1,era5
2023-04-22 14:00:00+00:00,23.03,72.58,32.2,15,2.17,24.7,era5
2023-04-22 15:00:00+00:00,23.03,72.58,30.4,17,2.92,0.0,era5
2023-04-22 16:00:00+00:00,23.03,72.58,29.0,17,3.14,0.0,era5
2023-04-22 17:00:00+00:00,23.03,72.58,28.9,18,1.03,0.0,era5
2023-04-22 18:00:00+00:00,23.03,72.58,28.2,36,3.86,0.0,era5
2023-04-22 19:00:00+00:00,23.03,72.58,29.2,31,4.78,0.0,era5
2023-04-22 20:00:00+00:00,23.03,72.58,28.0,31,3.58,0.0,era5
2023-04-22 21:00:00+00:00,23.03,72.58,26.9,38,3.0,0.0,era5
2023-04-22 22:00:00+00:00,23.03,72.58,26.3,48,3.31,0.0,era5
2023-04-22 23:00:00+00:00,23.03,72.58,25.6,56,3.25,0.0,era5
2023-04-23 00:00:00+00:00,23.03,72.58,26.4,57,4.08,0.0,era5
2023-04-23 01:00:00+00:00,23.03,72.58,26.3,54,4.86,0.0,era5
2023-04-23 02:00:00+00:00,23.03,72.58,27.4,52,5.17,235.5,era5
2023-04-23 03:00:00+00:00,23.03,72.58,29.4,48,5.81,487.5,era5
2023-04-23 04:00:00+00:00,23.03,72.58,32.0,39,5.19,648.4,era5
2023-04-23 05:00:00+00:00,23.03,72.58,34.8,29,4.94,736.0,era5
2023-04-23 06:00:00+00:00,23.03,72.58,37.2,20,5.06,783.5,era5
2023-04-23 07:00:00+00:00,23.03,72.58,38.9,13,5.19,789.0,era5
2023-04-23 08:00:00+00:00,23.03,72.58,39.6,10,5.25,701.5,era5
2023-04-23 09:00:00+00:00,23.03,72.58,40.4,9,5.61,684.1,era5
2023-04-23 10:00:00+00:00,23.03,72.58,39.6,9,6.67,520.8,era5
2023-04-23 11:00:00+00:00,23.03,72.58,39.0,9,6.17,623.3,era5
2023-04-23 12:00:00+00:00,23.03,72.58,38.1,9,4.47,583.0,era5
2023-04-23 13:00:00+00:00,23.03,72.58,36.6,10,4.19,292.2,era5
2023-04-23 14:00:00+00:00,23.03,72.58,34.5,11,5.03,24.5,era5
2023-04-23 15:00:00+00:00,23.03,72.58,33.1,11,3.81,0.0,era5
2023-04-23 16:00:00+00:00,23.03,72.58,29.1,16,3.06,0.0,era5
2023-04-23 17:00:00+00:00,23.03,72.58,27.6,17,2.61,0.0,era5
2023-04-23 18:00:00+00:00,23.03,72.58,27.3,17,2.56,0.0,era5
2023-04-23 19:00:00+00:00,23.03,72.58,29.7,13,1.64,0.0,era5
2023-04-23 20:00:00+00:00,23.03,72.58,28.3,14,0.97,0.0,era5
2023-04-23 21:00:00+00:00,23.03,72.58,24.9,19,1.61,0.0,era5
2023-04-23 22:00:00+00:00,23.03,72.58,23.3,21,2.28,0.0,era5
2023-04-23 23:00:00+00:00,23.03,72.58,22.4,23,2.06,0.0,era5
2023-04-24 00:00:00+00:00,23.03,72.58,23.5,29,2.03,0.0,era5
2023-04-24 01:00:00+00:00,23.03,72.58,23.9,41,1.92,0.0,era5
2023-04-24 02:00:00+00:00,23.03,72.58,26.3,35,2.61,249.0,era5
2023-04-24 03:00:00+00:00,23.03,72.58,30.0,18,1.67,474.5,era5
2023-04-24 04:00:00+00:00,23.03,72.58,33.6,16,1.5,626.3,era5
2023-04-24 05:00:00+00:00,23.03,72.58,36.0,13,0.92,684.2,era5
2023-04-24 06:00:00+00:00,23.03,72.58,37.8,9,1.67,741.2,era5
2023-04-24 07:00:00+00:00,23.03,72.58,38.7,8,2.47,732.4,era5
2023-04-24 08:00:00+00:00,23.03,72.58,39.4,7,3.08,601.6,era5
2023-04-24 09:00:00+00:00,23.03,72.58,39.5,7,4.89,660.7,era5
2023-04-24 10:00:00+00:00,23.03,72.58,39.4,7,5.19,623.4,era5
2023-04-24 11:00:00+00:00,23.03,72.58,38.9,8,4.94,501.9,era5
2023-04-24 12:00:00+00:00,23.03,72.58,37.6,8,4.31,352.0,era5
2023-04-24 13:00:00+00:00,23.03,72.58,35.9,10,3.83,106.8,era5
2023-04-24 14:00:00+00:00,23.03,72.58,33.5,12,3.22,12.2,era5
2023-04-24 15:00:00+00:00,23.03,72.58,30.7,15,2.56,0.0,era5
2023-04-24 16:00:00+00:00,23.03,72.58,30.9,14,3.31,0.0,era5
2023-04-24 17:00:00+00:00,23.03,72.58,30.4,14,2.61,0.0,era5
2023-04-24 18:00:00+00:00,23.03,72.58,29.9,14,3.72,0.0,era5
2023-04-24 19:00:00+00:00,23.03,72.58,29.1,15,4.11,0.0,era5
2023-04-24 20:00:00+00:00,23.03,72.58,27.8,17,3.19,0.0,era5
2023-04-24 21:00:00+00:00,23.03,72.58,25.5,20,1.97,0.0,era5
2023-04-24 22:00:00+00:00,23.03,72.58,26.4,19,1.28,0.0,era5
2023-04-24 23:00:00+00:00,23.03,72.58,26.0,19,0.61,0.0,era5
2023-04-25 00:00:00+00:00,23.03,72.58,23.6,25,1.92,0.0,era5
2023-04-25 01:00:00+00:00,23.03,72.58,24.3,24,2.25,0.0,era5
2023-04-25 02:00:00+00:00,23.03,72.58,26.6,24,3.19,245.1,era5
2023-04-25 03:00:00+00:00,23.03,72.58,29.8,20,3.94,496.4,era5
2023-04-25 04:00:00+00:00,23.03,72.58,33.1,17,4.11,650.4,era5
2023-04-25 05:00:00+00:00,23.03,72.58,35.9,14,3.69,736.6,era5
2023-04-25 06:00:00+00:00,23.03,72.58,37.7,12,2.56,784.3,era5
2023-04-25 07:00:00+00:00,23.03,72.58,38.7,11,2.14,806.7,era5
2023-04-25 08:00:00+00:00,23.03,72.58,39.4,10,1.58,809.5,era5
2023-04-25 09:00:00+00:00,23.03,72.58,39.8,10,0.92,791.9,era5
2023-04-25 10:00:00+00:00,23.03,72.58,40.0,9,0.11,752.7,era5
2023-04-25 11:00:00+00:00,23.03,72.58,40.0,9,0.42,674.9,era5
2023-04-25 12:00:00+00:00,23.03,72.58,39.1,10,1.06,538.8,era5
2023-04-25 13:00:00+00:00,23.03,72.58,36.1,23,1.61,187.0,era5
2023-04-25 14:00:00+00:00,23.03,72.58,33.5,17,1.94,12.1,era5
2023-04-25 15:00:00+00:00,23.03,72.58,33.5,16,1.31,0.0,era5
2023-04-25 16:00:00+00:00,23.03,72.58,30.2,19,2.14,0.0,era5
2023-04-25 17:00:00+00:00,23.03,72.58,28.9,21,2.31,0.0,era5
2023-04-25 18:00:00+00:00,23.03,72.58,29.2,20,2.56,0.0,era5
2023-04-25 19:00:00+00:00,23.03,72.58,28.8,21,2.61,0.0,era5
2023-04-25 20:00:00+00:00,23.03,72.58,27.1,25,2.64,0.0,era5
2023-04-25 21:00:00+00:00,23.03,72.58,27.0,29,3.17,0.0,era5
2023-04-25 22:00:00+00:00,23.03,72.58,26.8,33,2.31,0.0,era5
2023-04-25 23:00:00+00:00,23.03,72.58,27.5,34,1.81,0.0,era5
2023-04-26 00:00:00+00:00,23.03,72.58,28.4,25,3.22,0.0,era5
2023-04-26 01:00:00+00:00,23.03,72.58,27.9,26,2.28,0.0,era5
2023-04-26 02:00:00+00:00,23.03,72.58,29.1,27,2.75,50.5,era5
2023-04-26 03:00:00+00:00,23.03,72.58,30.9,24,3.42,155.5,era5
2023-04-26 04:00:00+00:00,23.03,72.58,33.5,31,4.53,507.5,era5
2023-04-26 05:00:00+00:00,23.03,72.58,35.2,31,4.22,412.3,era5
2023-04-26 06:00:00+00:00,23.03,72.58,37.9,23,4.17,710.2,era5
2023-04-26 07:00:00+00:00,23.03,72.58,39.0,18,4.31,692.6,era5
2023-04-26 08:00:00+00:00,23.03,72.58,39.7,17,5.31,578.0,era5
2023-04-26 09:00:00+00:00,23.03,72.58,37.2,20,6.75,395.1,era5
2023-04-26 10:00:00+00:00,23.03,72.58,38.4,16,4.83,449.5,era5
2023-04-26 11:00:00+00:00,23.03,72.58,37.4,17,6.61,451.9,era5
2023-04-26 12:00:00+00:00,23.03,72.58,36.5,19,4.64,15.2,era5
2023-04-26 13:00:00+00:00,23.03,72.58,34.6,25,5.08,114.1,era5
2023-04-26 14:00:00+00:00,23.03,72.58,32.6,34,3.19,23.9,era5
2023-04-26 15:00:00+00:00,23.03,72.58,31.0,38,3.33,0.0,era5
2023-04-26 16:00:00+00:00,23.03,72.58,29.8,43,3.0,0.0,era5
2023-04-26 17:00:00+00:00,23.03,72.58,28.9,50,2.69,0.0,era5
2023-04-26 18:00:00+00:00,23.03,72.58,28.3,55,2.69,0.0,era5
2023-04-26 19:00:00+00:00,23.03,72.58,27.9,56,2.11,0.0,era5
2023-04-26 20:00:00+00:00,23.03,72.58,27.1,57,1.36,0.0,era5
2023-04-26 21:00:00+00:00,23.03,72.58,27.1,55,2.31,0.0,era5
2023-04-26 22:00:00+00:00,23.03,72.58,26.1,58,2.56,0.0,era5
2023-04-26 23:00:00+00:00,23.03,72.58,24.8,68,1.67,0.0,era5
2023-04-27 00:00:00+00:00,23.03,72.58,24.9,75,2.39,0.0,era5
2023-04-27 01:00:00+00:00,23.03,72.58,25.0,78,2.47,0.0,era5
2023-04-27 02:00:00+00:00,23.03,72.58,26.5,73,2.42,226.8,era5
2023-04-27 03:00:00+00:00,23.03,72.58,28.9,59,2.36,461.4,era5
2023-04-27 04:00:00+00:00,23.03,72.58,31.2,45,2.11,610.4,era5
2023-04-27 05:00:00+00:00,23.03,72.58,33.5,35,1.97,692.6,era5
2023-04-27 06:00:00+00:00,23.03,72.58,35.6,28,2.33,746.7,era5
2023-04-27 07:00:00+00:00,23.03,72.58,36.9,23,2.83,662.1,era5
2023-04-27 08:00:00+00:00,23.03,72.58,37.8,22,3.25,685.6,era5
2023-04-27 09:00:00+00:00,23.03,72.58,38.1,22,3.14,559.8,era5
2023-04-27 10:00:00+00:00,23.03,72.58,38.3,21,3.22,494.3,era5
2023-04-27 11:00:00+00:00,23.03,72.58,38.0,21,3.11,481.6,era5
2023-04-27 12:00:00+00:00,23.03,72.58,36.8,24,2.25,416.9,era5
2023-04-27 13:00:00+00:00,23.03,72.58,35.7,25,2.72,71.5,era5
2023-04-27 14:00:00+00:00,23.03,72.58,34.3,26,1.67,0.0,era5
2023-04-27 15:00:00+00:00,23.03,72.58,32.8,29,1.56,0.0,era5
2023-04-27 16:00:00+00:00,23.03,72.58,31.4,32,1.86,0.0,era5
2023-04-27 17:00:00+00:00,23.03,72.58,31.1,33,2.92,0.0,era5
2023-04-27 18:00:00+00:00,23.03,72.58,30.1,36,2.75,0.0,era5
2023-04-27 19:00:00+00:00,23.03,72.58,29.4,42,2.25,0.0,era5
2023-04-27 20:00:00+00:00,23.03,72.58,28.2,53,1.69,0.0,era5
2023-04-27 21:00:00+00:00,23.03,72.58,28.4,45,2.44,0.0,era5
2023-04-27 22:00:00+00:00,23.03,72.58,27.7,44,3.44,0.0,era5
2023-04-27 23:00:00+00:00,23.03,72.58,27.1,51,3.44,0.0,era5
2023-04-28 00:00:00+00:00,23.03,72.58,26.6,49,2.19,0.0,era5
2023-04-28 01:00:00+00:00,23.03,72.58,27.4,60,1.03,0.0,era5
2023-04-28 02:00:00+00:00,23.03,72.58,29.2,46,0.69,180.1,era5
2023-04-28 03:00:00+00:00,23.03,72.58,31.2,38,2.83,341.8,era5
2023-04-28 04:00:00+00:00,23.03,72.58,33.2,33,3.5,561.4,era5
2023-04-28 05:00:00+00:00,23.03,72.58,34.8,28,2.81,688.8,era5
2023-04-28 06:00:00+00:00,23.03,72.58,35.9,26,1.92,634.3,era5
2023-04-28 07:00:00+00:00,23.03,72.58,37.2,24,1.92,674.8,era5
2023-04-28 08:00:00+00:00,23.03,72.58,37.9,23,2.72,708.5,era5
2023-04-28 09:00:00+00:00,23.03,72.58,38.4,22,3.5,685.4,era5
2023-04-28 10:00:00+00:00,23.03,72.58,38.3,21,4.69,610.0,era5
2023-04-28 11:00:00+00:00,23.03,72.58,37.3,22,4.47,449.1,era5
2023-04-28 12:00:00+00:00,23.03,72.58,35.8,24,4.31,52.0,era5
2023-04-28 13:00:00+00:00,23.03,72.58,35.2,25,2.64,37.6,era5
2023-04-28 14:00:00+00:00,23.03,72.58,33.1,29,5.83,0.0,era5
2023-04-28 15:00:00+00:00,23.03,72.58,30.0,41,3.36,0.0,era5
2023-04-28 16:00:00+00:00,23.03,72.58,30.0,42,2.5,0.0,era5
2023-04-28 17:00:00+00:00,23.03,72.58,29.8,42,2.33,0.0,era5
2023-04-28 18:00:00+00:00,23.03,72.58,29.3,45,2.56,0.0,era5
2023-04-28 19:00:00+00:00,23.03,72.58,28.5,49,1.42,0.0,era5
2023-04-28 20:00:00+00:00,23.03,72.58,28.1,55,1.17,0.0,era5
2023-04-28 21:00:00+00:00,23.03,72.58,27.3,57,2.64,0.0,era5
2023-04-28 22:00:00+00:00,23.03,72.58,27.3,54,2.11,0.0,era5
2023-04-28 23:00:00+00:00,23.03,72.58,26.4,57,1.36,0.0,era5
2023-04-29 00:00:00+00:00,23.03,72.58,24.8,72,1.92,0.0,era5
2023-04-29 01:00:00+00:00,23.03,72.58,24.6,72,1.33,0.0,era5
2023-04-29 02:00:00+00:00,23.03,72.58,25.2,70,1.92,26.9,era5
2023-04-29 03:00:00+00:00,23.03,72.58,25.9,66,2.86,48.6,era5
2023-04-29 04:00:00+00:00,23.03,72.58,26.3,66,3.17,13.0,era5
2023-04-29 05:00:00+00:00,23.03,72.58,28.5,56,3.06,160.4,era5
2023-04-29 06:00:00+00:00,23.03,72.58,29.8,49,2.72,178.5,era5
2023-04-29 07:00:00+00:00,23.03,72.58,32.4,39,2.61,645.4,era5
2023-04-29 08:00:00+00:00,23.03,72.58,33.3,35,3.39,611.2,era5
2023-04-29 09:00:00+00:00,23.03,72.58,33.8,33,3.67,501.8,era5
2023-04-29 10:00:00+00:00,23.03,72.58,34.2,32,3.44,500.7,era5
2023-04-29 11:00:00+00:00,23.03,72.58,34.1,31,4.69,168.2,era5
2023-04-29 12:00:00+00:00,23.03,72.58,31.3,37,2.97,38.9,era5
2023-04-29 13:00:00+00:00,23.03,72.58,30.6,40,3.42,29.1,era5
2023-04-29 14:00:00+00:00,23.03,72.58,27.0,60,5.25,0.0,era5
2023-04-29 15:00:00+00:00,23.03,72.58,25.7,71,3.06,0.0,era5
2023-04-29 16:00:00+00:00,23.03,72.58,25.5,73,2.33,0.0,era5
2023-04-29 17:00:00+00:00,23.03,72.58,25.7,71,1.72,0.0,era5
2023-04-29 18:00:00+00:00,23.03,72.58,25.7,70,1.75,0.0,era5
2023-04-29 19:00:00+00:00,23.03,72.58,25.2,74,2.22,0.0,era5
2023-04-29 20:00:00+00:00,23.03,72.58,24.8,78,1.94,0.0,era5
2023-04-29 21:00:00+00:00,23.03,72.58,24.0,83,0.83,0.0,era5
2023-04-29 22:00:00+00:00,23.03,72.58,23.4,87,4.19,0.0,era5
2023-04-29 23:00:00+00:00,23.03,72.58,20.9,95,3.92,0.0,era5
2023-04-30 00:00:00+00:00,23.03,72.58,22.7,81,2.61,0.0,era5
2023-04-30 01:00:00+00:00,23.03,72.58,23.1,79,0.61,0.0,era5
2023-04-30 02:00:00+00:00,23.03,72.58,20.2,93,2.42,148.8,era5
2023-04-30 03:00:00+00:00,23.03,72.58,21.5,86,1.72,89.4,era5
2023-04-30 04:00:00+00:00,23.03,72.58,24.5,71,2.39,380.2,era5
2023-04-30 05:00:00+00:00,23.03,72.58,27.4,59,2.53,517.3,era5
2023-04-30 06:00:00+00:00,23.03,72.58,29.3,53,1.83,610.7,era5
2023-04-30 07:00:00+00:00,23.03,72.58,30.4,50,1.94,668.4,era5
2023-04-30 08:00:00+00:00,23.03,72.58,31.5,46,2.36,719.6,era5
2023-04-30 09:00:00+00:00,23.03,72.58,32.0,43,2.56,668.3,era5
2023-04-30 10:00:00+00:00,23.03,72.58,32.3,41,2.86,606.4,era5
2023-04-30 11:00:00+00:00,23.03,72.58,32.6,38,3.42,543.3,era5
2023-04-30 12:00:00+00:00,23.03,72.58,31.7,35,5.0,394.6,era5
2023-04-30 13:00:00+00:00,23.03,72.58,28.7,50,6.5,140.5,era5
2023-04-30 14:00:00+00:00,23.03,72.58,26.3,60,3.89,11.6,era5
2023-04-30 15:00:00+00:00,23.03,72.58,26.2,61,3.36,0.0,era5
2023-04-30 16:00:00+00:00,23.03,72.58,26.3,60,2.83,0.0,era5
2023-04-30 17:00:00+00:00,23.03,72.58,25.7,62,2.22,0.0,era5
2023-04-30 18:00:00+00:00,23.03,72.58,24.8,66,1.39,0.0,era5
2023-04-30 19:00:00+00:00,23.03,72.58,24.1,70,1.19,0.0,era5
2023-04-30 20:00:00+00:00,23.03,72.58,23.8,72,1.61,0.0,era5
2023-04-30 21:00:00+00:00,23.03,72.58,23.4,75,1.36,0.0,era5
2023-04-30 22:00:00+00:00,23.03,72.58,23.0,78,1.28,0.0,era5
2023-04-30 23:00:00+00:00,23.03,72.58,22.8,78,1.83,0.0,era5
2023-05-01 00:00:00+00:00,23.03,72.58,22.9,80,1.78,0.0,era5
2023-05-01 01:00:00+00:00,23.03,72.58,23.7,75,0.89,0.0,era5
2023-05-01 02:00:00+00:00,23.03,72.58,25.2,68,0.36,220.5,era5
2023-05-01 03:00:00+00:00,23.03,72.58,27.0,60,1.19,442.5,era5
2023-05-01 04:00:00+00:00,23.03,72.58,28.8,52,1.5,592.2,era5
2023-05-01 05:00:00+00:00,23.03,72.58,30.2,44,1.53,601.4,era5
2023-05-01 06:00:00+00:00,23.03,72.58,31.7,39,1.97,647.4,era5
2023-05-01 07:00:00+00:00,23.03,72.58,33.2,34,2.67,714.9,era5
2023-05-01 08:00:00+00:00,23.03,72.58,34.2,31,3.11,725.2,era5
2023-05-01 09:00:00+00:00,23.03,72.58,34.6,30,3.61,664.5,era5
2023-05-01 10:00:00+00:00,23.03,72.58,34.3,31,4.83,574.2,era5
2023-05-01 11:00:00+00:00,23.03,72.58,33.7,32,4.72,456.5,era5
2023-05-01 12:00:00+00:00,23.03,72.58,32.6,33,5.31,344.2,era5
2023-05-01 13:00:00+00:00,23.03,72.58,29.2,50,4.61,127.4,era5
2023-05-01 14:00:00+00:00,23.03,72.58,28.6,51,3.72,22.9,era5
2023-05-01 15:00:00+00:00,23.03,72.58,28.0,54,2.94,0.0,era5
2023-05-01 16:00:00+00:00,23.03,72.58,27.5,55,2.33,0.0,era5
2023-05-01 17:00:00+00:00,23.03,72.58,26.8,60,2.94,0.0,era5
2023-05-01 18:00:00+00:00,23.03,72.58,26.1,65,2.69,0.0,era5
2023-05-01 19:00:00+00:00,23.03,72.58,25.5,67,2.94,0.0,era5
2023-05-01 20:00:00+00:00,23.03,72.58,24.7,69,2.28,0.0,era5
2023-05-01 21:00:00+00:00,23.03,72.58,24.2,72,1.83,0.0,era5
2023-05-01 22:00:00+00:00,23.03,72.58,23.9,74,1.56,0.0,era5
2023-05-01 23:00:00+00:00,23.03,72.58,23.7,75,1.17,0.0,era5
2023-05-02 00:00:00+00:00,23.03,72.58,25.0,70,2.44,0.0,era5
2023-05-02 01:00:00+00:00,23.03,72.58,25.4,69,1.89,0.0,era5
2023-05-02 02:00:00+00:00,23.03,72.58,26.3,67,1.03,134.9,era5
2023-05-02 03:00:00+00:00,23.03,72.58,27.5,62,1.92,241.8,era5
2023-05-02 04:00:00+00:00,23.03,72.58,29.3,54,1.78,396.0,era5
2023-05-02 05:00:00+00:00,23.03,72.58,30.5,49,0.67,516.8,era5
2023-05-02 06:00:00+00:00,23.03,72.58,31.9,45,0.56,569.8,era5
2023-05-02 07:00:00+00:00,23.03,72.58,33.4,40,0.22,695.9,era5
2023-05-02 08:00:00+00:00,23.03,72.58,34.1,38,0.58,532.6,era5
2023-05-02 09:00:00+00:00,23.03,72.58,34.5,35,1.33,356.8,era5
2023-05-02 10:00:00+00:00,23.03,72.58,35.0,33,1.81,431.2,era5
2023-05-02 11:00:00+00:00,23.03,72.58,33.9,34,2.67,152.5,era5
2023-05-02 12:00:00+00:00,23.03,72.58,27.9,57,2.11,203.9,era5
2023-05-02 13:00:00+00:00,23.03,72.58,28.8,55,1.39,126.7,era5
2023-05-02 14:00:00+00:00,23.03,72.58,28.8,57,0.69,11.4,era5
2023-05-02 15:00:00+00:00,23.03,72.58,27.9,61,0.61,0.0,era5
2023-05-02 16:00:00+00:00,23.03,72.58,27.4,63,1.72,0.0,era5
2023-05-02 17:00:00+00:00,23.03,72.58,27.1,64,3.22,0.0,era5
2023-05-02 18:00:00+00:00,23.03,72.58,26.4,63,2.69,0.0,era5
2023-05-02 19:00:00+00:00,23.03,72.58,25.5,66,2.31,0.0,era5
2023-05-02 20:00:00+00:00,23.03,72.58,25.1,68,1.56,0.0,era5
2023-05-02 21:00:00+00:00,23.03,72.58,24.8,69,1.33,0.0,era5
2023-05-02 22:00:00+00:00,23.03,72.58,24.7,70,1.33,0.0,era5
2023-05-02 23:00:00+00:00,23.03,72.58,24.2,73,1.78,0.0,era5
2023-05-03 00:00:00+00:00,23.03,72.58,25.1,67,1.81,0.0,era5
2023-05-03 01:00:00+00:00,23.03,72.58,25.7,73,0.94,0.0,era5
2023-05-03 02:00:00+00:00,23.03,72.58,27.5,59,0.36,215.4,era5
2023-05-03 03:00:00+00:00,23.03,72.58,29.6,54,0.39,397.9,era5
2023-05-03 04:00:00+00:00,23.03,72.58,31.4,49,0.94,536.3,era5
2023-05-03 05:00:00+00:00,23.03,72.58,32.6,44,0.83,622.3,era5
2023-05-03 06:00:00+00:00,23.03,72.58,33.9,39,0.56,614.2,era5
2023-05-03 07:00:00+00:00,23.03,72.58,34.3,36,0.69,123.7,era5
2023-05-03 08:00:00+00:00,23.03,72.58,34.0,34,1.19,17.3,era5
2023-05-03 09:00:00+00:00,23.03,72.58,32.6,39,4.14,53.7,era5
2023-05-03 10:00:00+00:00,23.03,72.58,33.5,37,3.83,531.9,era5
2023-05-03 11:00:00+00:00,23.03,72.58,34.4,32,2.61,533.7,era5
2023-05-03 12:00:00+00:00,23.03,72.58,34.3,32,1.19,430.5,era5
2023-05-03 13:00:00+00:00,23.03,72.58,33.9,33,1.31,239.9,era5
2023-05-03 14:00:00+00:00,23.03,72.58,31.6,40,1.44,22.6,era5
2023-05-03 15:00:00+00:00,23.03,72.58,30.5,43,1.69,0.0,era5
2023-05-03 16:00:00+00:00,23.03,72.58,30.2,44,1.31,0.0,era5
2023-05-03 17:00:00+00:00,23.03,72.58,28.6,50,4.0,0.0,era5
2023-05-03 18:00:00+00:00,23.03,72.58,28.2,54,2.56,0.0,era5
2023-05-03 19:00:00+00:00,23.03,72.58,27.2,60,1.19,0.0,era5
2023-05-03 20:00:00+00:00,23.03,72.58,26.9,61,1.78,0.0,era5
2023-05-03 21:00:00+00:00,23.03,72.58,26.6,61,2.31,0.0,era5
2023-05-03 22:00:00+00:00,23.03,72.58,25.7,64,1.42,0.0,era5
2023-05-03 23:00:00+00:00,23.03,72.58,24.9,69,1.39,0.0,era5
2023-05-04 00:00:00+00:00,23.03,72.58,26.3,65,1.42,0.0,era5
2023-05-04 01:00:00+00:00,23.03,72.58,27.2,61,1.67,0.0,era5
2023-05-04 02:00:00+00:00,23.03,72.58,28.8,55,1.81,192.7,era5
2023-05-04 03:00:00+00:00,23.03,72.58,30.9,48,2.0,410.5,era5
2023-05-04 04:00:00+00:00,23.03,72.58,32.8,43,1.08,575.0,era5
2023-05-04 05:00:00+00:00,23.03,72.58,34.7,36,1.36,668.1,era5
2023-05-04 06:00:00+00:00,23.03,72.58,36.2,32,0.5,651.9,era5
2023-05-04 07:00:00+00:00,23.03,72.58,37.0,29,0.39,588.6,era5
2023-05-04 08:00:00+00:00,23.03,72.58,37.5,27,1.11,468.0,era5
2023-05-04 09:00:00+00:00,23.03,72.58,37.3,26,2.0,252.2,era5
2023-05-04 10:00:00+00:00,23.03,72.58,36.7,25,3.08,194.6,era5
2023-05-04 11:00:00+00:00,23.03,72.58,36.2,25,1.5,156.6,era5
2023-05-04 12:00:00+00:00,23.03,72.58,35.8,27,1.22,346.2,era5
2023-05-04 13:00:00+00:00,23.03,72.58,35.3,28,0.72,262.8,era5
2023-05-04 14:00:00+00:00,23.03,72.58,32.2,35,1.78,22.4,era5
2023-05-04 15:00:00+00:00,23.03,72.58,32.2,34,3.39,0.0,era5
2023-05-04 16:00:00+00:00,23.03,72.58,31.4,44,4.67,0.0,era5
2023-05-04 17:00:00+00:00,23.03,72.58,30.6,49,3.33,0.0,era5
2023-05-04 18:00:00+00:00,23.03,72.58,29.8,51,2.92,0.0,era5
2023-05-04 19:00:00+00:00,23.03,72.58,29.0,54,3.0,0.0,era5
2023-05-04 20:00:00+00:00,23.03,72.58,28.5,55,2.83,0.0,era5
2023-05-04 21:00:00+00:00,23.03,72.58,27.9,56,2.06,0.0,era5
2023-05-04 22:00:00+00:00,23.03,72.58,27.1,60,1.58,0.0,era5
2023-05-04 23:00:00+00:00,23.03,72.58,26.5,63,1.39,0.0,era5
2023-05-05 00:00:00+00:00,23.03,72.58,27.1,62,1.94,0.0,era5
2023-05-05 01:00:00+00:00,23.03,72.58,27.4,62,2.47,0.0,era5
2023-05-05 02:00:00+00:00,23.03,72.58,28.9,59,2.25,215.7,era5
2023-05-05 03:00:00+00:00,23.03,72.58,30.9,54,1.78,448.9,era5
2023-05-05 04:00:00+00:00,23.03,72.58,32.9,47,1.42,588.1,era5
2023-05-05 05:00:00+00:00,23.03,72.58,35.0,38,1.28,674.7,era5
2023-05-05 06:00:00+00:00,23.03,72.58,36.4,31,1.0,643.6,era5
2023-05-05 07:00:00+00:00,23.03,72.58,37.7,28,0.31,626.0,era5
2023-05-05 08:00:00+00:00,23.03,72.58,38.3,26,0.11,615.8,era5
2023-05-05 09:00:00+00:00,23.03,72.58,38.7,24,0.86,545.9,era5
2023-05-05 10:00:00+00:00,23.03,72.58,38.3,24,0.83,273.4,era5
2023-05-05 11:00:00+00:00,23.03,72.58,36.7,26,3.61,0.0,era5
2023-05-05 12:00:00+00:00,23.03,72.58,34.7,34,4.03,12.8,era5
2023-05-05 13:00:00+00:00,23.03,72.58,33.8,33,2.11,253.3,era5
2023-05-05 14:00:00+00:00,23.03,72.58,32.1,38,3.11,22.2,era5
2023-05-05 15:00:00+00:00,23.03,72.58,30.8,44,2.11,0.0,era5
2023-05-05 16:00:00+00:00,23.03,72.58,30.0,47,1.67,0.0,era5
2023-05-05 17:00:00+00:00,23.03,72.58,29.6,48,2.64,0.0,era5
2023-05-05 18:00:00+00:00,23.03,72.58,29.8,46,3.33,0.0,era5
2023-05-05 19:00:00+00:00,23.03,72.58,29.1,49,2.0,0.0,era5
2023-05-05 20:00:00+00:00,23.03,72.58,28.9,49,2.69,0.0,era5
2023-05-05 21:00:00+00:00,23.03,72.58,29.0,48,2.81,0.0,era5
2023-05-05 22:00:00+00:00,23.03,72.58,28.4,55,2.39,0.0,era5
2023-05-05 23:00:00+00:00,23.03,72.58,28.0,59,2.42,0.0,era5
2023-05-06 00:00:00+00:00,23.03,72.58,25.6,86,1.33,0.0,era5
2023-05-06 01:00:00+00:00,23.03,72.58,27.2,83,2.44,0.0,era5
2023-05-06 02:00:00+00:00,23.03,72.58,27.9,77,1.5,178.8,era5
2023-05-06 03:00:00+00:00,23.03,72.58,28.9,71,3.19,160.0,era5
2023-05-06 04:00:00+00:00,23.03,72.58,31.0,57,2.19,127.6,era5
2023-05-06 05:00:00+00:00,23.03,72.58,33.0,47,1.28,341.3,era5
2023-05-06 06:00:00+00:00,23.03,72.58,35.1,39,2.11,327.0,era5
2023-05-06 07:00:00+00:00,23.03,72.58,34.5,35,3.31,390.8,era5
2023-05-06 08:00:00+00:00,23.03,72.58,34.0,37,2.47,234.2,era5
2023-05-06 09:00:00+00:00,23.03,72.58,35.6,32,1.56,480.2,era5
2023-05-06 10:00:00+00:00,23.03,72.58,36.9,29,1.67,559.7,era5
2023-05-06 11:00:00+00:00,23.03,72.58,36.9,28,1.36,600.8,era5
2023-05-06 12:00:00+00:00,23.03,72.58,37.6,24,2.92,461.6,era5
2023-05-06 13:00:00+00:00,23.03,72.58,36.9,23,2.97,180.0,era5
2023-05-06 14:00:00+00:00,23.03,72.58,34.8,26,4.11,22.0,era5
2023-05-06 15:00:00+00:00,23.03,72.58,34.5,29,1.44,0.0,era5
2023-05-06 16:00:00+00:00,23.03,72.58,33.0,34,4.28,0.0,era5
2023-05-06 17:00:00+00:00,23.03,72.58,32.0,38,4.06,0.0,era5
2023-05-06 18:00:00+00:00,23.03,72.58,31.5,40,3.31,0.0,era5
2023-05-06 19:00:00+00:00,23.03,72.58,30.6,46,3.61,0.0,era5
2023-05-06 20:00:00+00:00,23.03,72.58,30.3,52,3.89,0.0,era5
2023-05-06 21:00:00+00:00,23.03,72.58,30.1,48,3.14,0.0,era5
2023-05-06 22:00:00+00:00,23.03,72.58,29.3,50,2.42,0.0,era5
2023-05-06 23:00:00+00:00,23.03,72.58,28.9,54,2.28,0.0,era5
2023-05-07 00:00:00+00:00,23.03,72.58,28.4,62,2.69,0.0,era5
2023-05-07 01:00:00+00:00,23.03,72.58,28.6,63,2.5,0.0,era5
2023-05-07 02:00:00+00:00,23.03,72.58,29.8,59,4.22,216.4,era5
2023-05-07 03:00:00+00:00,23.03,72.58,31.5,51,4.58,281.3,era5
2023-05-07 04:00:00+00:00,23.03,72.58,33.4,44,3.36,356.4,era5
2023-05-07 05:00:00+00:00,23.03,72.58,36.0,35,3.19,618.8,era5
2023-05-07 06:00:00+00:00,23.03,72.58,37.8,29,3.19,661.1,era5
2023-05-07 07:00:00+00:00,23.03,72.58,38.8,26,2.72,659.8,era5
2023-05-07 08:00:00+00:00,23.03,72.58,39.3,25,2.44,530.0,era5
2023-05-07 09:00:00+00:00,23.03,72.58,40.0,23,2.61,643.8,era5
2023-05-07 10:00:00+00:00,23.03,72.58,39.9,23,2.5,589.6,era5
2023-05-07 11:00:00+00:00,23.03,72.58,39.6,23,2.31,532.6,era5
2023-05-07 12:00:00+00:00,23.03,72.58,39.0,21,2.28,394.7,era5
2023-05-07 13:00:00+00:00,23.03,72.58,37.8,21,1.81,222.7,era5
2023-05-07 14:00:00+00:00,23.03,72.58,35.4,25,1.72,21.9,era5
2023-05-07 15:00:00+00:00,23.03,72.58,33.8,30,1.75,0.0,era5
2023-05-07 16:00:00+00:00,23.03,72.58,32.8,39,3.44,0.0,era5
2023-05-07 17:00:00+00:00,23.03,72.58,32.7,40,4.75,0.0,era5
2023-05-07 18:00:00+00:00,23.03,72.58,31.8,46,4.25,0.0,era5
2023-05-07 19:00:00+00:00,23.03,72.58,31.2,50,3.28,0.0,era5
2023-05-07 20:00:00+00:00,23.03,72.58,30.4,49,2.22,0.0,era5
2023-05-07 21:00:00+00:00,23.03,72.58,29.6,46,2.19,0.0,era5
2023-05-07 22:00:00+00:00,23.03,72.58,28.8,42,2.22,0.0,era5
2023-05-07 23:00:00+00:00,23.03,72.58,28.2,42,2.61,0.0,era5
2023-05-08 00:00:00+00:00,23.03,72.58,28.0,47,2.39,0.0,era5
2023-05-08 01:00:00+00:00,23.03,72.58,28.3,51,2.61,14.7,era5
2023-05-08 02:00:00+00:00,23.03,72.58,29.6,53,2.61,233.8,era5
2023-05-08 03:00:00+00:00,23.03,72.58,31.3,50,2.53,457.7,era5
2023-05-08 04:00:00+00:00,23.03,72.58,33.6,42,2.58,600.3,era5
2023-05-08 05:00:00+00:00,23.03,72.58,35.8,34,2.97,683.4,era5
2023-05-08 06:00:00+00:00,23.03,72.58,37.7,29,3.19,730.4,era5
2023-05-08 07:00:00+00:00,23.03,72.58,39.3,24,3.22,751.2,era5
2023-05-08 08:00:00+00:00,23.03,72.58,39.9,20,3.64,575.3,era5
2023-05-08 09:00:00+00:00,23.03,72.58,40.2,17,3.86,518.2,era5
2023-05-08 10:00:00+00:00,23.03,72.58,40.2,17,3.94,442.5,era5
2023-05-08 11:00:00+00:00,23.03,72.58,40.0,17,3.22,446.5,era5
2023-05-08 12:00:00+00:00,23.03,72.58,39.5,17,3.11,402.3,era5
2023-05-08 13:00:00+00:00,23.03,72.58,38.5,18,2.11,253.2,era5
2023-05-08 14:00:00+00:00,23.03,72.58,37.0,20,1.81,32.5,era5
2023-05-08 15:00:00+00:00,23.03,72.58,33.3,26,2.67,0.0,era5
2023-05-08 16:00:00+00:00,23.03,72.58,32.3,37,2.89,0.0,era5
2023-05-08 17:00:00+00:00,23.03,72.58,31.1,42,2.22,0.0,era5
2023-05-08 18:00:00+00:00,23.03,72.58,30.5,44,2.72,0.0,era5
2023-05-08 19:00:00+00:00,23.03,72.58,30.1,51,3.33,0.0,era5
2023-05-08 20:00:00+00:00,23.03,72.58,29.4,56,2.83,0.0,era5
2023-05-08 21:00:00+00:00,23.03,72.58,28.5,61,1.67,0.0,era5
2023-05-08 22:00:00+00:00,23.03,72.58,27.2,63,2.42,0.0,era5
2023-05-08 23:00:00+00:00,23.03,72.58,27.0,53,1.89,0.0,era5
2023-05-09 00:00:00+00:00,23.03,72.58,27.5,52,2.28,0.0,era5
2023-05-09 01:00:00+00:00,23.03,72.58,27.8,56,2.22,14.5,era5
2023-05-09 02:00:00+00:00,23.03,72.58,29.5,57,2.11,241.4,era5
2023-05-09 03:00:00+00:00,23.03,72.58,31.8,52,2.56,467.7,era5
2023-05-09 04:00:00+00:00,23.03,72.58,34.6,42,3.11,608.7,era5
2023-05-09 05:00:00+00:00,23.03,72.58,37.3,33,3.53,690.1,era5
2023-05-09 06:00:00+00:00,23.03,72.58,39.7,24,2.72,736.4,era5
2023-05-09 07:00:00+00:00,23.03,72.58,41.3,18,1.83,735.5,era5
2023-05-09 08:00:00+00:00,23.03,72.58,41.8,16,2.03,609.4,era5
2023-05-09 09:00:00+00:00,23.03,72.58,42.3,15,2.64,631.3,era5
2023-05-09 10:00:00+00:00,23.03,72.58,42.7,14,2.86,671.1,era5
2023-05-09 11:00:00+00:00,23.03,72.58,42.6,14,3.28,571.7,era5
2023-05-09 12:00:00+00:00,23.03,72.58,41.4,14,2.5,485.9,era5
2023-05-09 13:00:00+00:00,23.03,72.58,39.7,15,2.83,295.1,era5
2023-05-09 14:00:00+00:00,23.03,72.58,36.7,17,2.61,32.3,era5
2023-05-09 15:00:00+00:00,23.03,72.58,35.8,18,3.31,0.0,era5
2023-05-09 16:00:00+00:00,23.03,72.58,34.6,19,2.33,0.0,era5
2023-05-09 17:00:00+00:00,23.03,72.58,32.9,21,2.5,0.0,era5
2023-05-09 18:00:00+00:00,23.03,72.58,31.4,22,2.03,0.0,era5
2023-05-09 19:00:00+00:00,23.03,72.58,29.2,26,2.14,0.0,era5
2023-05-09 20:00:00+00:00,23.03,72.58,30.8,24,0.64,0.0,era5
2023-05-09 21:00:00+00:00,23.03,72.58,28.0,29,2.22,0.0,era5
2023-05-09 22:00:00+00:00,23.03,72.58,27.4,31,2.83,0.0,era5
2023-05-09 23:00:00+00:00,23.03,72.58,27.7,32,3.5,0.0,era5
2023-05-10 00:00:00+00:00,23.03,72.58,27.9,38,3.03,0.0,era5
2023-05-10 01:00:00+00:00,23.03,72.58,27.7,41,2.47,14.3,era5
2023-05-10 02:00:00+00:00,23.03,72.58,29.8,38,2.89,253.6,era5
2023-05-10 03:00:00+00:00,23.03,72.58,33.0,31,3.0,487.0,era5
2023-05-10 04:00:00+00:00,23.03,72.58,35.8,28,3.39,629.7,era5
2023-05-10 05:00:00+00:00,23.03,72.58,38.8,22,3.64,712.0,era5
2023-05-10 06:00:00+00:00,23.03,72.58,41.5,13,4.22,756.6,era5
2023-05-10 07:00:00+00:00,23.03,72.58,42.6,10,3.72,777.9,era5
2023-05-10 08:00:00+00:00,23.03,72.58,43.0,10,3.61,780.2,era5
2023-05-10 09:00:00+00:00,23.03,72.58,43.3,10,3.81,762.6,era5
2023-05-10 10:00:00+00:00,23.03,72.58,43.3,9,4.33,721.5,era5
2023-05-10 11:00:00+00:00,23.03,72.58,42.8,9,4.67,648.7,era5
2023-05-10 12:00:00+00:00,23.03,72.58,41.7,10,4.25,522.8,era5
2023-05-10 13:00:00+00:00,23.03,72.58,39.9,11,2.89,305.2,era5
2023-05-10 14:00:00+00:00,23.03,72.58,34.8,16,2.64,42.7,era5
2023-05-10 15:00:00+00:00,23.03,72.58,32.9,17,2.64,0.0,era5
2023-05-10 16:00:00+00:00,23.03,72.58,31.4,20,2.94,0.0,era5
2023-05-10 17:00:00+00:00,23.03,72.58,30.5,20,2.75,0.0,era5
2023-05-10 18:00:00+00:00,23.03,72.58,30.1,21,2.22,0.0,era5
2023-05-10 19:00:00+00:00,23.03,72.58,28.7,23,2.61,0.0,era5
2023-05-10 20:00:00+00:00,23.03,72.58,28.1,24,2.08,0.0,era5
2023-05-10 21:00:00+00:00,23.03,72.58,27.9,23,2.22,0.0,era5
2023-05-10 22:00:00+00:00,23.03,72.58,27.9,22,2.33,0.0,era5
2023-05-10 23:00:00+00:00,23.03,72.58,29.0,20,1.42,0.0,era5
2023-05-11 00:00:00+00:00,23.03,72.58,28.2,26,2.25,0.0,era5
2023-05-11 01:00:00+00:00,23.03,72.58,27.2,32,1.97,14.1,era5
2023-05-11 02:00:00+00:00,23.03,72.58,30.2,30,3.0,256.3,era5
2023-05-11 03:00:00+00:00,23.03,72.58,33.2,28,2.69,485.5,era5
2023-05-11 04:00:00+00:00,23.03,72.58,36.2,25,2.97,627.1,era5
2023-05-11 05:00:00+00:00,23.03,72.58,39.4,18,3.97,708.7,era5
2023-05-11 06:00:00+00:00,23.03,72.58,41.4,13,5.39,754.0,era5
2023-05-11 07:00:00+00:00,23.03,72.58,42.6,11,4.81,774.4,era5
2023-05-11 08:00:00+00:00,23.03,72.58,43.0,11,4.17,776.8,era5
2023-05-11 09:00:00+00:00,23.03,72.58,43.1,10,4.0,757.9,era5
2023-05-11 10:00:00+00:00,23.03,72.58,43.1,10,3.61,717.3,era5
2023-05-11 11:00:00+00:00,23.03,72.58,42.9,10,2.92,643.5,era5
2023-05-11 12:00:00+00:00,23.03,72.58,42.1,11,2.92,517.4,era5
2023-05-11 13:00:00+00:00,23.03,72.58,39.4,16,1.64,303.6,era5
2023-05-11 14:00:00+00:00,23.03,72.58,35.3,18,2.92,42.4,era5
2023-05-11 15:00:00+00:00,23.03,72.58,34.7,17,2.53,0.0,era5
2023-05-11 16:00:00+00:00,23.03,72.58,32.8,18,3.17,0.0,era5
2023-05-11 17:00:00+00:00,23.03,72.58,32.1,18,3.0,0.0,era5
2023-05-11 18:00:00+00:00,23.03,72.58,30.8,19,2.94,0.0,era5
2023-05-11 19:00:00+00:00,23.03,72.58,31.0,18,3.03,0.0,era5
2023-05-11 20:00:00+00:00,23.03,72.58,30.1,19,2.69,0.0,era5
2023-05-11 21:00:00+00:00,23.03,72.58,29.2,24,3.22,0.0,era5
2023-05-11 22:00:00+00:00,23.03,72.58,28.7,31,3.11,0.0,era5
2023-05-11 23:00:00+00:00,23.03,72.58,28.2,37,3.14,0.0,era5
2023-05-12 00:00:00+00:00,23.03,72.58,28.7,42,3.58,0.0,era5
2023-05-12 01:00:00+00:00,23.03,72.58,29.0,45,3.97,13.9,era5
2023-05-12 02:00:00+00:00,23.03,72.58,30.8,43,3.72,249.6,era5
2023-05-12 03:00:00+00:00,23.03,72.58,33.3,36,4.25,477.1,era5
2023-05-12 04:00:00+00:00,23.03,72.58,36.0,28,4.33,621.3,era5
2023-05-12 05:00:00+00:00,23.03,72.58,39.0,20,4.86,704.3,era5
2023-05-12 06:00:00+00:00,23.03,72.58,41.3,13,5.28,751.3,era5
2023-05-12 07:00:00+00:00,23.03,72.58,42.7,10,5.11,775.1,era5
2023-05-12 08:00:00+00:00,23.03,72.58,43.4,9,3.94,779.5,era5
2023-05-12 09:00:00+00:00,23.03,72.58,43.6,9,3.39,764.0,era5
2023-05-12 10:00:00+00:00,23.03,72.58,43.5,9,3.19,724.1,era5
2023-05-12 11:00:00+00:00,23.03,72.58,43.2,9,3.11,650.2,era5
2023-05-12 12:00:00+00:00,23.03,72.58,41.9,10,3.83,522.6,era5
2023-05-12 13:00:00+00:00,23.03,72.58,40.3,10,3.61,305.9,era5
2023-05-12 14:00:00+00:00,23.03,72.58,37.7,12,2.94,42.1,era5
2023-05-12 15:00:00+00:00,23.03,72.58,35.0,14,2.69,0.0,era5
2023-05-12 16:00:00+00:00,23.03,72.58,34.6,15,2.69,0.0,era5
2023-05-12 17:00:00+00:00,23.03,72.58,31.8,18,2.89,0.0,era5
2023-05-12 18:00:00+00:00,23.03,72.58,32.5,19,3.17,0.0,era5
2023-05-12 19:00:00+00:00,23.03,72.58,31.5,27,3.39,0.0,era5
2023-05-12 20:00:00+00:00,23.03,72.58,30.5,31,3.28,0.0,era5
2023-05-12 21:00:00+00:00,23.03,72.58,29.9,34,3.56,0.0,era5
2023-05-12 22:00:00+00:00,23.03,72.58,29.1,39,3.25,0.0,era5
2023-05-12 23:00:00+00:00,23.03,72.58,28.5,43,3.19,0.0,era5
2023-05-13 00:00:00+00:00,23.03,72.58,29.0,47,2.92,0.0,era5
2023-05-13 01:00:00+00:00,23.03,72.58,29.3,48,3.25,13.8,era5
2023-05-13 02:00:00+00:00,23.03,72.58,31.1,46,2.97,243.1,era5
2023-05-13 03:00:00+00:00,23.03,72.58,33.4,40,3.47,466.5,era5
2023-05-13 04:00:00+00:00,23.03,72.58,35.9,32,3.64,606.2,era5
2023-05-13 05:00:00+00:00,23.03,72.58,38.5,26,4.03,688.7,era5
2023-05-13 06:00:00+00:00,23.03,72.58,40.7,19,4.47,735.7,era5
2023-05-13 07:00:00+00:00,23.03,72.58,42.4,15,4.53,759.6,era5
2023-05-13 08:00:00+00:00,23.03,72.58,43.4,13,4.11,763.1,era5
2023-05-13 09:00:00+00:00,23.03,72.58,43.7,12,3.83,747.6,era5
2023-05-13 10:00:00+00:00,23.03,72.58,43.7,12,3.61,706.7,era5
2023-05-13 11:00:00+00:00,23.03,72.58,43.2,12,3.19,633.1,era5
2023-05-13 12:00:00+00:00,23.03,72.58,42.5,13,3.42,508.9,era5
2023-05-13 13:00:00+00:00,23.03,72.58,40.8,14,2.11,296.6,era5
2023-05-13 14:00:00+00:00,23.03,72.58,37.5,16,2.5,41.7,era5
2023-05-13 15:00:00+00:00,23.03,72.58,36.0,18,2.94,0.0,era5
2023-05-13 16:00:00+00:00,23.03,72.58,34.0,29,4.17,0.0,era5
2023-05-13 17:00:00+00:00,23.03,72.58,33.0,37,3.39,0.0,era5
2023-05-13 18:00:00+00:00,23.03,72.58,32.3,39,3.44,0.0,era5
2023-05-13 19:00:00+00:00,23.03,72.58,31.7,31,3.83,0.0,era5
2023-05-13 20:00:00+00:00,23.03,72.58,30.6,39,3.81,0.0,era5
2023-05-13 21:00:00+00:00,23.03,72.58,29.6,48,3.03,0.0,era5
2023-05-13 22:00:00+00:00,23.03,72.58,28.9,54,3.25,0.0,era5
2023-05-13 23:00:00+00:00,23.03,72.58,28.3,58,3.03,0.0,era5
2023-05-14 00:00:00+00:00,23.03,72.58,28.5,64,3.92,0.0,era5
2023-05-14 01:00:00+00:00,23.03,72.58,28.6,65,4.11,13.6,era5
2023-05-14 02:00:00+00:00,23.03,72.58,29.9,62,3.72,241.4,era5
2023-05-14 03:00:00+00:00,23.03,72.58,31.7,56,3.03,465.2,era5
2023-05-14 04:00:00+00:00,23.03,72.58,33.9,49,2.81,603.8,era5
2023-05-14 05:00:00+00:00,23.03,72.58,36.3,41,3.61,683.1,era5
2023-05-14 06:00:00+00:00,23.03,72.58,38.6,32,4.0,727.7,era5
2023-05-14 07:00:00+00:00,23.03,72.58,40.6,24,4.5,749.1,era5
2023-05-14 08:00:00+00:00,23.03,72.58,41.9,19,4.81,753.7,era5
2023-05-14 09:00:00+00:00,23.03,72.58,42.7,16,4.61,709.9,era5
2023-05-14 10:00:00+00:00,23.03,72.58,42.7,15,5.06,583.1,era5
2023-05-14 11:00:00+00:00,23.03,72.58,42.4,14,5.39,502.9,era5
2023-05-14 12:00:00+00:00,23.03,72.58,41.8,14,5.42,405.4,era5
2023-05-14 13:00:00+00:00,23.03,72.58,40.3,15,4.11,256.7,era5
2023-05-14 14:00:00+00:00,23.03,72.58,37.4,18,2.22,41.4,era5
2023-05-14 15:00:00+00:00,23.03,72.58,34.4,38,4.94,0.0,era5
2023-05-14 16:00:00+00:00,23.03,72.58,32.9,50,3.89,0.0,era5
2023-05-14 17:00:00+00:00,23.03,72.58,33.0,40,2.92,0.0,era5
2023-05-14 18:00:00+00:00,23.03,72.58,32.6,36,3.06,0.0,era5
2023-05-14 19:00:00+00:00,23.03,72.58,31.5,45,3.17,0.0,era5
2023-05-14 20:00:00+00:00,23.03,72.58,30.4,55,3.81,0.0,era5
2023-05-14 21:00:00+00:00,23.03,72.58,29.2,62,4.22,0.0,era5
2023-05-14 22:00:00+00:00,23.03,72.58,28.3,69,3.72,0.0,era5
2023-05-14 23:00:00+00:00,23.03,72.58,27.7,74,3.31,0.0,era5
2023-05-15 00:00:00+00:00,23.03,72.58,27.6,78,1.94,0.0,era5
2023-05-15 01:00:00+00:00,23.03,72.58,28.3,76,3.08,13.5,era5
2023-05-15 02:00:00+00:00,23.03,72.58,29.4,71,3.75,221.3,era5
2023-05-15 03:00:00+00:00,23.03,72.58,31.2,63,4.56,425.2,era5
2023-05-15 04:00:00+00:00,23.03,72.58,32.9,57,4.06,563.7,era5
2023-05-15 05:00:00+00:00,23.03,72.58,35.0,49,3.86,662.7,era5
2023-05-15 06:00:00+00:00,23.03,72.58,37.1,42,4.17,717.6,era5
2023-05-15 07:00:00+00:00,23.03,72.58,39.2,32,5.06,737.7,era5
2023-05-15 08:00:00+00:00,23.03,72.58,40.7,25,5.53,736.3,era5
2023-05-15 09:00:00+00:00,23.03,72.58,41.5,21,5.31,652.0,era5
2023-05-15 10:00:00+00:00,23.03,72.58,41.9,18,5.03,622.5,era5
2023-05-15 11:00:00+00:00,23.03,72.58,41.7,18,5.72,477.1,era5
2023-05-15 12:00:00+00:00,23.03,72.58,39.1,23,6.42,281.5,era5
2023-05-15 13:00:00+00:00,23.03,72.58,36.6,35,5.5,232.5,era5
2023-05-15 14:00:00+00:00,23.03,72.58,33.6,50,5.47,30.8,era5
2023-05-15 15:00:00+00:00,23.03,72.58,32.0,57,5.03,0.0,era5
2023-05-15 16:00:00+00:00,23.03,72.58,30.9,64,3.33,0.0,era5
2023-05-15 17:00:00+00:00,23.03,72.58,30.5,70,2.64,0.0,era5
2023-05-15 18:00:00+00:00,23.03,72.58,30.3,72,2.56,0.0,era5
2023-05-15 19:00:00+00:00,23.03,72.58,30.7,57,4.0,0.0,era5
2023-05-15 20:00:00+00:00,23.03,72.58,29.7,64,4.92,0.0,era5
2023-05-15 21:00:00+00:00,23.03,72.58,29.0,70,4.5,0.0,era5
2023-05-15 22:00:00+00:00,23.03,72.58,28.6,73,4.19,0.0,era5
2023-05-15 23:00:00+00:00,23.03,72.58,28.2,74,3.61,0.0,era5
2023-05-16 00:00:00+00:00,23.03,72.58,28.5,74,2.81,0.0,era5
2023-05-16 01:00:00+00:00,23.03,72.58,28.8,73,2.81,13.3,era5
2023-05-16 02:00:00+00:00,23.03,72.58,29.7,69,3.89,169.5,era5
2023-05-16 03:00:00+00:00,23.03,72.58,31.2,62,3.56,317.0,era5
2023-05-16 04:00:00+00:00,23.03,72.58,32.9,55,3.33,505.0,era5
2023-05-16 05:00:00+00:00,23.03,72.58,34.7,48,3.53,579.9,era5
2023-05-16 06:00:00+00:00,23.03,72.58,36.3,41,3.61,652.0,era5
2023-05-16 07:00:00+00:00,23.03,72.58,37.9,37,3.72,671.4,era5
2023-05-16 08:00:00+00:00,23.03,72.58,39.3,32,4.14,696.7,era5
2023-05-16 09:00:00+00:00,23.03,72.58,40.3,27,4.28,684.8,era5
2023-05-16 10:00:00+00:00,23.03,72.58,41.2,22,4.5,610.0,era5
2023-05-16 11:00:00+00:00,23.03,72.58,41.6,16,5.44,504.7,era5
2023-05-16 12:00:00+00:00,23.03,72.58,40.2,18,4.22,351.6,era5
2023-05-16 13:00:00+00:00,23.03,72.58,38.9,20,5.06,193.4,era5
2023-05-16 14:00:00+00:00,23.03,72.58,33.3,54,6.14,40.8,era5
2023-05-16 15:00:00+00:00,23.03,72.58,31.5,63,5.14,0.0,era5
2023-05-16 16:00:00+00:00,23.03,72.58,30.7,66,4.97,0.0,era5
2023-05-16 17:00:00+00:00,23.03,72.58,30.0,73,4.25,0.0,era5
2023-05-16 18:00:00+00:00,23.03,72.58,29.6,76,3.56,0.0,era5
2023-05-16 19:00:00+00:00,23.03,72.58,30.3,56,4.44,0.0,era5
2023-05-16 20:00:00+00:00,23.03,72.58,29.3,66,4.81,0.0,era5
2023-05-16 21:00:00+00:00,23.03,72.58,28.5,73,3.92,0.0,era5
2023-05-16 22:00:00+00:00,23.03,72.58,27.9,76,3.03,0.0,era5
2023-05-16 23:00:00+00:00,23.03,72.58,27.5,78,2.22,0.0,era5
2023-05-17 00:00:00+00:00,23.03,72.58,27.6,82,3.31,0.0,era5
2023-05-17 01:00:00+00:00,23.03,72.58,28.1,80,3.92,13.2,era5
2023-05-17 02:00:00+00:00,23.03,72.58,29.1,75,3.33,173.1,era5
2023-05-17 03:00:00+00:00,23.03,72.58,30.6,67,2.5,373.1,era5
2023-05-17 04:00:00+00:00,23.03,72.58,32.2,59,2.44,548.3,era5
2023-05-17 05:00:00+00:00,23.03,72.58,34.1,51,2.69,626.9,era5
2023-05-17 06:00:00+00:00,23.03,72.58,36.2,41,3.0,694.2,era5
2023-05-17 07:00:00+00:00,23.03,72.58,38.2,34,3.42,736.2,era5
2023-05-17 08:00:00+00:00,23.03,72.58,39.7,26,3.83,743.9,era5
2023-05-17 09:00:00+00:00,23.03,72.58,40.6,22,3.92,724.0,era5
2023-05-17 10:00:00+00:00,23.03,72.58,41.3,18,3.5,631.3,era5
2023-05-17 11:00:00+00:00,23.03,72.58,41.3,17,3.53,514.5,era5
2023-05-17 12:00:00+00:00,23.03,72.58,40.8,16,3.64,454.7,era5
2023-05-17 13:00:00+00:00,23.03,72.58,39.8,15,3.89,249.1,era5
2023-05-17 14:00:00+00:00,23.03,72.58,38.1,13,4.61,40.5,era5
2023-05-17 15:00:00+00:00,23.03,72.58,33.6,40,5.56,0.0,era5
2023-05-17 16:00:00+00:00,23.03,72.58,31.2,61,4.83,0.0,era5
2023-05-17 17:00:00+00:00,23.03,72.58,30.6,65,4.17,0.0,era5
2023-05-17 18:00:00+00:00,23.03,72.58,30.0,70,3.19,0.0,era5
2023-05-17 19:00:00+00:00,23.03,72.58,29.8,58,3.22,0.0,era5
2023-05-17 20:00:00+00:00,23.03,72.58,29.3,46,3.92,0.0,era5
2023-05-17 21:00:00+00:00,23.03,72.58,27.8,67,4.08,0.0,era5
2023-05-17 22:00:00+00:00,23.03,72.58,27.1,80,4.08,0.0,era5
2023-05-17 23:00:00+00:00,23.03,72.58,26.8,86,3.42,0.0,era5
2023-05-18 00:00:00+00:00,23.03,72.58,26.8,87,2.69,0.0,era5
2023-05-18 01:00:00+00:00,23.03,72.58,27.5,84,3.14,13.1,era5
2023-05-18 02:00:00+00:00,23.03,72.58,28.9,78,4.03,58.9,era5
2023-05-18 03:00:00+00:00,23.03,72.58,30.1,71,3.75,74.9,era5
2023-05-18 04:00:00+00:00,23.03,72.58,32.2,61,3.36,408.5,era5
2023-05-18 05:00:00+00:00,23.03,72.58,34.0,52,2.61,570.5,era5
2023-05-18 06:00:00+00:00,23.03,72.58,35.9,45,2.5,672.2,era5
2023-05-18 07:00:00+00:00,23.03,72.58,38.0,36,3.03,710.7,era5
2023-05-18 08:00:00+00:00,23.03,72.58,39.6,28,3.89,637.8,era5
2023-05-18 09:00:00+00:00,23.03,72.58,40.3,25,4.36,654.4,era5
2023-05-18 10:00:00+00:00,23.03,72.58,40.5,23,4.39,547.8,era5
2023-05-18 11:00:00+00:00,23.03,72.58,40.7,21,4.03,475.4,era5
2023-05-18 12:00:00+00:00,23.03,72.58,40.7,17,5.36,401.9,era5
2023-05-18 13:00:00+00:00,23.03,72.58,39.8,16,4.97,274.1,era5
2023-05-18 14:00:00+00:00,23.03,72.58,37.4,18,4.72,30.2,era5
2023-05-18 15:00:00+00:00,23.03,72.58,36.1,18,4.53,0.0,era5
2023-05-18 16:00:00+00:00,23.03,72.58,34.2,21,2.67,0.0,era5
2023-05-18 17:00:00+00:00,23.03,72.58,32.3,36,3.19,0.0,era5
2023-05-18 18:00:00+00:00,23.03,72.58,31.5,42,2.81,0.0,era5
2023-05-18 19:00:00+00:00,23.03,72.58,31.1,41,3.14,0.0,era5
2023-05-18 20:00:00+00:00,23.03,72.58,30.6,44,3.5,0.0,era5
2023-05-18 21:00:00+00:00,23.03,72.58,29.7,55,3.5,0.0,era5
2023-05-18 22:00:00+00:00,23.03,72.58,29.0,67,3.78,0.0,era5
2023-05-18 23:00:00+00:00,23.03,72.58,28.5,72,3.86,0.0,era5
2023-05-19 00:00:00+00:00,23.03,72.58,29.0,77,3.11,0.0,era5
2023-05-19 01:00:00+00:00,23.03,72.58,29.1,76,3.28,13.0,era5
2023-05-19 02:00:00+00:00,23.03,72.58,30.1,72,3.47,225.4,era5
2023-05-19 03:00:00+00:00,23.03,72.58,31.9,64,3.28,435.1,era5
2023-05-19 04:00:00+00:00,23.03,72.58,34.1,56,2.89,573.8,era5
2023-05-19 05:00:00+00:00,23.03,72.58,36.3,47,2.28,656.1,era5
2023-05-19 06:00:00+00:00,23.03,72.58,38.1,39,1.94,667.7,era5
2023-05-19 07:00:00+00:00,23.03,72.58,39.9,29,2.14,704.4,era5
2023-05-19 08:00:00+00:00,23.03,72.58,41.1,23,2.33,729.4,era5
2023-05-19 09:00:00+00:00,23.03,72.58,41.8,20,2.89,720.2,era5
2023-05-19 10:00:00+00:00,23.03,72.58,42.0,18,3.31,672.6,era5
2023-05-19 11:00:00+00:00,23.03,72.58,41.6,18,3.56,540.0,era5
2023-05-19 12:00:00+00:00,23.03,72.58,40.6,18,3.94,413.4,era5
2023-05-19 13:00:00+00:00,23.03,72.58,39.6,18,3.89,242.8,era5
2023-05-19 14:00:00+00:00,23.03,72.58,37.6,20,3.67,40.0,era5
2023-05-19 15:00:00+00:00,23.03,72.58,35.3,23,1.81,0.0,era5
2023-05-19 16:00:00+00:00,23.03,72.58,34.1,30,3.78,0.0,era5
2023-05-19 17:00:00+00:00,23.03,72.58,32.6,44,4.31,0.0,era5
2023-05-19 18:00:00+00:00,23.03,72.58,31.9,50,4.11,0.0,era5
2023-05-19 19:00:00+00:00,23.03,72.58,31.3,55,3.06,0.0,era5
2023-05-19 20:00:00+00:00,23.03,72.58,31.1,50,3.42,0.0,era5
2023-05-19 21:00:00+00:00,23.03,72.58,30.3,47,3.61,0.0,era5
2023-05-19 22:00:00+00:00,23.03,72.58,29.4,58,3.61,0.0,era5
2023-05-19 23:00:00+00:00,23.03,72.58,28.8,67,3.56,0.0,era5
2023-05-20 00:00:00+00:00,23.03,72.58,29.3,72,3.42,0.0,era5
2023-05-20 01:00:00+00:00,23.03,72.58,29.3,74,3.0,12.9,era5
2023-05-20 02:00:00+00:00,23.03,72.58,30.2,71,3.11,228.8,era5
2023-05-20 03:00:00+00:00,23.03,72.58,31.9,63,3.0,441.1,era5
2023-05-20 04:00:00+00:00,23.03,72.58,34.0,55,3.0,578.1,era5
2023-05-20 05:00:00+00:00,23.03,72.58,36.0,46,3.03,660.8,era5
2023-05-20 06:00:00+00:00,23.03,72.58,37.9,39,3.03,707.7,era5
2023-05-20 07:00:00+00:00,23.03,72.58,39.7,31,3.28,726.6,era5
2023-05-20 08:00:00+00:00,23.03,72.58,41.0,24,3.17,686.9,era5
2023-05-20 09:00:00+00:00,23.03,72.58,41.8,20,2.81,701.9,era5
2023-05-20 10:00:00+00:00,23.03,72.58,42.1,18,3.11,615.7,era5
2023-05-20 11:00:00+00:00,23.03,72.58,42.1,17,3.19,498.0,era5
2023-05-20 12:00:00+00:00,23.03,72.58,40.6,17,3.72,394.0,era5
2023-05-20 13:00:00+00:00,23.03,72.58,39.6,19,2.92,215.6,era5
2023-05-20 14:00:00+00:00,23.03,72.58,36.5,22,1.92,39.7,era5
2023-05-20 15:00:00+00:00,23.03,72.58,35.1,24,2.06,0.0,era5
2023-05-20 16:00:00+00:00,23.03,72.58,33.8,39,4.47,0.0,era5
2023-05-20 17:00:00+00:00,23.03,72.58,32.5,46,3.42,0.0,era5
2023-05-20 18:00:00+00:00,23.03,72.58,31.9,47,3.17,0.0,era5
2023-05-20 19:00:00+00:00,23.03,72.58,31.6,51,3.14,0.0,era5
2023-05-20 20:00:00+00:00,23.03,72.58,31.4,42,4.25,0.0,era5
2023-05-20 21:00:00+00:00,23.03,72.58,30.0,54,4.58,0.0,era5
2023-05-20 22:00:00+00:00,23.03,72.58,29.3,64,4.19,0.0,era5
2023-05-20 23:00:00+00:00,23.03,72.58,28.6,69,3.44,0.0,era5
2023-05-21 00:00:00+00:00,23.03,72.58,29.2,72,2.58,0.0,era5
2023-05-21 01:00:00+00:00,23.03,72.58,29.0,76,3.25,12.8,era5
2023-05-21 02:00:00+00:00,23.03,72.58,29.6,75,3.72,227.8,era5
2023-05-21 03:00:00+00:00,23.03,72.58,31.1,69,3.61,426.9,era5
2023-05-21 04:00:00+00:00,23.03,72.58,33.1,58,3.56,563.6,era5
2023-05-21 05:00:00+00:00,23.03,72.58,35.6,44,3.33,661.8,era5
2023-05-21 06:00:00+00:00,23.03,72.58,38.0,33,3.17,711.9,era5
2023-05-21 07:00:00+00:00,23.03,72.58,39.7,27,3.39,736.6,era5
2023-05-21 08:00:00+00:00,23.03,72.58,40.8,23,3.64,668.6,era5
2023-05-21 09:00:00+00:00,23.03,72.58,41.3,21,3.47,624.9,era5
2023-05-21 10:00:00+00:00,23.03,72.58,41.7,19,3.44,630.9,era5
2023-05-21 11:00:00+00:00,23.03,72.58,41.5,19,3.53,546.1,era5
2023-05-21 12:00:00+00:00,23.03,72.58,40.6,18,4.11,428.1,era5
2023-05-21 13:00:00+00:00,23.03,72.58,39.5,19,3.56,225.6,era5
2023-05-21 14:00:00+00:00,23.03,72.58,37.5,22,2.33,39.4,era5
2023-05-21 15:00:00+00:00,23.03,72.58,35.8,28,3.44,0.0,era5
2023-05-21 16:00:00+00:00,23.03,72.58,32.9,47,3.69,0.0,era5
2023-05-21 17:00:00+00:00,23.03,72.58,31.8,56,4.33,0.0,era5
2023-05-21 18:00:00+00:00,23.03,72.58,31.2,62,3.47,0.0,era5
2023-05-21 19:00:00+00:00,23.03,72.58,31.3,46,3.31,0.0,era5
2023-05-21 20:00:00+00:00,23.03,72.58,30.3,41,3.25,0.0,era5
2023-05-21 21:00:00+00:00,23.03,72.58,28.8,55,3.33,0.0,era5
2023-05-21 22:00:00+00:00,23.03,72.58,27.9,69,3.47,0.0,era5
2023-05-21 23:00:00+00:00,23.03,72.58,27.3,78,3.14,0.0,era5
2023-05-22 00:00:00+00:00,23.03,72.58,28.3,80,2.89,0.0,era5
2023-05-22 01:00:00+00:00,23.03,72.58,28.6,80,3.39,12.7,era5
2023-05-22 02:00:00+00:00,23.03,72.58,29.5,74,3.5,209.1,era5
2023-05-22 03:00:00+00:00,23.03,72.58,31.0,67,3.36,401.5,era5
2023-05-22 04:00:00+00:00,23.03,72.58,32.9,58,3.25,564.8,era5
2023-05-22 05:00:00+00:00,23.03,72.58,35.1,48,3.11,650.4,era5
2023-05-22 06:00:00+00:00,23.03,72.58,37.2,39,3.08,706.3,era5
2023-05-22 07:00:00+00:00,23.03,72.58,39.3,30,3.72,731.5,era5
2023-05-22 08:00:00+00:00,23.03,72.58,40.3,24,4.11,670.5,era5
2023-05-22 09:00:00+00:00,23.03,72.58,41.0,21,4.28,670.5,era5
2023-05-22 10:00:00+00:00,23.03,72.58,41.5,17,4.08,644.9,era5
2023-05-22 11:00:00+00:00,23.03,72.58,41.4,16,4.0,586.8,era5
2023-05-22 12:00:00+00:00,23.03,72.58,40.3,19,3.61,480.5,era5
2023-05-22 13:00:00+00:00,23.03,72.58,39.4,19,4.03,287.0,era5
2023-05-22 14:00:00+00:00,23.03,72.58,34.6,38,5.75,48.9,era5
2023-05-22 15:00:00+00:00,23.03,72.58,32.6,49,5.06,0.0,era5
2023-05-22 16:00:00+00:00,23.03,72.58,31.2,63,4.25,0.0,era5
2023-05-22 17:00:00+00:00,23.03,72.58,30.4,71,3.11,0.0,era5
2023-05-22 18:00:00+00:00,23.03,72.58,29.8,75,2.75,0.0,era5
2023-05-22 19:00:00+00:00,23.03,72.58,29.3,78,2.03,0.0,era5
2023-05-22 20:00:00+00:00,23.03,72.58,29.1,78,1.53,0.0,era5
2023-05-22 21:00:00+00:00,23.03,72.58,29.0,72,1.69,0.0,era5
2023-05-22 22:00:00+00:00,23.03,72.58,28.9,66,2.5,0.0,era5
2023-05-22 23:00:00+00:00,23.03,72.58,28.2,74,2.92,0.0,era5
2023-05-23 00:00:00+00:00,23.03,72.58,28.3,77,3.0,0.0,era5
2023-05-23 01:00:00+00:00,23.03,72.58,28.4,75,3.5,12.7,era5
2023-05-23 02:00:00+00:00,23.03,72.58,29.1,71,3.53,226.0,era5
2023-05-23 03:00:00+00:00,23.03,72.58,30.5,65,3.0,448.2,era5
2023-05-23 04:00:00+00:00,23.03,72.58,32.4,56,2.72,591.0,era5
2023-05-23 05:00:00+00:00,23.03,72.58,34.6,46,2.97,671.4,era5
2023-05-23 06:00:00+00:00,23.03,72.58,36.7,36,3.28,717.1,era5
2023-05-23 07:00:00+00:00,23.03,72.58,38.4,29,3.72,738.5,era5
2023-05-23 08:00:00+00:00,23.03,72.58,39.6,26,3.89,743.9,era5
2023-05-23 09:00:00+00:00,23.03,72.58,40.3,24,4.11,725.6,era5
2023-05-23 10:00:00+00:00,23.03,72.58,40.8,22,4.53,682.9,era5
2023-05-23 11:00:00+00:00,23.03,72.58,40.9,20,5.58,592.0,era5
2023-05-23 12:00:00+00:00,23.03,72.58,40.6,20,4.44,467.2,era5
2023-05-23 13:00:00+00:00,23.03,72.58,38.3,29,5.25,245.3,era5
2023-05-23 14:00:00+00:00,23.03,72.58,35.3,39,5.69,38.8,era5
2023-05-23 15:00:00+00:00,23.03,72.58,33.0,49,5.19,0.0,era5
2023-05-23 16:00:00+00:00,23.03,72.58,32.1,53,4.72,0.0,era5
2023-05-23 17:00:00+00:00,23.03,72.58,31.4,60,4.22,0.0,era5
2023-05-23 18:00:00+00:00,23.03,72.58,31.1,63,3.11,0.0,era5
2023-05-23 19:00:00+00:00,23.03,72.58,31.4,50,3.83,0.0,era5
2023-05-23 20:00:00+00:00,23.03,72.58,30.6,51,4.42,0.0,era5
2023-05-23 21:00:00+00:00,23.03,72.58,29.5,63,4.69,0.0,era5
2023-05-23 22:00:00+00:00,23.03,72.58,28.7,72,4.31,0.0,era5
2023-05-23 23:00:00+00:00,23.03,72.58,28.1,77,3.81,0.0,era5
2023-05-24 00:00:00+00:00,23.03,72.58,28.0,81,3.14,0.0,era5
2023-05-24 01:00:00+00:00,23.03,72.58,28.3,79,2.61,12.6,era5
2023-05-24 02:00:00+00:00,23.03,72.58,29.6,73,3.39,234.1,era5
2023-05-24 03:00:00+00:00,23.03,72.58,31.3,65,3.72,445.5,era5
2023-05-24 04:00:00+00:00,23.03,72.58,33.4,56,3.61,579.8,era5
2023-05-24 05:00:00+00:00,23.03,72.58,35.6,46,3.58,660.1,era5
2023-05-24 06:00:00+00:00,23.03,72.58,37.9,36,3.92,706.2,era5
2023-05-24 07:00:00+00:00,23.03,72.58,39.8,28,4.69,716.1,era5
2023-05-24 08:00:00+00:00,23.03,72.58,40.9,25,5.06,693.4,era5
2023-05-24 09:00:00+00:00,23.03,72.58,41.9,22,5.31,664.7,era5
2023-05-24 10:00:00+00:00,23.03,72.58,42.6,18,6.14,636.9,era5
2023-05-24 11:00:00+00:00,23.03,72.58,41.6,18,7.0,491.2,era5
2023-05-24 12:00:00+00:00,23.03,72.58,41.4,17,7.19,419.1,era5
2023-05-24 13:00:00+00:00,23.03,72.58,38.9,23,5.36,127.5,era5
2023-05-24 14:00:00+00:00,23.03,72.58,35.0,42,4.33,38.6,era5
2023-05-24 15:00:00+00:00,23.03,72.58,33.0,55,4.11,0.0,era5
2023-05-24 16:00:00+00:00,23.03,72.58,31.8,61,3.75,0.0,era5
2023-05-24 17:00:00+00:00,23.03,72.58,31.4,60,3.19,0.0,era5
2023-05-24 18:00:00+00:00,23.03,72.58,31.8,41,3.64,0.0,era5
2023-05-24 19:00:00+00:00,23.03,72.58,30.8,40,4.53,0.0,era5
2023-05-24 20:00:00+00:00,23.03,72.58,29.9,46,4.58,0.0,era5
2023-05-24 21:00:00+00:00,23.03,72.58,29.3,54,4.42,0.0,era5
2023-05-24 22:00:00+00:00,23.03,72.58,28.9,60,4.08,0.0,era5
2023-05-24 23:00:00+00:00,23.03,72.58,28.4,63,3.31,0.0,era5
2023-05-25 00:00:00+00:00,23.03,72.58,29.1,67,2.92,0.0,era5
2023-05-25 01:00:00+00:00,23.03,72.58,29.1,71,3.39,12.5,era5
2023-05-25 02:00:00+00:00,23.03,72.58,30.1,69,3.56,220.2,era5
2023-05-25 03:00:00+00:00,23.03,72.58,31.7,62,4.03,411.3,era5
2023-05-25 04:00:00+00:00,23.03,72.58,33.4,54,4.03,501.7,era5
2023-05-25 05:00:00+00:00,23.03,72.58,35.5,46,4.67,631.4,era5
2023-05-25 06:00:00+00:00,23.03,72.58,37.5,37,5.78,694.2,era5
2023-05-25 07:00:00+00:00,23.03,72.58,39.4,29,6.58,688.6,era5
2023-05-25 08:00:00+00:00,23.03,72.58,41.1,20,6.81,680.2,era5
2023-05-25 09:00:00+00:00,23.03,72.58,41.2,18,7.31,490.1,era5
2023-05-25 10:00:00+00:00,23.03,72.58,41.6,17,6.78,580.1,era5
2023-05-25 11:00:00+00:00,23.03,72.58,41.5,17,7.03,550.9,era5
2023-05-25 12:00:00+00:00,23.03,72.58,41.1,16,7.28,310.0,era5
2023-05-25 13:00:00+00:00,23.03,72.58,37.4,32,5.83,231.9,era5
2023-05-25 14:00:00+00:00,23.03,72.58,33.4,53,5.33,38.3,era5
2023-05-25 15:00:00+00:00,23.03,72.58,32.1,60,3.72,0.0,era5
2023-05-25 16:00:00+00:00,23.03,72.58,31.5,65,1.89,0.0,era5
2023-05-25 17:00:00+00:00,23.03,72.58,31.5,58,2.44,0.0,era5
2023-05-25 18:00:00+00:00,23.03,72.58,31.5,44,2.94,0.0,era5
2023-05-25 19:00:00+00:00,23.03,72.58,31.0,47,3.42,0.0,era5
2023-05-25 20:00:00+00:00,23.03,72.58,30.4,49,3.42,0.0,era5
2023-05-25 21:00:00+00:00,23.03,72.58,29.6,53,3.97,0.0,era5
2023-05-25 22:00:00+00:00,23.03,72.58,28.7,62,4.11,0.0,era5
2023-05-25 23:00:00+00:00,23.03,72.58,28.1,69,4.03,0.0,era5
2023-05-26 00:00:00+00:00,23.03,72.58,27.8,74,4.08,0.0,era5
2023-05-26 01:00:00+00:00,23.03,72.58,28.1,75,3.94,12.5,era5
2023-05-26 02:00:00+00:00,23.03,72.58,29.2,70,5.81,171.2,era5
2023-05-26 03:00:00+00:00,23.03,72.58,30.9,62,5.81,285.2,era5
2023-05-26 04:00:00+00:00,23.03,72.58,32.8,53,5.69,464.1,era5
2023-05-26 05:00:00+00:00,23.03,72.58,34.9,45,6.14,584.1,era5
2023-05-26 06:00:00+00:00,23.03,72.58,36.7,39,5.92,561.8,era5
2023-05-26 07:00:00+00:00,23.03,72.58,37.7,35,5.81,594.3,era5
2023-05-26 08:00:00+00:00,23.03,72.58,39.1,32,5.81,653.9,era5
2023-05-26 09:00:00+00:00,23.03,72.58,40.6,27,5.94,643.0,era5
2023-05-26 10:00:00+00:00,23.03,72.58,41.3,25,6.33,576.1,era5
2023-05-26 11:00:00+00:00,23.03,72.58,40.5,24,6.31,512.1,era5
2023-05-26 12:00:00+00:00,23.03,72.58,37.2,38,6.64,337.8,era5
2023-05-26 13:00:00+00:00,23.03,72.58,35.2,45,6.94,191.1,era5
2023-05-26 14:00:00+00:00,23.03,72.58,33.0,55,5.92,28.5,era5
2023-05-26 15:00:00+00:00,23.03,72.58,31.7,62,3.72,0.0,era5
2023-05-26 16:00:00+00:00,23.03,72.58,31.3,64,2.36,0.0,era5
2023-05-26 17:00:00+00:00,23.03,72.58,31.9,57,2.69,0.0,era5
2023-05-26 18:00:00+00:00,23.03,72.58,31.6,56,4.69,0.0,era5
2023-05-26 19:00:00+00:00,23.03,72.58,31.0,59,3.33,0.0,era5
2023-05-26 20:00:00+00:00,23.03,72.58,30.6,59,3.78,0.0,era5
2023-05-26 21:00:00+00:00,23.03,72.58,29.8,62,4.17,0.0,era5
2023-05-26 22:00:00+00:00,23.03,72.58,29.1,65,4.17,0.0,era5
2023-05-26 23:00:00+00:00,23.03,72.58,28.5,69,3.97,0.0,era5
2023-05-27 00:00:00+00:00,23.03,72.58,28.9,71,3.97,0.0,era5
2023-05-27 01:00:00+00:00,23.03,72.58,29.1,72,4.75,12.4,era5
2023-05-27 02:00:00+00:00,23.03,72.58,30.2,68,6.72,219.0,era5
2023-05-27 03:00:00+00:00,23.03,72.58,31.6,62,6.28,271.5,era5
2023-05-27 04:00:00+00:00,23.03,72.58,33.5,53,6.11,390.8,era5
2023-05-27 05:00:00+00:00,23.03,72.58,35.6,46,6.03,472.2,era5
2023-05-27 06:00:00+00:00,23.03,72.58,37.1,41,5.81,573.8,era5
2023-05-27 07:00:00+00:00,23.03,72.58,39.0,34,5.58,693.6,era5
2023-05-27 08:00:00+00:00,23.03,72.58,40.6,28,5.97,718.3,era5
2023-05-27 09:00:00+00:00,23.03,72.58,41.7,24,6.61,701.2,era5
2023-05-27 10:00:00+00:00,23.03,72.58,41.8,23,6.5,657.1,era5
2023-05-27 11:00:00+00:00,23.03,72.58,42.3,20,6.36,507.1,era5
2023-05-27 12:00:00+00:00,23.03,72.58,37.3,39,7.33,387.9,era5
2023-05-27 13:00:00+00:00,23.03,72.58,34.8,48,7.11,143.5,era5
2023-05-27 14:00:00+00:00,23.03,72.58,32.9,56,4.81,37.8,era5
2023-05-27 15:00:00+00:00,23.03,72.58,31.8,62,3.58,0.0,era5
2023-05-27 16:00:00+00:00,23.03,72.58,31.1,67,3.36,0.0,era5
2023-05-27 17:00:00+00:00,23.03,72.58,31.0,62,2.78,0.0,era5
2023-05-27 18:00:00+00:00,23.03,72.58,31.4,43,3.72,0.0,era5
2023-05-27 19:00:00+00:00,23.03,72.58,30.7,51,4.11,0.0,era5
2023-05-27 20:00:00+00:00,23.03,72.58,30.0,59,4.33,0.0,era5
2023-05-27 21:00:00+00:00,23.03,72.58,29.3,63,2.83,0.0,era5
2023-05-27 22:00:00+00:00,23.03,72.58,29.0,64,3.0,0.0,era5
2023-05-27 23:00:00+00:00,23.03,72.58,28.6,67,3.0,0.0,era5
2023-05-28 00:00:00+00:00,23.03,72.58,28.6,70,2.42,0.0,era5
2023-05-28 01:00:00+00:00,23.03,72.58,29.3,71,3.83,12.4,era5
2023-05-28 02:00:00+00:00,23.03,72.58,29.9,70,4.61,48.1,era5
2023-05-28 03:00:00+00:00,23.03,72.58,31.5,62,4.81,206.3,era5
2023-05-28 04:00:00+00:00,23.03,72.58,33.3,55,4.58,275.5,era5
2023-05-28 05:00:00+00:00,23.03,72.58,34.7,49,3.89,253.5,era5
2023-05-28 06:00:00+00:00,23.03,72.58,36.6,43,3.39,490.2,era5
2023-05-28 07:00:00+00:00,23.03,72.58,37.8,39,2.78,581.1,era5
2023-05-28 08:00:00+00:00,23.03,72.58,38.4,36,2.42,606.4,era5
2023-05-28 09:00:00+00:00,23.03,72.58,39.4,34,2.31,454.5,era5
2023-05-28 10:00:00+00:00,23.03,72.58,38.4,31,4.67,339.7,era5
2023-05-28 11:00:00+00:00,23.03,72.58,36.5,32,2.14,39.5,era5
2023-05-28 12:00:00+00:00,23.03,72.58,37.5,27,6.47,170.2,era5
2023-05-28 13:00:00+00:00,23.03,72.58,36.8,31,4.44,160.7,era5
2023-05-28 14:00:00+00:00,23.03,72.58,34.2,47,3.03,28.1,era5
2023-05-28 15:00:00+00:00,23.03,72.58,33.0,55,1.97,0.0,era5
2023-05-28 16:00:00+00:00,23.03,72.58,32.3,58,1.39,0.0,era5
2023-05-28 17:00:00+00:00,23.03,72.58,31.3,61,1.11,0.0,era5
2023-05-28 18:00:00+00:00,23.03,72.58,31.0,56,2.22,0.0,era5
2023-05-28 19:00:00+00:00,23.03,72.58,30.0,57,2.33,0.0,era5
2023-05-28 20:00:00+00:00,23.03,72.58,29.5,64,2.0,0.0,era5
2023-05-28 21:00:00+00:00,23.03,72.58,28.9,75,2.92,0.0,era5
2023-05-28 22:00:00+00:00,23.03,72.58,28.5,78,1.83,0.0,era5
2023-05-28 23:00:00+00:00,23.03,72.58,27.9,82,1.11,0.0,era5
2023-05-29 00:00:00+00:00,23.03,72.58,24.4,86,1.61,0.0,era5
2023-05-29 01:00:00+00:00,23.03,72.58,24.9,84,1.97,12.4,era5
2023-05-29 02:00:00+00:00,23.03,72.58,27.0,77,1.56,226.8,era5
2023-05-29 03:00:00+00:00,23.03,72.58,29.2,72,2.83,434.8,era5
2023-05-29 04:00:00+00:00,23.03,72.58,31.5,58,2.61,571.3,era5
2023-05-29 05:00:00+00:00,23.03,72.58,33.6,46,2.75,648.7,era5
2023-05-29 06:00:00+00:00,23.03,72.58,35.4,39,3.06,694.2,era5
2023-05-29 07:00:00+00:00,23.03,72.58,36.9,33,3.92,713.9,era5
2023-05-29 08:00:00+00:00,23.03,72.58,36.6,31,6.14,682.8,era5
2023-05-29 09:00:00+00:00,23.03,72.58,35.4,39,4.31,250.6,era5
2023-05-29 10:00:00+00:00,23.03,72.58,34.9,45,5.22,247.5,era5
2023-05-29 11:00:00+00:00,23.03,72.58,34.7,48,3.58,424.0,era5
2023-05-29 12:00:00+00:00,23.03,72.58,31.5,53,7.08,404.4,era5
2023-05-29 13:00:00+00:00,23.03,72.58,30.1,58,4.69,74.6,era5
2023-05-29 14:00:00+00:00,23.03,72.58,28.6,64,3.22,28.0,era5
2023-05-29 15:00:00+00:00,23.03,72.58,28.0,67,1.11,0.0,era5
2023-05-29 16:00:00+00:00,23.03,72.58,27.5,72,1.0,0.0,era5
2023-05-29 17:00:00+00:00,23.03,72.58,27.6,70,0.67,0.0,era5
2023-05-29 18:00:00+00:00,23.03,72.58,26.8,74,0.92,0.0,era5
2023-05-29 19:00:00+00:00,23.03,72.58,26.4,78,0.92,0.0,era5
2023-05-29 20:00:00+00:00,23.03,72.58,26.2,78,1.83,0.0,era5
2023-05-29 21:00:00+00:00,23.03,72.58,25.8,79,1.5,0.0,era5
2023-05-29 22:00:00+00:00,23.03,72.58,25.4,81,0.94,0.0,era5
2023-05-29 23:00:00+00:00,23.03,72.58,25.1,83,1.5,0.0,era5
2023-05-30 00:00:00+00:00,23.03,72.58,27.3,72,0.92,0.0,era5
2023-05-30 01:00:00+00:00,23.03,72.58,27.6,71,1.14,12.3,era5
2023-05-30 02:00:00+00:00,23.03,72.58,29.6,64,1.97,217.7,era5
2023-05-30 03:00:00+00:00,23.03,72.58,31.3,65,2.75,418.9,era5
2023-05-30 04:00:00+00:00,23.03,72.58,33.2,59,2.5,552.6,era5
2023-05-30 05:00:00+00:00,23.03,72.58,33.9,54,1.72,631.3,era5
2023-05-30 06:00:00+00:00,23.03,72.58,35.2,47,0.42,541.3,era5
2023-05-30 07:00:00+00:00,23.03,72.58,36.7,40,1.53,638.9,era5
2023-05-30 08:00:00+00:00,23.03,72.58,37.7,34,3.31,587.1,era5
2023-05-30 09:00:00+00:00,23.03,72.58,36.6,36,5.03,461.7,era5
2023-05-30 10:00:00+00:00,23.03,72.58,29.9,60,8.97,474.3,era5
2023-05-30 11:00:00+00:00,23.03,72.58,28.3,71,3.31,33.6,era5
2023-05-30 12:00:00+00:00,23.03,72.58,35.6,37,3.81,189.6,era5
2023-05-30 13:00:00+00:00,23.03,72.58,34.8,37,3.86,268.8,era5
2023-05-30 14:00:00+00:00,23.03,72.58,33.1,41,2.11,46.3,era5
2023-05-30 15:00:00+00:00,23.03,72.58,31.7,49,2.11,0.0,era5
2023-05-30 16:00:00+00:00,23.03,72.58,30.9,56,2.19,0.0,era5
2023-05-30 17:00:00+00:00,23.03,72.58,29.6,63,1.39,0.0,era5
2023-05-30 18:00:00+00:00,23.03,72.58,28.6,67,1.97,0.0,era5
2023-05-30 19:00:00+00:00,23.03,72.58,28.1,69,1.69,0.0,era5
2023-05-30 20:00:00+00:00,23.03,72.58,27.7,70,1.39,0.0,era5
2023-05-30 21:00:00+00:00,23.03,72.58,26.7,72,1.64,0.0,era5
2023-05-30 22:00:00+00:00,23.03,72.58,26.7,71,1.11,0.0,era5
2023-05-30 23:00:00+00:00,23.03,72.58,26.8,69,0.42,0.0,era5
2023-05-31 00:00:00+00:00,23.03,72.58,26.5,62,1.5,0.0,era5
2023-05-31 01:00:00+00:00,23.03,72.58,27.5,59,2.28,12.3,era5
2023-05-31 02:00:00+00:00,23.03,72.58,29.3,56,2.14,221.7,era5
2023-05-31 03:00:00+00:00,23.03,72.58,30.9,57,2.72,430.0,era5
2023-05-31 04:00:00+00:00,23.03,72.58,33.0,51,2.0,565.0,era5
2023-05-31 05:00:00+00:00,23.03,72.58,35.1,41,1.61,650.0,era5
2023-05-31 06:00:00+00:00,23.03,72.58,36.9,34,2.5,699.7,era5
2023-05-31 07:00:00+00:00,23.03,72.58,38.5,28,3.61,723.0,era5
2023-05-31 08:00:00+00:00,23.03,72.58,39.8,23,5.0,723.9,era5
2023-05-31 09:00:00+00:00,23.03,72.58,39.9,21,6.28,652.5,era5
2023-05-31 10:00:00+00:00,23.03,72.58,39.4,23,6.64,551.6,era5
2023-05-31 11:00:00+00:00,23.03,72.58,38.6,27,6.39,567.4,era5
2023-05-31 12:00:00+00:00,23.03,72.58,39.7,18,4.33,366.4,era5
2023-05-31 13:00:00+00:00,23.03,72.58,37.6,20,5.92,239.4,era5
2023-05-31 14:00:00+00:00,23.03,72.58,35.5,26,4.61,55.2,era5
2023-05-31 15:00:00+00:00,23.03,72.58,34.0,31,3.92,0.0,era5
2023-05-31 16:00:00+00:00,23.03,72.58,32.9,34,2.92,0.0,era5
2023-05-31 17:00:00+00:00,23.03,72.58,32.9,29,4.42,0.0,era5
2023-05-31 18:00:00+00:00,23.03,72.58,32.0,28,4.72,0.0,era5
2023-05-31 19:00:00+00:00,23.03,72.58,30.4,37,4.25,0.0,era5
2023-05-31 20:00:00+00:00,23.03,72.58,29.0,52,4.08,0.0,era5
2023-05-31 21:00:00+00:00,23.03,72.58,27.6,69,4.08,0.0,era5
2023-05-31 22:00:00+00:00,23.03,72.58,26.7,79,3.83,0.0,era5
2023-05-31 23:00:00+00:00,23.03,72.58,26.1,84,3.22,0.0,era5
2023-06-01 00:00:00+00:00,23.03,72.58,26.9,81,2.83,0.0,era5
2023-06-01 01:00:00+00:00,23.03,72.58,27.5,81,2.47,24.5,era5
2023-06-01 02:00:00+00:00,23.03,72.58,28.8,76,2.42,234.5,era5
2023-06-01 03:00:00+00:00,23.03,72.58,30.7,68,2.56,443.4,era5
2023-06-01 04:00:00+00:00,23.03,72.58,33.2,54,2.47,577.5,era5
2023-06-01 05:00:00+00:00,23.03,72.58,36.1,37,2.72,658.8,era5
2023-06-01 06:00:00+00:00,23.03,72.58,38.4,26,3.72,705.2,era5
2023-06-01 07:00:00+00:00,23.03,72.58,39.8,21,4.58,729.1,era5
2023-06-01 08:00:00+00:00,23.03,72.58,40.6,21,5.08,726.9,era5
2023-06-01 09:00:00+00:00,23.03,72.58,41.5,18,4.92,706.4,era5
2023-06-01 10:00:00+00:00,23.03,72.58,41.7,19,5.92,665.8,era5
2023-06-01 11:00:00+00:00,23.03,72.58,41.1,20,6.47,585.7,era5
2023-06-01 12:00:00+00:00,23.03,72.58,40.0,22,5.86,454.0,era5
2023-06-01 13:00:00+00:00,23.03,72.58,38.6,24,6.42,241.8,era5
2023-06-01 14:00:00+00:00,23.03,72.58,36.7,26,5.58,45.7,era5
2023-06-01 15:00:00+00:00,23.03,72.58,35.0,32,3.31,0.0,era5
2023-06-01 16:00:00+00:00,23.03,72.58,33.6,39,3.83,0.0,era5
2023-06-01 17:00:00+00:00,23.03,72.58,32.5,45,4.14,0.0,era5
2023-06-01 18:00:00+00:00,23.03,72.58,31.5,50,4.25,0.0,era5
2023-06-01 19:00:00+00:00,23.03,72.58,30.6,57,5.0,0.0,era5
2023-06-01 20:00:00+00:00,23.03,72.58,29.7,65,4.81,0.0,era5
2023-06-01 21:00:00+00:00,23.03,72.58,28.9,71,4.53,0.0,era5
2023-06-01 22:00:00+00:00,23.03,72.58,28.6,75,4.14,0.0,era5
2023-06-01 23:00:00+00:00,23.03,72.58,28.4,77,3.92,0.0,era5
2023-06-02 00:00:00+00:00,23.03,72.58,29.3,75,3.39,0.0,era5
2023-06-02 01:00:00+00:00,23.03,72.58,29.7,73,3.89,12.2,era5
2023-06-02 02:00:00+00:00,23.03,72.58,30.8,69,4.61,177.9,era5
2023-06-02 03:00:00+00:00,23.03,72.58,32.2,62,4.92,324.7,era5
2023-06-02 04:00:00+00:00,23.03,72.58,33.8,55,4.69,484.2,era5
2023-06-02 05:00:00+00:00,23.03,72.58,35.3,48,4.11,525.9,era5
2023-06-02 06:00:00+00:00,23.03,72.58,36.8,42,4.0,605.5,era5
2023-06-02 07:00:00+00:00,23.03,72.58,38.2,37,4.31,623.7,era5
2023-06-02 08:00:00+00:00,23.03,72.58,39.1,33,4.86,634.2,era5
2023-06-02 09:00:00+00:00,23.03,72.58,40.0,30,4.39,636.2,era5
2023-06-02 10:00:00+00:00,23.03,72.58,40.7,27,4.61,593.8,era5
2023-06-02 11:00:00+00:00,23.03,72.58,40.6,27,5.11,451.2,era5
2023-06-02 12:00:00+00:00,23.03,72.58,39.2,31,4.61,334.8,era5
2023-06-02 13:00:00+00:00,23.03,72.58,37.2,36,3.69,122.1,era5
2023-06-02 14:00:00+00:00,23.03,72.58,35.4,41,3.69,27.3,era5
2023-06-02 15:00:00+00:00,23.03,72.58,32.8,59,4.67,0.0,era5
2023-06-02 16:00:00+00:00,23.03,72.58,31.9,65,3.33,0.0,era5
2023-06-02 17:00:00+00:00,23.03,72.58,31.4,68,3.36,0.0,era5
2023-06-02 18:00:00+00:00,23.03,72.58,31.0,72,3.42,0.0,era5
2023-06-02 19:00:00+00:00,23.03,72.58,30.7,74,2.5,0.0,era5
2023-06-02 20:00:00+00:00,23.03,72.58,30.8,66,2.61,0.0,era5
2023-06-02 21:00:00+00:00,23.03,72.58,30.5,60,2.64,0.0,era5
2023-06-02 22:00:00+00:00,23.03,72.58,29.8,66,3.22,0.0,era5
2023-06-02 23:00:00+00:00,23.03,72.58,29.1,74,3.5,0.0,era5
2023-06-03 00:00:00+00:00,23.03,72.58,30.0,76,3.42,0.0,era5
2023-06-03 01:00:00+00:00,23.03,72.58,30.1,74,3.72,12.2,era5
2023-06-03 02:00:00+00:00,23.03,72.58,31.1,69,4.47,208.1,era5
2023-06-03 03:00:00+00:00,23.03,72.58,31.0,68,3.61,326.9,era5
2023-06-03 04:00:00+00:00,23.03,72.58,31.6,67,2.0,286.5,era5
2023-06-03 05:00:00+00:00,23.03,72.58,31.3,65,1.89,302.2,era5
2023-06-03 06:00:00+00:00,23.03,72.58,33.9,56,2.44,451.5,era5
2023-06-03 07:00:00+00:00,23.03,72.58,35.5,51,1.83,641.0,era5
2023-06-03 08:00:00+00:00,23.03,72.58,36.7,47,1.53,533.5,era5
2023-06-03 09:00:00+00:00,23.03,72.58,37.0,45,2.39,400.7,era5
2023-06-03 10:00:00+00:00,23.03,72.58,32.9,59,6.97,287.2,era5
2023-06-03 11:00:00+00:00,23.03,72.58,33.1,53,2.11,136.7,era5
2023-06-03 12:00:00+00:00,23.03,72.58,39.4,31,2.5,318.1,era5
2023-06-03 13:00:00+00:00,23.03,72.58,38.5,30,3.03,166.7,era5
2023-06-03 14:00:00+00:00,23.03,72.58,37.0,30,3.22,36.1,era5
2023-06-03 15:00:00+00:00,23.03,72.58,34.4,44,3.58,0.0,era5
2023-06-03 16:00:00+00:00,23.03,72.58,32.0,62,3.61,0.0,era5
2023-06-03 17:00:00+00:00,23.03,72.58,31.5,65,3.42,0.0,era5
2023-06-03 18:00:00+00:00,23.03,72.58,30.7,70,3.64,0.0,era5
2023-06-03 19:00:00+00:00,23.03,72.58,30.1,77,3.31,0.0,era5
2023-06-03 20:00:00+00:00,23.03,72.58,29.7,80,3.11,0.0,era5
2023-06-03 21:00:00+00:00,23.03,72.58,29.4,81,3.03,0.0,era5
2023-06-03 22:00:00+00:00,23.03,72.58,29.0,84,2.42,0.0,era5
2023-06-03 23:00:00+00:00,23.03,72.58,28.7,87,2.06,0.0,era5
2023-06-04 00:00:00+00:00,23.03,72.58,29.4,87,1.64,0.0,era5
2023-06-04 01:00:00+00:00,23.03,72.58,28.9,83,3.72,12.2,era5
2023-06-04 02:00:00+00:00,23.03,72.58,29.3,77,3.44,164.7,era5
2023-06-04 03:00:00+00:00,23.03,72.58,30.3,72,1.56,235.1,era5
2023-06-04 04:00:00+00:00,23.03,72.58,33.3,57,3.03,512.4,era5
2023-06-04 05:00:00+00:00,23.03,72.58,35.0,49,2.67,609.4,era5
2023-06-04 06:00:00+00:00,23.03,72.58,36.8,41,3.28,680.6,era5
2023-06-04 07:00:00+00:00,23.03,72.58,38.4,35,3.86,695.8,era5
2023-06-04 08:00:00+00:00,23.03,72.58,39.5,32,4.42,709.6,era5
2023-06-04 09:00:00+00:00,23.03,72.58,40.0,29,4.97,675.0,era5
2023-06-04 10:00:00+00:00,23.03,72.58,40.4,27,4.86,546.6,era5
2023-06-04 11:00:00+00:00,23.03,72.58,40.6,26,4.06,548.9,era5
2023-06-04 12:00:00+00:00,23.03,72.58,37.3,33,5.14,419.3,era5
2023-06-04 13:00:00+00:00,23.03,72.58,36.0,38,3.83,89.9,era5
2023-06-04 14:00:00+00:00,23.03,72.58,34.8,42,2.17,53.9,era5
2023-06-04 15:00:00+00:00,23.03,72.58,33.7,46,1.42,0.0,era5
2023-06-04 16:00:00+00:00,23.03,72.58,32.8,48,1.03,0.0,era5
2023-06-04 17:00:00+00:00,23.03,72.58,31.7,60,4.28,0.0,era5
2023-06-04 18:00:00+00:00,23.03,72.58,30.4,73,3.39,0.0,era5
2023-06-04 19:00:00+00:00,23.03,72.58,29.9,76,2.83,0.0,era5
2023-06-04 20:00:00+00:00,23.03,72.58,29.7,75,2.5,0.0,era5
2023-06-04 21:00:00+00:00,23.03,72.58,29.6,73,2.97,0.0,era5
2023-06-04 22:00:00+00:00,23.03,72.58,29.3,75,2.56,0.0,era5
2023-06-04 23:00:00+00:00,23.03,72.58,29.1,74,2.5,0.0,era5
2023-06-05 00:00:00+00:00,23.03,72.58,30.0,69,3.56,0.0,era5
2023-06-05 01:00:00+00:00,23.03,72.58,29.9,72,4.22,12.2,era5
2023-06-05 02:00:00+00:00,23.03,72.58,30.7,72,4.61,207.9,era5
2023-06-05 03:00:00+00:00,23.03,72.58,32.3,64,4.0,396.4,era5
2023-06-05 04:00:00+00:00,23.03,72.58,34.3,55,3.33,487.6,era5
2023-06-05 05:00:00+00:00,23.03,72.58,35.8,51,2.81,515.0,era5
2023-06-05 06:00:00+00:00,23.03,72.58,37.5,45,2.69,604.7,era5
2023-06-05 07:00:00+00:00,23.03,72.58,38.6,39,2.72,542.7,era5
2023-06-05 08:00:00+00:00,23.03,72.58,39.6,33,3.03,541.4,era5
2023-06-05 09:00:00+00:00,23.03,72.58,40.9,28,3.03,621.9,era5
2023-06-05 10:00:00+00:00,23.03,72.58,41.6,25,3.39,591.6,era5
2023-06-05 11:00:00+00:00,23.03,72.58,41.6,24,4.31,533.8,era5
2023-06-05 12:00:00+00:00,23.03,72.58,40.0,26,3.0,320.9,era5
2023-06-05 13:00:00+00:00,23.03,72.58,39.4,26,2.39,234.3,era5
2023-06-05 14:00:00+00:00,23.03,72.58,36.4,37,3.94,53.6,era5
2023-06-05 15:00:00+00:00,23.03,72.58,34.0,49,4.06,0.0,era5
2023-06-05 16:00:00+00:00,23.03,72.58,31.8,59,4.33,0.0,era5
2023-06-05 17:00:00+00:00,23.03,72.58,30.8,67,3.31,0.0,era5
2023-06-05 18:00:00+00:00,23.03,72.58,30.5,69,3.39,0.0,era5
2023-06-05 19:00:00+00:00,23.03,72.58,30.1,73,3.39,0.0,era5
2023-06-05 20:00:00+00:00,23.03,72.58,29.7,77,2.78,0.0,era5
2023-06-05 21:00:00+00:00,23.03,72.58,29.3,79,1.97,0.0,era5
2023-06-05 22:00:00+00:00,23.03,72.58,29.0,74,1.78,0.0,era5
2023-06-05 23:00:00+00:00,23.03,72.58,29.0,60,2.03,0.0,era5
2023-06-06 00:00:00+00:00,23.03,72.58,29.3,77,1.97,0.0,era5
2023-06-06 01:00:00+00:00,23.03,72.58,29.9,63,2.5,12.2,era5
2023-06-06 02:00:00+00:00,23.03,72.58,30.5,68,3.11,207.9,era5
2023-06-06 03:00:00+00:00,23.03,72.58,31.8,64,3.0,360.7,era5
2023-06-06 04:00:00+00:00,23.03,72.58,33.6,56,2.83,509.6,era5
2023-06-06 05:00:00+00:00,23.03,72.58,35.6,48,2.67,608.5,era5
2023-06-06 06:00:00+00:00,23.03,72.58,37.4,40,2.78,684.1,era5
2023-06-06 07:00:00+00:00,23.03,72.58,39.0,34,3.06,710.1,era5
2023-06-06 08:00:00+00:00,23.03,72.58,40.3,29,3.14,714.5,era5
2023-06-06 09:00:00+00:00,23.03,72.58,41.3,25,3.25,697.9,era5
2023-06-06 10:00:00+00:00,23.03,72.58,41.6,23,3.72,651.9,era5
2023-06-06 11:00:00+00:00,23.03,72.58,41.5,22,4.17,573.9,era5
2023-06-06 12:00:00+00:00,23.03,72.58,39.7,27,2.61,427.7,era5
2023-06-06 13:00:00+00:00,23.03,72.58,39.6,25,2.83,199.0,era5
2023-06-06 14:00:00+00:00,23.03,72.58,33.5,54,5.53,53.3,era5
2023-06-06 15:00:00+00:00,23.03,72.58,33.1,52,4.56,0.0,era5
2023-06-06 16:00:00+00:00,23.03,72.58,31.5,62,3.08,0.0,era5
2023-06-06 17:00:00+00:00,23.03,72.58,31.1,68,2.33,0.0,era5
2023-06-06 18:00:00+00:00,23.03,72.58,30.7,70,2.67,0.0,era5
2023-06-06 19:00:00+00:00,23.03,72.58,30.4,71,2.22,0.0,era5
2023-06-06 20:00:00+00:00,23.03,72.58,30.1,72,2.06,0.0,era5
2023-06-06 21:00:00+00:00,23.03,72.58,29.9,74,2.03,0.0,era5
2023-06-06 22:00:00+00:00,23.03,72.58,29.5,76,1.42,0.0,era5
2023-06-06 23:00:00+00:00,23.03,72.58,29.1,76,1.06,0.0,era5
2023-06-07 00:00:00+00:00,23.03,72.58,29.7,69,1.14,0.0,era5
2023-06-07 01:00:00+00:00,23.03,72.58,30.4,66,2.06,12.2,era5
2023-06-07 02:00:00+00:00,23.03,72.58,31.2,67,2.33,203.6,era5
2023-06-07 03:00:00+00:00,23.03,72.58,32.4,62,1.78,421.3,era5
2023-06-07 04:00:00+00:00,23.03,72.58,34.0,55,1.89,544.0,era5
2023-06-07 05:00:00+00:00,23.03,72.58,35.9,48,2.19,619.9,era5
2023-06-07 06:00:00+00:00,23.03,72.58,38.0,39,2.56,678.8,era5
2023-06-07 07:00:00+00:00,23.03,72.58,39.9,31,3.28,704.1,era5
2023-06-07 08:00:00+00:00,23.03,72.58,41.1,26,3.56,709.4,era5
2023-06-07 09:00:00+00:00,23.03,72.58,42.1,23,3.75,684.0,era5
2023-06-07 10:00:00+00:00,23.03,72.58,42.4,22,3.72,645.6,era5
2023-06-07 11:00:00+00:00,23.03,72.58,42.4,21,3.5,567.5,era5
2023-06-07 12:00:00+00:00,23.03,72.58,39.6,30,2.97,454.7,era5
2023-06-07 13:00:00+00:00,23.03,72.58,38.2,35,3.92,256.4,era5
2023-06-07 14:00:00+00:00,23.03,72.58,36.3,41,5.5,53.0,era5
2023-06-07 15:00:00+00:00,23.03,72.58,33.1,54,5.42,0.0,era5
2023-06-07 16:00:00+00:00,23.03,72.58,32.1,59,5.14,0.0,era5
2023-06-07 17:00:00+00:00,23.03,72.58,31.4,61,3.56,0.0,era5
2023-06-07 18:00:00+00:00,23.03,72.58,30.7,69,2.89,0.0,era5
2023-06-07 19:00:00+00:00,23.03,72.58,30.5,71,2.11,0.0,era5
2023-06-07 20:00:00+00:00,23.03,72.58,30.5,71,2.47,0.0,era5
2023-06-07 21:00:00+00:00,23.03,72.58,30.9,68,2.42,0.0,era5
2023-06-07 22:00:00+00:00,23.03,72.58,30.9,67,2.33,0.0,era5
2023-06-07 23:00:00+00:00,23.03,72.58,30.8,63,3.17,0.0,era5
2023-06-08 00:00:00+00:00,23.03,72.58,30.7,65,3.58,0.0,era5
2023-06-08 01:00:00+00:00,23.03,72.58,30.4,70,3.97,12.2,era5
2023-06-08 02:00:00+00:00,23.03,72.58,30.9,69,3.78,212.3,era5
2023-06-08 03:00:00+00:00,23.03,72.58,32.3,64,3.5,417.0,era5
2023-06-08 04:00:00+00:00,23.03,72.58,33.9,56,3.33,531.8,era5
2023-06-08 05:00:00+00:00,23.03,72.58,35.6,48,2.89,611.4,era5
2023-06-08 06:00:00+00:00,23.03,72.58,37.4,41,3.31,657.2,era5
2023-06-08 07:00:00+00:00,23.03,72.58,39.1,34,3.44,693.0,era5
2023-06-08 08:00:00+00:00,23.03,72.58,40.3,30,3.39,676.1,era5
2023-06-08 09:00:00+00:00,23.03,72.58,41.2,27,3.47,652.0,era5
2023-06-08 10:00:00+00:00,23.03,72.58,41.5,24,3.33,577.5,era5
2023-06-08 11:00:00+00:00,23.03,72.58,41.4,23,2.92,465.7,era5
2023-06-08 12:00:00+00:00,23.03,72.58,41.1,21,2.81,394.4,era5
2023-06-08 13:00:00+00:00,23.03,72.58,39.2,27,3.17,238.4,era5
2023-06-08 14:00:00+00:00,23.03,72.58,36.2,42,5.25,52.8,era5
2023-06-08 15:00:00+00:00,23.03,72.58,34.3,48,4.92,0.0,era5
2023-06-08 16:00:00+00:00,23.03,72.58,32.8,53,4.47,0.0,era5
2023-06-08 17:00:00+00:00,23.03,72.58,31.9,56,4.83,0.0,era5
2023-06-08 18:00:00+00:00,23.03,72.58,30.9,65,4.03,0.0,era5
2023-06-08 19:00:00+00:00,23.03,72.58,30.8,67,3.11,0.0,era5
2023-06-08 20:00:00+00:00,23.03,72.58,30.8,65,2.5,0.0,era5
2023-06-08 21:00:00+00:00,23.03,72.58,30.8,57,3.75,0.0,era5
2023-06-08 22:00:00+00:00,23.03,72.58,29.9,63,3.53,0.0,era5
2023-06-08 23:00:00+00:00,23.03,72.58,29.4,67,3.11,0.0,era5
2023-06-09 00:00:00+00:00,23.03,72.58,29.2,67,3.11,0.0,era5
2023-06-09 01:00:00+00:00,23.03,72.58,30.7,65,2.92,12.2,era5
2023-06-09 02:00:00+00:00,23.03,72.58,31.3,63,3.47,212.5,era5
2023-06-09 03:00:00+00:00,23.03,72.58,32.7,58,3.89,415.0,era5
2023-06-09 04:00:00+00:00,23.03,72.58,34.6,52,4.11,496.1,era5
2023-06-09 05:00:00+00:00,23.03,72.58,35.9,46,4.11,558.0,era5
2023-06-09 06:00:00+00:00,23.03,72.58,37.6,39,4.19,666.1,era5
2023-06-09 07:00:00+00:00,23.03,72.58,39.1,34,4.5,703.2,era5
2023-06-09 08:00:00+00:00,23.03,72.58,40.3,29,4.53,710.3,era5
2023-06-09 09:00:00+00:00,23.03,72.58,41.3,24,3.89,662.4,era5
2023-06-09 10:00:00+00:00,23.03,72.58,41.6,21,3.53,491.6,era5
2023-06-09 11:00:00+00:00,23.03,72.58,41.8,20,3.08,469.5,era5
2023-06-09 12:00:00+00:00,23.03,72.58,41.4,20,2.78,364.0,era5
2023-06-09 13:00:00+00:00,23.03,72.58,39.4,31,3.89,230.7,era5
2023-06-09 14:00:00+00:00,23.03,72.58,36.2,44,6.33,52.5,era5
2023-06-09 15:00:00+00:00,23.03,72.58,34.0,49,5.83,0.0,era5
2023-06-09 16:00:00+00:00,23.03,72.58,32.4,58,5.17,0.0,era5
2023-06-09 17:00:00+00:00,23.03,72.58,31.8,64,4.36,0.0,era5
2023-06-09 18:00:00+00:00,23.03,72.58,31.8,62,5.67,0.0,era5
2023-06-09 19:00:00+00:00,23.03,72.58,32.1,56,4.53,0.0,era5
2023-06-09 20:00:00+00:00,23.03,72.58,31.6,58,3.31,0.0,era5
2023-06-09 21:00:00+00:00,23.03,72.58,30.9,61,3.44,0.0,era5
2023-06-09 22:00:00+00:00,23.03,72.58,30.3,65,4.25,0.0,era5
2023-06-09 23:00:00+00:00,23.03,72.58,29.9,66,4.61,0.0,era5
2023-06-10 00:00:00+00:00,23.03,72.58,30.2,67,4.17,0.0,era5
2023-06-10 01:00:00+00:00,23.03,72.58,30.3,68,3.67,12.2,era5
2023-06-10 02:00:00+00:00,23.03,72.58,31.3,65,4.0,212.7,era5
2023-06-10 03:00:00+00:00,23.03,72.58,33.0,58,5.03,406.3,era5
2023-06-10 04:00:00+00:00,23.03,72.58,34.6,52,4.94,352.8,era5
2023-06-10 05:00:00+00:00,23.03,72.58,35.9,47,4.42,418.7,era5
2023-06-10 06:00:00+00:00,23.03,72.58,38.1,38,4.64,626.0,era5
2023-06-10 07:00:00+00:00,23.03,72.58,39.5,33,4.75,700.2,era5
2023-06-10 08:00:00+00:00,23.03,72.58,40.7,29,4.36,700.2,era5
2023-06-10 09:00:00+00:00,23.03,72.58,41.0,26,5.03,591.3,era5
2023-06-10 10:00:00+00:00,23.03,72.58,40.4,27,6.19,522.2,era5
2023-06-10 11:00:00+00:00,23.03,72.58,39.6,31,6.25,538.3,era5
2023-06-10 12:00:00+00:00,23.03,72.58,37.9,35,5.83,430.5,era5
2023-06-10 13:00:00+00:00,23.03,72.58,36.0,42,6.56,246.7,era5
2023-06-10 14:00:00+00:00,23.03,72.58,33.7,49,6.69,52.2,era5
2023-06-10 15:00:00+00:00,23.03,72.58,32.0,61,6.61,0.0,era5
2023-06-10 16:00:00+00:00,23.03,72.58,31.1,64,5.81,0.0,era5
2023-06-10 17:00:00+00:00,23.03,72.58,30.6,68,5.67,0.0,era5
2023-06-10 18:00:00+00:00,23.03,72.58,30.4,69,5.31,0.0,era5
2023-06-10 19:00:00+00:00,23.03,72.58,30.3,65,5.11,0.0,era5
2023-06-10 20:00:00+00:00,23.03,72.58,29.9,66,4.5,0.0,era5
2023-06-10 21:00:00+00:00,23.03,72.58,29.5,70,3.75,0.0,era5
2023-06-10 22:00:00+00:00,23.03,72.58,29.2,73,3.67,0.0,era5
2023-06-10 23:00:00+00:00,23.03,72.58,29.1,76,3.39,0.0,era5
2023-06-11 00:00:00+00:00,23.03,72.58,29.6,78,2.92,0.0,era5
2023-06-11 01:00:00+00:00,23.03,72.58,30.1,76,2.97,12.3,era5
2023-06-11 02:00:00+00:00,23.03,72.58,31.2,71,4.17,195.6,era5
2023-06-11 03:00:00+00:00,23.03,72.58,32.7,64,4.08,355.0,era5
2023-06-11 04:00:00+00:00,23.03,72.58,34.4,55,4.14,498.3,era5
2023-06-11 05:00:00+00:00,23.03,72.58,35.9,50,4.39,547.3,era5
2023-06-11 06:00:00+00:00,23.03,72.58,37.4,43,5.11,589.2,era5
2023-06-11 07:00:00+00:00,23.03,72.58,38.5,38,5.53,587.6,era5
2023-06-11 08:00:00+00:00,23.03,72.58,39.3,34,5.94,617.7,era5
2023-06-11 09:00:00+00:00,23.03,72.58,38.8,34,5.86,617.6,era5
2023-06-11 10:00:00+00:00,23.03,72.58,38.8,32,6.28,408.0,era5
2023-06-11 11:00:00+00:00,23.03,72.58,37.7,34,7.47,552.2,era5
2023-06-11 12:00:00+00:00,23.03,72.58,36.2,37,7.31,400.1,era5
2023-06-11 13:00:00+00:00,23.03,72.58,34.6,42,6.75,255.9,era5
2023-06-11 14:00:00+00:00,23.03,72.58,33.1,48,6.25,52.0,era5
2023-06-11 15:00:00+00:00,23.03,72.58,31.9,55,5.64,0.0,era5
2023-06-11 16:00:00+00:00,23.03,72.58,30.9,61,4.61,0.0,era5
2023-06-11 17:00:00+00:00,23.03,72.58,30.4,67,3.31,0.0,era5
2023-06-11 18:00:00+00:00,23.03,72.58,30.1,71,3.22,0.0,era5
2023-06-11 19:00:00+00:00,23.03,72.58,30.2,65,3.78,0.0,era5
2023-06-11 20:00:00+00:00,23.03,72.58,30.0,67,3.5,0.0,era5
2023-06-11 21:00:00+00:00,23.03,72.58,29.8,68,3.83,0.0,era5
2023-06-11 22:00:00+00:00,23.03,72.58,29.4,72,3.19,0.0,era5
2023-06-11 23:00:00+00:00,23.03,72.58,29.1,73,2.58,0.0,era5
2023-06-12 00:00:00+00:00,23.03,72.58,30.0,72,3.69,0.0,era5
2023-06-12 01:00:00+00:00,23.03,72.58,29.9,72,4.81,12.3,era5
2023-06-12 02:00:00+00:00,23.03,72.58,30.7,66,4.92,182.9,era5
2023-06-12 03:00:00+00:00,23.03,72.58,32.1,59,5.06,393.6,era5
2023-06-12 04:00:00+00:00,23.03,72.58,33.8,52,5.64,511.2,era5
2023-06-12 05:00:00+00:00,23.03,72.58,35.6,45,5.47,567.5,era5
2023-06-12 06:00:00+00:00,23.03,72.58,37.6,37,5.83,644.9,era5
2023-06-12 07:00:00+00:00,23.03,72.58,39.1,32,6.11,622.2,era5
2023-06-12 08:00:00+00:00,23.03,72.58,39.3,30,8.0,685.0,era5
2023-06-12 09:00:00+00:00,23.03,72.58,37.9,37,8.64,520.1,era5
2023-06-12 10:00:00+00:00,23.03,72.58,36.3,38,9.17,487.2,era5
2023-06-12 11:00:00+00:00,23.03,72.58,35.2,45,8.33,391.7,era5
2023-06-12 12:00:00+00:00,23.03,72.58,34.3,45,7.83,371.8,era5
2023-06-12 13:00:00+00:00,23.03,72.58,32.8,54,7.33,201.3,era5
2023-06-12 14:00:00+00:00,23.03,72.58,31.7,60,5.75,43.1,era5
2023-06-12 15:00:00+00:00,23.03,72.58,31.0,66,5.22,0.0,era5
2023-06-12 16:00:00+00:00,23.03,72.58,30.4,73,5.0,0.0,era5
2023-06-12 17:00:00+00:00,23.03,72.58,30.4,70,5.03,0.0,era5
2023-06-12 18:00:00+00:00,23.03,72.58,30.2,70,5.89,0.0,era5
2023-06-12 19:00:00+00:00,23.03,72.58,30.0,71,5.69,0.0,era5
2023-06-12 20:00:00+00:00,23.03,72.58,29.7,72,5.5,0.0,era5
2023-06-12 21:00:00+00:00,23.03,72.58,29.5,75,5.39,0.0,era5
2023-06-12 22:00:00+00:00,23.03,72.58,29.2,74,5.11,0.0,era5
2023-06-12 23:00:00+00:00,23.03,72.58,29.1,73,5.31,0.0,era5
2023-06-13 00:00:00+00:00,23.03,72.58,30.1,71,5.64,0.0,era5
2023-06-13 01:00:00+00:00,23.03,72.58,30.2,69,5.83,12.3,era5
2023-06-13 02:00:00+00:00,23.03,72.58,31.0,66,6.81,191.9,era5
2023-06-13 03:00:00+00:00,23.03,72.58,32.2,62,7.69,315.2,era5
2023-06-13 04:00:00+00:00,23.03,72.58,33.3,57,8.0,348.8,era5
2023-06-13 05:00:00+00:00,23.03,72.58,35.1,51,7.5,535.4,era5
2023-06-13 06:00:00+00:00,23.03,72.58,36.8,44,8.25,619.0,era5
2023-06-13 07:00:00+00:00,23.03,72.58,36.8,43,8.33,606.1,era5
2023-06-13 08:00:00+00:00,23.03,72.58,36.6,45,8.53,534.1,era5
2023-06-13 09:00:00+00:00,23.03,72.58,34.8,52,8.83,535.8,era5
2023-06-13 10:00:00+00:00,23.03,72.58,35.3,48,8.61,463.2,era5
2023-06-13 11:00:00+00:00,23.03,72.58,34.2,53,8.53,453.2,era5
2023-06-13 12:00:00+00:00,23.03,72.58,33.6,53,8.22,269.0,era5
2023-06-13 13:00:00+00:00,23.03,72.58,32.0,61,8.03,213.9,era5
2023-06-13 14:00:00+00:00,23.03,72.58,30.7,69,7.17,51.5,era5
2023-06-13 15:00:00+00:00,23.03,72.58,30.0,74,7.22,0.0,era5
2023-06-13 16:00:00+00:00,23.03,72.58,29.1,75,5.81,0.0,era5
2023-06-13 17:00:00+00:00,23.03,72.58,28.8,78,6.14,0.0,era5
2023-06-13 18:00:00+00:00,23.03,72.58,28.6,80,6.0,0.0,era5
2023-06-13 19:00:00+00:00,23.03,72.58,28.3,81,5.31,0.0,era5
2023-06-13 20:00:00+00:00,23.03,72.58,28.1,82,5.42,0.0,era5
2023-06-13 21:00:00+00:00,23.03,72.58,27.9,82,5.42,0.0,era5
2023-06-13 22:00:00+00:00,23.03,72.58,27.3,84,4.97,0.0,era5
2023-06-13 23:00:00+00:00,23.03,72.58,27.4,83,5.31,0.0,era5
2023-06-14 00:00:00+00:00,23.03,72.58,26.4,87,5.56,0.0,era5
2023-06-14 01:00:00+00:00,23.03,72.58,27.9,80,6.33,12.3,era5
2023-06-14 02:00:00+00:00,23.03,72.58,29.1,75,6.0,109.3,era5
2023-06-14 03:00:00+00:00,23.03,72.58,31.2,67,7.83,315.6,era5
2023-06-14 04:00:00+00:00,23.03,72.58,33.0,59,7.28,418.0,era5
2023-06-14 05:00:00+00:00,23.03,72.58,34.4,53,8.39,571.9,era5
2023-06-14 06:00:00+00:00,23.03,72.58,34.9,51,8.28,519.1,era5
2023-06-14 07:00:00+00:00,23.03,72.58,36.7,45,7.83,533.0,era5
2023-06-14 08:00:00+00:00,23.03,72.58,36.6,46,7.86,602.4,era5
2023-06-14 09:00:00+00:00,23.03,72.58,35.5,49,8.36,525.1,era5
2023-06-14 10:00:00+00:00,23.03,72.58,35.7,48,8.33,497.2,era5
2023-06-14 11:00:00+00:00,23.03,72.58,35.2,50,7.56,449.8,era5
2023-06-14 12:00:00+00:00,23.03,72.58,33.7,52,8.61,407.7,era5
2023-06-14 13:00:00+00:00,23.03,72.58,32.1,60,7.75,223.2,era5
2023-06-14 14:00:00+00:00,23.03,72.58,31.1,63,7.22,51.2,era5
2023-06-14 15:00:00+00:00,23.03,72.58,30.3,68,6.5,0.0,era5
2023-06-14 16:00:00+00:00,23.03,72.58,30.0,68,6.39,0.0,era5
2023-06-14 17:00:00+00:00,23.03,72.58,29.5,71,5.86,0.0,era5
2023-06-14 18:00:00+00:00,23.03,72.58,29.1,74,5.19,0.0,era5
2023-06-14 19:00:00+00:00,23.03,72.58,28.9,76,5.5,0.0,era5
2023-06-14 20:00:00+00:00,23.03,72.58,28.7,78,5.42,0.0,era5
2023-06-14 21:00:00+00:00,23.03,72.58,28.8,76,6.08,0.0,era5
2023-06-14 22:00:00+00:00,23.03,72.58,28.5,77,5.53,0.0,era5
2023-06-14 23:00:00+00:00,23.03,72.58,27.9,79,5.67,0.0,era5
2023-06-15 00:00:00+00:00,23.03,72.58,26.3,92,5.11,0.0,era5
2023-06-15 01:00:00+00:00,23.03,72.58,27.3,87,4.78,0.0,era5
2023-06-15 02:00:00+00:00,23.03,72.58,29.0,75,5.83,140.2,era5
2023-06-15 03:00:00+00:00,23.03,72.58,30.0,69,5.75,264.1,era5
2023-06-15 04:00:00+00:00,23.03,72.58,28.3,79,5.75,246.0,era5
2023-06-15 05:00:00+00:00,23.03,72.58,31.7,63,8.14,471.0,era5
2023-06-15 06:00:00+00:00,23.03,72.58,32.5,58,9.33,396.3,era5
2023-06-15 07:00:00+00:00,23.03,72.58,32.5,55,10.47,404.2,era5
2023-06-15 08:00:00+00:00,23.03,72.58,32.4,57,8.03,136.8,era5
2023-06-15 09:00:00+00:00,23.03,72.58,34.3,49,10.11,501.7,era5
2023-06-15 10:00:00+00:00,23.03,72.58,33.0,56,10.97,388.1,era5
2023-06-15 11:00:00+00:00,23.03,72.58,31.9,59,8.61,229.7,era5
2023-06-15 12:00:00+00:00,23.03,72.58,30.7,66,9.33,250.5,era5
2023-06-15 13:00:00+00:00,23.03,72.58,29.6,75,7.61,23.2,era5
2023-06-15 14:00:00+00:00,23.03,72.58,28.6,77,6.83,25.5,era5
2023-06-15 15:00:00+00:00,23.03,72.58,28.7,78,7.75,0.0,era5
2023-06-15 16:00:00+00:00,23.03,72.58,28.0,80,6.47,0.0,era5
2023-06-15 17:00:00+00:00,23.03,72.58,27.7,81,6.28,0.0,era5
2023-06-15 18:00:00+00:00,23.03,72.58,27.8,81,7.44,0.0,era5
2023-06-15 19:00:00+00:00,23.03,72.58,27.5,82,7.81,0.0,era5
2023-06-15 20:00:00+00:00,23.03,72.58,27.4,83,6.92,0.0,era5
2023-06-15 21:00:00+00:00,23.03,72.58,27.3,83,7.39,0.0,era5
2023-06-15 22:00:00+00:00,23.03,72.58,27.0,86,6.92,0.0,era5
2023-06-15 23:00:00+00:00,23.03,72.58,26.8,87,6.36,0.0,era5
2023-06-16 00:00:00+00:00,23.03,72.58,26.4,91,7.0,0.0,era5
2023-06-16 01:00:00+00:00,23.03,72.58,27.7,85,7.22,12.4,era5
2023-06-16 02:00:00+00:00,23.03,72.58,29.0,76,8.11,118.6,era5
2023-06-16 03:00:00+00:00,23.03,72.58,30.2,69,9.92,117.5,era5
2023-06-16 04:00:00+00:00,23.03,72.58,31.7,61,11.06,359.2,era5
2023-06-16 05:00:00+00:00,23.03,72.58,32.1,64,10.17,282.5,era5
2023-06-16 06:00:00+00:00,23.03,72.58,33.8,54,11.44,417.1,era5
2023-06-16 07:00:00+00:00,23.03,72.58,36.0,46,11.94,472.3,era5
2023-06-16 08:00:00+00:00,23.03,72.58,33.9,48,11.58,408.3,era5
2023-06-16 09:00:00+00:00,23.03,72.58,32.0,61,10.14,84.5,era5
2023-06-16 10:00:00+00:00,23.03,72.58,30.2,71,9.61,42.6,era5
2023-06-16 11:00:00+00:00,23.03,72.58,32.9,52,11.0,15.8,era5
2023-06-16 12:00:00+00:00,23.03,72.58,28.1,87,8.81,13.7,era5
2023-06-16 13:00:00+00:00,23.03,72.58,27.9,86,9.31,6.6,era5
2023-06-16 14:00:00+00:00,23.03,72.58,28.8,80,9.31,0.0,era5
2023-06-16 15:00:00+00:00,23.03,72.58,29.5,73,7.92,0.0,era5
2023-06-16 16:00:00+00:00,23.03,72.58,29.9,67,7.92,0.0,era5
2023-06-16 17:00:00+00:00,23.03,72.58,29.7,68,7.47,0.0,era5
2023-06-16 18:00:00+00:00,23.03,72.58,29.4,70,7.67,0.0,era5
2023-06-16 19:00:00+00:00,23.03,72.58,28.9,74,7.72,0.0,era5
2023-06-16 20:00:00+00:00,23.03,72.58,28.6,76,7.69,0.0,era5
2023-06-16 21:00:00+00:00,23.03,72.58,28.5,77,8.61,0.0,era5
2023-06-16 22:00:00+00:00,23.03,72.58,28.3,78,8.33,0.0,era5
2023-06-16 23:00:00+00:00,23.03,72.58,28.1,78,8.19,0.0,era5
2023-06-17 00:00:00+00:00,23.03,72.58,27.0,89,8.81,0.0,era5
2023-06-17 01:00:00+00:00,23.03,72.58,26.8,89,7.64,0.0,era5
2023-06-17 02:00:00+00:00,23.03,72.58,26.6,90,6.58,8.8,era5
2023-06-17 03:00:00+00:00,23.03,72.58,27.7,84,7.72,6.8,era5
2023-06-17 04:00:00+00:00,23.03,72.58,29.6,74,8.56,161.7,era5
2023-06-17 05:00:00+00:00,23.03,72.58,30.2,71,7.56,112.6,era5
2023-06-17 06:00:00+00:00,23.03,72.58,31.6,61,9.08,116.6,era5
2023-06-17 07:00:00+00:00,23.03,72.58,34.0,52,8.89,393.1,era5
2023-06-17 08:00:00+00:00,23.03,72.58,34.5,51,7.58,316.7,era5
2023-06-17 09:00:00+00:00,23.03,72.58,32.4,61,7.83,69.7,era5
2023-06-17 10:00:00+00:00,23.03,72.58,29.7,76,2.58,157.2,era5
2023-06-17 11:00:00+00:00,23.03,72.58,32.0,64,2.86,47.3,era5
2023-06-17 12:00:00+00:00,23.03,72.58,33.5,51,8.33,175.5,era5
2023-06-17 13:00:00+00:00,23.03,72.58,32.7,53,7.42,0.0,era5
2023-06-17 14:00:00+00:00,23.03,72.58,31.8,55,7.17,0.0,era5
2023-06-17 15:00:00+00:00,23.03,72.58,31.3,56,7.22,0.0,era5
2023-06-17 16:00:00+00:00,23.03,72.58,30.8,58,7.64,0.0,era5
2023-06-17 17:00:00+00:00,23.03,72.58,30.1,63,7.56,0.0,era5
2023-06-17 18:00:00+00:00,23.03,72.58,29.5,67,7.78,0.0,era5
2023-06-17 19:00:00+00:00,23.03,72.58,28.8,71,7.81,0.0,era5
2023-06-17 20:00:00+00:00,23.03,72.58,28.4,74,7.67,0.0,era5
2023-06-17 21:00:00+00:00,23.03,72.58,28.0,77,7.31,0.0,era5
2023-06-17 22:00:00+00:00,23.03,72.58,27.9,78,6.78,0.0,era5
2023-06-17 23:00:00+00:00,23.03,72.58,27.8,79,6.58,0.0,era5
2023-06-18 00:00:00+00:00,23.03,72.58,27.7,82,6.28,0.0,era5
2023-06-18 01:00:00+00:00,23.03,72.58,28.3,78,6.5,0.0,era5
2023-06-18 02:00:00+00:00,23.03,72.58,29.1,74,6.61,53.0,era5
2023-06-18 03:00:00+00:00,23.03,72.58,29.9,69,7.86,115.6,era5
2023-06-18 04:00:00+00:00,23.03,72.58,30.6,66,7.94,70.7,era5
2023-06-18 05:00:00+00:00,23.03,72.58,32.5,58,8.31,230.3,era5
2023-06-18 06:00:00+00:00,23.03,72.58,33.6,53,8.03,122.1,era5
2023-06-18 07:00:00+00:00,23.03,72.58,34.8,49,7.22,129.0,era5
2023-06-18 08:00:00+00:00,23.03,72.58,35.7,45,7.0,209.1,era5
2023-06-18 09:00:00+00:00,23.03,72.58,36.3,43,7.11,251.1,era5
2023-06-18 10:00:00+00:00,23.03,72.58,36.6,42,7.36,243.3,era5
2023-06-18 11:00:00+00:00,23.03,72.58,36.0,42,7.03,214.7,era5
2023-06-18 12:00:00+00:00,23.03,72.58,34.7,47,7.39,151.8,era5
2023-06-18 13:00:00+00:00,23.03,72.58,33.9,48,6.33,115.0,era5
2023-06-18 14:00:00+00:00,23.03,72.58,32.6,54,5.58,0.0,era5
2023-06-18 15:00:00+00:00,23.03,72.58,31.8,58,5.33,0.0,era5
2023-06-18 16:00:00+00:00,23.03,72.58,30.9,64,5.81,0.0,era5
2023-06-18 17:00:00+00:00,23.03,72.58,30.0,70,5.11,0.0,era5
2023-06-18 18:00:00+00:00,23.03,72.58,29.5,72,4.69,0.0,era5
2023-06-18 19:00:00+00:00,23.03,72.58,29.4,71,4.5,0.0,era5
2023-06-18 20:00:00+00:00,23.03,72.58,28.9,68,4.94,0.0,era5
2023-06-18 21:00:00+00:00,23.03,72.58,28.2,72,5.25,0.0,era5
2023-06-18 22:00:00+00:00,23.03,72.58,27.6,76,5.14,0.0,era5
2023-06-18 23:00:00+00:00,23.03,72.58,27.2,79,4.75,0.0,era5
2023-06-19 00:00:00+00:00,23.03,72.58,28.0,80,4.67,0.0,era5
2023-06-19 01:00:00+00:00,23.03,72.58,28.3,79,4.42,0.0,era5
2023-06-19 02:00:00+00:00,23.03,72.58,29.1,75,4.92,44.3,era5
2023-06-19 03:00:00+00:00,23.03,72.58,29.4,73,5.19,25.0,era5
2023-06-19 04:00:00+00:00,23.03,72.58,30.7,66,5.64,102.2,era5
2023-06-19 05:00:00+00:00,23.03,72.58,32.3,60,5.72,293.1,era5
2023-06-19 06:00:00+00:00,23.03,72.58,33.5,54,5.39,187.5,era5
2023-06-19 07:00:00+00:00,23.03,72.58,35.0,49,5.22,380.0,era5
2023-06-19 08:00:00+00:00,23.03,72.58,36.7,44,5.03,544.9,era5
2023-06-19 09:00:00+00:00,23.03,72.58,37.4,42,5.31,525.3,era5
2023-06-19 10:00:00+00:00,23.03,72.58,37.6,41,5.39,518.1,era5
2023-06-19 11:00:00+00:00,23.03,72.58,37.2,42,5.92,504.7,era5
2023-06-19 12:00:00+00:00,23.03,72.58,35.2,47,5.11,380.9,era5
2023-06-19 13:00:00+00:00,23.03,72.58,34.8,47,4.61,104.9,era5
2023-06-19 14:00:00+00:00,23.03,72.58,33.5,51,3.33,16.7,era5
2023-06-19 15:00:00+00:00,23.03,72.58,32.2,58,2.08,0.0,era5
2023-06-19 16:00:00+00:00,23.03,72.58,31.1,64,2.97,0.0,era5
2023-06-19 17:00:00+00:00,23.03,72.58,30.3,71,2.11,0.0,era5
2023-06-19 18:00:00+00:00,23.03,72.58,29.7,74,0.92,0.0,era5
2023-06-19 19:00:00+00:00,23.03,72.58,29.6,73,2.25,0.0,era5
2023-06-19 20:00:00+00:00,23.03,72.58,28.8,76,3.72,0.0,era5
2023-06-19 21:00:00+00:00,23.03,72.58,28.3,78,3.72,0.0,era5
2023-06-19 22:00:00+00:00,23.03,72.58,27.9,81,3.11,0.0,era5
2023-06-19 23:00:00+00:00,23.03,72.58,27.7,80,3.19,0.0,era5
2023-06-20 00:00:00+00:00,23.03,72.58,28.2,77,3.36,0.0,era5
2023-06-20 01:00:00+00:00,23.03,72.58,28.3,75,3.36,0.0,era5
2023-06-20 02:00:00+00:00,23.03,72.58,29.2,71,3.72,124.5,era5
2023-06-20 03:00:00+00:00,23.03,72.58,30.7,64,4.92,375.3,era5
2023-06-20 04:00:00+00:00,23.03,72.58,32.2,57,5.03,387.3,era5
2023-06-20 05:00:00+00:00,23.03,72.58,33.6,51,4.61,352.2,era5
2023-06-20 06:00:00+00:00,23.03,72.58,35.0,46,4.14,359.9,era5
2023-06-20 07:00:00+00:00,23.03,72.58,36.2,41,3.94,427.8,era5
2023-06-20 08:00:00+00:00,23.03,72.58,37.0,38,3.69,262.4,era5
2023-06-20 09:00:00+00:00,23.03,72.58,37.7,36,3.75,347.0,era5
2023-06-20 10:00:00+00:00,23.03,72.58,37.8,36,4.22,235.9,era5
2023-06-20 11:00:00+00:00,23.03,72.58,37.7,36,4.61,474.2,era5
2023-06-20 12:00:00+00:00,23.03,72.58,36.3,39,3.86,331.8,era5
2023-06-20 13:00:00+00:00,23.03,72.58,36.3,38,2.94,169.9,era5
2023-06-20 14:00:00+00:00,23.03,72.58,33.0,53,4.97,50.0,era5
2023-06-20 15:00:00+00:00,23.03,72.58,31.8,60,4.92,0.0,era5
2023-06-20 16:00:00+00:00,23.03,72.58,30.5,68,4.11,0.0,era5
2023-06-20 17:00:00+00:00,23.03,72.58,30.2,70,3.86,0.0,era5
2023-06-20 18:00:00+00:00,23.03,72.58,30.1,71,2.06,0.0,era5
2023-06-20 19:00:00+00:00,23.03,72.58,29.9,72,1.97,0.0,era5
2023-06-20 20:00:00+00:00,23.03,72.58,29.4,73,3.28,0.0,era5
2023-06-20 21:00:00+00:00,23.03,72.58,28.9,76,2.89,0.0,era5
2023-06-20 22:00:00+00:00,23.03,72.58,28.9,74,3.19,0.0,era5
2023-06-20 23:00:00+00:00,23.03,72.58,28.5,70,3.61,0.0,era5
2023-06-21 00:00:00+00:00,23.03,72.58,28.8,70,2.33,0.0,era5
2023-06-21 01:00:00+00:00,23.03,72.58,29.0,70,1.97,0.0,era5
2023-06-21 02:00:00+00:00,23.03,72.58,29.8,68,2.94,53.6,era5
2023-06-21 03:00:00+00:00,23.03,72.58,31.3,61,3.81,303.0,era5
2023-06-21 04:00:00+00:00,23.03,72.58,32.7,55,4.11,364.1,era5
2023-06-21 05:00:00+00:00,23.03,72.58,34.3,48,3.97,361.2,era5
2023-06-21 06:00:00+00:00,23.03,72.58,35.8,42,3.78,463.7,era5
2023-06-21 07:00:00+00:00,23.03,72.58,37.4,37,3.75,562.1,era5
2023-06-21 08:00:00+00:00,23.03,72.58,38.0,36,3.92,552.9,era5
2023-06-21 09:00:00+00:00,23.03,72.58,38.8,34,3.53,551.4,era5
2023-06-21 10:00:00+00:00,23.03,72.58,39.0,33,3.81,444.5,era5
2023-06-21 11:00:00+00:00,23.03,72.58,38.8,33,3.72,373.9,era5
2023-06-21 12:00:00+00:00,23.03,72.58,38.1,33,3.0,273.2,era5
2023-06-21 13:00:00+00:00,23.03,72.58,35.6,43,5.25,202.0,era5
2023-06-21 14:00:00+00:00,23.03,72.58,33.5,50,5.31,24.9,era5
2023-06-21 15:00:00+00:00,23.03,72.58,32.2,58,5.11,0.0,era5
2023-06-21 16:00:00+00:00,23.03,72.58,31.2,65,4.81,0.0,era5
2023-06-21 17:00:00+00:00,23.03,72.58,30.5,71,2.22,0.0,era5
2023-06-21 18:00:00+00:00,23.03,72.58,30.5,70,3.03,0.0,era5
2023-06-21 19:00:00+00:00,23.03,72.58,30.0,71,3.58,0.0,era5
2023-06-21 20:00:00+00:00,23.03,72.58,29.3,75,3.44,0.0,era5
2023-06-21 21:00:00+00:00,23.03,72.58,29.1,74,3.36,0.0,era5
2023-06-21 22:00:00+00:00,23.03,72.58,28.6,76,3.25,0.0,era5
2023-06-21 23:00:00+00:00,23.03,72.58,28.5,75,2.92,0.0,era5
2023-06-22 00:00:00+00:00,23.03,72.58,29.2,71,2.31,0.0,era5
2023-06-22 01:00:00+00:00,23.03,72.58,29.5,70,3.0,12.8,era5
2023-06-22 02:00:00+00:00,23.03,72.58,30.2,67,3.81,147.8,era5
2023-06-22 03:00:00+00:00,23.03,72.58,31.5,61,4.25,358.3,era5
2023-06-22 04:00:00+00:00,23.03,72.58,32.8,56,3.92,377.1,era5
2023-06-22 05:00:00+00:00,23.03,72.58,34.2,50,3.72,351.4,era5
2023-06-22 06:00:00+00:00,23.03,72.58,35.3,46,3.72,283.8,era5
2023-06-22 07:00:00+00:00,23.03,72.58,36.7,41,3.61,525.5,era5
2023-06-22 08:00:00+00:00,23.03,72.58,37.9,38,3.28,602.1,era5
2023-06-22 09:00:00+00:00,23.03,72.58,38.5,36,3.47,609.2,era5
2023-06-22 10:00:00+00:00,23.03,72.58,38.5,36,3.72,523.2,era5
2023-06-22 11:00:00+00:00,23.03,72.58,38.3,36,3.69,501.9,era5
2023-06-22 12:00:00+00:00,23.03,72.58,36.9,40,3.14,301.9,era5
2023-06-22 13:00:00+00:00,23.03,72.58,36.3,41,3.17,146.3,era5
2023-06-22 14:00:00+00:00,23.03,72.58,35.2,44,3.61,16.5,era5
2023-06-22 15:00:00+00:00,23.03,72.58,33.2,53,5.25,0.0,era5
2023-06-22 16:00:00+00:00,23.03,72.58,31.5,64,4.94,0.0,era5
2023-06-22 17:00:00+00:00,23.03,72.58,30.7,70,4.06,0.0,era5
2023-06-22 18:00:00+00:00,23.03,72.58,30.1,73,1.83,0.0,era5
2023-06-22 19:00:00+00:00,23.03,72.58,30.0,75,1.36,0.0,era5
2023-06-22 20:00:00+00:00,23.03,72.58,29.9,74,2.17,0.0,era5
2023-06-22 21:00:00+00:00,23.03,72.58,29.5,74,3.22,0.0,era5
2023-06-22 22:00:00+00:00,23.03,72.58,29.5,74,3.44,0.0,era5
2023-06-22 23:00:00+00:00,23.03,72.58,29.2,74,3.81,0.0,era5
2023-06-23 00:00:00+00:00,23.03,72.58,29.9,73,2.89,0.0,era5
2023-06-23 01:00:00+00:00,23.03,72.58,30.0,69,3.81,0.0,era5
2023-06-23 02:00:00+00:00,23.03,72.58,30.2,68,3.33,0.0,era5
2023-06-23 03:00:00+00:00,23.03,72.58,30.9,65,3.72,64.0,era5
2023-06-23 04:00:00+00:00,23.03,72.58,32.9,56,3.42,322.2,era5
2023-06-23 05:00:00+00:00,23.03,72.58,34.6,49,3.56,355.4,era5
2023-06-23 06:00:00+00:00,23.03,72.58,36.2,43,3.64,446.6,era5
2023-06-23 07:00:00+00:00,23.03,72.58,37.2,39,3.44,459.5,era5
2023-06-23 08:00:00+00:00,23.03,72.58,37.8,37,3.0,375.9,era5
2023-06-23 09:00:00+00:00,23.03,72.58,38.3,35,3.42,282.4,era5
2023-06-23 10:00:00+00:00,23.03,72.58,38.8,34,4.06,501.7,era5
2023-06-23 11:00:00+00:00,23.03,72.58,38.7,34,4.25,491.5,era5
2023-06-23 12:00:00+00:00,23.03,72.58,37.1,39,3.22,380.7,era5
2023-06-23 13:00:00+00:00,23.03,72.58,36.9,40,2.78,165.4,era5
2023-06-23 14:00:00+00:00,23.03,72.58,34.5,49,3.72,24.7,era5
2023-06-23 15:00:00+00:00,23.03,72.58,33.7,51,3.67,0.0,era5
2023-06-23 16:00:00+00:00,23.03,72.58,32.4,59,3.72,0.0,era5
2023-06-23 17:00:00+00:00,23.03,72.58,31.6,66,2.58,0.0,era5
2023-06-23 18:00:00+00:00,23.03,72.58,31.4,67,1.97,0.0,era5
2023-06-23 19:00:00+00:00,23.03,72.58,31.3,64,1.89,0.0,era5
2023-06-23 20:00:00+00:00,23.03,72.58,30.3,64,3.89,0.0,era5
2023-06-23 21:00:00+00:00,23.03,72.58,29.1,71,3.31,0.0,era5
2023-06-23 22:00:00+00:00,23.03,72.58,29.3,72,3.28,0.0,era5
2023-06-23 23:00:00+00:00,23.03,72.58,29.0,75,3.0,0.0,era5
2023-06-24 00:00:00+00:00,23.03,72.58,29.6,74,3.61,0.0,era5
2023-06-24 01:00:00+00:00,23.03,72.58,29.7,75,3.44,0.0,era5
2023-06-24 02:00:00+00:00,23.03,72.58,30.2,71,3.89,63.2,era5
2023-06-24 03:00:00+00:00,23.03,72.58,31.2,65,3.39,155.8,era5
2023-06-24 04:00:00+00:00,23.03,72.58,32.3,60,3.19,140.7,era5
2023-06-24 05:00:00+00:00,23.03,72.58,32.8,57,2.81,30.2,era5
2023-06-24 06:00:00+00:00,23.03,72.58,33.7,53,2.31,47.0,era5
2023-06-24 07:00:00+00:00,23.03,72.58,35.4,47,2.61,122.0,era5
2023-06-24 08:00:00+00:00,23.03,72.58,35.6,45,3.19,78.4,era5
2023-06-24 09:00:00+00:00,23.03,72.58,35.8,44,3.61,67.4,era5
2023-06-24 10:00:00+00:00,23.03,72.58,35.9,43,3.83,58.9,era5
2023-06-24 11:00:00+00:00,23.03,72.58,36.1,42,3.64,99.6,era5
2023-06-24 12:00:00+00:00,23.03,72.58,35.5,44,2.94,71.4,era5
2023-06-24 13:00:00+00:00,23.03,72.58,31.9,60,5.14,16.2,era5
2023-06-24 14:00:00+00:00,23.03,72.58,31.4,61,4.31,0.0,era5
2023-06-24 15:00:00+00:00,23.03,72.58,30.5,66,4.81,0.0,era5
2023-06-24 16:00:00+00:00,23.03,72.58,29.4,71,4.61,0.0,era5
2023-06-24 17:00:00+00:00,23.03,72.58,29.0,76,4.33,0.0,era5
2023-06-24 18:00:00+00:00,23.03,72.58,28.8,78,4.0,0.0,era5
2023-06-24 19:00:00+00:00,23.03,72.58,28.6,81,3.64,0.0,era5
2023-06-24 20:00:00+00:00,23.03,72.58,28.3,83,3.61,0.0,era5
2023-06-24 21:00:00+00:00,23.03,72.58,27.8,86,4.03,0.0,era5
2023-06-24 22:00:00+00:00,23.03,72.58,27.5,89,3.94,0.0,era5
2023-06-24 23:00:00+00:00,23.03,72.58,26.5,92,3.58,0.0,era5
2023-06-25 00:00:00+00:00,23.03,72.58,26.9,92,1.72,0.0,era5
2023-06-25 01:00:00+00:00,23.03,72.58,26.8,89,2.56,0.0,era5
2023-06-25 02:00:00+00:00,23.03,72.58,26.7,91,0.81,54.4,era5
2023-06-25 03:00:00+00:00,23.03,72.58,27.8,85,1.11,105.6,era5
2023-06-25 04:00:00+00:00,23.03,72.58,30.2,72,1.08,322.9,era5
2023-06-25 05:00:00+00:00,23.03,72.58,31.3,68,1.39,127.0,era5
2023-06-25 06:00:00+00:00,23.03,72.58,32.7,62,1.17,236.0,era5
2023-06-25 07:00:00+00:00,23.03,72.58,34.1,56,0.92,360.0,era5
2023-06-25 08:00:00+00:00,23.03,72.58,35.6,49,1.81,450.2,era5
2023-06-25 09:00:00+00:00,23.03,72.58,35.8,48,3.53,370.7,era5
2023-06-25 10:00:00+00:00,23.03,72.58,31.4,69,4.42,184.7,era5
2023-06-25 11:00:00+00:00,23.03,72.58,30.9,68,4.42,173.5,era5
2023-06-25 12:00:00+00:00,23.03,72.58,33.4,58,2.42,55.9,era5
2023-06-25 13:00:00+00:00,23.03,72.58,30.4,71,4.39,138.8,era5
2023-06-25 14:00:00+00:00,23.03,72.58,28.5,80,3.67,0.0,era5
2023-06-25 15:00:00+00:00,23.03,72.58,28.2,82,3.69,0.0,era5
2023-06-25 16:00:00+00:00,23.03,72.58,27.8,82,2.22,0.0,era5
2023-06-25 17:00:00+00:00,23.03,72.58,27.6,83,2.61,0.0,era5
2023-06-25 18:00:00+00:00,23.03,72.58,27.5,84,2.56,0.0,era5
2023-06-25 19:00:00+00:00,23.03,72.58,27.4,84,2.89,0.0,era5
2023-06-25 20:00:00+00:00,23.03,72.58,27.2,84,2.75,0.0,era5
2023-06-25 21:00:00+00:00,23.03,72.58,27.0,88,2.33,0.0,era5
2023-06-25 22:00:00+00:00,23.03,72.58,27.1,88,2.33,0.0,era5
2023-06-25 23:00:00+00:00,23.03,72.58,27.3,87,2.56,0.0,era5
2023-06-26 00:00:00+00:00,23.03,72.58,26.2,95,1.36,0.0,era5
2023-06-26 01:00:00+00:00,23.03,72.58,26.7,94,1.56,0.0,era5
2023-06-26 02:00:00+00:00,23.03,72.58,27.9,87,2.28,13.6,era5
2023-06-26 03:00:00+00:00,23.03,72.58,28.4,85,2.25,43.7,era5
2023-06-26 04:00:00+00:00,23.03,72.58,30.1,76,2.53,155.3,era5
2023-06-26 05:00:00+00:00,23.03,72.58,31.1,67,2.58,127.1,era5
2023-06-26 06:00:00+00:00,23.03,72.58,29.3,74,1.94,0.0,era5
2023-06-26 07:00:00+00:00,23.03,72.58,29.1,77,2.89,98.7,era5
2023-06-26 08:00:00+00:00,23.03,72.58,28.8,80,2.5,18.1,era5
2023-06-26 09:00:00+00:00,23.03,72.58,29.3,78,2.83,29.5,era5
2023-06-26 10:00:00+00:00,23.03,72.58,28.5,81,4.56,23.5,era5
2023-06-26 11:00:00+00:00,23.03,72.58,27.4,85,2.72,0.0,era5
2023-06-26 12:00:00+00:00,23.03,72.58,28.3,87,2.69,50.1,era5
2023-06-26 13:00:00+00:00,23.03,72.58,27.4,87,3.83,99.9,era5
2023-06-26 14:00:00+00:00,23.03,72.58,26.5,94,2.28,0.0,era5
2023-06-26 15:00:00+00:00,23.03,72.58,26.3,95,3.06,0.0,era5
2023-06-26 16:00:00+00:00,23.03,72.58,26.1,96,2.11,0.0,era5
2023-06-26 17:00:00+00:00,23.03,72.58,26.0,96,2.56,0.0,era5
2023-06-26 18:00:00+00:00,23.03,72.58,26.1,95,2.53,0.0,era5
2023-06-26 19:00:00+00:00,23.03,72.58,26.2,94,2.19,0.0,era5
2023-06-26 20:00:00+00:00,23.03,72.58,26.3,95,2.47,0.0,era5
2023-06-26 21:00:00+00:00,23.03,72.58,26.2,95,2.58,0.0,era5
2023-06-26 22:00:00+00:00,23.03,72.58,26.1,94,2.69,0.0,era5
2023-06-26 23:00:00+00:00,23.03,72.58,26.0,95,2.42,0.0,era5
2023-06-27 00:00:00+00:00,23.03,72.58,26.1,95,1.19,0.0,era5
2023-06-27 01:00:00+00:00,23.03,72.58,26.6,93,2.19,0.0,era5
2023-06-27 02:00:00+00:00,23.03,72.58,26.9,88,2.89,0.0,era5
2023-06-27 03:00:00+00:00,23.03,72.58,27.5,86,2.5,27.6,era5
2023-06-27 04:00:00+00:00,23.03,72.58,27.9,85,1.81,3.2,era5
2023-06-27 05:00:00+00:00,23.03,72.58,29.2,77,2.14,34.0,era5
2023-06-27 06:00:00+00:00,23.03,72.58,29.9,73,1.78,8.7,era5
2023-06-27 07:00:00+00:00,23.03,72.58,29.8,73,1.72,10.2,era5
2023-06-27 08:00:00+00:00,23.03,72.58,29.8,74,2.19,7.0,era5
2023-06-27 09:00:00+00:00,23.03,72.58,29.8,75,1.42,24.2,era5
2023-06-27 10:00:00+00:00,23.03,72.58,29.0,82,2.31,9.4,era5
2023-06-27 11:00:00+00:00,23.03,72.58,28.8,82,3.5,35.5,era5
2023-06-27 12:00:00+00:00,23.03,72.58,29.4,77,2.64,0.0,era5
2023-06-27 13:00:00+00:00,23.03,72.58,28.7,81,3.67,83.7,era5
2023-06-27 14:00:00+00:00,23.03,72.58,27.8,85,3.28,16.3,era5
2023-06-27 15:00:00+00:00,23.03,72.58,27.2,87,2.22,0.0,era5
2023-06-27 16:00:00+00:00,23.03,72.58,26.9,88,1.06,0.0,era5
2023-06-27 17:00:00+00:00,23.03,72.58,26.5,91,2.42,0.0,era5
2023-06-27 18:00:00+00:00,23.03,72.58,26.4,92,2.39,0.0,era5
2023-06-27 19:00:00+00:00,23.03,72.58,26.3,93,1.92,0.0,era5
2023-06-27 20:00:00+00:00,23.03,72.58,26.3,93,2.22,0.0,era5
2023-06-27 21:00:00+00:00,23.03,72.58,26.2,95,2.33,0.0,era5
2023-06-27 22:00:00+00:00,23.03,72.58,26.2,95,1.92,0.0,era5
2023-06-27 23:00:00+00:00,23.03,72.58,26.3,96,1.64,0.0,era5
2023-06-28 00:00:00+00:00,23.03,72.58,26.4,97,1.14,0.0,era5
2023-06-28 01:00:00+00:00,23.03,72.58,26.6,94,2.25,0.0,era5
2023-06-28 02:00:00+00:00,23.03,72.58,26.6,91,0.69,27.5,era5
2023-06-28 03:00:00+00:00,23.03,72.58,26.9,91,1.69,2.3,era5
2023-06-28 04:00:00+00:00,23.03,72.58,28.5,85,2.0,179.4,era5
2023-06-28 05:00:00+00:00,23.03,72.58,30.1,79,2.0,249.4,era5
2023-06-28 06:00:00+00:00,23.03,72.58,31.6,71,1.83,292.1,era5
2023-06-28 07:00:00+00:00,23.03,72.58,32.6,66,2.14,285.9,era5
2023-06-28 08:00:00+00:00,23.03,72.58,32.8,63,2.11,47.2,era5
2023-06-28 09:00:00+00:00,23.03,72.58,28.0,84,2.17,15.8,era5
2023-06-28 10:00:00+00:00,23.03,72.58,26.4,93,1.83,1.2,era5
2023-06-28 11:00:00+00:00,23.03,72.58,26.9,89,2.69,18.5,era5
2023-06-28 12:00:00+00:00,23.03,72.58,29.5,82,3.67,32.7,era5
2023-06-28 13:00:00+00:00,23.03,72.58,27.3,89,1.44,6.4,era5
2023-06-28 14:00:00+00:00,23.03,72.58,27.5,90,1.0,0.0,era5
2023-06-28 15:00:00+00:00,23.03,72.58,27.4,93,1.11,0.0,era5
2023-06-28 16:00:00+00:00,23.03,72.58,27.1,93,1.31,0.0,era5
2023-06-28 17:00:00+00:00,23.03,72.58,27.0,94,1.69,0.0,era5
2023-06-28 18:00:00+00:00,23.03,72.58,27.0,95,2.28,0.0,era5
2023-06-28 19:00:00+00:00,23.03,72.58,26.5,93,4.33,0.0,era5
2023-06-28 20:00:00+00:00,23.03,72.58,25.6,94,3.25,0.0,era5
2023-06-28 21:00:00+00:00,23.03,72.58,25.6,96,2.44,0.0,era5
2023-06-28 22:00:00+00:00,23.03,72.58,25.7,96,2.06,0.0,era5
2023-06-28 23:00:00+00:00,23.03,72.58,25.8,96,2.0,0.0,era5
2023-06-29 00:00:00+00:00,23.03,72.58,26.6,93,2.89,0.0,era5
2023-06-29 01:00:00+00:00,23.03,72.58,26.9,92,3.11,0.0,era5
2023-06-29 02:00:00+00:00,23.03,72.58,26.5,92,3.31,0.0,era5
2023-06-29 03:00:00+00:00,23.03,72.58,27.3,91,3.19,2.3,era5
2023-06-29 04:00:00+00:00,23.03,72.58,28.7,84,3.89,101.7,era5
2023-06-29 05:00:00+00:00,23.03,72.58,28.7,84,2.94,90.8,era5
2023-06-29 06:00:00+00:00,23.03,72.58,27.4,86,3.0,2.2,era5
2023-06-29 07:00:00+00:00,23.03,72.58,26.3,93,2.19,2.0,era5
2023-06-29 08:00:00+00:00,23.03,72.58,27.2,87,0.92,30.1,era5
2023-06-29 09:00:00+00:00,23.03,72.58,28.3,80,2.83,30.5,era5
2023-06-29 10:00:00+00:00,23.03,72.58,27.9,84,3.11,38.8,era5
2023-06-29 11:00:00+00:00,23.03,72.58,26.2,95,3.31,1.4,era5
2023-06-29 12:00:00+00:00,23.03,72.58,29.4,77,1.25,17.3,era5
2023-06-29 13:00:00+00:00,23.03,72.58,27.1,91,2.72,6.4,era5
2023-06-29 14:00:00+00:00,23.03,72.58,26.3,94,3.92,0.0,era5
2023-06-29 15:00:00+00:00,23.03,72.58,25.8,96,3.67,0.0,era5
2023-06-29 16:00:00+00:00,23.03,72.58,25.7,96,2.69,0.0,era5
2023-06-29 17:00:00+00:00,23.03,72.58,25.8,95,2.97,0.0,era5
2023-06-29 18:00:00+00:00,23.03,72.58,26.0,93,3.36,0.0,era5
2023-06-29 19:00:00+00:00,23.03,72.58,25.8,93,3.78,0.0,era5
2023-06-29 20:00:00+00:00,23.03,72.58,25.7,95,3.06,0.0,era5
2023-06-29 21:00:00+00:00,23.03,72.58,25.8,96,2.89,0.0,era5
2023-06-29 22:00:00+00:00,23.03,72.58,25.8,96,2.97,0.0,era5
2023-06-29 23:00:00+00:00,23.03,72.58,25.9,95,3.08,0.0,era5
2023-06-30 00:00:00+00:00,23.03,72.58,26.4,96,3.33,0.0,era5
2023-06-30 01:00:00+00:00,23.03,72.58,25.2,99,3.94,0.0,era5
2023-06-30 02:00:00+00:00,23.03,72.58,25.2,97,1.14,0.0,era5
2023-06-30 03:00:00+00:00,23.03,72.58,25.2,98,1.81,0.0,era5
2023-06-30 04:00:00+00:00,23.03,72.58,25.1,97,2.25,0.0,era5
2023-06-30 05:00:00+00:00,23.03,72.58,26.2,93,2.86,1.3,era5
2023-06-30 06:00:00+00:00,23.03,72.58,27.0,92,4.17,1.1,era5
2023-06-30 07:00:00+00:00,23.03,72.58,27.8,89,4.03,6.1,era5
2023-06-30 08:00:00+00:00,23.03,72.58,27.6,91,3.17,0.0,era5
2023-06-30 09:00:00+00:00,23.03,72.58,27.2,92,2.58,2.1,era5
2023-06-30 10:00:00+00:00,23.03,72.58,27.3,90,3.86,8.2,era5
2023-06-30 11:00:00+00:00,23.03,72.58,26.1,94,3.22,2.8,era5
2023-06-30 12:00:00+00:00,23.03,72.58,27.9,81,4.39,0.0,era5
2023-06-30 13:00:00+00:00,23.03,72.58,26.0,93,4.39,9.6,era5
2023-06-30 14:00:00+00:00,23.03,72.58,25.4,94,4.44,24.4,era5
2023-06-30 15:00:00+00:00,23.03,72.58,24.7,95,2.22,0.0,era5
2023-06-30 16:00:00+00:00,23.03,72.58,25.0,95,1.75,0.0,era5
2023-06-30 17:00:00+00:00,23.03,72.58,25.4,96,2.61,0.0,era5
2023-06-30 18:00:00+00:00,23.03,72.58,25.5,96,3.72,0.0,era5
2023-06-30 19:00:00+00:00,23.03,72.58,24.4,98,2.47,0.0,era5
2023-06-30 20:00:00+00:00,23.03,72.58,24.5,98,1.72,0.0,era5
2023-06-30 21:00:00+00:00,23.03,72.58,24.6,99,1.5,0.0,era5
2023-06-30 22:00:00+00:00,23.03,72.58,24.9,98,2.61,0.0,era5
2023-06-30 23:00:00+00:00,23.03,72.58,25.1,96,2.97,0.0,era5
2024-04-01 00:00:00+00:00,23.03,72.58,23.9,52,2.81,0.0,era5
2024-04-01 01:00:00+00:00,23.03,72.58,23.8,63,2.06,0.0,era5
2024-04-01 02:00:00+00:00,23.03,72.58,25.0,63,2.31,143.0,era5
2024-04-01 03:00:00+00:00,23.03,72.58,27.5,55,1.89,442.6,era5
2024-04-01 04:00:00+00:00,23.03,72.58,30.0,43,1.42,443.5,era5
2024-04-01 05:00:00+00:00,23.03,72.58,32.8,33,1.11,512.3,era5
2024-04-01 06:00:00+00:00,23.03,72.58,35.0,24,1.5,438.3,era5
2024-04-01 07:00:00+00:00,23.03,72.58,36.6,20,2.58,526.5,era5
2024-04-01 08:00:00+00:00,23.03,72.58,37.6,18,3.33,621.4,era5
2024-04-01 09:00:00+00:00,23.03,72.58,38.0,16,3.81,654.8,era5
2024-04-01 10:00:00+00:00,23.03,72.58,38.1,15,4.61,641.0,era5
2024-04-01 11:00:00+00:00,23.03,72.58,37.5,14,4.86,391.6,era5
2024-04-01 12:00:00+00:00,23.03,72.58,37.1,13,4.53,510.1,era5
2024-04-01 13:00:00+00:00,23.03,72.58,34.6,18,2.08,307.7,era5
2024-04-01 14:00:00+00:00,23.03,72.58,32.2,20,2.61,14.9,era5
2024-04-01 15:00:00+00:00,23.03,72.58,31.1,21,2.78,0.0,era5
2024-04-01 16:00:00+00:00,23.03,72.58,29.9,23,2.64,0.0,era5
2024-04-01 17:00:00+00:00,23.03,72.58,28.5,25,2.14,0.0,era5
2024-04-01 18:00:00+00:00,23.03,72.58,27.6,27,2.14,0.0,era5
2024-04-01 19:00:00+00:00,23.03,72.58,26.1,29,2.11,0.0,era5
2024-04-01 20:00:00+00:00,23.03,72.58,25.2,30,2.0,0.0,era5
2024-04-01 21:00:00+00:00,23.03,72.58,25.2,31,2.31,0.0,era5
2024-04-01 22:00:00+00:00,23.03,72.58,24.4,37,2.0,0.0,era5
2024-04-01 23:00:00+00:00,23.03,72.58,24.0,39,2.28,0.0,era5
2024-04-02 00:00:00+00:00,23.03,72.58,23.3,40,2.0,0.0,era5
2024-04-02 01:00:00+00:00,23.03,72.58,24.4,40,1.81,0.0,era5
2024-04-02 02:00:00+00:00,23.03,72.58,25.9,38,1.92,133.7,era5
2024-04-02 03:00:00+00:00,23.03,72.58,28.6,31,1.06,455.9,era5
2024-04-02 04:00:00+00:00,23.03,72.58,30.9,27,0.89,579.4,era5
2024-04-02 05:00:00+00:00,23.03,72.58,33.1,24,1.36,517.1,era5
2024-04-02 06:00:00+00:00,23.03,72.58,35.1,19,2.06,418.4,era5
2024-04-02 07:00:00+00:00,23.03,72.58,36.9,16,2.67,634.5,era5
2024-04-02 08:00:00+00:00,23.03,72.58,37.5,15,2.94,412.0,era5
2024-04-02 09:00:00+00:00,23.03,72.58,37.1,15,3.11,168.1,era5
2024-04-02 10:00:00+00:00,23.03,72.58,37.2,14,3.11,178.3,era5
2024-04-02 11:00:00+00:00,23.03,72.58,36.6,14,3.86,96.5,era5
2024-04-02 12:00:00+00:00,23.03,72.58,36.0,15,3.83,129.4,era5
2024-04-02 13:00:00+00:00,23.03,72.58,33.8,18,2.28,34.0,era5
2024-04-02 14:00:00+00:00,23.03,72.58,30.6,23,2.53,0.0,era5
2024-04-02 15:00:00+00:00,23.03,72.58,31.4,22,1.67,0.0,era5
2024-04-02 16:00:00+00:00,23.03,72.58,30.5,23,1.44,0.0,era5
2024-04-02 17:00:00+00:00,23.03,72.58,28.5,25,2.28,0.0,era5
2024-04-02 18:00:00+00:00,23.03,72.58,28.1,24,2.03,0.0,era5
2024-04-02 19:00:00+00:00,23.03,72.58,27.2,24,1.92,0.0,era5
2024-04-02 20:00:00+00:00,23.03,72.58,26.6,24,2.42,0.0,era5
2024-04-02 21:00:00+00:00,23.03,72.58,25.8,26,2.11,0.0,era5
2024-04-02 22:00:00+00:00,23.03,72.58,25.9,27,2.33,0.0,era5
2024-04-02 23:00:00+00:00,23.03,72.58,25.3,31,2.61,0.0,era5
2024-04-03 00:00:00+00:00,23.03,72.58,25.2,42,2.86,0.0,era5
2024-04-03 01:00:00+00:00,23.03,72.58,23.8,59,2.53,0.0,era5
2024-04-03 02:00:00+00:00,23.03,72.58,25.0,61,3.08,117.3,era5
2024-04-03 03:00:00+00:00,23.03,72.58,27.3,51,3.33,336.3,era5
2024-04-03 04:00:00+00:00,23.03,72.58,29.7,38,3.22,423.9,era5
2024-04-03 05:00:00+00:00,23.03,72.58,32.3,27,3.25,648.0,era5
2024-04-03 06:00:00+00:00,23.03,72.58,34.3,21,3.22,759.9,era5
2024-04-03 07:00:00+00:00,23.03,72.58,35.8,19,3.44,805.2,era5
2024-04-03 08:00:00+00:00,23.03,72.58,36.8,17,3.33,765.3,era5
2024-04-03 09:00:00+00:00,23.03,72.58,37.3,16,3.5,624.5,era5
2024-04-03 10:00:00+00:00,23.03,72.58,37.3,16,3.61,473.3,era5
2024-04-03 11:00:00+00:00,23.03,72.58,36.9,18,3.81,484.6,era5
2024-04-03 12:00:00+00:00,23.03,72.58,36.1,19,3.33,297.3,era5
2024-04-03 13:00:00+00:00,23.03,72.58,34.4,20,1.42,144.6,era5
2024-04-03 14:00:00+00:00,23.03,72.58,32.9,22,1.97,0.0,era5
2024-04-03 15:00:00+00:00,23.03,72.58,32.7,23,3.64,0.0,era5
2024-04-03 16:00:00+00:00,23.03,72.58,31.8,25,3.06,0.0,era5
2024-04-03 17:00:00+00:00,23.03,72.58,30.9,26,2.81,0.0,era5
2024-04-03 18:00:00+00:00,23.03,72.58,29.2,28,2.14,0.0,era5
2024-04-03 19:00:00+00:00,23.03,72.58,27.6,31,1.94,0.0,era5
2024-04-03 20:00:00+00:00,23.03,72.58,28.0,29,2.42,0.0,era5
2024-04-03 21:00:00+00:00,23.03,72.58,27.6,29,2.56,0.0,era5
2024-04-03 22:00:00+00:00,23.03,72.58,26.9,31,2.31,0.0,era5
2024-04-03 23:00:00+00:00,23.03,72.58,26.0,38,2.11,0.0,era5
2024-04-04 00:00:00+00:00,23.03,72.58,25.4,49,2.14,0.0,era5
2024-04-04 01:00:00+00:00,23.03,72.58,25.7,56,2.5,0.0,era5
2024-04-04 02:00:00+00:00,23.03,72.58,26.6,59,2.64,21.7,era5
2024-04-04 03:00:00+00:00,23.03,72.58,28.4,54,2.83,166.5,era5
2024-04-04 04:00:00+00:00,23.03,72.58,30.6,45,2.69,326.0,era5
2024-04-04 05:00:00+00:00,23.03,72.58,32.9,35,2.56,405.3,era5
2024-04-04 06:00:00+00:00,23.03,72.58,34.7,28,2.94,342.9,era5
2024-04-04 07:00:00+00:00,23.03,72.58,36.0,24,3.03,384.0,era5
2024-04-04 08:00:00+00:00,23.03,72.58,36.6,21,2.56,254.6,era5
2024-04-04 09:00:00+00:00,23.03,72.58,37.1,20,2.61,230.7,era5
2024-04-04 10:00:00+00:00,23.03,72.58,37.4,18,2.69,375.4,era5
2024-04-04 11:00:00+00:00,23.03,72.58,37.5,18,2.92,472.6,era5
2024-04-04 12:00:00+00:00,23.03,72.58,36.9,19,3.58,252.7,era5
2024-04-04 13:00:00+00:00,23.03,72.58,34.5,22,2.33,229.8,era5
2024-04-04 14:00:00+00:00,23.03,72.58,31.6,26,1.78,14.4,era5
2024-04-04 15:00:00+00:00,23.03,72.58,31.3,25,1.97,0.0,era5
2024-04-04 16:00:00+00:00,23.03,72.58,30.3,27,2.06,0.0,era5
2024-04-04 17:00:00+00:00,23.03,72.58,29.2,30,2.11,0.0,era5
2024-04-04 18:00:00+00:00,23.03,72.58,28.6,32,1.89,0.0,era5
2024-04-04 19:00:00+00:00,23.03,72.58,28.0,34,1.92,0.0,era5
2024-04-04 20:00:00+00:00,23.03,72.58,26.5,38,2.11,0.0,era5
2024-04-04 21:00:00+00:00,23.03,72.58,26.4,38,1.69,0.0,era5
2024-04-04 22:00:00+00:00,23.03,72.58,26.0,43,2.11,0.0,era5
2024-04-04 23:00:00+00:00,23.03,72.58,25.4,53,2.0,0.0,era5
2024-04-05 00:00:00+00:00,23.03,72.58,25.1,58,2.44,0.0,era5
2024-04-05 01:00:00+00:00,23.03,72.58,24.7,65,2.0,0.0,era5
2024-04-05 02:00:00+00:00,23.03,72.58,26.0,58,3.11,157.2,era5
2024-04-05 03:00:00+00:00,23.03,72.58,28.6,43,3.69,416.4,era5
2024-04-05 04:00:00+00:00,23.03,72.58,31.2,32,3.44,546.3,era5
2024-04-05 05:00:00+00:00,23.03,72.58,33.4,25,4.0,638.9,era5
2024-04-05 06:00:00+00:00,23.03,72.58,35.5,17,4.92,713.9,era5
2024-04-05 07:00:00+00:00,23.03,72.58,36.9,15,5.19,772.7,era5
2024-04-05 08:00:00+00:00,23.03,72.58,37.5,15,5.42,811.7,era5
2024-04-05 09:00:00+00:00,23.03,72.58,36.9,17,5.69,476.1,era5
2024-04-05 10:00:00+00:00,23.03,72.58,36.6,19,5.25,236.4,era5
2024-04-05 11:00:00+00:00,23.03,72.58,36.4,21,5.67,185.5,era5
2024-04-05 12:00:00+00:00,23.03,72.58,35.5,24,4.33,61.8,era5
2024-04-05 13:00:00+00:00,23.03,72.58,33.8,29,2.97,52.3,era5
2024-04-05 14:00:00+00:00,23.03,72.58,32.6,31,2.56,0.0,era5
2024-04-05 15:00:00+00:00,23.03,72.58,32.6,26,3.92,0.0,era5
2024-04-05 16:00:00+00:00,23.03,72.58,31.7,28,3.47,0.0,era5
2024-04-05 17:00:00+00:00,23.03,72.58,30.5,31,2.81,0.0,era5
2024-04-05 18:00:00+00:00,23.03,72.58,30.1,32,2.72,0.0,era5
2024-04-05 19:00:00+00:00,23.03,72.58,29.3,34,3.5,0.0,era5
2024-04-05 20:00:00+00:00,23.03,72.58,29.7,33,4.39,0.0,era5
2024-04-05 21:00:00+00:00,23.03,72.58,29.2,35,3.92,0.0,era5
2024-04-05 22:00:00+00:00,23.03,72.58,28.5,38,4.14,0.0,era5
2024-04-05 23:00:00+00:00,23.03,72.58,28.1,40,3.58,0.0,era5
2024-04-06 00:00:00+00:00,23.03,72.58,27.6,40,2.83,0.0,era5
2024-04-06 01:00:00+00:00,23.03,72.58,26.7,46,4.22,0.0,era5
2024-04-06 02:00:00+00:00,23.03,72.58,27.4,41,3.06,42.3,era5
2024-04-06 03:00:00+00:00,23.03,72.58,29.1,35,3.39,306.4,era5
2024-04-06 04:00:00+00:00,23.03,72.58,31.2,30,3.31,541.5,era5
2024-04-06 05:00:00+00:00,23.03,72.58,33.4,24,3.53,734.1,era5
2024-04-06 06:00:00+00:00,23.03,72.58,35.3,19,4.03,785.7,era5
2024-04-06 07:00:00+00:00,23.03,72.58,36.5,16,4.31,810.3,era5
2024-04-06 08:00:00+00:00,23.03,72.58,37.5,15,3.67,813.3,era5
2024-04-06 09:00:00+00:00,23.03,72.58,37.9,15,4.11,792.6,era5
2024-04-06 10:00:00+00:00,23.03,72.58,37.9,15,4.61,749.4,era5
2024-04-06 11:00:00+00:00,23.03,72.58,37.5,14,4.92,632.3,era5
2024-04-06 12:00:00+00:00,23.03,72.58,36.6,15,4.67,513.9,era5
2024-04-06 13:00:00+00:00,23.03,72.58,35.0,15,2.22,307.3,era5
2024-04-06 14:00:00+00:00,23.03,72.58,31.4,20,2.97,14.2,era5
2024-04-06 15:00:00+00:00,23.03,72.58,30.8,19,2.69,0.0,era5
2024-04-06 16:00:00+00:00,23.03,72.58,30.1,20,2.31,0.0,era5
2024-04-06 17:00:00+00:00,23.03,72.58,28.7,22,2.33,0.0,era5
2024-04-06 18:00:00+00:00,23.03,72.58,28.7,24,2.97,0.0,era5
2024-04-06 19:00:00+00:00,23.03,72.58,28.3,28,3.97,0.0,era5
2024-04-06 20:00:00+00:00,23.03,72.58,27.2,31,3.03,0.0,era5
2024-04-06 21:00:00+00:00,23.03,72.58,25.9,32,3.17,0.0,era5
2024-04-06 22:00:00+00:00,23.03,72.58,25.6,33,3.36,0.0,era5
2024-04-06 23:00:00+00:00,23.03,72.58,25.0,34,3.03,0.0,era5
2024-04-07 00:00:00+00:00,23.03,72.58,24.3,34,2.78,0.0,era5
2024-04-07 01:00:00+00:00,23.03,72.58,24.4,36,2.69,0.0,era5
2024-04-07 02:00:00+00:00,23.03,72.58,25.8,32,3.06,188.2,era5
2024-04-07 03:00:00+00:00,23.03,72.58,28.5,27,2.56,473.6,era5
2024-04-07 04:00:00+00:00,23.03,72.58,30.9,26,2.92,643.1,era5
2024-04-07 05:00:00+00:00,23.03,72.58,33.0,26,2.69,736.8,era5
2024-04-07 06:00:00+00:00,23.03,72.58,35.0,23,2.5,791.6,era5
2024-04-07 07:00:00+00:00,23.03,72.58,37.0,17,2.06,819.1,era5
2024-04-07 08:00:00+00:00,23.03,72.58,38.0,14,1.72,826.5,era5
2024-04-07 09:00:00+00:00,23.03,72.58,38.6,13,2.11,812.2,era5
2024-04-07 10:00:00+00:00,23.03,72.58,38.8,11,2.81,774.5,era5
2024-04-07 11:00:00+00:00,23.03,72.58,38.5,11,3.11,696.8,era5
2024-04-07 12:00:00+00:00,23.03,72.58,37.7,12,3.0,553.5,era5
2024-04-07 13:00:00+00:00,23.03,72.58,35.1,12,2.89,314.7,era5
2024-04-07 14:00:00+00:00,23.03,72.58,32.4,14,2.61,14.0,era5
2024-04-07 15:00:00+00:00,23.03,72.58,30.8,16,2.64,0.0,era5
2024-04-07 16:00:00+00:00,23.03,72.58,29.6,18,2.42,0.0,era5
2024-04-07 17:00:00+00:00,23.03,72.58,28.5,22,2.22,0.0,era5
2024-04-07 18:00:00+00:00,23.03,72.58,28.7,23,2.42,0.0,era5
2024-04-07 19:00:00+00:00,23.03,72.58,28.2,25,2.31,0.0,era5
2024-04-07 20:00:00+00:00,23.03,72.58,28.3,24,2.94,0.0,era5
2024-04-07 21:00:00+00:00,23.03,72.58,27.4,27,3.33,0.0,era5
2024-04-07 22:00:00+00:00,23.03,72.58,26.4,38,3.83,0.0,era5
2024-04-07 23:00:00+00:00,23.03,72.58,25.7,52,4.25,0.0,era5
2024-04-08 00:00:00+00:00,23.03,72.58,24.9,63,3.61,0.0,era5
2024-04-08 01:00:00+00:00,23.03,72.58,24.7,68,2.53,0.0,era5
2024-04-08 02:00:00+00:00,23.03,72.58,26.2,63,2.81,186.0,era5
2024-04-08 03:00:00+00:00,23.03,72.58,29.2,50,1.83,469.2,era5
2024-04-08 04:00:00+00:00,23.03,72.58,32.0,34,1.83,641.4,era5
2024-04-08 05:00:00+00:00,23.03,72.58,34.9,22,1.86,739.5,era5
2024-04-08 06:00:00+00:00,23.03,72.58,37.3,16,2.06,794.0,era5
2024-04-08 07:00:00+00:00,23.03,72.58,39.0,13,2.03,819.5,era5
2024-04-08 08:00:00+00:00,23.03,72.58,39.8,12,2.78,826.1,era5
2024-04-08 09:00:00+00:00,23.03,72.58,40.1,11,2.94,807.6,era5
2024-04-08 10:00:00+00:00,23.03,72.58,40.0,11,2.83,769.5,era5
2024-04-08 11:00:00+00:00,23.03,72.58,39.6,11,2.89,695.5,era5
2024-04-08 12:00:00+00:00,23.03,72.58,38.8,11,2.42,563.3,era5
2024-04-08 13:00:00+00:00,23.03,72.58,35.9,20,1.92,322.1,era5
2024-04-08 14:00:00+00:00,23.03,72.58,32.7,19,2.64,13.9,era5
2024-04-08 15:00:00+00:00,23.03,72.58,34.2,16,1.61,0.0,era5
2024-04-08 16:00:00+00:00,23.03,72.58,34.1,16,1.47,0.0,era5
2024-04-08 17:00:00+00:00,23.03,72.58,30.2,21,2.11,0.0,era5
2024-04-08 18:00:00+00:00,23.03,72.58,28.2,24,2.19,0.0,era5
2024-04-08 19:00:00+00:00,23.03,72.58,27.5,26,2.78,0.0,era5
2024-04-08 20:00:00+00:00,23.03,72.58,26.3,27,1.81,0.0,era5
2024-04-08 21:00:00+00:00,23.03,72.58,26.1,25,2.78,0.0,era5
2024-04-08 22:00:00+00:00,23.03,72.58,26.6,25,2.19,0.0,era5
2024-04-08 23:00:00+00:00,23.03,72.58,24.6,28,2.31,0.0,era5
2024-04-09 00:00:00+00:00,23.03,72.58,23.5,31,1.69,0.0,era5
2024-04-09 01:00:00+00:00,23.03,72.58,23.6,42,2.22,0.0,era5
2024-04-09 02:00:00+00:00,23.03,72.58,26.1,40,1.69,190.6,era5
2024-04-09 03:00:00+00:00,23.03,72.58,29.6,36,0.86,478.8,era5
2024-04-09 04:00:00+00:00,23.03,72.58,33.1,27,0.69,646.8,era5
2024-04-09 05:00:00+00:00,23.03,72.58,36.2,20,0.11,738.2,era5
2024-04-09 06:00:00+00:00,23.03,72.58,38.2,17,1.42,788.5,era5
2024-04-09 07:00:00+00:00,23.03,72.58,39.7,14,1.83,812.6,era5
2024-04-09 08:00:00+00:00,23.03,72.58,40.5,12,1.11,816.3,era5
2024-04-09 09:00:00+00:00,23.03,72.58,40.9,12,0.53,799.8,era5
2024-04-09 10:00:00+00:00,23.03,72.58,41.0,12,0.64,757.1,era5
2024-04-09 11:00:00+00:00,23.03,72.58,40.9,12,1.61,681.8,era5
2024-04-09 12:00:00+00:00,23.03,72.58,40.4,12,2.5,548.2,era5
2024-04-09 13:00:00+00:00,23.03,72.58,37.1,21,1.89,315.5,era5
2024-04-09 14:00:00+00:00,23.03,72.58,34.7,18,2.03,13.8,era5
2024-04-09 15:00:00+00:00,23.03,72.58,33.8,19,2.75,0.0,era5
2024-04-09 16:00:00+00:00,23.03,72.58,31.6,22,2.33,0.0,era5
2024-04-09 17:00:00+00:00,23.03,72.58,30.5,23,2.25,0.0,era5
2024-04-09 18:00:00+00:00,23.03,72.58,30.2,22,2.78,0.0,era5
2024-04-09 19:00:00+00:00,23.03,72.58,29.5,25,2.97,0.0,era5
2024-04-09 20:00:00+00:00,23.03,72.58,28.9,28,2.75,0.0,era5
2024-04-09 21:00:00+00:00,23.03,72.58,28.3,30,2.56,0.0,era5
2024-04-09 22:00:00+00:00,23.03,72.58,28.0,31,2.69,0.0,era5
2024-04-09 23:00:00+00:00,23.03,72.58,26.0,36,2.78,0.0,era5
2024-04-10 00:00:00+00:00,23.03,72.58,25.7,36,1.39,0.0,era5
2024-04-10 01:00:00+00:00,23.03,72.58,25.6,41,1.89,0.0,era5
2024-04-10 02:00:00+00:00,23.03,72.58,27.4,38,2.33,195.2,era5
2024-04-10 03:00:00+00:00,23.03,72.58,30.6,31,2.0,466.2,era5
2024-04-10 04:00:00+00:00,23.03,72.58,33.1,24,1.17,634.8,era5
2024-04-10 05:00:00+00:00,23.03,72.58,35.4,20,0.75,734.3,era5
2024-04-10 06:00:00+00:00,23.03,72.58,37.5,16,0.44,782.0,era5
2024-04-10 07:00:00+00:00,23.03,72.58,39.2,14,0.72,787.8,era5
2024-04-10 08:00:00+00:00,23.03,72.58,39.9,13,1.0,502.7,era5
2024-04-10 09:00:00+00:00,23.03,72.58,39.8,13,1.17,198.8,era5
2024-04-10 10:00:00+00:00,23.03,72.58,39.5,13,0.92,102.3,era5
2024-04-10 11:00:00+00:00,23.03,72.58,40.0,12,0.5,375.3,era5
2024-04-10 12:00:00+00:00,23.03,72.58,39.7,12,1.25,474.4,era5
2024-04-10 13:00:00+00:00,23.03,72.58,37.4,11,2.56,322.9,era5
2024-04-10 14:00:00+00:00,23.03,72.58,34.8,13,2.86,13.6,era5
2024-04-10 15:00:00+00:00,23.03,72.58,34.4,13,2.56,0.0,era5
2024-04-10 16:00:00+00:00,23.03,72.58,33.3,14,2.97,0.0,era5
2024-04-10 17:00:00+00:00,23.03,72.58,33.6,14,2.03,0.0,era5
2024-04-10 18:00:00+00:00,23.03,72.58,31.4,19,2.69,0.0,era5
2024-04-10 19:00:00+00:00,23.03,72.58,30.4,25,1.97,0.0,era5
2024-04-10 20:00:00+00:00,23.03,72.58,30.2,25,1.0,0.0,era5
2024-04-10 21:00:00+00:00,23.03,72.58,29.1,29,1.11,0.0,era5
2024-04-10 22:00:00+00:00,23.03,72.58,28.7,31,0.72,0.0,era5
2024-04-10 23:00:00+00:00,23.03,72.58,26.9,39,1.36,0.0,era5
2024-04-11 00:00:00+00:00,23.03,72.58,25.6,50,1.56,0.0,era5
2024-04-11 01:00:00+00:00,23.03,72.58,27.1,45,0.72,0.0,era5
2024-04-11 02:00:00+00:00,23.03,72.58,27.5,44,0.92,173.1,era5
2024-04-11 03:00:00+00:00,23.03,72.58,30.2,36,1.06,445.7,era5
2024-04-11 04:00:00+00:00,23.03,72.58,32.8,31,1.89,610.8,era5
2024-04-11 05:00:00+00:00,23.03,72.58,35.1,27,2.39,650.7,era5
2024-04-11 06:00:00+00:00,23.03,72.58,37.1,22,2.94,766.4,era5
2024-04-11 07:00:00+00:00,23.03,72.58,38.8,19,2.78,792.5,era5
2024-04-11 08:00:00+00:00,23.03,72.58,39.7,17,2.47,705.6,era5
2024-04-11 09:00:00+00:00,23.03,72.58,40.0,17,2.81,659.2,era5
2024-04-11 10:00:00+00:00,23.03,72.58,40.5,16,2.61,655.2,era5
2024-04-11 11:00:00+00:00,23.03,72.58,40.0,17,1.72,520.8,era5
2024-04-11 12:00:00+00:00,23.03,72.58,39.3,18,0.94,340.2,era5
2024-04-11 13:00:00+00:00,23.03,72.58,37.4,18,1.97,256.8,era5
2024-04-11 14:00:00+00:00,23.03,72.58,35.1,21,3.53,13.5,era5
2024-04-11 15:00:00+00:00,23.03,72.58,33.7,23,2.47,0.0,era5
2024-04-11 16:00:00+00:00,23.03,72.58,31.7,27,1.31,0.0,era5
2024-04-11 17:00:00+00:00,23.03,72.58,31.9,31,4.61,0.0,era5
2024-04-11 18:00:00+00:00,23.03,72.58,31.3,36,4.61,0.0,era5
2024-04-11 19:00:00+00:00,23.03,72.58,30.7,40,3.89,0.0,era5
2024-04-11 20:00:00+00:00,23.03,72.58,29.5,43,2.89,0.0,era5
2024-04-11 21:00:00+00:00,23.03,72.58,28.5,40,2.64,0.0,era5
2024-04-11 22:00:00+00:00,23.03,72.58,27.5,40,2.92,0.0,era5
2024-04-11 23:00:00+00:00,23.03,72.58,26.7,43,3.83,0.0,era5
2024-04-12 00:00:00+00:00,23.03,72.58,25.8,50,2.42,0.0,era5
2024-04-12 01:00:00+00:00,23.03,72.58,25.7,53,2.42,0.0,era5
2024-04-12 02:00:00+00:00,23.03,72.58,26.7,52,2.5,197.5,era5
2024-04-12 03:00:00+00:00,23.03,72.58,28.9,49,3.22,466.3,era5
2024-04-12 04:00:00+00:00,23.03,72.58,31.6,43,2.83,631.9,era5
2024-04-12 05:00:00+00:00,23.03,72.58,34.0,35,2.83,725.4,era5
2024-04-12 06:00:00+00:00,23.03,72.58,35.7,31,3.03,775.9,era5
2024-04-12 07:00:00+00:00,23.03,72.58,37.1,25,3.11,800.5,era5
2024-04-12 08:00:00+00:00,23.03,72.58,38.3,21,3.06,806.1,era5
2024-04-12 09:00:00+00:00,23.03,72.58,38.9,19,2.92,777.7,era5
2024-04-12 10:00:00+00:00,23.03,72.58,38.9,17,2.94,721.4,era5
2024-04-12 11:00:00+00:00,23.03,72.58,38.6,16,3.36,606.8,era5
2024-04-12 12:00:00+00:00,23.03,72.58,37.8,15,3.44,494.4,era5
2024-04-12 13:00:00+00:00,23.03,72.58,35.2,6,2.72,328.2,era5
2024-04-12 14:00:00+00:00,23.03,72.58,31.1,8,2.78,26.8,era5
2024-04-12 15:00:00+00:00,23.03,72.58,29.8,7,2.58,0.0,era5
2024-04-12 16:00:00+00:00,23.03,72.58,28.9,16,2.81,0.0,era5
2024-04-12 17:00:00+00:00,23.03,72.58,27.3,26,2.5,0.0,era5
2024-04-12 18:00:00+00:00,23.03,72.58,26.1,35,2.11,0.0,era5
2024-04-12 19:00:00+00:00,23.03,72.58,24.9,45,2.22,0.0,era5
2024-04-12 20:00:00+00:00,23.03,72.58,24.6,52,1.75,0.0,era5
2024-04-12 21:00:00+00:00,23.03,72.58,24.3,56,1.5,0.0,era5
2024-04-12 22:00:00+00:00,23.03,72.58,24.1,57,2.64,0.0,era5
2024-04-12 23:00:00+00:00,23.03,72.58,23.8,60,1.92,0.0,era5
2024-04-13 00:00:00+00:00,23.03,72.58,23.2,68,1.56,0.0,era5
2024-04-13 01:00:00+00:00,23.03,72.58,24.7,67,1.47,0.0,era5
2024-04-13 02:00:00+00:00,23.03,72.58,26.8,56,2.36,188.9,era5
2024-04-13 03:00:00+00:00,23.03,72.58,28.8,52,2.72,446.2,era5
2024-04-13 04:00:00+00:00,23.03,72.58,30.8,46,2.42,613.5,era5
2024-04-13 05:00:00+00:00,23.03,72.58,33.0,38,2.14,700.6,era5
2024-04-13 06:00:00+00:00,23.03,72.58,35.0,31,1.78,760.5,era5
2024-04-13 07:00:00+00:00,23.03,72.58,36.6,28,1.47,784.4,era5
2024-04-13 08:00:00+00:00,23.03,72.58,37.7,25,1.78,788.4,era5
2024-04-13 09:00:00+00:00,23.03,72.58,38.4,24,2.28,769.0,era5
2024-04-13 10:00:00+00:00,23.03,72.58,38.7,22,2.69,678.2,era5
2024-04-13 11:00:00+00:00,23.03,72.58,38.5,22,3.14,584.1,era5
2024-04-13 12:00:00+00:00,23.03,72.58,37.9,22,3.5,459.5,era5
2024-04-13 13:00:00+00:00,23.03,72.58,35.7,26,2.58,194.9,era5
2024-04-13 14:00:00+00:00,23.03,72.58,33.7,30,2.14,13.3,era5
2024-04-13 15:00:00+00:00,23.03,72.58,32.8,33,4.08,0.0,era5
2024-04-13 16:00:00+00:00,23.03,72.58,30.6,42,4.03,0.0,era5
2024-04-13 17:00:00+00:00,23.03,72.58,30.0,41,3.19,0.0,era5
2024-04-13 18:00:00+00:00,23.03,72.58,29.5,45,2.94,0.0,era5
2024-04-13 19:00:00+00:00,23.03,72.58,28.8,52,2.44,0.0,era5
2024-04-13 20:00:00+00:00,23.03,72.58,28.1,58,2.22,0.0,era5
2024-04-13 21:00:00+00:00,23.03,72.58,27.9,61,1.92,0.0,era5
2024-04-13 22:00:00+00:00,23.03,72.58,27.4,64,1.72,0.0,era5
2024-04-13 23:00:00+00:00,23.03,72.58,27.1,65,1.42,0.0,era5
2024-04-14 00:00:00+00:00,23.03,72.58,27.0,65,1.42,0.0,era5
2024-04-14 01:00:00+00:00,23.03,72.58,27.9,61,1.19,0.0,era5
2024-04-14 02:00:00+00:00,23.03,72.58,29.9,56,1.61,141.8,era5
2024-04-14 03:00:00+00:00,23.03,72.58,32.2,48,1.19,343.9,era5
2024-04-14 04:00:00+00:00,23.03,72.58,34.2,40,1.0,595.2,era5
2024-04-14 05:00:00+00:00,23.03,72.58,35.7,35,0.42,693.2,era5
2024-04-14 06:00:00+00:00,23.03,72.58,37.1,32,0.22,735.0,era5
2024-04-14 07:00:00+00:00,23.03,72.58,38.4,30,0.64,724.5,era5
2024-04-14 08:00:00+00:00,23.03,72.58,39.2,28,1.36,718.9,era5
2024-04-14 09:00:00+00:00,23.03,72.58,39.5,26,1.69,592.1,era5
2024-04-14 10:00:00+00:00,23.03,72.58,39.2,26,2.36,297.7,era5
2024-04-14 11:00:00+00:00,23.03,72.58,38.6,25,2.61,68.1,era5
2024-04-14 12:00:00+00:00,23.03,72.58,35.2,34,5.17,185.6,era5
2024-04-14 13:00:00+00:00,23.03,72.58,37.2,20,4.03,58.6,era5
2024-04-14 14:00:00+00:00,23.03,72.58,34.4,27,5.58,0.0,era5
2024-04-14 15:00:00+00:00,23.03,72.58,31.7,39,3.11,0.0,era5
2024-04-14 16:00:00+00:00,23.03,72.58,30.5,42,2.06,0.0,era5
2024-04-14 17:00:00+00:00,23.03,72.58,30.0,44,2.06,0.0,era5
2024-04-14 18:00:00+00:00,23.03,72.58,29.2,46,1.42,0.0,era5
2024-04-14 19:00:00+00:00,23.03,72.58,29.6,44,2.97,0.0,era5
2024-04-14 20:00:00+00:00,23.03,72.58,29.4,43,3.53,0.0,era5
2024-04-14 21:00:00+00:00,23.03,72.58,28.8,46,3.42,0.0,era5
2024-04-14 22:00:00+00:00,23.03,72.58,28.3,47,3.03,0.0,era5
2024-04-14 23:00:00+00:00,23.03,72.58,27.8,48,2.92,0.0,era5
2024-04-15 00:00:00+00:00,23.03,72.58,27.3,49,3.06,0.0,era5
2024-04-15 01:00:00+00:00,23.03,72.58,27.1,67,2.03,0.0,era5
2024-04-15 02:00:00+00:00,23.03,72.58,28.5,61,1.58,95.7,era5
2024-04-15 03:00:00+00:00,23.03,72.58,30.8,53,2.11,277.7,era5
2024-04-15 04:00:00+00:00,23.03,72.58,33.0,45,2.42,168.6,era5
2024-04-15 05:00:00+00:00,23.03,72.58,36.0,34,3.31,486.1,era5
2024-04-15 06:00:00+00:00,23.03,72.58,37.9,28,1.5,732.3,era5
2024-04-15 07:00:00+00:00,23.03,72.58,37.8,28,0.36,770.2,era5
2024-04-15 08:00:00+00:00,23.03,72.58,39.0,25,1.14,759.2,era5
2024-04-15 09:00:00+00:00,23.03,72.58,40.0,23,1.33,759.4,era5
2024-04-15 10:00:00+00:00,23.03,72.58,40.8,20,2.28,713.5,era5
2024-04-15 11:00:00+00:00,23.03,72.58,40.6,19,3.83,639.4,era5
2024-04-15 12:00:00+00:00,23.03,72.58,39.6,19,5.17,470.6,era5
2024-04-15 13:00:00+00:00,23.03,72.58,37.3,22,4.17,295.6,era5
2024-04-15 14:00:00+00:00,23.03,72.58,35.3,26,3.19,13.0,era5
2024-04-15 15:00:00+00:00,23.03,72.58,34.6,25,4.75,0.0,era5
2024-04-15 16:00:00+00:00,23.03,72.58,33.3,25,4.25,0.0,era5
2024-04-15 17:00:00+00:00,23.03,72.58,32.4,26,4.33,0.0,era5
2024-04-15 18:00:00+00:00,23.03,72.58,31.4,28,4.28,0.0,era5
2024-04-15 19:00:00+00:00,23.03,72.58,30.4,31,4.19,0.0,era5
2024-04-15 20:00:00+00:00,23.03,72.58,29.7,33,3.81,0.0,era5
2024-04-15 21:00:00+00:00,23.03,72.58,28.9,36,2.67,0.0,era5
2024-04-15 22:00:00+00:00,23.03,72.58,28.5,37,2.53,0.0,era5
2024-04-15 23:00:00+00:00,23.03,72.58,27.7,39,3.06,0.0,era5
2024-04-16 00:00:00+00:00,23.03,72.58,27.6,39,3.42,0.0,era5
2024-04-16 01:00:00+00:00,23.03,72.58,27.5,43,2.5,0.0,era5
2024-04-16 02:00:00+00:00,23.03,72.58,28.8,41,2.39,208.6,era5
2024-04-16 03:00:00+00:00,23.03,72.58,31.5,33,1.94,464.5,era5
2024-04-16 04:00:00+00:00,23.03,72.58,34.9,26,2.03,627.2,era5
2024-04-16 05:00:00+00:00,23.03,72.58,37.3,22,2.42,712.6,era5
2024-04-16 06:00:00+00:00,23.03,72.58,38.7,19,2.64,764.5,era5
2024-04-16 07:00:00+00:00,23.03,72.58,39.9,17,2.83,788.7,era5
2024-04-16 08:00:00+00:00,23.03,72.58,40.8,15,2.94,794.3,era5
2024-04-16 09:00:00+00:00,23.03,72.58,41.3,15,3.17,762.8,era5
2024-04-16 10:00:00+00:00,23.03,72.58,41.3,15,3.08,734.9,era5
2024-04-16 11:00:00+00:00,23.03,72.58,40.9,16,3.22,661.5,era5
2024-04-16 12:00:00+00:00,23.03,72.58,40.3,16,3.53,507.3,era5
2024-04-16 13:00:00+00:00,23.03,72.58,38.7,17,2.67,249.4,era5
2024-04-16 14:00:00+00:00,23.03,72.58,35.6,22,2.19,12.9,era5
2024-04-16 15:00:00+00:00,23.03,72.58,34.6,24,2.14,0.0,era5
2024-04-16 16:00:00+00:00,23.03,72.58,33.3,26,1.89,0.0,era5
2024-04-16 17:00:00+00:00,23.03,72.58,32.0,29,2.14,0.0,era5
2024-04-16 18:00:00+00:00,23.03,72.58,31.7,29,3.92,0.0,era5
2024-04-16 19:00:00+00:00,23.03,72.58,32.0,29,4.86,0.0,era5
2024-04-16 20:00:00+00:00,23.03,72.58,31.4,30,4.47,0.0,era5
2024-04-16 21:00:00+00:00,23.03,72.58,30.5,32,4.0,0.0,era5
2024-04-16 22:00:00+00:00,23.03,72.58,29.6,34,3.69,0.0,era5
2024-04-16 23:00:00+00:00,23.03,72.58,29.0,36,3.22,0.0,era5
2024-04-17 00:00:00+00:00,23.03,72.58,28.3,38,2.64,0.0,era5
2024-04-17 01:00:00+00:00,23.03,72.58,27.6,39,2.22,0.0,era5
2024-04-17 02:00:00+00:00,23.03,72.58,29.3,37,2.92,219.1,era5
2024-04-17 03:00:00+00:00,23.03,72.58,32.7,31,2.06,463.6,era5
2024-04-17 04:00:00+00:00,23.03,72.58,36.6,23,2.33,621.1,era5
2024-04-17 05:00:00+00:00,23.03,72.58,38.9,19,2.5,715.8,era5
2024-04-17 06:00:00+00:00,23.03,72.58,40.3,17,1.67,765.2,era5
2024-04-17 07:00:00+00:00,23.03,72.58,41.5,15,0.31,783.3,era5
2024-04-17 08:00:00+00:00,23.03,72.58,42.3,15,1.19,768.6,era5
2024-04-17 09:00:00+00:00,23.03,72.58,42.9,13,2.61,777.1,era5
2024-04-17 10:00:00+00:00,23.03,72.58,42.9,13,3.81,729.1,era5
2024-04-17 11:00:00+00:00,23.03,72.58,42.6,13,4.06,665.1,era5
2024-04-17 12:00:00+00:00,23.03,72.58,42.2,12,4.19,379.5,era5
2024-04-17 13:00:00+00:00,23.03,72.58,39.4,16,2.56,296.7,era5
2024-04-17 14:00:00+00:00,23.03,72.58,35.2,22,2.86,25.6,era5
2024-04-17 15:00:00+00:00,23.03,72.58,34.6,23,2.28,0.0,era5
2024-04-17 16:00:00+00:00,23.03,72.58,34.4,23,3.25,0.0,era5
2024-04-17 17:00:00+00:00,23.03,72.58,33.0,25,2.25,0.0,era5
2024-04-17 18:00:00+00:00,23.03,72.58,32.3,27,2.33,0.0,era5
2024-04-17 19:00:00+00:00,23.03,72.58,31.4,29,2.25,0.0,era5
2024-04-17 20:00:00+00:00,23.03,72.58,31.0,30,2.69,0.0,era5
2024-04-17 21:00:00+00:00,23.03,72.58,30.3,31,2.33,0.0,era5
2024-04-17 22:00:00+00:00,23.03,72.58,29.5,34,2.31,0.0,era5
2024-04-17 23:00:00+00:00,23.03,72.58,28.9,36,2.31,0.0,era5
2024-04-18 00:00:00+00:00,23.03,72.58,28.5,37,2.78,0.0,era5
2024-04-18 01:00:00+00:00,23.03,72.58,29.0,36,2.94,0.0,era5
2024-04-18 02:00:00+00:00,23.03,72.58,30.6,33,3.25,155.1,era5
2024-04-18 03:00:00+00:00,23.03,72.58,33.0,28,3.42,302.5,era5
2024-04-18 04:00:00+00:00,23.03,72.58,35.1,25,3.69,391.6,era5
2024-04-18 05:00:00+00:00,23.03,72.58,37.2,22,4.11,424.7,era5
2024-04-18 06:00:00+00:00,23.03,72.58,38.7,19,3.97,529.6,era5
2024-04-18 07:00:00+00:00,23.03,72.58,40.1,17,3.75,680.4,era5
2024-04-18 08:00:00+00:00,23.03,72.58,40.9,16,3.86,731.6,era5
2024-04-18 09:00:00+00:00,23.03,72.58,41.4,15,3.92,765.4,era5
2024-04-18 10:00:00+00:00,23.03,72.58,41.6,15,4.31,740.5,era5
2024-04-18 11:00:00+00:00,23.03,72.58,41.1,15,5.22,665.6,era5
2024-04-18 12:00:00+00:00,23.03,72.58,39.9,16,5.03,524.8,era5
2024-04-18 13:00:00+00:00,23.03,72.58,38.5,18,2.44,255.4,era5
2024-04-18 14:00:00+00:00,23.03,72.58,35.9,21,2.19,12.7,era5
2024-04-18 15:00:00+00:00,23.03,72.58,34.6,24,3.0,0.0,era5
2024-04-18 16:00:00+00:00,23.03,72.58,33.9,26,3.53,0.0,era5
2024-04-18 17:00:00+00:00,23.03,72.58,32.8,28,2.86,0.0,era5
2024-04-18 18:00:00+00:00,23.03,72.58,31.7,31,2.28,0.0,era5
2024-04-18 19:00:00+00:00,23.03,72.58,30.8,33,2.08,0.0,era5
2024-04-18 20:00:00+00:00,23.03,72.58,29.2,38,2.14,0.0,era5
2024-04-18 21:00:00+00:00,23.03,72.58,28.2,40,1.89,0.0,era5
2024-04-18 22:00:00+00:00,23.03,72.58,28.5,38,1.89,0.0,era5
2024-04-18 23:00:00+00:00,23.03,72.58,28.1,41,2.39,0.0,era5
2024-04-19 00:00:00+00:00,23.03,72.58,27.5,49,2.44,0.0,era5
2024-04-19 01:00:00+00:00,23.03,72.58,27.6,61,3.14,0.0,era5
2024-04-19 02:00:00+00:00,23.03,72.58,29.0,60,3.5,221.4,era5
2024-04-19 03:00:00+00:00,23.03,72.58,30.7,53,4.53,464.7,era5
2024-04-19 04:00:00+00:00,23.03,72.58,32.8,45,4.39,617.7,era5
2024-04-19 05:00:00+00:00,23.03,72.58,35.0,35,4.22,705.5,era5
2024-04-19 06:00:00+00:00,23.03,72.58,36.7,28,3.89,752.2,era5
2024-04-19 07:00:00+00:00,23.03,72.58,38.0,25,3.81,767.5,era5
2024-04-19 08:00:00+00:00,23.03,72.58,39.0,23,4.44,761.6,era5
2024-04-19 09:00:00+00:00,23.03,72.58,39.3,21,4.89,712.4,era5
2024-04-19 10:00:00+00:00,23.03,72.58,39.2,20,5.0,668.2,era5
2024-04-19 11:00:00+00:00,23.03,72.58,39.7,18,5.03,640.1,era5
2024-04-19 12:00:00+00:00,23.03,72.58,39.1,18,5.69,494.8,era5
2024-04-19 13:00:00+00:00,23.03,72.58,37.0,22,3.72,293.3,era5
2024-04-19 14:00:00+00:00,23.03,72.58,35.1,23,4.39,25.2,era5
2024-04-19 15:00:00+00:00,23.03,72.58,34.5,23,4.86,0.0,era5
2024-04-19 16:00:00+00:00,23.03,72.58,33.6,23,4.92,0.0,era5
2024-04-19 17:00:00+00:00,23.03,72.58,32.5,23,5.0,0.0,era5
2024-04-19 18:00:00+00:00,23.03,72.58,31.3,23,5.0,0.0,era5
2024-04-19 19:00:00+00:00,23.03,72.58,29.9,26,4.42,0.0,era5
2024-04-19 20:00:00+00:00,23.03,72.58,28.7,33,3.97,0.0,era5
2024-04-19 21:00:00+00:00,23.03,72.58,27.8,40,3.5,0.0,era5
2024-04-19 22:00:00+00:00,23.03,72.58,27.0,43,3.0,0.0,era5
2024-04-19 23:00:00+00:00,23.03,72.58,26.4,42,3.14,0.0,era5
2024-04-20 00:00:00+00:00,23.03,72.58,25.7,42,3.28,0.0,era5
2024-04-20 01:00:00+00:00,23.03,72.58,25.9,46,3.56,0.0,era5
2024-04-20 02:00:00+00:00,23.03,72.58,27.1,47,3.56,231.7,era5
2024-04-20 03:00:00+00:00,23.03,72.58,28.6,49,4.31,481.9,era5
2024-04-20 04:00:00+00:00,23.03,72.58,30.8,39,4.17,637.0,era5
2024-04-20 05:00:00+00:00,23.03,72.58,32.9,31,3.64,724.5,era5
2024-04-20 06:00:00+00:00,23.03,72.58,34.6,26,3.39,773.1,era5
2024-04-20 07:00:00+00:00,23.03,72.58,36.0,22,3.33,796.5,era5
2024-04-20 08:00:00+00:00,23.03,72.58,37.2,20,3.56,798.7,era5
2024-04-20 09:00:00+00:00,23.03,72.58,37.9,18,4.31,732.3,era5
2024-04-20 10:00:00+00:00,23.03,72.58,37.9,18,5.22,703.1,era5
2024-04-20 11:00:00+00:00,23.03,72.58,37.5,19,5.44,629.9,era5
2024-04-20 12:00:00+00:00,23.03,72.58,36.9,19,5.14,502.4,era5
2024-04-20 13:00:00+00:00,23.03,72.58,35.0,20,4.11,309.1,era5
2024-04-20 14:00:00+00:00,23.03,72.58,32.9,22,2.42,25.0,era5
2024-04-20 15:00:00+00:00,23.03,72.58,32.2,22,2.92,0.0,era5
2024-04-20 16:00:00+00:00,23.03,72.58,31.7,23,3.0,0.0,era5
2024-04-20 17:00:00+00:00,23.03,72.58,30.4,26,2.22,0.0,era5
2024-04-20 18:00:00+00:00,23.03,72.58,29.3,29,2.17,0.0,era5
2024-04-20 19:00:00+00:00,23.03,72.58,28.0,32,2.08,0.0,era5
2024-04-20 20:00:00+00:00,23.03,72.58,28.1,33,3.39,0.0,era5
2024-04-20 21:00:00+00:00,23.03,72.58,27.3,39,3.0,0.0,era5
2024-04-20 22:00:00+00:00,23.03,72.58,26.6,40,3.42,0.0,era5
2024-04-20 23:00:00+00:00,23.03,72.58,26.3,48,3.64,0.0,era5
2024-04-21 00:00:00+00:00,23.03,72.58,25.6,63,3.61,0.0,era5
2024-04-21 01:00:00+00:00,23.03,72.58,26.2,68,3.58,0.0,era5
2024-04-21 02:00:00+00:00,23.03,72.58,27.2,67,3.58,156.4,era5
2024-04-21 03:00:00+00:00,23.03,72.58,29.2,58,3.67,380.0,era5
2024-04-21 04:00:00+00:00,23.03,72.58,31.4,48,3.31,505.1,era5
2024-04-21 05:00:00+00:00,23.03,72.58,33.4,39,2.94,589.5,era5
2024-04-21 06:00:00+00:00,23.03,72.58,35.1,32,2.58,620.3,era5
2024-04-21 07:00:00+00:00,23.03,72.58,36.6,26,2.81,675.5,era5
2024-04-21 08:00:00+00:00,23.03,72.58,37.7,22,3.11,728.1,era5
2024-04-21 09:00:00+00:00,23.03,72.58,38.2,20,3.72,618.8,era5
2024-04-21 10:00:00+00:00,23.03,72.58,38.3,18,4.5,679.0,era5
2024-04-21 11:00:00+00:00,23.03,72.58,37.5,20,4.61,497.4,era5
2024-04-21 12:00:00+00:00,23.03,72.58,36.9,20,4.0,378.1,era5
2024-04-21 13:00:00+00:00,23.03,72.58,34.8,24,3.06,177.5,era5
2024-04-21 14:00:00+00:00,23.03,72.58,32.9,27,1.42,12.4,era5
2024-04-21 15:00:00+00:00,23.03,72.58,31.5,30,1.67,0.0,era5
2024-04-21 16:00:00+00:00,23.03,72.58,30.3,32,1.67,0.0,era5
2024-04-21 17:00:00+00:00,23.03,72.58,29.1,34,1.69,0.0,era5
2024-04-21 18:00:00+00:00,23.03,72.58,28.9,35,2.78,0.0,era5
2024-04-21 19:00:00+00:00,23.03,72.58,28.5,37,3.03,0.0,era5
2024-04-21 20:00:00+00:00,23.03,72.58,28.1,35,3.14,0.0,era5
2024-04-21 21:00:00+00:00,23.03,72.58,27.3,37,2.44,0.0,era5
2024-04-21 22:00:00+00:00,23.03,72.58,26.5,42,2.39,0.0,era5
2024-04-21 23:00:00+00:00,23.03,72.58,25.9,47,2.42,0.0,era5
2024-04-22 00:00:00+00:00,23.03,72.58,25.4,51,2.44,0.0,era5
2024-04-22 01:00:00+00:00,23.03,72.58,26.0,55,3.28,0.0,era5
2024-04-22 02:00:00+00:00,23.03,72.58,27.2,53,3.58,224.8,era5
2024-04-22 03:00:00+00:00,23.03,72.58,29.1,48,3.83,468.2,era5
2024-04-22 04:00:00+00:00,23.03,72.58,31.4,40,3.56,622.5,era5
2024-04-22 05:00:00+00:00,23.03,72.58,34.0,30,3.28,709.4,era5
2024-04-22 06:00:00+00:00,23.03,72.58,35.8,24,2.92,761.6,era5
2024-04-22 07:00:00+00:00,23.03,72.58,37.1,20,3.0,788.3,era5
2024-04-22 08:00:00+00:00,23.03,72.58,38.0,17,3.31,793.9,era5
2024-04-22 09:00:00+00:00,23.03,72.58,38.5,15,3.83,780.6,era5
2024-04-22 10:00:00+00:00,23.03,72.58,38.5,14,4.67,743.4,era5
2024-04-22 11:00:00+00:00,23.03,72.58,38.0,14,4.92,670.9,era5
2024-04-22 12:00:00+00:00,23.03,72.58,37.1,16,4.69,539.5,era5
2024-04-22 13:00:00+00:00,23.03,72.58,35.1,20,3.83,309.9,era5
2024-04-22 14:00:00+00:00,23.03,72.58,32.3,25,2.5,24.6,era5
2024-04-22 15:00:00+00:00,23.03,72.58,33.2,22,1.22,0.0,era5
2024-04-22 16:00:00+00:00,23.03,72.58,30.4,27,2.0,0.0,era5
2024-04-22 17:00:00+00:00,23.03,72.58,29.5,28,1.83,0.0,era5
2024-04-22 18:00:00+00:00,23.03,72.58,28.8,28,2.39,0.0,era5
2024-04-22 19:00:00+00:00,23.03,72.58,28.8,29,3.0,0.0,era5
2024-04-22 20:00:00+00:00,23.03,72.58,28.1,33,3.0,0.0,era5
2024-04-22 21:00:00+00:00,23.03,72.58,26.7,39,1.92,0.0,era5
2024-04-22 22:00:00+00:00,23.03,72.58,25.3,46,1.72,0.0,era5
2024-04-22 23:00:00+00:00,23.03,72.58,25.1,52,1.81,0.0,era5
2024-04-23 00:00:00+00:00,23.03,72.58,24.7,57,1.81,0.0,era5
2024-04-23 01:00:00+00:00,23.03,72.58,25.3,60,1.39,0.0,era5
2024-04-23 02:00:00+00:00,23.03,72.58,27.4,53,1.42,238.6,era5
2024-04-23 03:00:00+00:00,23.03,72.58,29.7,48,1.97,477.9,era5
2024-04-23 04:00:00+00:00,23.03,72.58,32.0,41,2.25,627.0,era5
2024-04-23 05:00:00+00:00,23.03,72.58,34.6,31,2.42,714.2,era5
2024-04-23 06:00:00+00:00,23.03,72.58,36.7,24,2.17,763.7,era5
2024-04-23 07:00:00+00:00,23.03,72.58,38.1,20,1.89,786.3,era5
2024-04-23 08:00:00+00:00,23.03,72.58,38.9,18,2.44,788.0,era5
2024-04-23 09:00:00+00:00,23.03,72.58,39.3,18,2.83,773.4,era5
2024-04-23 10:00:00+00:00,23.03,72.58,39.4,16,3.19,735.2,era5
2024-04-23 11:00:00+00:00,23.03,72.58,39.1,17,3.22,662.3,era5
2024-04-23 12:00:00+00:00,23.03,72.58,38.3,18,2.92,531.6,era5
2024-04-23 13:00:00+00:00,23.03,72.58,36.7,18,1.28,308.1,era5
2024-04-23 14:00:00+00:00,23.03,72.58,34.2,21,1.75,24.4,era5
2024-04-23 15:00:00+00:00,23.03,72.58,34.3,22,1.53,0.0,era5
2024-04-23 16:00:00+00:00,23.03,72.58,31.5,26,1.11,0.0,era5
2024-04-23 17:00:00+00:00,23.03,72.58,29.8,28,2.11,0.0,era5
2024-04-23 18:00:00+00:00,23.03,72.58,28.4,31,2.5,0.0,era5
2024-04-23 19:00:00+00:00,23.03,72.58,28.2,32,2.0,0.0,era5
2024-04-23 20:00:00+00:00,23.03,72.58,27.8,31,2.11,0.0,era5
2024-04-23 21:00:00+00:00,23.03,72.58,27.5,29,2.64,0.0,era5
2024-04-23 22:00:00+00:00,23.03,72.58,27.0,33,2.72,0.0,era5
2024-04-23 23:00:00+00:00,23.03,72.58,26.5,41,3.0,0.0,era5
2024-04-24 00:00:00+00:00,23.03,72.58,26.2,48,2.83,0.0,era5
2024-04-24 01:00:00+00:00,23.03,72.58,26.3,54,2.75,0.0,era5
2024-04-24 02:00:00+00:00,23.03,72.58,28.1,51,3.03,240.6,era5
2024-04-24 03:00:00+00:00,23.03,72.58,30.7,45,3.67,480.0,era5
2024-04-24 04:00:00+00:00,23.03,72.58,33.3,39,3.67,631.4,era5
2024-04-24 05:00:00+00:00,23.03,72.58,36.0,30,2.78,717.8,era5
2024-04-24 06:00:00+00:00,23.03,72.58,38.0,23,1.47,764.8,era5
2024-04-24 07:00:00+00:00,23.03,72.58,39.3,19,0.39,784.3,era5
2024-04-24 08:00:00+00:00,23.03,72.58,40.1,17,1.08,755.5,era5
2024-04-24 09:00:00+00:00,23.03,72.58,40.7,16,1.56,771.6,era5
2024-04-24 10:00:00+00:00,23.03,72.58,40.9,15,1.75,730.8,era5
2024-04-24 11:00:00+00:00,23.03,72.58,40.9,14,2.11,656.8,era5
2024-04-24 12:00:00+00:00,23.03,72.58,40.4,15,2.83,528.2,era5
2024-04-24 13:00:00+00:00,23.03,72.58,37.6,23,1.39,310.7,era5
2024-04-24 14:00:00+00:00,23.03,72.58,34.4,20,2.08,24.2,era5
2024-04-24 15:00:00+00:00,23.03,72.58,32.6,24,2.47,0.0,era5
2024-04-24 16:00:00+00:00,23.03,72.58,33.9,22,1.22,0.0,era5
2024-04-24 17:00:00+00:00,23.03,72.58,30.9,27,1.94,0.0,era5
2024-04-24 18:00:00+00:00,23.03,72.58,30.2,29,2.39,0.0,era5
2024-04-24 19:00:00+00:00,23.03,72.58,29.3,31,2.28,0.0,era5
2024-04-24 20:00:00+00:00,23.03,72.58,29.6,33,2.78,0.0,era5
2024-04-24 21:00:00+00:00,23.03,72.58,29.0,37,3.36,0.0,era5
2024-04-24 22:00:00+00:00,23.03,72.58,28.4,36,3.06,0.0,era5
2024-04-24 23:00:00+00:00,23.03,72.58,27.8,37,3.61,0.0,era5
2024-04-25 00:00:00+00:00,23.03,72.58,27.1,46,3.19,0.0,era5
2024-04-25 01:00:00+00:00,23.03,72.58,27.4,52,3.36,0.0,era5
2024-04-25 02:00:00+00:00,23.03,72.58,28.8,53,3.36,231.3,era5
2024-04-25 03:00:00+00:00,23.03,72.58,31.0,48,3.56,464.9,era5
2024-04-25 04:00:00+00:00,23.03,72.58,33.3,40,2.69,614.6,era5
2024-04-25 05:00:00+00:00,23.03,72.58,35.4,32,2.44,698.4,era5
2024-04-25 06:00:00+00:00,23.03,72.58,37.3,27,1.78,747.0,era5
2024-04-25 07:00:00+00:00,23.03,72.58,38.8,24,1.31,772.1,era5
2024-04-25 08:00:00+00:00,23.03,72.58,40.0,21,2.14,773.2,era5
2024-04-25 09:00:00+00:00,23.03,72.58,40.6,20,2.86,745.0,era5
2024-04-25 10:00:00+00:00,23.03,72.58,40.8,19,3.08,687.2,era5
2024-04-25 11:00:00+00:00,23.03,72.58,40.8,18,3.64,593.5,era5
2024-04-25 12:00:00+00:00,23.03,72.58,39.7,20,4.56,485.6,era5
2024-04-25 13:00:00+00:00,23.03,72.58,38.5,19,2.72,258.1,era5
2024-04-25 14:00:00+00:00,23.03,72.58,35.2,24,2.19,24.0,era5
2024-04-25 15:00:00+00:00,23.03,72.58,34.7,24,1.64,0.0,era5
2024-04-25 16:00:00+00:00,23.03,72.58,33.5,26,2.03,0.0,era5
2024-04-25 17:00:00+00:00,23.03,72.58,33.4,25,3.89,0.0,era5
2024-04-25 18:00:00+00:00,23.03,72.58,32.3,27,3.14,0.0,era5
2024-04-25 19:00:00+00:00,23.03,72.58,31.0,31,1.89,0.0,era5
2024-04-25 20:00:00+00:00,23.03,72.58,30.2,31,2.5,0.0,era5
2024-04-25 21:00:00+00:00,23.03,72.58,29.7,28,3.42,0.0,era5
2024-04-25 22:00:00+00:00,23.03,72.58,28.8,41,3.97,0.0,era5
2024-04-25 23:00:00+00:00,23.03,72.58,28.1,54,4.39,0.0,era5
2024-04-26 00:00:00+00:00,23.03,72.58,27.7,60,4.11,0.0,era5
2024-04-26 01:00:00+00:00,23.03,72.58,25.6,73,3.31,0.0,era5
2024-04-26 02:00:00+00:00,23.03,72.58,27.0,66,3.17,200.1,era5
2024-04-26 03:00:00+00:00,23.03,72.58,30.1,51,1.14,430.3,era5
2024-04-26 04:00:00+00:00,23.03,72.58,33.0,39,2.89,588.2,era5
2024-04-26 05:00:00+00:00,23.03,72.58,35.0,31,2.28,663.7,era5
2024-04-26 06:00:00+00:00,23.03,72.58,36.8,24,2.06,692.9,era5
2024-04-26 07:00:00+00:00,23.03,72.58,38.4,18,2.22,725.0,era5
2024-04-26 08:00:00+00:00,23.03,72.58,39.5,15,2.89,779.7,era5
2024-04-26 09:00:00+00:00,23.03,72.58,40.0,13,3.17,768.1,era5
2024-04-26 10:00:00+00:00,23.03,72.58,40.3,12,3.44,731.8,era5
2024-04-26 11:00:00+00:00,23.03,72.58,39.9,11,4.28,638.3,era5
2024-04-26 12:00:00+00:00,23.03,72.58,38.9,12,4.81,521.4,era5
2024-04-26 13:00:00+00:00,23.03,72.58,36.5,21,1.97,290.3,era5
2024-04-26 14:00:00+00:00,23.03,72.58,35.6,22,1.11,23.8,era5
2024-04-26 15:00:00+00:00,23.03,72.58,34.1,25,0.64,0.0,era5
2024-04-26 16:00:00+00:00,23.03,72.58,32.8,26,1.69,0.0,era5
2024-04-26 17:00:00+00:00,23.03,72.58,31.9,27,1.92,0.0,era5
2024-04-26 18:00:00+00:00,23.03,72.58,30.2,30,2.67,0.0,era5
2024-04-26 19:00:00+00:00,23.03,72.58,29.8,31,1.75,0.0,era5
2024-04-26 20:00:00+00:00,23.03,72.58,29.4,34,2.03,0.0,era5
2024-04-26 21:00:00+00:00,23.03,72.58,28.8,39,2.28,0.0,era5
2024-04-26 22:00:00+00:00,23.03,72.58,28.3,43,2.69,0.0,era5
2024-04-26 23:00:00+00:00,23.03,72.58,27.9,47,2.92,0.0,era5
2024-04-27 00:00:00+00:00,23.03,72.58,27.7,50,2.92,0.0,era5
2024-04-27 01:00:00+00:00,23.03,72.58,27.7,54,3.14,0.0,era5
2024-04-27 02:00:00+00:00,23.03,72.58,29.3,52,2.89,197.3,era5
2024-04-27 03:00:00+00:00,23.03,72.58,31.3,47,3.11,379.0,era5
2024-04-27 04:00:00+00:00,23.03,72.58,33.7,37,2.92,527.7,era5
2024-04-27 05:00:00+00:00,23.03,72.58,36.1,26,3.06,523.3,era5
2024-04-27 06:00:00+00:00,23.03,72.58,37.9,19,3.53,514.3,era5
2024-04-27 07:00:00+00:00,23.03,72.58,39.2,16,3.81,575.3,era5
2024-04-27 08:00:00+00:00,23.03,72.58,39.8,15,3.97,555.7,era5
2024-04-27 09:00:00+00:00,23.03,72.58,39.8,14,3.78,413.9,era5
2024-04-27 10:00:00+00:00,23.03,72.58,39.8,14,3.58,361.9,era5
2024-04-27 11:00:00+00:00,23.03,72.58,39.5,14,3.53,214.0,era5
2024-04-27 12:00:00+00:00,23.03,72.58,38.8,14,4.11,195.1,era5
2024-04-27 13:00:00+00:00,23.03,72.58,37.5,16,1.67,83.7,era5
2024-04-27 14:00:00+00:00,23.03,72.58,34.4,21,2.11,0.0,era5
2024-04-27 15:00:00+00:00,23.03,72.58,33.9,21,1.61,0.0,era5
2024-04-27 16:00:00+00:00,23.03,72.58,32.8,22,2.17,0.0,era5
2024-04-27 17:00:00+00:00,23.03,72.58,32.5,23,2.11,0.0,era5
2024-04-27 18:00:00+00:00,23.03,72.58,31.9,23,2.44,0.0,era5
2024-04-27 19:00:00+00:00,23.03,72.58,30.6,25,2.11,0.0,era5
2024-04-27 20:00:00+00:00,23.03,72.58,29.7,25,2.19,0.0,era5
2024-04-27 21:00:00+00:00,23.03,72.58,29.2,25,1.89,0.0,era5
2024-04-27 22:00:00+00:00,23.03,72.58,29.0,29,2.69,0.0,era5
2024-04-27 23:00:00+00:00,23.03,72.58,29.0,34,3.53,0.0,era5
2024-04-28 00:00:00+00:00,23.03,72.58,28.7,35,3.47,0.0,era5
2024-04-28 01:00:00+00:00,23.03,72.58,28.6,33,2.92,0.0,era5
2024-04-28 02:00:00+00:00,23.03,72.58,30.1,28,2.92,64.9,era5
2024-04-28 03:00:00+00:00,23.03,72.58,32.3,24,3.36,218.9,era5
2024-04-28 04:00:00+00:00,23.03,72.58,34.7,22,4.22,605.7,era5
2024-04-28 05:00:00+00:00,23.03,72.58,36.8,18,4.22,701.9,era5
2024-04-28 06:00:00+00:00,23.03,72.58,38.6,14,3.83,750.6,era5
2024-04-28 07:00:00+00:00,23.03,72.58,39.9,11,3.5,782.1,era5
2024-04-28 08:00:00+00:00,23.03,72.58,40.6,10,3.86,786.5,era5
2024-04-28 09:00:00+00:00,23.03,72.58,40.8,11,4.03,771.2,era5
2024-04-28 10:00:00+00:00,23.03,72.58,40.8,10,3.72,728.0,era5
2024-04-28 11:00:00+00:00,23.03,72.58,40.8,9,3.69,648.7,era5
2024-04-28 12:00:00+00:00,23.03,72.58,39.9,10,4.11,508.1,era5
2024-04-28 13:00:00+00:00,23.03,72.58,37.6,12,2.81,307.9,era5
2024-04-28 14:00:00+00:00,23.03,72.58,34.1,15,1.78,23.4,era5
2024-04-28 15:00:00+00:00,23.03,72.58,32.6,17,1.89,0.0,era5
2024-04-28 16:00:00+00:00,23.03,72.58,31.7,19,2.28,0.0,era5
2024-04-28 17:00:00+00:00,23.03,72.58,31.0,19,2.19,0.0,era5
2024-04-28 18:00:00+00:00,23.03,72.58,30.8,20,1.86,0.0,era5
2024-04-28 19:00:00+00:00,23.03,72.58,31.0,20,2.53,0.0,era5
2024-04-28 20:00:00+00:00,23.03,72.58,30.2,24,2.31,0.0,era5
2024-04-28 21:00:00+00:00,23.03,72.58,29.5,28,2.69,0.0,era5
2024-04-28 22:00:00+00:00,23.03,72.58,29.2,35,3.0,0.0,era5
2024-04-28 23:00:00+00:00,23.03,72.58,29.1,40,3.11,0.0,era5
2024-04-29 00:00:00+00:00,23.03,72.58,28.5,41,3.03,0.0,era5
2024-04-29 01:00:00+00:00,23.03,72.58,28.5,47,2.86,0.0,era5
2024-04-29 02:00:00+00:00,23.03,72.58,30.0,42,3.0,192.0,era5
2024-04-29 03:00:00+00:00,23.03,72.58,32.0,37,3.97,421.1,era5
2024-04-29 04:00:00+00:00,23.03,72.58,34.1,32,3.81,516.6,era5
2024-04-29 05:00:00+00:00,23.03,72.58,36.4,25,4.17,675.2,era5
2024-04-29 06:00:00+00:00,23.03,72.58,38.1,20,4.75,732.0,era5
2024-04-29 07:00:00+00:00,23.03,72.58,39.2,16,4.61,759.8,era5
2024-04-29 08:00:00+00:00,23.03,72.58,40.1,15,4.31,760.5,era5
2024-04-29 09:00:00+00:00,23.03,72.58,40.6,14,4.47,764.1,era5
2024-04-29 10:00:00+00:00,23.03,72.58,40.7,15,4.61,723.7,era5
2024-04-29 11:00:00+00:00,23.03,72.58,40.5,15,4.56,646.4,era5
2024-04-29 12:00:00+00:00,23.03,72.58,39.7,16,4.75,515.6,era5
2024-04-29 13:00:00+00:00,23.03,72.58,37.7,18,4.0,293.8,era5
2024-04-29 14:00:00+00:00,23.03,72.58,35.7,20,2.72,23.2,era5
2024-04-29 15:00:00+00:00,23.03,72.58,34.2,21,2.14,0.0,era5
2024-04-29 16:00:00+00:00,23.03,72.58,32.6,22,2.06,0.0,era5
2024-04-29 17:00:00+00:00,23.03,72.58,31.4,23,2.11,0.0,era5
2024-04-29 18:00:00+00:00,23.03,72.58,31.0,22,2.58,0.0,era5
2024-04-29 19:00:00+00:00,23.03,72.58,30.3,20,2.47,0.0,era5
2024-04-29 20:00:00+00:00,23.03,72.58,29.2,21,2.69,0.0,era5
2024-04-29 21:00:00+00:00,23.03,72.58,28.4,21,3.08,0.0,era5
2024-04-29 22:00:00+00:00,23.03,72.58,27.8,21,2.61,0.0,era5
2024-04-29 23:00:00+00:00,23.03,72.58,26.9,21,2.44,0.0,era5
2024-04-30 00:00:00+00:00,23.03,72.58,26.4,27,3.03,0.0,era5
2024-04-30 01:00:00+00:00,23.03,72.58,27.2,28,2.75,0.0,era5
2024-04-30 02:00:00+00:00,23.03,72.58,29.1,28,3.22,247.5,era5
2024-04-30 03:00:00+00:00,23.03,72.58,32.0,23,3.47,486.4,era5
2024-04-30 04:00:00+00:00,23.03,72.58,35.0,18,3.89,634.6,era5
2024-04-30 05:00:00+00:00,23.03,72.58,37.3,15,4.06,718.4,era5
2024-04-30 06:00:00+00:00,23.03,72.58,38.7,13,3.83,765.2,era5
2024-04-30 07:00:00+00:00,23.03,72.58,39.6,12,3.83,788.8,era5
2024-04-30 08:00:00+00:00,23.03,72.58,40.2,11,4.31,792.4,era5
2024-04-30 09:00:00+00:00,23.03,72.58,40.6,10,4.58,777.6,era5
2024-04-30 10:00:00+00:00,23.03,72.58,40.5,9,5.14,741.3,era5
2024-04-30 11:00:00+00:00,23.03,72.58,39.9,9,5.64,669.7,era5
2024-04-30 12:00:00+00:00,23.03,72.58,39.1,9,5.08,540.3,era5
2024-04-30 13:00:00+00:00,23.03,72.58,37.6,11,2.31,312.8,era5
2024-04-30 14:00:00+00:00,23.03,72.58,33.7,14,2.53,34.5,era5
2024-04-30 15:00:00+00:00,23.03,72.58,32.4,14,2.19,0.0,era5
2024-04-30 16:00:00+00:00,23.03,72.58,32.0,14,2.97,0.0,era5
2024-04-30 17:00:00+00:00,23.03,72.58,31.6,14,3.56,0.0,era5
2024-04-30 18:00:00+00:00,23.03,72.58,30.8,16,3.19,0.0,era5
2024-04-30 19:00:00+00:00,23.03,72.58,29.4,23,3.0,0.0,era5
2024-04-30 20:00:00+00:00,23.03,72.58,29.0,29,3.81,0.0,era5
2024-04-30 21:00:00+00:00,23.03,72.58,28.3,32,3.89,0.0,era5
2024-04-30 22:00:00+00:00,23.03,72.58,27.3,35,3.61,0.0,era5
2024-04-30 23:00:00+00:00,23.03,72.58,26.4,35,3.33,0.0,era5
2024-05-01 00:00:00+00:00,23.03,72.58,25.4,33,2.94,0.0,era5
2024-05-01 01:00:00+00:00,23.03,72.58,26.7,23,3.86,0.0,era5
2024-05-01 02:00:00+00:00,23.03,72.58,28.5,19,3.92,265.3,era5
2024-05-01 03:00:00+00:00,23.03,72.58,31.1,15,4.31,510.4,era5
2024-05-01 04:00:00+00:00,23.03,72.58,33.6,13,4.56,660.3,era5
2024-05-01 05:00:00+00:00,23.03,72.58,36.1,11,3.44,745.1,era5
2024-05-01 06:00:00+00:00,23.03,72.58,38.1,9,2.72,791.8,era5
2024-05-01 07:00:00+00:00,23.03,72.58,39.7,7,3.61,815.8,era5
2024-05-01 08:00:00+00:00,23.03,72.58,40.5,6,4.67,818.3,era5
2024-05-01 09:00:00+00:00,23.03,72.58,40.8,6,5.06,802.8,era5
2024-05-01 10:00:00+00:00,23.03,72.58,40.7,6,5.25,759.0,era5
2024-05-01 11:00:00+00:00,23.03,72.58,40.2,6,5.25,687.0,era5
2024-05-01 12:00:00+00:00,23.03,72.58,39.3,6,5.25,556.2,era5
2024-05-01 13:00:00+00:00,23.03,72.58,37.4,10,2.19,319.2,era5
2024-05-01 14:00:00+00:00,23.03,72.58,33.9,12,2.08,34.2,era5
2024-05-01 15:00:00+00:00,23.03,72.58,32.4,13,2.17,0.0,era5
2024-05-01 16:00:00+00:00,23.03,72.58,30.6,16,2.03,0.0,era5
2024-05-01 17:00:00+00:00,23.03,72.58,28.5,19,2.33,0.0,era5
2024-05-01 18:00:00+00:00,23.03,72.58,28.4,20,1.47,0.0,era5
2024-05-01 19:00:00+00:00,23.03,72.58,28.4,22,0.97,0.0,era5
2024-05-01 20:00:00+00:00,23.03,72.58,26.8,21,1.81,0.0,era5
2024-05-01 21:00:00+00:00,23.03,72.58,26.6,15,1.97,0.0,era5
2024-05-01 22:00:00+00:00,23.03,72.58,26.7,14,2.69,0.0,era5
2024-05-01 23:00:00+00:00,23.03,72.58,26.0,14,2.83,0.0,era5
2024-05-02 00:00:00+00:00,23.03,72.58,24.5,15,2.61,0.0,era5
2024-05-02 01:00:00+00:00,23.03,72.58,24.8,21,2.11,0.0,era5
2024-05-02 02:00:00+00:00,23.03,72.58,27.4,18,2.28,262.2,era5
2024-05-02 03:00:00+00:00,23.03,72.58,30.9,15,1.31,508.0,era5
2024-05-02 04:00:00+00:00,23.03,72.58,33.9,13,1.31,655.4,era5
2024-05-02 05:00:00+00:00,23.03,72.58,36.5,11,1.33,704.7,era5
2024-05-02 06:00:00+00:00,23.03,72.58,38.1,9,1.36,783.3,era5
2024-05-02 07:00:00+00:00,23.03,72.58,39.0,8,1.08,752.8,era5
2024-05-02 08:00:00+00:00,23.03,72.58,39.3,8,0.42,393.1,era5
2024-05-02 09:00:00+00:00,23.03,72.58,40.0,8,0.39,571.4,era5
2024-05-02 10:00:00+00:00,23.03,72.58,40.3,7,0.86,634.2,era5
2024-05-02 11:00:00+00:00,23.03,72.58,40.2,7,1.61,668.1,era5
2024-05-02 12:00:00+00:00,23.03,72.58,39.5,7,2.64,280.7,era5
2024-05-02 13:00:00+00:00,23.03,72.58,36.9,16,1.72,248.3,era5
2024-05-02 14:00:00+00:00,23.03,72.58,34.2,11,2.47,11.3,era5
2024-05-02 15:00:00+00:00,23.03,72.58,33.4,10,2.25,0.0,era5
2024-05-02 16:00:00+00:00,23.03,72.58,30.6,13,2.61,0.0,era5
2024-05-02 17:00:00+00:00,23.03,72.58,30.1,14,1.83,0.0,era5
2024-05-02 18:00:00+00:00,23.03,72.58,29.4,15,2.44,0.0,era5
2024-05-02 19:00:00+00:00,23.03,72.58,28.4,16,2.0,0.0,era5
2024-05-02 20:00:00+00:00,23.03,72.58,28.0,22,2.61,0.0,era5
2024-05-02 21:00:00+00:00,23.03,72.58,27.8,21,2.5,0.0,era5
2024-05-02 22:00:00+00:00,23.03,72.58,27.5,20,3.42,0.0,era5
2024-05-02 23:00:00+00:00,23.03,72.58,26.9,28,3.06,0.0,era5
2024-05-03 00:00:00+00:00,23.03,72.58,25.8,36,2.83,0.0,era5
2024-05-03 01:00:00+00:00,23.03,72.58,27.0,39,3.17,15.7,era5
2024-05-03 02:00:00+00:00,23.03,72.58,28.9,34,3.64,249.0,era5
2024-05-03 03:00:00+00:00,23.03,72.58,31.4,29,3.81,341.9,era5
2024-05-03 04:00:00+00:00,23.03,72.58,34.1,24,3.33,375.0,era5
2024-05-03 05:00:00+00:00,23.03,72.58,37.2,18,2.83,717.5,era5
2024-05-03 06:00:00+00:00,23.03,72.58,39.3,13,1.94,754.0,era5
2024-05-03 07:00:00+00:00,23.03,72.58,40.6,10,1.61,786.9,era5
2024-05-03 08:00:00+00:00,23.03,72.58,41.5,9,2.19,787.8,era5
2024-05-03 09:00:00+00:00,23.03,72.58,41.9,9,2.5,719.1,era5
2024-05-03 10:00:00+00:00,23.03,72.58,42.1,9,3.0,675.0,era5
2024-05-03 11:00:00+00:00,23.03,72.58,41.7,9,3.31,581.4,era5
2024-05-03 12:00:00+00:00,23.03,72.58,41.0,9,3.31,478.9,era5
2024-05-03 13:00:00+00:00,23.03,72.58,38.6,11,2.67,287.4,era5
2024-05-03 14:00:00+00:00,23.03,72.58,34.4,15,2.53,22.4,era5
2024-05-03 15:00:00+00:00,23.03,72.58,33.2,16,2.69,0.0,era5
2024-05-03 16:00:00+00:00,23.03,72.58,32.9,16,2.14,0.0,era5
2024-05-03 17:00:00+00:00,23.03,72.58,32.8,16,1.72,0.0,era5
2024-05-03 18:00:00+00:00,23.03,72.58,30.8,18,2.11,0.0,era5
2024-05-03 19:00:00+00:00,23.03,72.58,30.3,20,3.03,0.0,era5
2024-05-03 20:00:00+00:00,23.03,72.58,30.0,26,3.06,0.0,era5
2024-05-03 21:00:00+00:00,23.03,72.58,29.6,31,3.03,0.0,era5
2024-05-03 22:00:00+00:00,23.03,72.58,29.1,40,3.42,0.0,era5
2024-05-03 23:00:00+00:00,23.03,72.58,29.0,51,3.67,0.0,era5
2024-05-04 00:00:00+00:00,23.03,72.58,29.1,55,3.58,0.0,era5
2024-05-04 01:00:00+00:00,23.03,72.58,29.4,61,3.22,0.0,era5
2024-05-04 02:00:00+00:00,23.03,72.58,31.1,58,2.92,221.2,era5
2024-05-04 03:00:00+00:00,23.03,72.58,33.4,49,3.97,453.9,era5
2024-05-04 04:00:00+00:00,23.03,72.58,36.0,37,3.53,596.3,era5
2024-05-04 05:00:00+00:00,23.03,72.58,38.0,30,4.53,677.4,era5
2024-05-04 06:00:00+00:00,23.03,72.58,39.5,25,4.92,670.0,era5
2024-05-04 07:00:00+00:00,23.03,72.58,40.6,21,5.42,700.6,era5
2024-05-04 08:00:00+00:00,23.03,72.58,41.0,21,5.69,674.7,era5
2024-05-04 09:00:00+00:00,23.03,72.58,41.4,21,5.28,683.3,era5
2024-05-04 10:00:00+00:00,23.03,72.58,41.1,22,5.81,572.4,era5
2024-05-04 11:00:00+00:00,23.03,72.58,40.6,24,5.64,455.8,era5
2024-05-04 12:00:00+00:00,23.03,72.58,39.7,24,5.36,170.6,era5
2024-05-04 13:00:00+00:00,23.03,72.58,37.5,29,3.53,241.6,era5
2024-05-04 14:00:00+00:00,23.03,72.58,36.5,29,3.42,11.1,era5
2024-05-04 15:00:00+00:00,23.03,72.58,35.6,27,2.61,0.0,era5
2024-05-04 16:00:00+00:00,23.03,72.58,34.9,28,2.61,0.0,era5
2024-05-04 17:00:00+00:00,23.03,72.58,33.3,37,1.97,0.0,era5
2024-05-04 18:00:00+00:00,23.03,72.58,33.0,38,1.33,0.0,era5
2024-05-04 19:00:00+00:00,23.03,72.58,32.2,41,1.39,0.0,era5
2024-05-04 20:00:00+00:00,23.03,72.58,31.7,42,2.36,0.0,era5
2024-05-04 21:00:00+00:00,23.03,72.58,31.5,41,3.47,0.0,era5
2024-05-04 22:00:00+00:00,23.03,72.58,31.4,42,4.03,0.0,era5
2024-05-04 23:00:00+00:00,23.03,72.58,31.3,38,4.25,0.0,era5
2024-05-05 00:00:00+00:00,23.03,72.58,31.1,38,4.08,0.0,era5
2024-05-05 01:00:00+00:00,23.03,72.58,30.0,44,3.81,0.0,era5
2024-05-05 02:00:00+00:00,23.03,72.58,31.2,41,4.08,184.0,era5
2024-05-05 03:00:00+00:00,23.03,72.58,32.1,38,4.47,110.7,era5
2024-05-05 04:00:00+00:00,23.03,72.58,32.6,39,4.22,12.8,era5
2024-05-05 05:00:00+00:00,23.03,72.58,34.8,32,3.89,108.3,era5
2024-05-05 06:00:00+00:00,23.03,72.58,36.6,26,4.78,181.6,era5
2024-05-05 07:00:00+00:00,23.03,72.58,37.3,26,4.81,190.8,era5
2024-05-05 08:00:00+00:00,23.03,72.58,38.9,26,5.5,460.4,era5
2024-05-05 09:00:00+00:00,23.03,72.58,39.5,25,5.25,671.1,era5
2024-05-05 10:00:00+00:00,23.03,72.58,39.5,26,5.44,555.0,era5
2024-05-05 11:00:00+00:00,23.03,72.58,38.8,26,5.33,305.0,era5
2024-05-05 12:00:00+00:00,23.03,72.58,37.7,28,5.69,149.0,era5
2024-05-05 13:00:00+00:00,23.03,72.58,38.1,27,4.5,132.1,era5
2024-05-05 14:00:00+00:00,23.03,72.58,36.2,31,5.31,22.1,era5
2024-05-05 15:00:00+00:00,23.03,72.58,35.5,33,5.19,0.0,era5
2024-05-05 16:00:00+00:00,23.03,72.58,34.7,36,4.39,0.0,era5
2024-05-05 17:00:00+00:00,23.03,72.58,33.9,39,4.72,0.0,era5
2024-05-05 18:00:00+00:00,23.03,72.58,32.7,44,4.61,0.0,era5
2024-05-05 19:00:00+00:00,23.03,72.58,31.4,41,4.61,0.0,era5
2024-05-05 20:00:00+00:00,23.03,72.58,30.0,44,4.31,0.0,era5
2024-05-05 21:00:00+00:00,23.03,72.58,28.9,55,3.78,0.0,era5
2024-05-05 22:00:00+00:00,23.03,72.58,28.3,64,3.58,0.0,era5
2024-05-05 23:00:00+00:00,23.03,72.58,27.8,68,3.81,0.0,era5
2024-05-06 00:00:00+00:00,23.03,72.58,27.4,70,3.72,0.0,era5
2024-05-06 01:00:00+00:00,23.03,72.58,27.1,74,2.44,14.9,era5
2024-05-06 02:00:00+00:00,23.03,72.58,28.3,68,2.83,241.3,era5
2024-05-06 03:00:00+00:00,23.03,72.58,30.3,59,3.11,469.1,era5
2024-05-06 04:00:00+00:00,23.03,72.58,32.7,48,2.89,609.6,era5
2024-05-06 05:00:00+00:00,23.03,72.58,35.2,38,2.75,693.1,era5
2024-05-06 06:00:00+00:00,23.03,72.58,37.5,30,2.89,739.8,era5
2024-05-06 07:00:00+00:00,23.03,72.58,39.2,24,3.03,762.9,era5
2024-05-06 08:00:00+00:00,23.03,72.58,40.3,21,3.33,766.2,era5
2024-05-06 09:00:00+00:00,23.03,72.58,40.9,19,3.72,750.0,era5
2024-05-06 10:00:00+00:00,23.03,72.58,41.0,18,4.06,709.9,era5
2024-05-06 11:00:00+00:00,23.03,72.58,40.8,17,4.22,639.3,era5
2024-05-06 12:00:00+00:00,23.03,72.58,40.3,18,4.11,513.9,era5
2024-05-06 13:00:00+00:00,23.03,72.58,38.1,24,3.69,290.8,era5
2024-05-06 14:00:00+00:00,23.03,72.58,36.2,27,2.0,32.9,era5
2024-05-06 15:00:00+00:00,23.03,72.58,34.2,31,2.25,0.0,era5
2024-05-06 16:00:00+00:00,23.03,72.58,33.7,30,1.72,0.0,era5
2024-05-06 17:00:00+00:00,23.03,72.58,32.8,30,3.56,0.0,era5
2024-05-06 18:00:00+00:00,23.03,72.58,31.9,36,3.19,0.0,era5
2024-05-06 19:00:00+00:00,23.03,72.58,31.4,39,3.78,0.0,era5
2024-05-06 20:00:00+00:00,23.03,72.58,30.4,48,4.11,0.0,era5
2024-05-06 21:00:00+00:00,23.03,72.58,29.5,59,4.0,0.0,era5
2024-05-06 22:00:00+00:00,23.03,72.58,28.8,65,3.39,0.0,era5
2024-05-06 23:00:00+00:00,23.03,72.58,28.2,69,3.0,0.0,era5
2024-05-07 00:00:00+00:00,23.03,72.58,27.6,73,2.31,0.0,era5
2024-05-07 01:00:00+00:00,23.03,72.58,28.8,73,1.89,14.7,era5
2024-05-07 02:00:00+00:00,23.03,72.58,30.0,69,2.33,229.2,era5
2024-05-07 03:00:00+00:00,23.03,72.58,31.9,61,2.64,453.3,era5
2024-05-07 04:00:00+00:00,23.03,72.58,34.4,51,2.81,597.3,era5
2024-05-07 05:00:00+00:00,23.03,72.58,36.9,42,2.5,682.2,era5
2024-05-07 06:00:00+00:00,23.03,72.58,39.1,34,2.11,729.4,era5
2024-05-07 07:00:00+00:00,23.03,72.58,41.0,26,1.81,748.2,era5
2024-05-07 08:00:00+00:00,23.03,72.58,41.9,21,1.17,635.1,era5
2024-05-07 09:00:00+00:00,23.03,72.58,42.6,18,0.64,675.7,era5
2024-05-07 10:00:00+00:00,23.03,72.58,43.1,18,0.56,641.4,era5
2024-05-07 11:00:00+00:00,23.03,72.58,43.0,17,1.19,593.6,era5
2024-05-07 12:00:00+00:00,23.03,72.58,42.2,17,1.75,368.7,era5
2024-05-07 13:00:00+00:00,23.03,72.58,39.8,19,3.36,277.3,era5
2024-05-07 14:00:00+00:00,23.03,72.58,37.6,21,3.17,32.6,era5
2024-05-07 15:00:00+00:00,23.03,72.58,36.8,22,2.58,0.0,era5
2024-05-07 16:00:00+00:00,23.03,72.58,34.0,35,5.11,0.0,era5
2024-05-07 17:00:00+00:00,23.03,72.58,32.4,47,5.28,0.0,era5
2024-05-07 18:00:00+00:00,23.03,72.58,31.8,52,4.53,0.0,era5
2024-05-07 19:00:00+00:00,23.03,72.58,31.3,54,3.81,0.0,era5
2024-05-07 20:00:00+00:00,23.03,72.58,31.1,54,3.11,0.0,era5
2024-05-07 21:00:00+00:00,23.03,72.58,30.6,54,2.11,0.0,era5
2024-05-07 22:00:00+00:00,23.03,72.58,30.2,50,2.31,0.0,era5
2024-05-07 23:00:00+00:00,23.03,72.58,29.4,53,2.81,0.0,era5
2024-05-08 00:00:00+00:00,23.03,72.58,28.7,58,2.67,0.0,era5
2024-05-08 01:00:00+00:00,23.03,72.58,29.2,63,3.28,14.5,era5
2024-05-08 02:00:00+00:00,23.03,72.58,30.6,55,3.28,222.3,era5
2024-05-08 03:00:00+00:00,23.03,72.58,32.4,47,3.42,449.3,era5
2024-05-08 04:00:00+00:00,23.03,72.58,34.5,42,3.33,596.1,era5
2024-05-08 05:00:00+00:00,23.03,72.58,36.7,36,3.31,682.7,era5
2024-05-08 06:00:00+00:00,23.03,72.58,39.0,29,3.42,728.9,era5
2024-05-08 07:00:00+00:00,23.03,72.58,40.8,24,3.36,748.8,era5
2024-05-08 08:00:00+00:00,23.03,72.58,42.0,20,3.56,752.3,era5
2024-05-08 09:00:00+00:00,23.03,72.58,42.6,19,3.14,709.6,era5
2024-05-08 10:00:00+00:00,23.03,72.58,42.5,18,2.75,528.3,era5
2024-05-08 11:00:00+00:00,23.03,72.58,42.7,18,2.53,562.9,era5
2024-05-08 12:00:00+00:00,23.03,72.58,42.0,18,2.56,482.0,era5
2024-05-08 13:00:00+00:00,23.03,72.58,41.5,8,3.28,307.4,era5
2024-05-08 14:00:00+00:00,23.03,72.58,38.8,9,4.67,43.1,era5
2024-05-08 15:00:00+00:00,23.03,72.58,36.2,19,4.25,0.0,era5
2024-05-08 16:00:00+00:00,23.03,72.58,33.0,43,4.75,0.0,era5
2024-05-08 17:00:00+00:00,23.03,72.58,32.6,51,4.5,0.0,era5
2024-05-08 18:00:00+00:00,23.03,72.58,33.1,45,3.78,0.0,era5
2024-05-08 19:00:00+00:00,23.03,72.58,33.0,31,5.39,0.0,era5
2024-05-08 20:00:00+00:00,23.03,72.58,31.9,33,4.89,0.0,era5
2024-05-08 21:00:00+00:00,23.03,72.58,31.1,36,4.64,0.0,era5
2024-05-08 22:00:00+00:00,23.03,72.58,30.3,42,4.47,0.0,era5
2024-05-08 23:00:00+00:00,23.03,72.58,29.5,48,3.78,0.0,era5
2024-05-09 00:00:00+00:00,23.03,72.58,28.9,53,3.42,0.0,era5
2024-05-09 01:00:00+00:00,23.03,72.58,29.5,50,2.97,14.3,era5
2024-05-09 02:00:00+00:00,23.03,72.58,30.8,51,3.25,234.8,era5
2024-05-09 03:00:00+00:00,23.03,72.58,32.5,49,3.33,438.5,era5
2024-05-09 04:00:00+00:00,23.03,72.58,34.7,43,3.19,519.1,era5
2024-05-09 05:00:00+00:00,23.03,72.58,37.0,36,3.39,626.8,era5
2024-05-09 06:00:00+00:00,23.03,72.58,39.1,28,3.31,643.3,era5
2024-05-09 07:00:00+00:00,23.03,72.58,40.8,23,3.14,700.5,era5
2024-05-09 08:00:00+00:00,23.03,72.58,41.8,20,3.25,670.0,era5
2024-05-09 09:00:00+00:00,23.03,72.58,42.3,19,3.08,631.1,era5
2024-05-09 10:00:00+00:00,23.03,72.58,42.4,19,2.61,587.2,era5
2024-05-09 11:00:00+00:00,23.03,72.58,42.2,19,2.22,504.0,era5
2024-05-09 12:00:00+00:00,23.03,72.58,41.9,19,2.39,470.4,era5
2024-05-09 13:00:00+00:00,23.03,72.58,41.1,17,2.53,254.8,era5
2024-05-09 14:00:00+00:00,23.03,72.58,38.6,21,3.36,32.1,era5
2024-05-09 15:00:00+00:00,23.03,72.58,36.5,27,4.97,0.0,era5
2024-05-09 16:00:00+00:00,23.03,72.58,34.8,32,5.06,0.0,era5
2024-05-09 17:00:00+00:00,23.03,72.58,33.8,35,5.56,0.0,era5
2024-05-09 18:00:00+00:00,23.03,72.58,33.8,33,5.81,0.0,era5
2024-05-09 19:00:00+00:00,23.03,72.58,33.6,33,5.53,0.0,era5
2024-05-09 20:00:00+00:00,23.03,72.58,31.9,48,5.14,0.0,era5
2024-05-09 21:00:00+00:00,23.03,72.58,30.6,59,4.83,0.0,era5
2024-05-09 22:00:00+00:00,23.03,72.58,30.0,62,3.94,0.0,era5
2024-05-09 23:00:00+00:00,23.03,72.58,29.4,64,2.86,0.0,era5
2024-05-10 00:00:00+00:00,23.03,72.58,28.9,66,2.56,0.0,era5
2024-05-10 01:00:00+00:00,23.03,72.58,30.2,62,2.42,14.1,era5
2024-05-10 02:00:00+00:00,23.03,72.58,31.1,61,2.97,232.8,era5
2024-05-10 03:00:00+00:00,23.03,72.58,32.5,57,3.22,451.0,era5
2024-05-10 04:00:00+00:00,23.03,72.58,34.4,49,2.81,587.7,era5
2024-05-10 05:00:00+00:00,23.03,72.58,36.4,40,2.67,670.0,era5
2024-05-10 06:00:00+00:00,23.03,72.58,38.5,31,2.69,718.1,era5
2024-05-10 07:00:00+00:00,23.03,72.58,40.1,26,2.78,740.9,era5
2024-05-10 08:00:00+00:00,23.03,72.58,41.1,24,2.83,743.5,era5
2024-05-10 09:00:00+00:00,23.03,72.58,41.9,22,2.58,730.2,era5
2024-05-10 10:00:00+00:00,23.03,72.58,42.2,20,2.22,640.1,era5
2024-05-10 11:00:00+00:00,23.03,72.58,42.2,19,2.67,542.2,era5
2024-05-10 12:00:00+00:00,23.03,72.58,41.5,19,3.08,402.1,era5
2024-05-10 13:00:00+00:00,23.03,72.58,40.3,22,3.33,253.5,era5
2024-05-10 14:00:00+00:00,23.03,72.58,38.1,28,3.94,31.9,era5
2024-05-10 15:00:00+00:00,23.03,72.58,35.8,40,4.5,0.0,era5
2024-05-10 16:00:00+00:00,23.03,72.58,33.8,47,4.14,0.0,era5
2024-05-10 17:00:00+00:00,23.03,72.58,32.9,51,4.08,0.0,era5
2024-05-10 18:00:00+00:00,23.03,72.58,32.2,52,4.47,0.0,era5
2024-05-10 19:00:00+00:00,23.03,72.58,31.7,56,2.56,0.0,era5
2024-05-10 20:00:00+00:00,23.03,72.58,31.7,51,3.61,0.0,era5
2024-05-10 21:00:00+00:00,23.03,72.58,30.9,51,4.11,0.0,era5
2024-05-10 22:00:00+00:00,23.03,72.58,30.1,54,4.11,0.0,era5
2024-05-10 23:00:00+00:00,23.03,72.58,29.4,58,4.11,0.0,era5
2024-05-11 00:00:00+00:00,23.03,72.58,28.8,64,3.86,0.0,era5
2024-05-11 01:00:00+00:00,23.03,72.58,29.3,68,3.86,13.9,era5
2024-05-11 02:00:00+00:00,23.03,72.58,30.1,69,3.53,226.3,era5
2024-05-11 03:00:00+00:00,23.03,72.58,31.8,63,2.56,442.7,era5
2024-05-11 04:00:00+00:00,23.03,72.58,33.9,53,1.83,578.9,era5
2024-05-11 05:00:00+00:00,23.03,72.58,35.9,43,1.78,658.1,era5
2024-05-11 06:00:00+00:00,23.03,72.58,37.6,38,1.56,701.3,era5
2024-05-11 07:00:00+00:00,23.03,72.58,38.6,35,1.58,622.6,era5
2024-05-11 08:00:00+00:00,23.03,72.58,39.3,31,0.86,541.0,era5
2024-05-11 09:00:00+00:00,23.03,72.58,40.1,28,1.11,457.4,era5
2024-05-11 10:00:00+00:00,23.03,72.58,40.7,27,1.0,476.4,era5
2024-05-11 11:00:00+00:00,23.03,72.58,40.9,26,1.11,449.1,era5
2024-05-11 12:00:00+00:00,23.03,72.58,40.6,26,2.19,386.5,era5
2024-05-11 13:00:00+00:00,23.03,72.58,41.0,17,2.42,259.9,era5
2024-05-11 14:00:00+00:00,23.03,72.58,37.8,21,1.72,31.6,era5
2024-05-11 15:00:00+00:00,23.03,72.58,35.7,23,2.11,0.0,era5
2024-05-11 16:00:00+00:00,23.03,72.58,34.6,21,1.92,0.0,era5
2024-05-11 17:00:00+00:00,23.03,72.58,34.2,22,2.78,0.0,era5
2024-05-11 18:00:00+00:00,23.03,72.58,33.7,33,3.56,0.0,era5
2024-05-11 19:00:00+00:00,23.03,72.58,32.7,45,4.81,0.0,era5
2024-05-11 20:00:00+00:00,23.03,72.58,31.3,54,5.0,0.0,era5
2024-05-11 21:00:00+00:00,23.03,72.58,30.6,57,5.06,0.0,era5
2024-05-11 22:00:00+00:00,23.03,72.58,30.1,58,5.03,0.0,era5
2024-05-11 23:00:00+00:00,23.03,72.58,29.6,59,4.75,0.0,era5
2024-05-12 00:00:00+00:00,23.03,72.58,29.1,63,4.11,0.0,era5
2024-05-12 01:00:00+00:00,23.03,72.58,30.3,64,3.94,13.8,era5
2024-05-12 02:00:00+00:00,23.03,72.58,31.3,62,3.78,229.4,era5
2024-05-12 03:00:00+00:00,23.03,72.58,32.9,57,3.81,443.7,era5
2024-05-12 04:00:00+00:00,23.03,72.58,35.0,48,3.0,581.2,era5
2024-05-12 05:00:00+00:00,23.03,72.58,37.0,41,2.39,660.0,era5
2024-05-12 06:00:00+00:00,23.03,72.58,38.8,34,2.17,707.4,era5
2024-05-12 07:00:00+00:00,23.03,72.58,39.7,30,1.42,593.9,era5
2024-05-12 08:00:00+00:00,23.03,72.58,40.5,26,1.64,512.5,era5
2024-05-12 09:00:00+00:00,23.03,72.58,41.1,24,1.36,466.8,era5
2024-05-12 10:00:00+00:00,23.03,72.58,41.7,23,1.92,497.8,era5
2024-05-12 11:00:00+00:00,23.03,72.58,38.3,30,5.53,473.9,era5
2024-05-12 12:00:00+00:00,23.03,72.58,36.9,31,3.14,234.7,era5
2024-05-12 13:00:00+00:00,23.03,72.58,39.2,20,3.31,84.9,era5
2024-05-12 14:00:00+00:00,23.03,72.58,36.5,26,2.19,31.4,era5
2024-05-12 15:00:00+00:00,23.03,72.58,35.5,26,3.11,0.0,era5
2024-05-12 16:00:00+00:00,23.03,72.58,34.9,30,2.42,0.0,era5
2024-05-12 17:00:00+00:00,23.03,72.58,33.7,30,2.58,0.0,era5
2024-05-12 18:00:00+00:00,23.03,72.58,32.8,34,3.47,0.0,era5
2024-05-12 19:00:00+00:00,23.03,72.58,32.8,33,3.94,0.0,era5
2024-05-12 20:00:00+00:00,23.03,72.58,31.8,44,4.94,0.0,era5
2024-05-12 21:00:00+00:00,23.03,72.58,30.6,53,4.53,0.0,era5
2024-05-12 22:00:00+00:00,23.03,72.58,30.1,53,4.31,0.0,era5
2024-05-12 23:00:00+00:00,23.03,72.58,29.6,54,3.86,0.0,era5
2024-05-13 00:00:00+00:00,23.03,72.58,29.2,54,3.53,0.0,era5
2024-05-13 01:00:00+00:00,23.03,72.58,30.3,57,3.56,13.6,era5
2024-05-13 02:00:00+00:00,23.03,72.58,31.5,56,3.03,227.8,era5
2024-05-13 03:00:00+00:00,23.03,72.58,33.5,50,2.97,444.8,era5
2024-05-13 04:00:00+00:00,23.03,72.58,36.0,42,2.61,577.2,era5
2024-05-13 05:00:00+00:00,23.03,72.58,38.0,36,2.5,595.8,era5
2024-05-13 06:00:00+00:00,23.03,72.58,39.5,25,0.92,573.3,era5
2024-05-13 07:00:00+00:00,23.03,72.58,36.9,34,7.89,295.8,era5
2024-05-13 08:00:00+00:00,23.03,72.58,33.2,46,3.44,32.3,era5
2024-05-13 09:00:00+00:00,23.03,72.58,37.0,36,3.56,319.2,era5
2024-05-13 10:00:00+00:00,23.03,72.58,38.2,31,1.19,390.0,era5
2024-05-13 11:00:00+00:00,23.03,72.58,36.3,36,5.72,229.2,era5
2024-05-13 12:00:00+00:00,23.03,72.58,35.2,39,3.69,52.3,era5
2024-05-13 13:00:00+00:00,23.03,72.58,35.8,32,3.39,11.5,era5
2024-05-13 14:00:00+00:00,23.03,72.58,34.7,33,2.72,0.0,era5
2024-05-13 15:00:00+00:00,23.03,72.58,33.7,39,2.39,0.0,era5
2024-05-13 16:00:00+00:00,23.03,72.58,32.8,43,2.14,0.0,era5
2024-05-13 17:00:00+00:00,23.03,72.58,32.3,45,1.83,0.0,era5
2024-05-13 18:00:00+00:00,23.03,72.58,32.0,46,3.08,0.0,era5
2024-05-13 19:00:00+00:00,23.03,72.58,31.7,46,1.92,0.0,era5
2024-05-13 20:00:00+00:00,23.03,72.58,30.5,49,2.0,0.0,era5
2024-05-13 21:00:00+00:00,23.03,72.58,30.7,49,1.19,0.0,era5
2024-05-13 22:00:00+00:00,23.03,72.58,29.8,52,2.22,0.0,era5
2024-05-13 23:00:00+00:00,23.03,72.58,28.9,54,1.44,0.0,era5
2024-05-14 00:00:00+00:00,23.03,72.58,28.9,55,2.28,0.0,era5
2024-05-14 01:00:00+00:00,23.03,72.58,27.5,62,1.25,0.0,era5
2024-05-14 02:00:00+00:00,23.03,72.58,29.0,56,1.72,143.2,era5
2024-05-14 03:00:00+00:00,23.03,72.58,31.1,49,1.19,315.6,era5
2024-05-14 04:00:00+00:00,23.03,72.58,33.4,41,0.28,485.4,era5
2024-05-14 05:00:00+00:00,23.03,72.58,35.9,32,1.33,605.4,era5
2024-05-14 06:00:00+00:00,23.03,72.58,38.0,26,1.19,670.9,era5
2024-05-14 07:00:00+00:00,23.03,72.58,40.0,22,1.67,716.4,era5
2024-05-14 08:00:00+00:00,23.03,72.58,37.5,27,2.78,731.3,era5
2024-05-14 09:00:00+00:00,23.03,72.58,38.7,23,2.03,318.0,era5
2024-05-14 10:00:00+00:00,23.03,72.58,37.5,26,3.19,544.2,era5
2024-05-14 11:00:00+00:00,23.03,72.58,37.3,26,1.03,295.9,era5
2024-05-14 12:00:00+00:00,23.03,72.58,37.5,25,0.31,342.2,era5
2024-05-14 13:00:00+00:00,23.03,72.58,38.0,18,2.92,290.3,era5
2024-05-14 14:00:00+00:00,23.03,72.58,35.8,20,3.81,41.2,era5
2024-05-14 15:00:00+00:00,23.03,72.58,35.1,20,2.92,0.0,era5
2024-05-14 16:00:00+00:00,23.03,72.58,34.2,22,4.39,0.0,era5
2024-05-14 17:00:00+00:00,23.03,72.58,34.1,22,3.28,0.0,era5
2024-05-14 18:00:00+00:00,23.03,72.58,31.0,28,3.14,0.0,era5
2024-05-14 19:00:00+00:00,23.03,72.58,33.2,25,2.14,0.0,era5
2024-05-14 20:00:00+00:00,23.03,72.58,32.9,26,1.19,0.0,era5
2024-05-14 21:00:00+00:00,23.03,72.58,29.4,33,1.58,0.0,era5
2024-05-14 22:00:00+00:00,23.03,72.58,28.9,37,2.28,0.0,era5
2024-05-14 23:00:00+00:00,23.03,72.58,27.7,39,2.25,0.0,era5
2024-05-15 00:00:00+00:00,23.03,72.58,27.4,41,1.75,0.0,era5
2024-05-15 01:00:00+00:00,23.03,72.58,29.4,40,1.0,13.4,era5
2024-05-15 02:00:00+00:00,23.03,72.58,31.4,35,0.31,174.4,era5
2024-05-15 03:00:00+00:00,23.03,72.58,34.3,30,2.11,390.2,era5
2024-05-15 04:00:00+00:00,23.03,72.58,36.8,26,1.72,483.2,era5
2024-05-15 05:00:00+00:00,23.03,72.58,39.2,22,2.69,652.3,era5
2024-05-15 06:00:00+00:00,23.03,72.58,40.8,19,2.31,745.6,era5
2024-05-15 07:00:00+00:00,23.03,72.58,40.4,19,5.25,735.5,era5
2024-05-15 08:00:00+00:00,23.03,72.58,40.7,17,3.75,444.3,era5
2024-05-15 09:00:00+00:00,23.03,72.58,41.0,17,4.81,572.9,era5
2024-05-15 10:00:00+00:00,23.03,72.58,40.8,18,4.92,523.3,era5
2024-05-15 11:00:00+00:00,23.03,72.58,40.8,17,3.72,467.8,era5
2024-05-15 12:00:00+00:00,23.03,72.58,40.7,17,2.22,378.9,era5
2024-05-15 13:00:00+00:00,23.03,72.58,39.5,18,1.14,258.4,era5
2024-05-15 14:00:00+00:00,23.03,72.58,38.4,17,0.53,30.7,era5
2024-05-15 15:00:00+00:00,23.03,72.58,34.2,25,2.39,0.0,era5
2024-05-15 16:00:00+00:00,23.03,72.58,34.2,25,1.11,0.0,era5
2024-05-15 17:00:00+00:00,23.03,72.58,32.6,30,2.72,0.0,era5
2024-05-15 18:00:00+00:00,23.03,72.58,31.1,35,1.97,0.0,era5
2024-05-15 19:00:00+00:00,23.03,72.58,30.7,37,2.11,0.0,era5
2024-05-15 20:00:00+00:00,23.03,72.58,30.6,37,2.33,0.0,era5
2024-05-15 21:00:00+00:00,23.03,72.58,30.5,37,3.36,0.0,era5
2024-05-15 22:00:00+00:00,23.03,72.58,30.4,37,3.47,0.0,era5
2024-05-15 23:00:00+00:00,23.03,72.58,30.0,37,3.33,0.0,era5
2024-05-16 00:00:00+00:00,23.03,72.58,29.4,39,2.78,0.0,era5
2024-05-16 01:00:00+00:00,23.03,72.58,30.2,48,3.94,13.3,era5
2024-05-16 02:00:00+00:00,23.03,72.58,31.4,47,2.78,196.2,era5
2024-05-16 03:00:00+00:00,23.03,72.58,33.8,42,2.83,373.4,era5
2024-05-16 04:00:00+00:00,23.03,72.58,36.6,34,2.33,579.9,era5
2024-05-16 05:00:00+00:00,23.03,72.58,38.7,28,2.83,663.2,era5
2024-05-16 06:00:00+00:00,23.03,72.58,40.7,22,3.47,711.6,era5
2024-05-16 07:00:00+00:00,23.03,72.58,41.8,19,2.72,727.2,era5
2024-05-16 08:00:00+00:00,23.03,72.58,42.7,17,2.72,615.8,era5
2024-05-16 09:00:00+00:00,23.03,72.58,41.9,17,2.86,473.5,era5
2024-05-16 10:00:00+00:00,23.03,72.58,41.9,17,1.0,472.4,era5
2024-05-16 11:00:00+00:00,23.03,72.58,42.5,17,1.94,477.6,era5
2024-05-16 12:00:00+00:00,23.03,72.58,41.3,18,1.69,301.2,era5
2024-05-16 13:00:00+00:00,23.03,72.58,40.4,14,4.58,294.8,era5
2024-05-16 14:00:00+00:00,23.03,72.58,37.8,18,4.17,40.6,era5
2024-05-16 15:00:00+00:00,23.03,72.58,36.1,22,3.5,0.0,era5
2024-05-16 16:00:00+00:00,23.03,72.58,35.0,23,4.31,0.0,era5
2024-05-16 17:00:00+00:00,23.03,72.58,34.2,29,3.44,0.0,era5
2024-05-16 18:00:00+00:00,23.03,72.58,32.9,33,3.69,0.0,era5
2024-05-16 19:00:00+00:00,23.03,72.58,32.5,35,4.22,0.0,era5
2024-05-16 20:00:00+00:00,23.03,72.58,32.3,35,4.31,0.0,era5
2024-05-16 21:00:00+00:00,23.03,72.58,31.9,36,4.33,0.0,era5
2024-05-16 22:00:00+00:00,23.03,72.58,31.5,37,4.53,0.0,era5
2024-05-16 23:00:00+00:00,23.03,72.58,31.3,38,3.92,0.0,era5
2024-05-17 00:00:00+00:00,23.03,72.58,30.8,40,3.56,0.0,era5
2024-05-17 01:00:00+00:00,23.03,72.58,31.6,39,1.56,13.1,era5
2024-05-17 02:00:00+00:00,23.03,72.58,33.2,36,3.0,186.1,era5
2024-05-17 03:00:00+00:00,23.03,72.58,35.3,32,4.67,356.7,era5
2024-05-17 04:00:00+00:00,23.03,72.58,37.8,28,2.61,566.8,era5
2024-05-17 05:00:00+00:00,23.03,72.58,40.2,23,3.19,665.3,era5
2024-05-17 06:00:00+00:00,23.03,72.58,42.4,18,4.5,712.5,era5
2024-05-17 07:00:00+00:00,23.03,72.58,43.6,15,4.39,717.8,era5
2024-05-17 08:00:00+00:00,23.03,72.58,44.3,14,3.78,623.7,era5
2024-05-17 09:00:00+00:00,23.03,72.58,45.0,13,3.69,651.3,era5
2024-05-17 10:00:00+00:00,23.03,72.58,45.0,12,3.56,596.1,era5
2024-05-17 11:00:00+00:00,23.03,72.58,44.8,11,2.5,514.1,era5
2024-05-17 12:00:00+00:00,23.03,72.58,44.1,12,2.44,398.0,era5
2024-05-17 13:00:00+00:00,23.03,72.58,41.1,11,5.64,312.0,era5
2024-05-17 14:00:00+00:00,23.03,72.58,38.5,12,4.17,50.4,era5
2024-05-17 15:00:00+00:00,23.03,72.58,36.6,14,2.58,0.0,era5
2024-05-17 16:00:00+00:00,23.03,72.58,34.2,17,2.61,0.0,era5
2024-05-17 17:00:00+00:00,23.03,72.58,33.2,20,2.86,0.0,era5
2024-05-17 18:00:00+00:00,23.03,72.58,31.7,28,2.0,0.0,era5
2024-05-17 19:00:00+00:00,23.03,72.58,31.1,37,3.33,0.0,era5
2024-05-17 20:00:00+00:00,23.03,72.58,29.9,54,2.17,0.0,era5
2024-05-17 21:00:00+00:00,23.03,72.58,29.3,59,1.97,0.0,era5
2024-05-17 22:00:00+00:00,23.03,72.58,29.5,45,2.06,0.0,era5
2024-05-17 23:00:00+00:00,23.03,72.58,29.7,44,2.47,0.0,era5
2024-05-18 00:00:00+00:00,23.03,72.58,29.5,49,2.64,0.0,era5
2024-05-18 01:00:00+00:00,23.03,72.58,30.3,58,2.72,13.0,era5
2024-05-18 02:00:00+00:00,23.03,72.58,32.0,54,2.39,234.8,era5
2024-05-18 03:00:00+00:00,23.03,72.58,34.7,46,2.42,451.3,era5
2024-05-18 04:00:00+00:00,23.03,72.58,37.5,34,2.83,588.1,era5
2024-05-18 05:00:00+00:00,23.03,72.58,40.1,26,3.5,670.0,era5
2024-05-18 06:00:00+00:00,23.03,72.58,42.5,19,4.19,717.7,era5
2024-05-18 07:00:00+00:00,23.03,72.58,44.1,15,4.31,742.0,era5
2024-05-18 08:00:00+00:00,23.03,72.58,45.0,13,3.89,675.0,era5
2024-05-18 09:00:00+00:00,23.03,72.58,45.4,12,3.5,653.2,era5
2024-05-18 10:00:00+00:00,23.03,72.58,44.9,12,3.36,516.3,era5
2024-05-18 11:00:00+00:00,23.03,72.58,44.4,12,3.44,522.4,era5
2024-05-18 12:00:00+00:00,23.03,72.58,43.8,12,2.89,413.6,era5
2024-05-18 13:00:00+00:00,23.03,72.58,41.6,13,3.31,291.7,era5
2024-05-18 14:00:00+00:00,23.03,72.58,38.9,16,3.5,40.0,era5
2024-05-18 15:00:00+00:00,23.03,72.58,37.5,18,3.19,0.0,era5
2024-05-18 16:00:00+00:00,23.03,72.58,36.5,19,3.0,0.0,era5
2024-05-18 17:00:00+00:00,23.03,72.58,35.3,21,2.58,0.0,era5
2024-05-18 18:00:00+00:00,23.03,72.58,34.4,23,3.06,0.0,era5
2024-05-18 19:00:00+00:00,23.03,72.58,34.1,24,3.89,0.0,era5
2024-05-18 20:00:00+00:00,23.03,72.58,33.4,29,4.31,0.0,era5
2024-05-18 21:00:00+00:00,23.03,72.58,32.7,34,3.81,0.0,era5
2024-05-18 22:00:00+00:00,23.03,72.58,32.9,29,4.33,0.0,era5
2024-05-18 23:00:00+00:00,23.03,72.58,32.7,23,3.97,0.0,era5
2024-05-19 00:00:00+00:00,23.03,72.58,31.5,24,2.97,0.0,era5
2024-05-19 01:00:00+00:00,23.03,72.58,32.4,25,3.47,12.9,era5
2024-05-19 02:00:00+00:00,23.03,72.58,34.1,23,3.47,184.2,era5
2024-05-19 03:00:00+00:00,23.03,72.58,36.6,20,3.42,430.1,era5
2024-05-19 04:00:00+00:00,23.03,72.58,38.9,17,4.0,461.0,era5
2024-05-19 05:00:00+00:00,23.03,72.58,41.2,15,4.78,562.6,era5
2024-05-19 06:00:00+00:00,23.03,72.58,42.8,13,5.33,636.1,era5
2024-05-19 07:00:00+00:00,23.03,72.58,43.9,12,5.64,700.3,era5
2024-05-19 08:00:00+00:00,23.03,72.58,44.8,11,5.53,752.5,era5
2024-05-19 09:00:00+00:00,23.03,72.58,45.2,11,5.19,736.0,era5
2024-05-19 10:00:00+00:00,23.03,72.58,45.5,11,4.56,695.1,era5
2024-05-19 11:00:00+00:00,23.03,72.58,45.1,11,4.14,623.7,era5
2024-05-19 12:00:00+00:00,23.03,72.58,44.5,11,3.86,499.3,era5
2024-05-19 13:00:00+00:00,23.03,72.58,42.7,12,3.0,301.4,era5
2024-05-19 14:00:00+00:00,23.03,72.58,39.7,15,3.69,49.7,era5
2024-05-19 15:00:00+00:00,23.03,72.58,38.9,16,4.72,0.0,era5
2024-05-19 16:00:00+00:00,23.03,72.58,38.4,18,4.58,0.0,era5
2024-05-19 17:00:00+00:00,23.03,72.58,37.8,19,5.17,0.0,era5
2024-05-19 18:00:00+00:00,23.03,72.58,36.2,23,4.67,0.0,era5
2024-05-19 19:00:00+00:00,23.03,72.58,35.0,29,4.5,0.0,era5
2024-05-19 20:00:00+00:00,23.03,72.58,34.7,27,4.39,0.0,era5
2024-05-19 21:00:00+00:00,23.03,72.58,34.0,27,4.03,0.0,era5
2024-05-19 22:00:00+00:00,23.03,72.58,33.2,28,4.11,0.0,era5
2024-05-19 23:00:00+00:00,23.03,72.58,32.5,31,4.33,0.0,era5
2024-05-20 00:00:00+00:00,23.03,72.58,31.8,35,4.36,0.0,era5
2024-05-20 01:00:00+00:00,23.03,72.58,31.4,39,4.11,12.9,era5
2024-05-20 02:00:00+00:00,23.03,72.58,32.5,43,4.28,165.5,era5
2024-05-20 03:00:00+00:00,23.03,72.58,34.0,43,4.58,361.6,era5
2024-05-20 04:00:00+00:00,23.03,72.58,36.3,37,4.94,491.9,era5
2024-05-20 05:00:00+00:00,23.03,72.58,38.8,29,4.78,617.1,era5
2024-05-20 06:00:00+00:00,23.03,72.58,41.1,21,4.75,680.5,era5
2024-05-20 07:00:00+00:00,23.03,72.58,42.5,17,5.03,694.1,era5
2024-05-20 08:00:00+00:00,23.03,72.58,43.8,14,5.22,744.3,era5
2024-05-20 09:00:00+00:00,23.03,72.58,44.6,12,5.31,737.8,era5
2024-05-20 10:00:00+00:00,23.03,72.58,44.7,11,5.25,701.9,era5
2024-05-20 11:00:00+00:00,23.03,72.58,44.4,11,5.17,624.4,era5
2024-05-20 12:00:00+00:00,23.03,72.58,43.6,12,5.11,506.4,era5
2024-05-20 13:00:00+00:00,23.03,72.58,42.2,13,5.39,277.6,era5
2024-05-20 14:00:00+00:00,23.03,72.58,40.0,15,4.56,49.3,era5
2024-05-20 15:00:00+00:00,23.03,72.58,38.6,18,4.39,0.0,era5
2024-05-20 16:00:00+00:00,23.03,72.58,37.5,25,3.33,0.0,era5
2024-05-20 17:00:00+00:00,23.03,72.58,35.7,28,2.33,0.0,era5
2024-05-20 18:00:00+00:00,23.03,72.58,35.4,29,3.78,0.0,era5
2024-05-20 19:00:00+00:00,23.03,72.58,34.9,34,4.31,0.0,era5
2024-05-20 20:00:00+00:00,23.03,72.58,33.8,41,4.39,0.0,era5
2024-05-20 21:00:00+00:00,23.03,72.58,33.1,45,4.58,0.0,era5
2024-05-20 22:00:00+00:00,23.03,72.58,32.5,45,4.11,0.0,era5
2024-05-20 23:00:00+00:00,23.03,72.58,31.7,44,3.44,0.0,era5
2024-05-21 00:00:00+00:00,23.03,72.58,30.8,46,3.28,0.0,era5
2024-05-21 01:00:00+00:00,23.03,72.58,31.0,51,2.94,12.8,era5
2024-05-21 02:00:00+00:00,23.03,72.58,32.3,49,4.11,218.3,era5
2024-05-21 03:00:00+00:00,23.03,72.58,33.9,44,3.17,358.8,era5
2024-05-21 04:00:00+00:00,23.03,72.58,36.1,37,2.5,494.7,era5
2024-05-21 05:00:00+00:00,23.03,72.58,38.4,29,3.14,602.0,era5
2024-05-21 06:00:00+00:00,23.03,72.58,40.3,24,3.11,608.7,era5
2024-05-21 07:00:00+00:00,23.03,72.58,42.0,20,3.11,613.8,era5
2024-05-21 08:00:00+00:00,23.03,72.58,43.7,16,3.81,698.7,era5
2024-05-21 09:00:00+00:00,23.03,72.58,44.6,14,4.44,730.1,era5
2024-05-21 10:00:00+00:00,23.03,72.58,45.2,13,4.22,690.6,era5
2024-05-21 11:00:00+00:00,23.03,72.58,45.1,12,4.53,623.7,era5
2024-05-21 12:00:00+00:00,23.03,72.58,44.5,12,4.25,495.0,era5
2024-05-21 13:00:00+00:00,23.03,72.58,42.1,13,2.92,279.8,era5
2024-05-21 14:00:00+00:00,23.03,72.58,40.6,15,0.69,48.9,era5
2024-05-21 15:00:00+00:00,23.03,72.58,37.8,19,1.33,0.0,era5
2024-05-21 16:00:00+00:00,23.03,72.58,36.4,20,1.69,0.0,era5
2024-05-21 17:00:00+00:00,23.03,72.58,34.9,22,1.86,0.0,era5
2024-05-21 18:00:00+00:00,23.03,72.58,34.7,29,3.5,0.0,era5
2024-05-21 19:00:00+00:00,23.03,72.58,34.1,39,3.72,0.0,era5
2024-05-21 20:00:00+00:00,23.03,72.58,33.3,45,3.86,0.0,era5
2024-05-21 21:00:00+00:00,23.03,72.58,32.7,50,4.47,0.0,era5
2024-05-21 22:00:00+00:00,23.03,72.58,31.9,56,4.92,0.0,era5
2024-05-21 23:00:00+00:00,23.03,72.58,31.1,61,4.97,0.0,era5
2024-05-22 00:00:00+00:00,23.03,72.58,30.4,64,3.89,0.0,era5
2024-05-22 01:00:00+00:00,23.03,72.58,31.2,63,4.39,12.7,era5
2024-05-22 02:00:00+00:00,23.03,72.58,32.4,59,3.64,226.3,era5
2024-05-22 03:00:00+00:00,23.03,72.58,34.3,52,1.5,441.7,era5
2024-05-22 04:00:00+00:00,23.03,72.58,36.5,44,1.61,575.5,era5
2024-05-22 05:00:00+00:00,23.03,72.58,38.8,36,1.94,650.3,era5
2024-05-22 06:00:00+00:00,23.03,72.58,41.2,29,2.53,712.8,era5
2024-05-22 07:00:00+00:00,23.03,72.58,43.2,23,2.89,736.5,era5
2024-05-22 08:00:00+00:00,23.03,72.58,44.7,18,3.11,736.9,era5
2024-05-22 09:00:00+00:00,23.03,72.58,45.4,14,3.31,552.2,era5
2024-05-22 10:00:00+00:00,23.03,72.58,45.9,13,3.5,530.5,era5
2024-05-22 11:00:00+00:00,23.03,72.58,45.8,12,3.75,515.5,era5
2024-05-22 12:00:00+00:00,23.03,72.58,45.3,12,4.11,467.3,era5
2024-05-22 13:00:00+00:00,23.03,72.58,43.8,13,1.5,285.7,era5
2024-05-22 14:00:00+00:00,23.03,72.58,39.3,17,2.44,48.6,era5
2024-05-22 15:00:00+00:00,23.03,72.58,38.0,18,2.47,0.0,era5
2024-05-22 16:00:00+00:00,23.03,72.58,40.6,14,2.14,0.0,era5
2024-05-22 17:00:00+00:00,23.03,72.58,36.7,20,3.81,0.0,era5
2024-05-22 18:00:00+00:00,23.03,72.58,35.6,25,3.58,0.0,era5
2024-05-22 19:00:00+00:00,23.03,72.58,34.8,26,3.11,0.0,era5
2024-05-22 20:00:00+00:00,23.03,72.58,33.8,32,4.03,0.0,era5
2024-05-22 21:00:00+00:00,23.03,72.58,32.8,41,4.61,0.0,era5
2024-05-22 22:00:00+00:00,23.03,72.58,32.2,48,5.28,0.0,era5
2024-05-22 23:00:00+00:00,23.03,72.58,31.6,50,4.97,0.0,era5
2024-05-23 00:00:00+00:00,23.03,72.58,31.4,48,4.78,0.0,era5
2024-05-23 01:00:00+00:00,23.03,72.58,31.0,55,4.25,12.6,era5
2024-05-23 02:00:00+00:00,23.03,72.58,32.5,51,4.11,247.6,era5
2024-05-23 03:00:00+00:00,23.03,72.58,34.6,44,3.64,461.4,era5
2024-05-23 04:00:00+00:00,23.03,72.58,37.2,37,4.31,595.5,era5
2024-05-23 05:00:00+00:00,23.03,72.58,40.2,27,4.83,676.3,era5
2024-05-23 06:00:00+00:00,23.03,72.58,42.7,20,5.44,721.4,era5
2024-05-23 07:00:00+00:00,23.03,72.58,44.5,15,5.94,745.5,era5
2024-05-23 08:00:00+00:00,23.03,72.58,45.7,12,6.06,750.9,era5
2024-05-23 09:00:00+00:00,23.03,72.58,46.2,12,6.0,737.0,era5
2024-05-23 10:00:00+00:00,23.03,72.58,46.4,11,5.44,701.7,era5
2024-05-23 11:00:00+00:00,23.03,72.58,46.5,10,4.92,632.5,era5
2024-05-23 12:00:00+00:00,23.03,72.58,45.8,10,4.75,509.2,era5
2024-05-23 13:00:00+00:00,23.03,72.58,44.5,10,4.11,291.6,era5
2024-05-23 14:00:00+00:00,23.03,72.58,41.3,13,3.44,48.3,era5
2024-05-23 15:00:00+00:00,23.03,72.58,40.0,14,4.0,0.0,era5
2024-05-23 16:00:00+00:00,23.03,72.58,38.6,16,3.64,0.0,era5
2024-05-23 17:00:00+00:00,23.03,72.58,37.5,23,5.17,0.0,era5
2024-05-23 18:00:00+00:00,23.03,72.58,36.0,28,5.03,0.0,era5
2024-05-23 19:00:00+00:00,23.03,72.58,34.9,31,4.22,0.0,era5
2024-05-23 20:00:00+00:00,23.03,72.58,34.1,35,4.42,0.0,era5
2024-05-23 21:00:00+00:00,23.03,72.58,33.2,40,4.89,0.0,era5
2024-05-23 22:00:00+00:00,23.03,72.58,32.5,42,5.31,0.0,era5
2024-05-23 23:00:00+00:00,23.03,72.58,31.8,42,4.94,0.0,era5
2024-05-24 00:00:00+00:00,23.03,72.58,31.0,44,3.89,0.0,era5
2024-05-24 01:00:00+00:00,23.03,72.58,30.4,55,3.78,12.6,era5
2024-05-24 02:00:00+00:00,23.03,72.58,31.1,59,4.67,242.4,era5
2024-05-24 03:00:00+00:00,23.03,72.58,33.0,55,4.61,456.4,era5
2024-05-24 04:00:00+00:00,23.03,72.58,35.6,45,4.69,590.5,era5
2024-05-24 05:00:00+00:00,23.03,72.58,38.3,36,4.89,668.7,era5
2024-05-24 06:00:00+00:00,23.03,72.58,40.9,28,5.5,713.7,era5
2024-05-24 07:00:00+00:00,23.03,72.58,43.1,21,5.61,738.4,era5
2024-05-24 08:00:00+00:00,23.03,72.58,44.5,17,5.58,741.7,era5
2024-05-24 09:00:00+00:00,23.03,72.58,45.4,15,5.56,726.1,era5
2024-05-24 10:00:00+00:00,23.03,72.58,45.8,14,5.06,688.0,era5
2024-05-24 11:00:00+00:00,23.03,72.58,45.7,13,4.56,617.1,era5
2024-05-24 12:00:00+00:00,23.03,72.58,45.1,13,4.33,489.7,era5
2024-05-24 13:00:00+00:00,23.03,72.58,43.7,13,3.25,297.4,era5
2024-05-24 14:00:00+00:00,23.03,72.58,41.2,15,3.42,47.9,era5
2024-05-24 15:00:00+00:00,23.03,72.58,39.3,20,3.75,0.0,era5
2024-05-24 16:00:00+00:00,23.03,72.58,38.4,26,3.78,0.0,era5
2024-05-24 17:00:00+00:00,23.03,72.58,37.4,31,5.19,0.0,era5
2024-05-24 18:00:00+00:00,23.03,72.58,35.8,30,5.03,0.0,era5
2024-05-24 19:00:00+00:00,23.03,72.58,34.1,28,5.31,0.0,era5
2024-05-24 20:00:00+00:00,23.03,72.58,32.7,36,5.19,0.0,era5
2024-05-24 21:00:00+00:00,23.03,72.58,31.5,47,5.11,0.0,era5
2024-05-24 22:00:00+00:00,23.03,72.58,30.4,58,4.08,0.0,era5
2024-05-24 23:00:00+00:00,23.03,72.58,29.6,67,4.22,0.0,era5
2024-05-25 00:00:00+00:00,23.03,72.58,29.2,70,3.83,0.0,era5
2024-05-25 01:00:00+00:00,23.03,72.58,30.0,69,1.03,12.5,era5
2024-05-25 02:00:00+00:00,23.03,72.58,31.0,65,2.19,237.3,era5
2024-05-25 03:00:00+00:00,23.03,72.58,32.6,58,3.64,451.5,era5
2024-05-25 04:00:00+00:00,23.03,72.58,34.8,50,4.14,582.5,era5
2024-05-25 05:00:00+00:00,23.03,72.58,36.9,43,4.11,659.9,era5
2024-05-25 06:00:00+00:00,23.03,72.58,39.3,34,5.03,702.8,era5
2024-05-25 07:00:00+00:00,23.03,72.58,41.5,28,5.67,726.1,era5
2024-05-25 08:00:00+00:00,23.03,72.58,43.1,23,5.61,731.5,era5
2024-05-25 09:00:00+00:00,23.03,72.58,44.2,19,5.25,718.4,era5
2024-05-25 10:00:00+00:00,23.03,72.58,44.6,18,3.94,690.0,era5
2024-05-25 11:00:00+00:00,23.03,72.58,44.4,18,3.28,554.7,era5
2024-05-25 12:00:00+00:00,23.03,72.58,43.9,18,3.56,429.6,era5
2024-05-25 13:00:00+00:00,23.03,72.58,41.7,21,3.64,299.6,era5
2024-05-25 14:00:00+00:00,23.03,72.58,39.2,24,1.72,47.6,era5
2024-05-25 15:00:00+00:00,23.03,72.58,38.6,27,3.56,0.0,era5
2024-05-25 16:00:00+00:00,23.03,72.58,34.0,57,4.44,0.0,era5
2024-05-25 17:00:00+00:00,23.03,72.58,33.3,61,4.25,0.0,era5
2024-05-25 18:00:00+00:00,23.03,72.58,32.6,64,3.61,0.0,era5
2024-05-25 19:00:00+00:00,23.03,72.58,32.0,70,3.36,0.0,era5
2024-05-25 20:00:00+00:00,23.03,72.58,32.1,71,2.94,0.0,era5
2024-05-25 21:00:00+00:00,23.03,72.58,32.6,55,2.33,0.0,era5
2024-05-25 22:00:00+00:00,23.03,72.58,32.4,46,2.56,0.0,era5
2024-05-25 23:00:00+00:00,23.03,72.58,31.6,47,1.28,0.0,era5
2024-05-26 00:00:00+00:00,23.03,72.58,31.0,51,2.39,0.0,era5
2024-05-26 01:00:00+00:00,23.03,72.58,30.9,60,2.92,12.4,era5
2024-05-26 02:00:00+00:00,23.03,72.58,31.0,67,3.5,179.6,era5
2024-05-26 03:00:00+00:00,23.03,72.58,32.3,63,4.11,370.3,era5
2024-05-26 04:00:00+00:00,23.03,72.58,34.4,52,4.42,559.0,era5
2024-05-26 05:00:00+00:00,23.03,72.58,36.6,44,4.81,657.4,era5
2024-05-26 06:00:00+00:00,23.03,72.58,38.6,38,4.81,702.8,era5
2024-05-26 07:00:00+00:00,23.03,72.58,40.9,32,4.81,724.1,era5
2024-05-26 08:00:00+00:00,23.03,72.58,42.7,26,5.06,726.3,era5
2024-05-26 09:00:00+00:00,23.03,72.58,43.7,22,5.56,710.8,era5
2024-05-26 10:00:00+00:00,23.03,72.58,43.9,22,5.14,674.0,era5
2024-05-26 11:00:00+00:00,23.03,72.58,43.9,22,4.39,605.4,era5
2024-05-26 12:00:00+00:00,23.03,72.58,43.6,21,3.0,457.1,era5
2024-05-26 13:00:00+00:00,23.03,72.58,41.2,23,4.22,294.5,era5
2024-05-26 14:00:00+00:00,23.03,72.58,39.9,25,3.28,47.3,era5
2024-05-26 15:00:00+00:00,23.03,72.58,38.6,30,3.19,0.0,era5
2024-05-26 16:00:00+00:00,23.03,72.58,35.6,46,4.31,0.0,era5
2024-05-26 17:00:00+00:00,23.03,72.58,35.1,47,4.56,0.0,era5
2024-05-26 18:00:00+00:00,23.03,72.58,34.9,43,5.22,0.0,era5
2024-05-26 19:00:00+00:00,23.03,72.58,33.4,46,4.06,0.0,era5
2024-05-26 20:00:00+00:00,23.03,72.58,32.2,51,4.03,0.0,era5
2024-05-26 21:00:00+00:00,23.03,72.58,31.4,53,3.78,0.0,era5
2024-05-26 22:00:00+00:00,23.03,72.58,30.7,58,2.89,0.0,era5
2024-05-26 23:00:00+00:00,23.03,72.58,30.0,66,2.72,0.0,era5
2024-05-27 00:00:00+00:00,23.03,72.58,29.4,72,3.11,0.0,era5
2024-05-27 01:00:00+00:00,23.03,72.58,29.8,74,3.47,12.4,era5
2024-05-27 02:00:00+00:00,23.03,72.58,30.5,70,4.78,205.4,era5
2024-05-27 03:00:00+00:00,23.03,72.58,32.1,61,5.17,432.8,era5
2024-05-27 04:00:00+00:00,23.03,72.58,34.1,52,5.31,554.2,era5
2024-05-27 05:00:00+00:00,23.03,72.58,36.3,46,5.11,628.8,era5
2024-05-27 06:00:00+00:00,23.03,72.58,39.0,36,4.67,700.6,era5
2024-05-27 07:00:00+00:00,23.03,72.58,41.2,28,4.72,724.0,era5
2024-05-27 08:00:00+00:00,23.03,72.58,42.2,26,5.06,722.2,era5
2024-05-27 09:00:00+00:00,23.03,72.58,43.1,26,4.92,715.9,era5
2024-05-27 10:00:00+00:00,23.03,72.58,44.3,23,5.42,676.0,era5
2024-05-27 11:00:00+00:00,23.03,72.58,44.3,21,5.61,606.2,era5
2024-05-27 12:00:00+00:00,23.03,72.58,43.4,24,5.81,486.5,era5
2024-05-27 13:00:00+00:00,23.03,72.58,41.2,30,6.06,293.1,era5
2024-05-27 14:00:00+00:00,23.03,72.58,35.5,53,6.5,47.0,era5
2024-05-27 15:00:00+00:00,23.03,72.58,34.3,59,5.42,0.0,era5
2024-05-27 16:00:00+00:00,23.03,72.58,33.1,64,4.83,0.0,era5
2024-05-27 17:00:00+00:00,23.03,72.58,33.4,59,3.81,0.0,era5
2024-05-27 18:00:00+00:00,23.03,72.58,34.1,39,4.0,0.0,era5
2024-05-27 19:00:00+00:00,23.03,72.58,32.9,42,3.17,0.0,era5
2024-05-27 20:00:00+00:00,23.03,72.58,32.0,48,3.53,0.0,era5
2024-05-27 21:00:00+00:00,23.03,72.58,31.1,55,4.03,0.0,era5
2024-05-27 22:00:00+00:00,23.03,72.58,30.4,60,4.17,0.0,era5
2024-05-27 23:00:00+00:00,23.03,72.58,29.7,66,4.72,0.0,era5
2024-05-28 00:00:00+00:00,23.03,72.58,29.1,72,3.78,0.0,era5
2024-05-28 01:00:00+00:00,23.03,72.58,29.5,71,4.44,12.4,era5
2024-05-28 02:00:00+00:00,23.03,72.58,30.4,68,5.75,235.5,era5
2024-05-28 03:00:00+00:00,23.03,72.58,32.1,60,6.36,398.9,era5
2024-05-28 04:00:00+00:00,23.03,72.58,33.8,54,5.92,459.1,era5
2024-05-28 05:00:00+00:00,23.03,72.58,35.9,48,5.14,633.7,era5
2024-05-28 06:00:00+00:00,23.03,72.58,38.2,41,5.14,701.7,era5
2024-05-28 07:00:00+00:00,23.03,72.58,40.3,34,5.28,726.0,era5
2024-05-28 08:00:00+00:00,23.03,72.58,42.2,28,5.67,729.2,era5
2024-05-28 09:00:00+00:00,23.03,72.58,43.0,26,6.36,712.4,era5
2024-05-28 10:00:00+00:00,23.03,72.58,43.7,24,6.39,673.2,era5
2024-05-28 11:00:00+00:00,23.03,72.58,44.2,19,7.08,602.6,era5
2024-05-28 12:00:00+00:00,23.03,72.58,43.6,17,7.47,489.6,era5
2024-05-28 13:00:00+00:00,23.03,72.58,37.2,44,7.19,288.2,era5
2024-05-28 14:00:00+00:00,23.03,72.58,34.4,53,6.5,46.7,era5
2024-05-28 15:00:00+00:00,23.03,72.58,33.1,60,5.28,0.0,era5
2024-05-28 16:00:00+00:00,23.03,72.58,32.0,66,3.53,0.0,era5
2024-05-28 17:00:00+00:00,23.03,72.58,32.3,65,2.69,0.0,era5
2024-05-28 18:00:00+00:00,23.03,72.58,33.6,42,4.53,0.0,era5
2024-05-28 19:00:00+00:00,23.03,72.58,32.6,48,3.42,0.0,era5
2024-05-28 20:00:00+00:00,23.03,72.58,31.9,56,4.06,0.0,era5
2024-05-28 21:00:00+00:00,23.03,72.58,31.2,61,4.28,0.0,era5
2024-05-28 22:00:00+00:00,23.03,72.58,30.4,64,4.89,0.0,era5
2024-05-28 23:00:00+00:00,23.03,72.58,29.6,68,4.42,0.0,era5
2024-05-29 00:00:00+00:00,23.03,72.58,29.0,72,4.19,0.0,era5
2024-05-29 01:00:00+00:00,23.03,72.58,29.9,71,4.56,24.6,era5
2024-05-29 02:00:00+00:00,23.03,72.58,31.0,67,6.44,230.7,era5
2024-05-29 03:00:00+00:00,23.03,72.58,32.5,60,6.39,291.2,era5
2024-05-29 04:00:00+00:00,23.03,72.58,34.2,53,6.03,480.9,era5
2024-05-29 05:00:00+00:00,23.03,72.58,36.0,47,5.94,615.1,era5
2024-05-29 06:00:00+00:00,23.03,72.58,37.8,41,5.94,631.3,era5
2024-05-29 07:00:00+00:00,23.03,72.58,39.4,36,6.08,692.6,era5
2024-05-29 08:00:00+00:00,23.03,72.58,40.9,32,6.25,721.0,era5
2024-05-29 09:00:00+00:00,23.03,72.58,41.7,30,6.61,706.9,era5
2024-05-29 10:00:00+00:00,23.03,72.58,42.7,26,6.22,666.8,era5
2024-05-29 11:00:00+00:00,23.03,72.58,42.9,25,6.58,597.5,era5
2024-05-29 12:00:00+00:00,23.03,72.58,41.1,30,6.0,476.4,era5
2024-05-29 13:00:00+00:00,23.03,72.58,36.7,47,6.42,269.2,era5
2024-05-29 14:00:00+00:00,23.03,72.58,33.6,57,6.42,46.4,era5
2024-05-29 15:00:00+00:00,23.03,72.58,32.7,61,5.53,0.0,era5
2024-05-29 16:00:00+00:00,23.03,72.58,31.9,65,4.19,0.0,era5
2024-05-29 17:00:00+00:00,23.03,72.58,31.3,69,2.69,0.0,era5
2024-05-29 18:00:00+00:00,23.03,72.58,31.3,69,1.58,0.0,era5
2024-05-29 19:00:00+00:00,23.03,72.58,31.7,62,3.06,0.0,era5
2024-05-29 20:00:00+00:00,23.03,72.58,31.2,60,4.83,0.0,era5
2024-05-29 21:00:00+00:00,23.03,72.58,30.1,62,4.53,0.0,era5
2024-05-29 22:00:00+00:00,23.03,72.58,29.3,65,4.25,0.0,era5
2024-05-29 23:00:00+00:00,23.03,72.58,28.8,69,3.97,0.0,era5
2024-05-30 00:00:00+00:00,23.03,72.58,28.4,72,3.56,0.0,era5
2024-05-30 01:00:00+00:00,23.03,72.58,29.7,69,3.78,12.3,era5
2024-05-30 02:00:00+00:00,23.03,72.58,30.7,65,4.11,195.6,era5
2024-05-30 03:00:00+00:00,23.03,72.58,32.1,59,3.97,391.8,era5
2024-05-30 04:00:00+00:00,23.03,72.58,33.7,52,3.56,540.0,era5
2024-05-30 05:00:00+00:00,23.03,72.58,35.5,45,3.47,654.9,era5
2024-05-30 06:00:00+00:00,23.03,72.58,37.3,39,3.39,709.4,era5
2024-05-30 07:00:00+00:00,23.03,72.58,39.1,34,3.47,733.1,era5
2024-05-30 08:00:00+00:00,23.03,72.58,40.7,30,3.97,737.0,era5
2024-05-30 09:00:00+00:00,23.03,72.58,41.8,26,4.53,721.6,era5
2024-05-30 10:00:00+00:00,23.03,72.58,42.5,24,4.53,681.9,era5
2024-05-30 11:00:00+00:00,23.03,72.58,42.3,25,4.64,611.5,era5
2024-05-30 12:00:00+00:00,23.03,72.58,40.4,33,5.22,493.6,era5
2024-05-30 13:00:00+00:00,23.03,72.58,37.0,47,6.86,289.2,era5
2024-05-30 14:00:00+00:00,23.03,72.58,33.9,54,5.81,55.3,era5
2024-05-30 15:00:00+00:00,23.03,72.58,32.5,60,4.94,0.0,era5
2024-05-30 16:00:00+00:00,23.03,72.58,31.8,64,5.11,0.0,era5
2024-05-30 17:00:00+00:00,23.03,72.58,31.1,68,3.36,0.0,era5
2024-05-30 18:00:00+00:00,23.03,72.58,31.0,69,1.03,0.0,era5
2024-05-30 19:00:00+00:00,23.03,72.58,30.8,70,1.11,0.0,era5
2024-05-30 20:00:00+00:00,23.03,72.58,30.8,70,2.19,0.0,era5
2024-05-30 21:00:00+00:00,23.03,72.58,30.9,68,2.78,0.0,era5
2024-05-30 22:00:00+00:00,23.03,72.58,30.5,63,3.86,0.0,era5
2024-05-30 23:00:00+00:00,23.03,72.58,29.8,67,2.94,0.0,era5
2024-05-31 00:00:00+00:00,23.03,72.58,29.3,70,2.83,0.0,era5
2024-05-31 01:00:00+00:00,23.03,72.58,30.4,67,3.25,12.3,era5
2024-05-31 02:00:00+00:00,23.03,72.58,31.2,65,4.17,217.0,era5
2024-05-31 03:00:00+00:00,23.03,72.58,32.5,60,4.39,398.4,era5
2024-05-31 04:00:00+00:00,23.03,72.58,33.9,53,4.42,508.8,era5
2024-05-31 05:00:00+00:00,23.03,72.58,35.6,46,4.47,609.0,era5
2024-05-31 06:00:00+00:00,23.03,72.58,37.4,39,4.69,705.1,era5
2024-05-31 07:00:00+00:00,23.03,72.58,38.9,33,4.83,720.0,era5
2024-05-31 08:00:00+00:00,23.03,72.58,40.3,29,4.47,726.9,era5
2024-05-31 09:00:00+00:00,23.03,72.58,41.3,26,4.17,719.2,era5
2024-05-31 10:00:00+00:00,23.03,72.58,41.8,23,4.03,682.7,era5
2024-05-31 11:00:00+00:00,23.03,72.58,41.9,21,4.03,609.4,era5
2024-05-31 12:00:00+00:00,23.03,72.58,41.6,21,3.56,490.6,era5
2024-05-31 13:00:00+00:00,23.03,72.58,39.6,30,3.92,291.4,era5
2024-05-31 14:00:00+00:00,23.03,72.58,34.7,50,7.08,55.0,era5
2024-05-31 15:00:00+00:00,23.03,72.58,33.3,56,6.0,0.0,era5
2024-05-31 16:00:00+00:00,23.03,72.58,32.0,62,5.53,0.0,era5
2024-05-31 17:00:00+00:00,23.03,72.58,31.3,68,4.0,0.0,era5
2024-05-31 18:00:00+00:00,23.03,72.58,31.2,69,2.06,0.0,era5
2024-05-31 19:00:00+00:00,23.03,72.58,31.5,67,0.81,0.0,era5
2024-05-31 20:00:00+00:00,23.03,72.58,31.6,62,3.17,0.0,era5
2024-05-31 21:00:00+00:00,23.03,72.58,31.2,62,3.08,0.0,era5
2024-05-31 22:00:00+00:00,23.03,72.58,30.7,60,3.64,0.0,era5
2024-05-31 23:00:00+00:00,23.03,72.58,30.0,62,2.94,0.0,era5
2024-06-01 00:00:00+00:00,23.03,72.58,29.5,64,2.42,0.0,era5
2024-06-01 01:00:00+00:00,23.03,72.58,30.9,63,3.61,12.2,era5
2024-06-01 02:00:00+00:00,23.03,72.58,31.6,62,4.06,216.7,era5
2024-06-01 03:00:00+00:00,23.03,72.58,33.0,57,4.47,409.5,era5
2024-06-01 04:00:00+00:00,23.03,72.58,34.5,49,4.67,521.3,era5
2024-06-01 05:00:00+00:00,23.03,72.58,36.0,41,4.67,636.4,era5
2024-06-01 06:00:00+00:00,23.03,72.58,37.5,35,4.75,685.7,era5
2024-06-01 07:00:00+00:00,23.03,72.58,38.9,31,4.67,713.9,era5
2024-06-01 08:00:00+00:00,23.03,72.58,40.2,27,4.47,724.8,era5
2024-06-01 09:00:00+00:00,23.03,72.58,41.2,24,4.67,718.0,era5
2024-06-01 10:00:00+00:00,23.03,72.58,41.6,23,4.44,672.8,era5
2024-06-01 11:00:00+00:00,23.03,72.58,41.9,21,4.33,602.9,era5
2024-06-01 12:00:00+00:00,23.03,72.58,41.6,21,4.17,477.6,era5
2024-06-01 13:00:00+00:00,23.03,72.58,37.8,34,6.03,237.8,era5
2024-06-01 14:00:00+00:00,23.03,72.58,33.9,46,6.25,54.7,era5
2024-06-01 15:00:00+00:00,23.03,72.58,33.0,50,5.97,0.0,era5
2024-06-01 16:00:00+00:00,23.03,72.58,31.7,61,5.61,0.0,era5
2024-06-01 17:00:00+00:00,23.03,72.58,31.1,70,4.92,0.0,era5
2024-06-01 18:00:00+00:00,23.03,72.58,30.4,74,4.22,0.0,era5
2024-06-01 19:00:00+00:00,23.03,72.58,30.3,74,2.69,0.0,era5
2024-06-01 20:00:00+00:00,23.03,72.58,30.6,71,2.64,0.0,era5
2024-06-01 21:00:00+00:00,23.03,72.58,31.0,67,2.89,0.0,era5
2024-06-01 22:00:00+00:00,23.03,72.58,30.7,59,3.94,0.0,era5
2024-06-01 23:00:00+00:00,23.03,72.58,30.0,60,3.08,0.0,era5
2024-06-02 00:00:00+00:00,23.03,72.58,29.4,63,2.56,0.0,era5
2024-06-02 01:00:00+00:00,23.03,72.58,30.4,62,2.5,12.2,era5
2024-06-02 02:00:00+00:00,23.03,72.58,31.2,61,3.33,216.5,era5
2024-06-02 03:00:00+00:00,23.03,72.58,32.4,57,3.19,429.6,era5
2024-06-02 04:00:00+00:00,23.03,72.58,33.9,50,2.83,566.5,era5
2024-06-02 05:00:00+00:00,23.03,72.58,35.5,44,2.78,646.4,era5
2024-06-02 06:00:00+00:00,23.03,72.58,37.1,38,2.78,697.7,era5
2024-06-02 07:00:00+00:00,23.03,72.58,38.7,32,2.61,723.1,era5
2024-06-02 08:00:00+00:00,23.03,72.58,40.1,28,2.69,729.8,era5
2024-06-02 09:00:00+00:00,23.03,72.58,41.0,24,2.69,710.3,era5
2024-06-02 10:00:00+00:00,23.03,72.58,41.5,21,2.33,653.3,era5
2024-06-02 11:00:00+00:00,23.03,72.58,41.6,20,2.33,557.2,era5
2024-06-02 12:00:00+00:00,23.03,72.58,41.1,20,2.94,436.6,era5
2024-06-02 13:00:00+00:00,23.03,72.58,39.7,12,1.5,309.9,era5
2024-06-02 14:00:00+00:00,23.03,72.58,36.4,15,2.0,63.4,era5
2024-06-02 15:00:00+00:00,23.03,72.58,33.2,47,5.44,0.0,era5
2024-06-02 16:00:00+00:00,23.03,72.58,32.0,55,4.92,0.0,era5
2024-06-02 17:00:00+00:00,23.03,72.58,31.1,65,4.69,0.0,era5
2024-06-02 18:00:00+00:00,23.03,72.58,30.3,72,3.75,0.0,era5
2024-06-02 19:00:00+00:00,23.03,72.58,30.2,73,2.83,0.0,era5
2024-06-02 20:00:00+00:00,23.03,72.58,30.3,72,3.0,0.0,era5
2024-06-02 21:00:00+00:00,23.03,72.58,30.1,72,2.61,0.0,era5
2024-06-02 22:00:00+00:00,23.03,72.58,30.1,66,3.11,0.0,era5
2024-06-02 23:00:00+00:00,23.03,72.58,29.8,65,3.28,0.0,era5
2024-06-03 00:00:00+00:00,23.03,72.58,29.3,69,2.31,0.0,era5
2024-06-03 01:00:00+00:00,23.03,72.58,31.0,62,2.5,12.2,era5
2024-06-03 02:00:00+00:00,23.03,72.58,32.0,63,3.31,225.1,era5
2024-06-03 03:00:00+00:00,23.03,72.58,33.4,60,3.03,427.4,era5
2024-06-03 04:00:00+00:00,23.03,72.58,35.0,54,2.83,554.2,era5
2024-06-03 05:00:00+00:00,23.03,72.58,36.7,47,2.5,574.5,era5
2024-06-03 06:00:00+00:00,23.03,72.58,38.5,39,2.22,636.0,era5
2024-06-03 07:00:00+00:00,23.03,72.58,40.1,34,2.47,644.0,era5
2024-06-03 08:00:00+00:00,23.03,72.58,41.1,30,2.92,670.3,era5
2024-06-03 09:00:00+00:00,23.03,72.58,41.3,29,3.31,574.5,era5
2024-06-03 10:00:00+00:00,23.03,72.58,41.3,28,3.56,534.9,era5
2024-06-03 11:00:00+00:00,23.03,72.58,40.4,29,4.17,338.6,era5
2024-06-03 12:00:00+00:00,23.03,72.58,37.4,39,4.97,369.8,era5
2024-06-03 13:00:00+00:00,23.03,72.58,38.5,34,4.61,97.1,era5
2024-06-03 14:00:00+00:00,23.03,72.58,35.8,43,5.14,36.0,era5
2024-06-03 15:00:00+00:00,23.03,72.58,35.1,42,3.44,0.0,era5
2024-06-03 16:00:00+00:00,23.03,72.58,34.2,44,3.44,0.0,era5
2024-06-03 17:00:00+00:00,23.03,72.58,33.3,50,3.39,0.0,era5
2024-06-03 18:00:00+00:00,23.03,72.58,32.9,54,3.22,0.0,era5
2024-06-03 19:00:00+00:00,23.03,72.58,32.5,56,2.69,0.0,era5
2024-06-03 20:00:00+00:00,23.03,72.58,32.5,54,4.22,0.0,era5
2024-06-03 21:00:00+00:00,23.03,72.58,31.5,58,4.58,0.0,era5
2024-06-03 22:00:00+00:00,23.03,72.58,30.7,63,4.19,0.0,era5
2024-06-03 23:00:00+00:00,23.03,72.58,30.1,66,3.11,0.0,era5
2024-06-04 00:00:00+00:00,23.03,72.58,29.7,69,2.39,0.0,era5
2024-06-04 01:00:00+00:00,23.03,72.58,30.3,69,2.64,12.2,era5
2024-06-04 02:00:00+00:00,23.03,72.58,31.1,68,2.69,199.1,era5
2024-06-04 03:00:00+00:00,23.03,72.58,32.4,61,3.0,360.4,era5
2024-06-04 04:00:00+00:00,23.03,72.58,34.3,52,3.22,517.0,era5
2024-06-04 05:00:00+00:00,23.03,72.58,36.1,44,2.81,624.4,era5
2024-06-04 06:00:00+00:00,23.03,72.58,37.8,39,2.56,661.0,era5
2024-06-04 07:00:00+00:00,23.03,72.58,39.2,35,2.61,670.4,era5
2024-06-04 08:00:00+00:00,23.03,72.58,40.1,32,2.97,611.9,era5
2024-06-04 09:00:00+00:00,23.03,72.58,40.6,29,3.11,594.4,era5
2024-06-04 10:00:00+00:00,23.03,72.58,40.9,27,3.33,573.9,era5
2024-06-04 11:00:00+00:00,23.03,72.58,40.8,27,3.83,529.8,era5
2024-06-04 12:00:00+00:00,23.03,72.58,40.1,28,4.11,446.9,era5
2024-06-04 13:00:00+00:00,23.03,72.58,39.9,26,2.94,276.2,era5
2024-06-04 14:00:00+00:00,23.03,72.58,36.5,39,4.92,53.7,era5
2024-06-04 15:00:00+00:00,23.03,72.58,34.4,49,5.19,0.0,era5
2024-06-04 16:00:00+00:00,23.03,72.58,33.8,53,4.44,0.0,era5
2024-06-04 17:00:00+00:00,23.03,72.58,33.5,55,3.83,0.0,era5
2024-06-04 18:00:00+00:00,23.03,72.58,33.2,47,4.64,0.0,era5
2024-06-04 19:00:00+00:00,23.03,72.58,32.1,50,5.31,0.0,era5
2024-06-04 20:00:00+00:00,23.03,72.58,31.0,54,5.11,0.0,era5
2024-06-04 21:00:00+00:00,23.03,72.58,30.4,58,4.5,0.0,era5
2024-06-04 22:00:00+00:00,23.03,72.58,29.7,62,3.83,0.0,era5
2024-06-04 23:00:00+00:00,23.03,72.58,29.4,65,3.31,0.0,era5
2024-06-05 00:00:00+00:00,23.03,72.58,29.1,67,2.92,0.0,era5
2024-06-05 01:00:00+00:00,23.03,72.58,30.0,65,3.0,12.2,era5
2024-06-05 02:00:00+00:00,23.03,72.58,31.0,60,3.31,212.1,era5
2024-06-05 03:00:00+00:00,23.03,72.58,32.4,54,3.61,412.0,era5
2024-06-05 04:00:00+00:00,23.03,72.58,34.0,47,3.58,549.9,era5
2024-06-05 05:00:00+00:00,23.03,72.58,35.8,40,3.64,633.3,era5
2024-06-05 06:00:00+00:00,23.03,72.58,37.5,34,3.81,682.9,era5
2024-06-05 07:00:00+00:00,23.03,72.58,38.8,31,3.72,710.0,era5
2024-06-05 08:00:00+00:00,23.03,72.58,40.0,28,3.64,718.5,era5
2024-06-05 09:00:00+00:00,23.03,72.58,40.9,25,3.67,710.7,era5
2024-06-05 10:00:00+00:00,23.03,72.58,41.3,23,3.69,679.5,era5
2024-06-05 11:00:00+00:00,23.03,72.58,41.3,22,3.86,607.5,era5
2024-06-05 12:00:00+00:00,23.03,72.58,40.9,22,3.83,489.8,era5
2024-06-05 13:00:00+00:00,23.03,72.58,39.8,24,3.92,292.2,era5
2024-06-05 14:00:00+00:00,23.03,72.58,38.6,25,2.97,62.3,era5
2024-06-05 15:00:00+00:00,23.03,72.58,34.3,50,5.64,0.0,era5
2024-06-05 16:00:00+00:00,23.03,72.58,33.2,56,4.33,0.0,era5
2024-06-05 17:00:00+00:00,23.03,72.58,33.0,58,3.92,0.0,era5
2024-06-05 18:00:00+00:00,23.03,72.58,33.3,52,4.0,0.0,era5
2024-06-05 19:00:00+00:00,23.03,72.58,31.9,53,5.83,0.0,era5
2024-06-05 20:00:00+00:00,23.03,72.58,30.9,58,5.31,0.0,era5
2024-06-05 21:00:00+00:00,23.03,72.58,30.1,62,4.89,0.0,era5
2024-06-05 22:00:00+00:00,23.03,72.58,29.4,66,4.42,0.0,era5
2024-06-05 23:00:00+00:00,23.03,72.58,28.9,71,3.97,0.0,era5
2024-06-06 00:00:00+00:00,23.03,72.58,28.6,73,3.42,0.0,era5
2024-06-06 01:00:00+00:00,23.03,72.58,30.3,71,3.25,12.2,era5
2024-06-06 02:00:00+00:00,23.03,72.58,31.3,64,3.61,207.8,era5
2024-06-06 03:00:00+00:00,23.03,72.58,32.7,58,3.64,412.2,era5
2024-06-06 04:00:00+00:00,23.03,72.58,34.4,51,3.56,548.6,era5
2024-06-06 05:00:00+00:00,23.03,72.58,36.1,44,3.19,633.5,era5
2024-06-06 06:00:00+00:00,23.03,72.58,37.8,38,2.78,678.7,era5
2024-06-06 07:00:00+00:00,23.03,72.58,39.4,32,2.42,677.6,era5
2024-06-06 08:00:00+00:00,23.03,72.58,40.5,28,2.11,679.2,era5
2024-06-06 09:00:00+00:00,23.03,72.58,41.2,26,2.06,677.7,era5
2024-06-06 10:00:00+00:00,23.03,72.58,41.6,24,2.22,645.7,era5
2024-06-06 11:00:00+00:00,23.03,72.58,41.5,24,2.11,566.3,era5
2024-06-06 12:00:00+00:00,23.03,72.58,40.9,24,2.44,443.1,era5
2024-06-06 13:00:00+00:00,23.03,72.58,39.3,24,2.61,294.4,era5
2024-06-06 14:00:00+00:00,23.03,72.58,37.5,26,1.31,62.0,era5
2024-06-06 15:00:00+00:00,23.03,72.58,36.1,30,1.67,0.0,era5
2024-06-06 16:00:00+00:00,23.03,72.58,35.4,31,0.94,0.0,era5
2024-06-06 17:00:00+00:00,23.03,72.58,33.5,46,5.19,0.0,era5
2024-06-06 18:00:00+00:00,23.03,72.58,32.7,51,4.17,0.0,era5
2024-06-06 19:00:00+00:00,23.03,72.58,32.3,53,3.14,0.0,era5
2024-06-06 20:00:00+00:00,23.03,72.58,32.2,52,2.86,0.0,era5
2024-06-06 21:00:00+00:00,23.03,72.58,31.8,50,4.22,0.0,era5
2024-06-06 22:00:00+00:00,23.03,72.58,30.8,60,4.72,0.0,era5
2024-06-06 23:00:00+00:00,23.03,72.58,30.1,66,4.11,0.0,era5
2024-06-07 00:00:00+00:00,23.03,72.58,29.6,69,3.92,0.0,era5
2024-06-07 01:00:00+00:00,23.03,72.58,30.3,66,3.81,12.2,era5
2024-06-07 02:00:00+00:00,23.03,72.58,31.2,63,4.03,216.6,era5
2024-06-07 03:00:00+00:00,23.03,72.58,32.7,57,3.69,421.4,era5
2024-06-07 04:00:00+00:00,23.03,72.58,34.6,50,3.72,553.5,era5
2024-06-07 05:00:00+00:00,23.03,72.58,36.4,44,3.56,632.5,era5
2024-06-07 06:00:00+00:00,23.03,72.58,38.1,38,2.94,680.0,era5
2024-06-07 07:00:00+00:00,23.03,72.58,39.6,33,2.78,703.1,era5
2024-06-07 08:00:00+00:00,23.03,72.58,40.7,30,3.11,708.4,era5
2024-06-07 09:00:00+00:00,23.03,72.58,41.4,28,3.25,692.3,era5
2024-06-07 10:00:00+00:00,23.03,72.58,41.6,26,3.31,646.5,era5
2024-06-07 11:00:00+00:00,23.03,72.58,41.3,26,3.31,517.9,era5
2024-06-07 12:00:00+00:00,23.03,72.58,40.5,27,3.03,392.6,era5
2024-06-07 13:00:00+00:00,23.03,72.58,40.0,28,2.86,259.1,era5
2024-06-07 14:00:00+00:00,23.03,72.58,38.7,30,2.89,52.8,era5
2024-06-07 15:00:00+00:00,23.03,72.58,37.7,32,1.31,0.0,era5
2024-06-07 16:00:00+00:00,23.03,72.58,35.9,42,4.53,0.0,era5
2024-06-07 17:00:00+00:00,23.03,72.58,33.6,57,3.78,0.0,era5
2024-06-07 18:00:00+00:00,23.03,72.58,33.2,59,2.78,0.0,era5
2024-06-07 19:00:00+00:00,23.03,72.58,33.0,58,3.19,0.0,era5
2024-06-07 20:00:00+00:00,23.03,72.58,32.6,48,5.72,0.0,era5
2024-06-07 21:00:00+00:00,23.03,72.58,31.6,55,4.81,0.0,era5
2024-06-07 22:00:00+00:00,23.03,72.58,30.9,60,4.5,0.0,era5
2024-06-07 23:00:00+00:00,23.03,72.58,30.2,65,3.75,0.0,era5
2024-06-08 00:00:00+00:00,23.03,72.58,29.6,68,3.69,0.0,era5
2024-06-08 01:00:00+00:00,23.03,72.58,30.0,70,3.11,12.2,era5
2024-06-08 02:00:00+00:00,23.03,72.58,30.6,67,3.19,195.2,era5
2024-06-08 03:00:00+00:00,23.03,72.58,32.1,57,3.69,383.6,era5
2024-06-08 04:00:00+00:00,23.03,72.58,33.7,50,3.75,533.5,era5
2024-06-08 05:00:00+00:00,23.03,72.58,35.4,44,3.69,609.1,era5
2024-06-08 06:00:00+00:00,23.03,72.58,37.0,39,3.5,671.5,era5
2024-06-08 07:00:00+00:00,23.03,72.58,38.5,35,3.08,698.1,era5
2024-06-08 08:00:00+00:00,23.03,72.58,39.7,32,2.97,704.3,era5
2024-06-08 09:00:00+00:00,23.03,72.58,40.7,30,3.0,683.6,era5
2024-06-08 10:00:00+00:00,23.03,72.58,40.9,29,3.44,623.5,era5
2024-06-08 11:00:00+00:00,23.03,72.58,40.9,27,3.67,527.4,era5
2024-06-08 12:00:00+00:00,23.03,72.58,40.5,27,3.31,383.9,era5
2024-06-08 13:00:00+00:00,23.03,72.58,38.7,29,3.14,292.0,era5
2024-06-08 14:00:00+00:00,23.03,72.58,37.4,31,1.67,61.3,era5
2024-06-08 15:00:00+00:00,23.03,72.58,37.1,32,0.81,0.0,era5
2024-06-08 16:00:00+00:00,23.03,72.58,35.3,37,1.92,0.0,era5
2024-06-08 17:00:00+00:00,23.03,72.58,34.0,43,4.39,0.0,era5
2024-06-08 18:00:00+00:00,23.03,72.58,33.2,48,3.44,0.0,era5
2024-06-08 19:00:00+00:00,23.03,72.58,32.6,53,3.36,0.0,era5
2024-06-08 20:00:00+00:00,23.03,72.58,32.3,54,3.28,0.0,era5
2024-06-08 21:00:00+00:00,23.03,72.58,32.1,53,3.22,0.0,era5
2024-06-08 22:00:00+00:00,23.03,72.58,31.4,59,3.61,0.0,era5
2024-06-08 23:00:00+00:00,23.03,72.58,30.8,64,3.61,0.0,era5
2024-06-09 00:00:00+00:00,23.03,72.58,30.5,66,4.03,0.0,era5
2024-06-09 01:00:00+00:00,23.03,72.58,30.8,67,5.03,12.2,era5
2024-06-09 02:00:00+00:00,23.03,72.58,31.4,64,5.69,208.4,era5
2024-06-09 03:00:00+00:00,23.03,72.58,32.8,59,5.36,408.6,era5
2024-06-09 04:00:00+00:00,23.03,72.58,34.9,50,4.5,544.8,era5
2024-06-09 05:00:00+00:00,23.03,72.58,36.9,43,4.03,626.8,era5
2024-06-09 06:00:00+00:00,23.03,72.58,38.5,37,3.67,674.9,era5
2024-06-09 07:00:00+00:00,23.03,72.58,39.9,34,3.31,694.1,era5
2024-06-09 08:00:00+00:00,23.03,72.58,41.0,30,2.92,682.1,era5
2024-06-09 09:00:00+00:00,23.03,72.58,41.8,27,3.0,605.1,era5
2024-06-09 10:00:00+00:00,23.03,72.58,42.2,25,3.0,584.0,era5
2024-06-09 11:00:00+00:00,23.03,72.58,42.1,23,3.22,431.6,era5
2024-06-09 12:00:00+00:00,23.03,72.58,41.8,22,3.22,375.3,era5
2024-06-09 13:00:00+00:00,23.03,72.58,40.9,22,3.53,263.8,era5
2024-06-09 14:00:00+00:00,23.03,72.58,38.4,25,1.61,52.3,era5
2024-06-09 15:00:00+00:00,23.03,72.58,38.2,24,1.19,0.0,era5
2024-06-09 16:00:00+00:00,23.03,72.58,33.3,56,7.08,0.0,era5
2024-06-09 17:00:00+00:00,23.03,72.58,33.3,55,5.42,0.0,era5
2024-06-09 18:00:00+00:00,23.03,72.58,33.0,53,5.03,0.0,era5
2024-06-09 19:00:00+00:00,23.03,72.58,32.3,54,4.22,0.0,era5
2024-06-09 20:00:00+00:00,23.03,72.58,32.2,54,4.03,0.0,era5
2024-06-09 21:00:00+00:00,23.03,72.58,32.4,54,4.03,0.0,era5
2024-06-09 22:00:00+00:00,23.03,72.58,31.9,58,3.67,0.0,era5
2024-06-09 23:00:00+00:00,23.03,72.58,31.2,62,3.19,0.0,era5
2024-06-10 00:00:00+00:00,23.03,72.58,30.5,66,3.0,0.0,era5
2024-06-10 01:00:00+00:00,23.03,72.58,30.0,70,1.89,0.0,era5
2024-06-10 02:00:00+00:00,23.03,72.58,30.4,69,2.5,34.8,era5
2024-06-10 03:00:00+00:00,23.03,72.58,31.4,64,2.89,152.8,era5
2024-06-10 04:00:00+00:00,23.03,72.58,32.8,59,2.81,162.5,era5
2024-06-10 05:00:00+00:00,23.03,72.58,35.1,50,3.03,482.5,era5
2024-06-10 06:00:00+00:00,23.03,72.58,36.9,43,3.47,522.9,era5
2024-06-10 07:00:00+00:00,23.03,72.58,38.8,36,3.53,625.2,era5
2024-06-10 08:00:00+00:00,23.03,72.58,39.3,32,3.69,252.5,era5
2024-06-10 09:00:00+00:00,23.03,72.58,40.4,28,3.92,375.4,era5
2024-06-10 10:00:00+00:00,23.03,72.58,40.6,26,3.5,237.2,era5
2024-06-10 11:00:00+00:00,23.03,72.58,40.9,24,2.81,259.5,era5
2024-06-10 12:00:00+00:00,23.03,72.58,40.8,23,2.92,224.7,era5
2024-06-10 13:00:00+00:00,23.03,72.58,39.4,23,3.44,242.6,era5
2024-06-10 14:00:00+00:00,23.03,72.58,39.3,22,0.36,52.0,era5
2024-06-10 15:00:00+00:00,23.03,72.58,34.3,45,5.22,0.0,era5
2024-06-10 16:00:00+00:00,23.03,72.58,33.1,54,3.61,0.0,era5
2024-06-10 17:00:00+00:00,23.03,72.58,32.7,58,2.92,0.0,era5
2024-06-10 18:00:00+00:00,23.03,72.58,32.4,59,1.97,0.0,era5
2024-06-10 19:00:00+00:00,23.03,72.58,32.2,60,1.11,0.0,era5
2024-06-10 20:00:00+00:00,23.03,72.58,31.8,62,1.42,0.0,era5
2024-06-10 21:00:00+00:00,23.03,72.58,31.5,64,1.67,0.0,era5
2024-06-10 22:00:00+00:00,23.03,72.58,31.1,62,3.69,0.0,era5
2024-06-10 23:00:00+00:00,23.03,72.58,30.3,67,4.42,0.0,era5
2024-06-11 00:00:00+00:00,23.03,72.58,29.6,71,4.58,0.0,era5
2024-06-11 01:00:00+00:00,23.03,72.58,29.0,79,3.97,12.3,era5
2024-06-11 02:00:00+00:00,23.03,72.58,29.9,73,4.53,200.3,era5
2024-06-11 03:00:00+00:00,23.03,72.58,31.4,65,4.31,375.6,era5
2024-06-11 04:00:00+00:00,23.03,72.58,33.3,56,3.86,484.6,era5
2024-06-11 05:00:00+00:00,23.03,72.58,35.3,46,3.36,601.2,era5
2024-06-11 06:00:00+00:00,23.03,72.58,37.2,39,3.31,657.9,era5
2024-06-11 07:00:00+00:00,23.03,72.58,38.8,34,3.25,686.2,era5
2024-06-11 08:00:00+00:00,23.03,72.58,40.0,30,3.42,675.9,era5
2024-06-11 09:00:00+00:00,23.03,72.58,40.8,27,3.5,630.1,era5
2024-06-11 10:00:00+00:00,23.03,72.58,41.3,26,3.83,598.6,era5
2024-06-11 11:00:00+00:00,23.03,72.58,40.7,25,3.61,463.8,era5
2024-06-11 12:00:00+00:00,23.03,72.58,40.6,24,3.25,381.7,era5
2024-06-11 13:00:00+00:00,23.03,72.58,40.4,19,3.89,285.3,era5
2024-06-11 14:00:00+00:00,23.03,72.58,38.8,20,3.17,60.4,era5
2024-06-11 15:00:00+00:00,23.03,72.58,35.5,36,4.81,0.0,era5
2024-06-11 16:00:00+00:00,23.03,72.58,32.7,57,4.39,0.0,era5
2024-06-11 17:00:00+00:00,23.03,72.58,32.3,61,3.33,0.0,era5
2024-06-11 18:00:00+00:00,23.03,72.58,32.2,64,2.64,0.0,era5
2024-06-11 19:00:00+00:00,23.03,72.58,32.4,42,4.89,0.0,era5
2024-06-11 20:00:00+00:00,23.03,72.58,30.9,50,5.0,0.0,era5
2024-06-11 21:00:00+00:00,23.03,72.58,29.9,61,4.61,0.0,era5
2024-06-11 22:00:00+00:00,23.03,72.58,29.0,72,4.0,0.0,era5
2024-06-11 23:00:00+00:00,23.03,72.58,28.5,77,4.0,0.0,era5
2024-06-12 00:00:00+00:00,23.03,72.58,28.2,79,3.81,0.0,era5
2024-06-12 01:00:00+00:00,23.03,72.58,29.0,76,3.69,12.3,era5
2024-06-12 02:00:00+00:00,23.03,72.58,30.1,71,4.75,144.0,era5
2024-06-12 03:00:00+00:00,23.03,72.58,31.4,63,5.31,344.5,era5
2024-06-12 04:00:00+00:00,23.03,72.58,33.1,56,4.61,514.7,era5
2024-06-12 05:00:00+00:00,23.03,72.58,34.9,49,3.72,604.0,era5
2024-06-12 06:00:00+00:00,23.03,72.58,36.7,43,3.56,650.5,era5
2024-06-12 07:00:00+00:00,23.03,72.58,38.0,38,3.44,673.1,era5
2024-06-12 08:00:00+00:00,23.03,72.58,39.3,33,3.31,645.7,era5
2024-06-12 09:00:00+00:00,23.03,72.58,40.0,29,3.25,588.7,era5
2024-06-12 10:00:00+00:00,23.03,72.58,40.4,27,2.83,496.4,era5
2024-06-12 11:00:00+00:00,23.03,72.58,40.8,26,2.81,457.5,era5
2024-06-12 12:00:00+00:00,23.03,72.58,40.4,26,2.61,400.6,era5
2024-06-12 13:00:00+00:00,23.03,72.58,40.0,22,3.61,277.5,era5
2024-06-12 14:00:00+00:00,23.03,72.58,38.4,25,3.69,34.3,era5
2024-06-12 15:00:00+00:00,23.03,72.58,33.9,51,5.42,0.0,era5
2024-06-12 16:00:00+00:00,23.03,72.58,32.5,58,3.69,0.0,era5
2024-06-12 17:00:00+00:00,23.03,72.58,31.7,64,3.69,0.0,era5
2024-06-12 18:00:00+00:00,23.03,72.58,30.9,70,3.67,0.0,era5
2024-06-12 19:00:00+00:00,23.03,72.58,30.6,73,3.36,0.0,era5
2024-06-12 20:00:00+00:00,23.03,72.58,30.6,61,5.03,0.0,era5
2024-06-12 21:00:00+00:00,23.03,72.58,29.7,67,4.53,0.0,era5
2024-06-12 22:00:00+00:00,23.03,72.58,29.0,72,4.42,0.0,era5
2024-06-12 23:00:00+00:00,23.03,72.58,28.9,72,3.81,0.0,era5
2024-06-13 00:00:00+00:00,23.03,72.58,28.7,71,3.31,0.0,era5
2024-06-13 01:00:00+00:00,23.03,72.58,29.7,70,3.56,12.3,era5
2024-06-13 02:00:00+00:00,23.03,72.58,30.5,64,4.11,192.4,era5
2024-06-13 03:00:00+00:00,23.03,72.58,31.7,60,4.67,378.7,era5
2024-06-13 04:00:00+00:00,23.03,72.58,33.0,54,4.61,479.1,era5
2024-06-13 05:00:00+00:00,23.03,72.58,34.5,48,4.03,599.4,era5
2024-06-13 06:00:00+00:00,23.03,72.58,36.3,41,3.61,652.9,era5
2024-06-13 07:00:00+00:00,23.03,72.58,37.9,35,3.72,685.3,era5
2024-06-13 08:00:00+00:00,23.03,72.58,39.8,26,3.97,705.0,era5
2024-06-13 09:00:00+00:00,23.03,72.58,40.6,22,4.17,581.1,era5
2024-06-13 10:00:00+00:00,23.03,72.58,41.2,19,4.08,549.3,era5
2024-06-13 11:00:00+00:00,23.03,72.58,41.2,18,4.22,534.6,era5
2024-06-13 12:00:00+00:00,23.03,72.58,41.2,18,4.72,419.5,era5
2024-06-13 13:00:00+00:00,23.03,72.58,39.0,22,4.42,273.2,era5
2024-06-13 14:00:00+00:00,23.03,72.58,37.5,25,3.19,68.3,era5
2024-06-13 15:00:00+00:00,23.03,72.58,33.8,47,4.89,0.0,era5
2024-06-13 16:00:00+00:00,23.03,72.58,31.9,62,3.75,0.0,era5
2024-06-13 17:00:00+00:00,23.03,72.58,31.5,67,3.72,0.0,era5
2024-06-13 18:00:00+00:00,23.03,72.58,30.8,73,3.31,0.0,era5
2024-06-13 19:00:00+00:00,23.03,72.58,30.5,76,2.58,0.0,era5
2024-06-13 20:00:00+00:00,23.03,72.58,30.9,64,3.64,0.0,era5
2024-06-13 21:00:00+00:00,23.03,72.58,30.6,60,3.69,0.0,era5
2024-06-13 22:00:00+00:00,23.03,72.58,30.1,63,3.42,0.0,era5
2024-06-13 23:00:00+00:00,23.03,72.58,29.7,67,3.03,0.0,era5
2024-06-14 00:00:00+00:00,23.03,72.58,29.4,68,2.64,0.0,era5
2024-06-14 01:00:00+00:00,23.03,72.58,29.9,67,3.56,12.4,era5
2024-06-14 02:00:00+00:00,23.03,72.58,30.6,64,3.67,201.6,era5
2024-06-14 03:00:00+00:00,23.03,72.58,31.8,59,3.89,404.0,era5
2024-06-14 04:00:00+00:00,23.03,72.58,33.4,52,3.86,532.8,era5
2024-06-14 05:00:00+00:00,23.03,72.58,35.2,44,3.86,622.2,era5
2024-06-14 06:00:00+00:00,23.03,72.58,37.1,37,4.17,678.2,era5
2024-06-14 07:00:00+00:00,23.03,72.58,38.7,31,4.44,703.7,era5
2024-06-14 08:00:00+00:00,23.03,72.58,39.8,26,4.64,651.7,era5
2024-06-14 09:00:00+00:00,23.03,72.58,40.5,23,4.78,630.6,era5
2024-06-14 10:00:00+00:00,23.03,72.58,40.5,22,4.47,505.2,era5
2024-06-14 11:00:00+00:00,23.03,72.58,40.7,21,4.83,468.0,era5
2024-06-14 12:00:00+00:00,23.03,72.58,38.5,29,6.42,405.1,era5
2024-06-14 13:00:00+00:00,23.03,72.58,37.3,31,5.03,235.7,era5
2024-06-14 14:00:00+00:00,23.03,72.58,33.9,46,6.08,59.5,era5
2024-06-14 15:00:00+00:00,23.03,72.58,32.9,52,4.58,0.0,era5
2024-06-14 16:00:00+00:00,23.03,72.58,31.7,65,4.25,0.0,era5
2024-06-14 17:00:00+00:00,23.03,72.58,30.8,71,4.44,0.0,era5
2024-06-14 18:00:00+00:00,23.03,72.58,30.0,77,4.31,0.0,era5
2024-06-14 19:00:00+00:00,23.03,72.58,29.8,78,3.25,0.0,era5
2024-06-14 20:00:00+00:00,23.03,72.58,29.6,80,2.72,0.0,era5
2024-06-14 21:00:00+00:00,23.03,72.58,29.6,79,2.11,0.0,era5
2024-06-14 22:00:00+00:00,23.03,72.58,29.6,78,1.53,0.0,era5
2024-06-14 23:00:00+00:00,23.03,72.58,29.5,76,1.19,0.0,era5
2024-06-15 00:00:00+00:00,23.03,72.58,29.6,72,1.92,0.0,era5
2024-06-15 01:00:00+00:00,23.03,72.58,29.6,74,1.19,12.4,era5
2024-06-15 02:00:00+00:00,23.03,72.58,30.8,66,2.47,180.1,era5
2024-06-15 03:00:00+00:00,23.03,72.58,32.2,56,3.03,368.4,era5
2024-06-15 04:00:00+00:00,23.03,72.58,33.6,49,3.14,522.2,era5
2024-06-15 05:00:00+00:00,23.03,72.58,35.2,42,3.28,617.5,era5
2024-06-15 06:00:00+00:00,23.03,72.58,36.8,35,3.56,670.8,era5
2024-06-15 07:00:00+00:00,23.03,72.58,38.3,30,3.53,703.8,era5
2024-06-15 08:00:00+00:00,23.03,72.58,39.1,28,3.69,650.6,era5
2024-06-15 09:00:00+00:00,23.03,72.58,39.6,27,3.47,593.4,era5
2024-06-15 10:00:00+00:00,23.03,72.58,39.8,26,3.81,566.4,era5
2024-06-15 11:00:00+00:00,23.03,72.58,39.9,25,3.78,514.9,era5
2024-06-15 12:00:00+00:00,23.03,72.58,39.3,26,4.39,394.6,era5
2024-06-15 13:00:00+00:00,23.03,72.58,37.8,30,3.72,274.6,era5
2024-06-15 14:00:00+00:00,23.03,72.58,36.5,33,4.25,59.2,era5
2024-06-15 15:00:00+00:00,23.03,72.58,33.3,51,6.11,0.0,era5
2024-06-15 16:00:00+00:00,23.03,72.58,32.6,57,4.22,0.0,era5
2024-06-15 17:00:00+00:00,23.03,72.58,31.7,65,4.58,0.0,era5
2024-06-15 18:00:00+00:00,23.03,72.58,30.9,71,4.75,0.0,era5
2024-06-15 19:00:00+00:00,23.03,72.58,30.4,74,3.97,0.0,era5
2024-06-15 20:00:00+00:00,23.03,72.58,30.1,76,3.19,0.0,era5
2024-06-15 21:00:00+00:00,23.03,72.58,29.9,77,2.81,0.0,era5
2024-06-15 22:00:00+00:00,23.03,72.58,30.3,71,2.25,0.0,era5
2024-06-15 23:00:00+00:00,23.03,72.58,30.5,66,2.11,0.0,era5
2024-06-16 00:00:00+00:00,23.03,72.58,30.3,65,2.08,0.0,era5
2024-06-16 01:00:00+00:00,23.03,72.58,31.0,62,2.36,12.5,era5
2024-06-16 02:00:00+00:00,23.03,72.58,31.9,59,2.78,189.4,era5
2024-06-16 03:00:00+00:00,23.03,72.58,33.1,55,2.89,382.5,era5
2024-06-16 04:00:00+00:00,23.03,72.58,34.5,50,2.92,514.8,era5
2024-06-16 05:00:00+00:00,23.03,72.58,36.0,44,2.92,565.4,era5
2024-06-16 06:00:00+00:00,23.03,72.58,37.7,38,3.11,634.0,era5
2024-06-16 07:00:00+00:00,23.03,72.58,39.1,33,3.39,655.2,era5
2024-06-16 08:00:00+00:00,23.03,72.58,40.1,29,3.61,654.6,era5
2024-06-16 09:00:00+00:00,23.03,72.58,40.8,27,3.61,656.6,era5
2024-06-16 10:00:00+00:00,23.03,72.58,41.0,26,3.58,625.2,era5
2024-06-16 11:00:00+00:00,23.03,72.58,40.9,26,3.89,563.1,era5
2024-06-16 12:00:00+00:00,23.03,72.58,40.1,28,4.83,450.5,era5
2024-06-16 13:00:00+00:00,23.03,72.58,37.7,35,3.31,191.3,era5
2024-06-16 14:00:00+00:00,23.03,72.58,35.4,43,5.17,42.1,era5
2024-06-16 15:00:00+00:00,23.03,72.58,33.9,48,5.11,0.0,era5
2024-06-16 16:00:00+00:00,23.03,72.58,33.1,54,5.39,0.0,era5
2024-06-16 17:00:00+00:00,23.03,72.58,31.8,62,5.03,0.0,era5
2024-06-16 18:00:00+00:00,23.03,72.58,31.2,68,5.11,0.0,era5
2024-06-16 19:00:00+00:00,23.03,72.58,31.0,71,3.64,0.0,era5
2024-06-16 20:00:00+00:00,23.03,72.58,30.7,73,2.67,0.0,era5
2024-06-16 21:00:00+00:00,23.03,72.58,30.5,74,2.17,0.0,era5
2024-06-16 22:00:00+00:00,23.03,72.58,30.1,76,2.11,0.0,era5
2024-06-16 23:00:00+00:00,23.03,72.58,30.0,77,2.19,0.0,era5
2024-06-17 00:00:00+00:00,23.03,72.58,30.3,70,2.33,0.0,era5
2024-06-17 01:00:00+00:00,23.03,72.58,31.1,63,2.69,12.5,era5
2024-06-17 02:00:00+00:00,23.03,72.58,31.9,61,2.86,181.1,era5
2024-06-17 03:00:00+00:00,23.03,72.58,33.3,56,2.94,342.2,era5
2024-06-17 04:00:00+00:00,23.03,72.58,34.7,50,2.81,461.9,era5
2024-06-17 05:00:00+00:00,23.03,72.58,36.2,45,2.69,541.9,era5
2024-06-17 06:00:00+00:00,23.03,72.58,37.6,40,2.61,608.1,era5
2024-06-17 07:00:00+00:00,23.03,72.58,38.7,36,2.61,642.0,era5
2024-06-17 08:00:00+00:00,23.03,72.58,39.7,32,2.78,649.5,era5
2024-06-17 09:00:00+00:00,23.03,72.58,40.7,29,3.08,652.2,era5
2024-06-17 10:00:00+00:00,23.03,72.58,40.9,28,3.44,620.1,era5
2024-06-17 11:00:00+00:00,23.03,72.58,40.9,29,3.5,555.4,era5
2024-06-17 12:00:00+00:00,23.03,72.58,40.4,30,4.31,444.0,era5
2024-06-17 13:00:00+00:00,23.03,72.58,38.3,34,2.42,263.1,era5
2024-06-17 14:00:00+00:00,23.03,72.58,37.4,36,4.0,50.4,era5
2024-06-17 15:00:00+00:00,23.03,72.58,33.5,52,5.11,0.0,era5
2024-06-17 16:00:00+00:00,23.03,72.58,32.6,58,5.33,0.0,era5
2024-06-17 17:00:00+00:00,23.03,72.58,31.8,65,5.39,0.0,era5
2024-06-17 18:00:00+00:00,23.03,72.58,31.2,71,5.61,0.0,era5
2024-06-17 19:00:00+00:00,23.03,72.58,30.8,73,5.19,0.0,era5
2024-06-17 20:00:00+00:00,23.03,72.58,30.7,74,4.58,0.0,era5
2024-06-17 21:00:00+00:00,23.03,72.58,30.7,74,2.94,0.0,era5
2024-06-17 22:00:00+00:00,23.03,72.58,31.1,69,2.58,0.0,era5
2024-06-17 23:00:00+00:00,23.03,72.58,30.9,69,2.47,0.0,era5
2024-06-18 00:00:00+00:00,23.03,72.58,30.9,68,2.44,0.0,era5
2024-06-18 01:00:00+00:00,23.03,72.58,31.3,64,3.58,12.6,era5
2024-06-18 02:00:00+00:00,23.03,72.58,31.9,59,3.78,155.0,era5
2024-06-18 03:00:00+00:00,23.03,72.58,32.9,55,3.81,347.3,era5
2024-06-18 04:00:00+00:00,23.03,72.58,34.7,48,3.94,506.3,era5
2024-06-18 05:00:00+00:00,23.03,72.58,36.3,43,4.11,489.6,era5
2024-06-18 06:00:00+00:00,23.03,72.58,37.1,40,4.14,281.2,era5
2024-06-18 07:00:00+00:00,23.03,72.58,38.3,38,4.03,493.8,era5
2024-06-18 08:00:00+00:00,23.03,72.58,39.3,36,3.89,601.2,era5
2024-06-18 09:00:00+00:00,23.03,72.58,40.0,34,3.89,625.6,era5
2024-06-18 10:00:00+00:00,23.03,72.58,36.5,46,7.25,446.2,era5
2024-06-18 11:00:00+00:00,23.03,72.58,36.3,46,7.22,334.6,era5
2024-06-18 12:00:00+00:00,23.03,72.58,35.7,49,6.69,326.6,era5
2024-06-18 13:00:00+00:00,23.03,72.58,34.7,49,6.72,278.7,era5
2024-06-18 14:00:00+00:00,23.03,72.58,34.9,46,5.94,58.5,era5
2024-06-18 15:00:00+00:00,23.03,72.58,34.4,48,5.81,0.0,era5
2024-06-18 16:00:00+00:00,23.03,72.58,33.2,56,5.0,0.0,era5
2024-06-18 17:00:00+00:00,23.03,72.58,32.8,58,4.33,0.0,era5
2024-06-18 18:00:00+00:00,23.03,72.58,32.5,58,4.31,0.0,era5
2024-06-18 19:00:00+00:00,23.03,72.58,31.9,60,4.61,0.0,era5
2024-06-18 20:00:00+00:00,23.03,72.58,31.4,63,4.03,0.0,era5
2024-06-18 21:00:00+00:00,23.03,72.58,31.0,66,3.42,0.0,era5
2024-06-18 22:00:00+00:00,23.03,72.58,30.8,66,2.94,0.0,era5
2024-06-18 23:00:00+00:00,23.03,72.58,30.5,65,3.83,0.0,era5
2024-06-19 00:00:00+00:00,23.03,72.58,30.0,67,3.61,0.0,era5
2024-06-19 01:00:00+00:00,23.03,72.58,30.0,69,3.97,12.6,era5
2024-06-19 02:00:00+00:00,23.03,72.58,30.8,66,4.64,146.6,era5
2024-06-19 03:00:00+00:00,23.03,72.58,32.1,61,4.58,222.8,era5
2024-06-19 04:00:00+00:00,23.03,72.58,33.7,54,4.42,354.1,era5
2024-06-19 05:00:00+00:00,23.03,72.58,35.7,47,4.67,517.5,era5
2024-06-19 06:00:00+00:00,23.03,72.58,37.2,41,5.08,487.4,era5
2024-06-19 07:00:00+00:00,23.03,72.58,38.3,37,5.31,401.4,era5
2024-06-19 08:00:00+00:00,23.03,72.58,38.9,35,5.67,273.5,era5
2024-06-19 09:00:00+00:00,23.03,72.58,38.7,38,5.06,437.7,era5
2024-06-19 10:00:00+00:00,23.03,72.58,40.5,34,5.06,536.8,era5
2024-06-19 11:00:00+00:00,23.03,72.58,36.8,45,6.39,254.3,era5
2024-06-19 12:00:00+00:00,23.03,72.58,36.6,46,6.56,353.4,era5
2024-06-19 13:00:00+00:00,23.03,72.58,35.1,50,6.78,222.4,era5
2024-06-19 14:00:00+00:00,23.03,72.58,33.8,57,6.22,50.0,era5
2024-06-19 15:00:00+00:00,23.03,72.58,33.8,54,5.39,0.0,era5
2024-06-19 16:00:00+00:00,23.03,72.58,32.5,64,5.22,0.0,era5
2024-06-19 17:00:00+00:00,23.03,72.58,31.6,69,4.36,0.0,era5
2024-06-19 18:00:00+00:00,23.03,72.58,31.2,71,3.64,0.0,era5
2024-06-19 19:00:00+00:00,23.03,72.58,32.2,63,3.83,0.0,era5
2024-06-19 20:00:00+00:00,23.03,72.58,32.3,60,4.89,0.0,era5
2024-06-19 21:00:00+00:00,23.03,72.58,31.7,64,4.94,0.0,era5
2024-06-19 22:00:00+00:00,23.03,72.58,30.8,68,4.33,0.0,era5
2024-06-19 23:00:00+00:00,23.03,72.58,30.2,71,4.14,0.0,era5
2024-06-20 00:00:00+00:00,23.03,72.58,29.9,72,3.75,0.0,era5
2024-06-20 01:00:00+00:00,23.03,72.58,30.2,71,4.53,12.7,era5
2024-06-20 02:00:00+00:00,23.03,72.58,31.0,67,4.92,142.6,era5
2024-06-20 03:00:00+00:00,23.03,72.58,32.3,59,5.0,154.8,era5
2024-06-20 04:00:00+00:00,23.03,72.58,33.9,51,4.83,269.4,era5
2024-06-20 05:00:00+00:00,23.03,72.58,35.6,45,4.67,468.9,era5
2024-06-20 06:00:00+00:00,23.03,72.58,37.5,39,4.72,619.6,era5
2024-06-20 07:00:00+00:00,23.03,72.58,38.3,36,4.81,588.4,era5
2024-06-20 08:00:00+00:00,23.03,72.58,39.7,32,4.83,643.4,era5
2024-06-20 09:00:00+00:00,23.03,72.58,41.0,29,4.92,661.1,era5
2024-06-20 10:00:00+00:00,23.03,72.58,41.9,26,5.25,649.8,era5
2024-06-20 11:00:00+00:00,23.03,72.58,39.9,31,6.36,498.3,era5
2024-06-20 12:00:00+00:00,23.03,72.58,39.3,32,5.56,378.1,era5
2024-06-20 13:00:00+00:00,23.03,72.58,35.7,48,6.72,238.2,era5
2024-06-20 14:00:00+00:00,23.03,72.58,33.5,55,6.69,58.2,era5
2024-06-20 15:00:00+00:00,23.03,72.58,32.2,64,6.44,0.0,era5
2024-06-20 16:00:00+00:00,23.03,72.58,31.7,68,5.28,0.0,era5
2024-06-20 17:00:00+00:00,23.03,72.58,31.6,70,4.61,0.0,era5
2024-06-20 18:00:00+00:00,23.03,72.58,32.6,60,5.08,0.0,era5
2024-06-20 19:00:00+00:00,23.03,72.58,32.2,60,4.97,0.0,era5
2024-06-20 20:00:00+00:00,23.03,72.58,31.5,63,4.69,0.0,era5
2024-06-20 21:00:00+00:00,23.03,72.58,30.9,67,4.33,0.0,era5
2024-06-20 22:00:00+00:00,23.03,72.58,30.4,70,3.61,0.0,era5
2024-06-20 23:00:00+00:00,23.03,72.58,30.0,72,3.47,0.0,era5
2024-06-21 00:00:00+00:00,23.03,72.58,29.7,73,3.08,0.0,era5
2024-06-21 01:00:00+00:00,23.03,72.58,30.0,73,4.28,12.7,era5
2024-06-21 02:00:00+00:00,23.03,72.58,30.9,69,4.89,165.4,era5
2024-06-21 03:00:00+00:00,23.03,72.58,32.5,61,4.47,312.3,era5
2024-06-21 04:00:00+00:00,23.03,72.58,34.4,52,4.69,495.1,era5
2024-06-21 05:00:00+00:00,23.03,72.58,35.4,47,4.83,407.7,era5
2024-06-21 06:00:00+00:00,23.03,72.58,36.9,43,4.39,565.3,era5
2024-06-21 07:00:00+00:00,23.03,72.58,38.8,38,4.06,655.6,era5
2024-06-21 08:00:00+00:00,23.03,72.58,40.0,35,4.11,658.4,era5
2024-06-21 09:00:00+00:00,23.03,72.58,40.9,32,3.75,632.5,era5
2024-06-21 10:00:00+00:00,23.03,72.58,41.3,31,3.58,585.8,era5
2024-06-21 11:00:00+00:00,23.03,72.58,39.0,35,6.47,476.5,era5
2024-06-21 12:00:00+00:00,23.03,72.58,37.5,38,5.19,139.4,era5
2024-06-21 13:00:00+00:00,23.03,72.58,36.7,41,5.64,227.8,era5
2024-06-21 14:00:00+00:00,23.03,72.58,34.2,54,5.94,58.0,era5
2024-06-21 15:00:00+00:00,23.03,72.58,33.0,62,4.0,0.0,era5
2024-06-21 16:00:00+00:00,23.03,72.58,32.4,66,4.0,0.0,era5
2024-06-21 17:00:00+00:00,23.03,72.58,31.8,70,3.81,0.0,era5
2024-06-21 18:00:00+00:00,23.03,72.58,31.7,70,2.97,0.0,era5
2024-06-21 19:00:00+00:00,23.03,72.58,31.8,61,3.06,0.0,era5
2024-06-21 20:00:00+00:00,23.03,72.58,31.3,62,3.17,0.0,era5
2024-06-21 21:00:00+00:00,23.03,72.58,30.9,66,3.58,0.0,era5
2024-06-21 22:00:00+00:00,23.03,72.58,30.5,70,3.72,0.0,era5
2024-06-21 23:00:00+00:00,23.03,72.58,30.3,69,3.06,0.0,era5
2024-06-22 00:00:00+00:00,23.03,72.58,30.1,70,2.5,0.0,era5
2024-06-22 01:00:00+00:00,23.03,72.58,30.4,70,2.86,12.8,era5
2024-06-22 02:00:00+00:00,23.03,72.58,31.3,65,2.83,134.5,era5
2024-06-22 03:00:00+00:00,23.03,72.58,32.3,61,3.19,187.3,era5
2024-06-22 04:00:00+00:00,23.03,72.58,33.6,55,3.03,309.4,era5
2024-06-22 05:00:00+00:00,23.03,72.58,35.5,48,2.81,473.2,era5
2024-06-22 06:00:00+00:00,23.03,72.58,37.0,43,2.64,513.0,era5
2024-06-22 07:00:00+00:00,23.03,72.58,38.4,39,2.81,540.8,era5
2024-06-22 08:00:00+00:00,23.03,72.58,39.8,36,3.33,658.4,era5
2024-06-22 09:00:00+00:00,23.03,72.58,40.2,34,3.53,614.4,era5
2024-06-22 10:00:00+00:00,23.03,72.58,40.1,33,3.64,554.9,era5
2024-06-22 11:00:00+00:00,23.03,72.58,40.2,31,3.03,524.6,era5
2024-06-22 12:00:00+00:00,23.03,72.58,40.0,29,2.86,278.5,era5
2024-06-22 13:00:00+00:00,23.03,72.58,38.9,31,3.42,256.6,era5
2024-06-22 14:00:00+00:00,23.03,72.58,37.7,32,2.0,66.1,era5
2024-06-22 15:00:00+00:00,23.03,72.58,36.3,35,1.56,0.0,era5
2024-06-22 16:00:00+00:00,23.03,72.58,32.3,60,4.92,0.0,era5
2024-06-22 17:00:00+00:00,23.03,72.58,31.8,65,3.56,0.0,era5
2024-06-22 18:00:00+00:00,23.03,72.58,31.4,67,4.58,0.0,era5
2024-06-22 19:00:00+00:00,23.03,72.58,31.4,66,3.61,0.0,era5
2024-06-22 20:00:00+00:00,23.03,72.58,31.2,66,2.92,0.0,era5
2024-06-22 21:00:00+00:00,23.03,72.58,30.7,71,2.67,0.0,era5
2024-06-22 22:00:00+00:00,23.03,72.58,30.5,72,1.78,0.0,era5
2024-06-22 23:00:00+00:00,23.03,72.58,30.5,73,1.33,0.0,era5
2024-06-23 00:00:00+00:00,23.03,72.58,30.4,74,1.22,0.0,era5
2024-06-23 01:00:00+00:00,23.03,72.58,30.5,76,0.69,0.0,era5
2024-06-23 02:00:00+00:00,23.03,72.58,31.6,71,1.5,166.5,era5
2024-06-23 03:00:00+00:00,23.03,72.58,33.1,63,1.81,267.6,era5
2024-06-23 04:00:00+00:00,23.03,72.58,34.9,54,2.36,336.5,era5
2024-06-23 05:00:00+00:00,23.03,72.58,36.9,45,2.5,521.2,era5
2024-06-23 06:00:00+00:00,23.03,72.58,38.0,41,1.89,432.4,era5
2024-06-23 07:00:00+00:00,23.03,72.58,39.4,38,1.69,434.1,era5
2024-06-23 08:00:00+00:00,23.03,72.58,40.7,34,2.17,555.8,era5
2024-06-23 09:00:00+00:00,23.03,72.58,41.7,30,2.28,539.5,era5
2024-06-23 10:00:00+00:00,23.03,72.58,40.7,31,1.17,113.0,era5
2024-06-23 11:00:00+00:00,23.03,72.58,34.5,49,5.25,276.3,era5
2024-06-23 12:00:00+00:00,23.03,72.58,33.9,56,3.97,102.4,era5
2024-06-23 13:00:00+00:00,23.03,72.58,40.4,24,0.64,217.1,era5
2024-06-23 14:00:00+00:00,23.03,72.58,37.3,34,2.75,49.4,era5
2024-06-23 15:00:00+00:00,23.03,72.58,35.0,46,5.5,0.0,era5
2024-06-23 16:00:00+00:00,23.03,72.58,33.5,55,4.33,0.0,era5
2024-06-23 17:00:00+00:00,23.03,72.58,32.5,63,3.58,0.0,era5
2024-06-23 18:00:00+00:00,23.03,72.58,32.1,63,3.97,0.0,era5
2024-06-23 19:00:00+00:00,23.03,72.58,31.6,61,2.83,0.0,era5
2024-06-23 20:00:00+00:00,23.03,72.58,31.1,63,3.14,0.0,era5
2024-06-23 21:00:00+00:00,23.03,72.58,31.0,64,2.42,0.0,era5
2024-06-23 22:00:00+00:00,23.03,72.58,30.9,63,2.22,0.0,era5
2024-06-23 23:00:00+00:00,23.03,72.58,30.9,63,2.69,0.0,era5
2024-06-24 00:00:00+00:00,23.03,72.58,30.9,63,2.89,0.0,era5
2024-06-24 01:00:00+00:00,23.03,72.58,29.8,73,2.78,0.0,era5
2024-06-24 02:00:00+00:00,23.03,72.58,30.0,74,2.78,49.7,era5
2024-06-24 03:00:00+00:00,23.03,72.58,31.1,69,3.06,222.3,era5
2024-06-24 04:00:00+00:00,23.03,72.58,33.4,60,2.75,466.6,era5
2024-06-24 05:00:00+00:00,23.03,72.58,35.4,52,2.0,378.3,era5
2024-06-24 06:00:00+00:00,23.03,72.58,36.5,49,1.69,381.2,era5
2024-06-24 07:00:00+00:00,23.03,72.58,38.1,44,1.56,571.5,era5
2024-06-24 08:00:00+00:00,23.03,72.58,39.1,41,1.72,564.8,era5
2024-06-24 09:00:00+00:00,23.03,72.58,40.0,38,1.5,478.2,era5
2024-06-24 10:00:00+00:00,23.03,72.58,34.4,58,4.11,0.0,era5
2024-06-24 11:00:00+00:00,23.03,72.58,32.0,73,2.47,118.1,era5
2024-06-24 12:00:00+00:00,23.03,72.58,33.3,67,2.5,125.4,era5
2024-06-24 13:00:00+00:00,23.03,72.58,34.4,51,2.47,0.0,era5
2024-06-24 14:00:00+00:00,23.03,72.58,33.8,53,3.36,0.0,era5
2024-06-24 15:00:00+00:00,23.03,72.58,33.6,54,3.14,0.0,era5
2024-06-24 16:00:00+00:00,23.03,72.58,33.4,55,2.81,0.0,era5
2024-06-24 17:00:00+00:00,23.03,72.58,33.2,57,2.56,0.0,era5
2024-06-24 18:00:00+00:00,23.03,72.58,32.7,60,2.72,0.0,era5
2024-06-24 19:00:00+00:00,23.03,72.58,29.4,78,5.22,0.0,era5
2024-06-24 20:00:00+00:00,23.03,72.58,28.2,88,3.5,0.0,era5
2024-06-24 21:00:00+00:00,23.03,72.58,28.6,88,3.61,0.0,era5
2024-06-24 22:00:00+00:00,23.03,72.58,28.3,90,3.81,0.0,era5
2024-06-24 23:00:00+00:00,23.03,72.58,28.1,91,3.42,0.0,era5
2024-06-25 00:00:00+00:00,23.03,72.58,27.7,90,3.22,0.0,era5
2024-06-25 01:00:00+00:00,23.03,72.58,27.1,89,2.0,0.0,era5
2024-06-25 02:00:00+00:00,23.03,72.58,27.9,86,1.28,0.0,era5
2024-06-25 03:00:00+00:00,23.03,72.58,28.7,82,1.19,4.6,era5
2024-06-25 04:00:00+00:00,23.03,72.58,29.6,78,0.83,11.1,era5
2024-06-25 05:00:00+00:00,23.03,72.58,30.6,73,2.33,51.6,era5
2024-06-25 06:00:00+00:00,23.03,72.58,31.5,70,2.06,100.5,era5
2024-06-25 07:00:00+00:00,23.03,72.58,32.3,66,2.03,91.5,era5
2024-06-25 08:00:00+00:00,23.03,72.58,33.7,60,1.39,168.8,era5
2024-06-25 09:00:00+00:00,23.03,72.58,34.1,58,1.31,218.0,era5
2024-06-25 10:00:00+00:00,23.03,72.58,35.1,56,1.11,418.8,era5
2024-06-25 11:00:00+00:00,23.03,72.58,34.9,56,1.22,278.8,era5
2024-06-25 12:00:00+00:00,23.03,72.58,33.2,63,3.03,142.6,era5
2024-06-25 13:00:00+00:00,23.03,72.58,33.6,59,3.42,229.2,era5
2024-06-25 14:00:00+00:00,23.03,72.58,32.6,63,2.83,57.4,era5
2024-06-25 15:00:00+00:00,23.03,72.58,31.8,67,3.25,0.0,era5
2024-06-25 16:00:00+00:00,23.03,72.58,31.0,69,3.28,0.0,era5
2024-06-25 17:00:00+00:00,23.03,72.58,30.3,71,4.08,0.0,era5
2024-06-25 18:00:00+00:00,23.03,72.58,29.8,72,2.94,0.0,era5
2024-06-25 19:00:00+00:00,23.03,72.58,29.5,74,2.42,0.0,era5
2024-06-25 20:00:00+00:00,23.03,72.58,29.3,77,1.89,0.0,era5
2024-06-25 21:00:00+00:00,23.03,72.58,29.2,80,1.64,0.0,era5
2024-06-25 22:00:00+00:00,23.03,72.58,29.1,81,1.67,0.0,era5
2024-06-25 23:00:00+00:00,23.03,72.58,28.8,82,1.97,0.0,era5
2024-06-26 00:00:00+00:00,23.03,72.58,28.5,83,1.58,0.0,era5
2024-06-26 01:00:00+00:00,23.03,72.58,29.0,79,1.5,0.0,era5
2024-06-26 02:00:00+00:00,23.03,72.58,29.7,76,2.19,31.9,era5
2024-06-26 03:00:00+00:00,23.03,72.58,30.7,73,1.86,101.2,era5
2024-06-26 04:00:00+00:00,23.03,72.58,32.4,64,2.06,367.8,era5
2024-06-26 05:00:00+00:00,23.03,72.58,34.0,57,2.22,566.3,era5
2024-06-26 06:00:00+00:00,23.03,72.58,35.6,50,2.56,539.0,era5
2024-06-26 07:00:00+00:00,23.03,72.58,36.1,51,2.92,498.4,era5
2024-06-26 08:00:00+00:00,23.03,72.58,36.6,52,2.81,588.9,era5
2024-06-26 09:00:00+00:00,23.03,72.58,36.9,51,2.61,565.4,era5
2024-06-26 10:00:00+00:00,23.03,72.58,37.3,48,2.5,350.4,era5
2024-06-26 11:00:00+00:00,23.03,72.58,34.8,57,3.72,193.3,era5
2024-06-26 12:00:00+00:00,23.03,72.58,34.0,61,3.72,319.6,era5
2024-06-26 13:00:00+00:00,23.03,72.58,35.1,58,2.44,235.2,era5
2024-06-26 14:00:00+00:00,23.03,72.58,33.7,63,3.03,57.2,era5
2024-06-26 15:00:00+00:00,23.03,72.58,32.4,65,4.06,0.0,era5
2024-06-26 16:00:00+00:00,23.03,72.58,31.4,69,3.72,0.0,era5
2024-06-26 17:00:00+00:00,23.03,72.58,30.6,74,3.31,0.0,era5
2024-06-26 18:00:00+00:00,23.03,72.58,30.1,79,3.11,0.0,era5
2024-06-26 19:00:00+00:00,23.03,72.58,29.7,83,3.44,0.0,era5
2024-06-26 20:00:00+00:00,23.03,72.58,29.3,85,2.69,0.0,era5
2024-06-26 21:00:00+00:00,23.03,72.58,29.0,86,2.97,0.0,era5
2024-06-26 22:00:00+00:00,23.03,72.58,28.9,86,2.94,0.0,era5
2024-06-26 23:00:00+00:00,23.03,72.58,28.7,85,3.33,0.0,era5
2024-06-27 00:00:00+00:00,23.03,72.58,28.5,84,3.14,0.0,era5
2024-06-27 01:00:00+00:00,23.03,72.58,28.9,83,2.92,0.0,era5
2024-06-27 02:00:00+00:00,23.03,72.58,29.5,79,3.53,41.2,era5
2024-06-27 03:00:00+00:00,23.03,72.58,30.8,73,3.36,332.0,era5
2024-06-27 04:00:00+00:00,23.03,72.58,32.1,67,3.92,309.5,era5
2024-06-27 05:00:00+00:00,23.03,72.58,33.3,62,4.33,381.6,era5
2024-06-27 06:00:00+00:00,23.03,72.58,33.5,62,4.22,335.7,era5
2024-06-27 07:00:00+00:00,23.03,72.58,34.5,59,4.36,228.9,era5
2024-06-27 08:00:00+00:00,23.03,72.58,35.1,55,5.11,129.6,era5
2024-06-27 09:00:00+00:00,23.03,72.58,32.6,65,5.64,54.7,era5
2024-06-27 10:00:00+00:00,23.03,72.58,34.4,58,4.08,550.1,era5
2024-06-27 11:00:00+00:00,23.03,72.58,33.9,61,4.25,294.0,era5
2024-06-27 12:00:00+00:00,23.03,72.58,33.5,61,4.81,182.7,era5
2024-06-27 13:00:00+00:00,23.03,72.58,31.4,69,5.03,22.5,era5
2024-06-27 14:00:00+00:00,23.03,72.58,30.6,71,4.75,16.3,era5
2024-06-27 15:00:00+00:00,23.03,72.58,30.2,73,4.81,0.0,era5
2024-06-27 16:00:00+00:00,23.03,72.58,29.7,76,4.25,0.0,era5
2024-06-27 17:00:00+00:00,23.03,72.58,29.5,78,4.08,0.0,era5
2024-06-27 18:00:00+00:00,23.03,72.58,29.2,80,4.72,0.0,era5
2024-06-27 19:00:00+00:00,23.03,72.58,28.9,82,5.06,0.0,era5
2024-06-27 20:00:00+00:00,23.03,72.58,28.7,83,4.39,0.0,era5
2024-06-27 21:00:00+00:00,23.03,72.58,28.4,84,4.42,0.0,era5
2024-06-27 22:00:00+00:00,23.03,72.58,28.0,84,4.69,0.0,era5
2024-06-27 23:00:00+00:00,23.03,72.58,27.6,86,4.03,0.0,era5
2024-06-28 00:00:00+00:00,23.03,72.58,27.8,84,3.86,0.0,era5
2024-06-28 01:00:00+00:00,23.03,72.58,27.8,86,3.61,0.0,era5
2024-06-28 02:00:00+00:00,23.03,72.58,28.3,83,4.25,32.2,era5
2024-06-28 03:00:00+00:00,23.03,72.58,29.2,78,4.61,78.6,era5
2024-06-28 04:00:00+00:00,23.03,72.58,29.7,76,4.47,41.3,era5
2024-06-28 05:00:00+00:00,23.03,72.58,30.7,71,4.22,129.8,era5
2024-06-28 06:00:00+00:00,23.03,72.58,32.3,65,4.44,315.1,era5
2024-06-28 07:00:00+00:00,23.03,72.58,29.8,76,5.03,52.9,era5
2024-06-28 08:00:00+00:00,23.03,72.58,30.3,76,5.86,233.1,era5
2024-06-28 09:00:00+00:00,23.03,72.58,31.7,71,5.14,370.4,era5
2024-06-28 10:00:00+00:00,23.03,72.58,32.5,67,5.0,175.0,era5
2024-06-28 11:00:00+00:00,23.03,72.58,29.4,81,4.39,9.9,era5
2024-06-28 12:00:00+00:00,23.03,72.58,29.7,80,4.39,46.1,era5
2024-06-28 13:00:00+00:00,23.03,72.58,30.5,73,4.11,38.5,era5
2024-06-28 14:00:00+00:00,23.03,72.58,29.8,76,3.44,8.1,era5
2024-06-28 15:00:00+00:00,23.03,72.58,29.3,79,3.36,0.0,era5
2024-06-28 16:00:00+00:00,23.03,72.58,29.1,80,3.31,0.0,era5
2024-06-28 17:00:00+00:00,23.03,72.58,28.6,83,3.94,0.0,era5
2024-06-28 18:00:00+00:00,23.03,72.58,28.2,86,4.67,0.0,era5
2024-06-28 19:00:00+00:00,23.03,72.58,27.8,87,4.11,0.0,era5
2024-06-28 20:00:00+00:00,23.03,72.58,27.7,88,5.11,0.0,era5
2024-06-28 21:00:00+00:00,23.03,72.58,27.3,90,4.17,0.0,era5
2024-06-28 22:00:00+00:00,23.03,72.58,27.1,92,3.94,0.0,era5
2024-06-28 23:00:00+00:00,23.03,72.58,26.8,95,3.86,0.0,era5
2024-06-29 00:00:00+00:00,23.03,72.58,26.9,94,4.39,0.0,era5
2024-06-29 01:00:00+00:00,23.03,72.58,27.0,93,3.47,0.0,era5
2024-06-29 02:00:00+00:00,23.03,72.58,27.1,94,3.83,0.0,era5
2024-06-29 03:00:00+00:00,23.03,72.58,28.0,89,4.61,2.3,era5
2024-06-29 04:00:00+00:00,23.03,72.58,27.7,89,4.39,3.2,era5
2024-06-29 05:00:00+00:00,23.03,72.58,28.6,88,3.69,2.5,era5
2024-06-29 06:00:00+00:00,23.03,72.58,30.0,81,4.72,47.1,era5
2024-06-29 07:00:00+00:00,23.03,72.58,29.9,77,5.86,45.8,era5
2024-06-29 08:00:00+00:00,23.03,72.58,31.6,72,4.72,194.9,era5
2024-06-29 09:00:00+00:00,23.03,72.58,30.1,76,5.58,48.4,era5
2024-06-29 10:00:00+00:00,23.03,72.58,29.4,83,4.11,0.0,era5
2024-06-29 11:00:00+00:00,23.03,72.58,29.6,82,3.69,0.0,era5
2024-06-29 12:00:00+00:00,23.03,72.58,28.8,86,3.89,0.0,era5
2024-06-29 13:00:00+00:00,23.03,72.58,28.8,85,3.92,12.8,era5
2024-06-29 14:00:00+00:00,23.03,72.58,28.4,86,3.94,24.4,era5
2024-06-29 15:00:00+00:00,23.03,72.58,28.0,87,3.83,0.0,era5
2024-06-29 16:00:00+00:00,23.03,72.58,27.8,88,3.5,0.0,era5
2024-06-29 17:00:00+00:00,23.03,72.58,27.7,89,3.61,0.0,era5
2024-06-29 18:00:00+00:00,23.03,72.58,27.6,90,3.81,0.0,era5
2024-06-29 19:00:00+00:00,23.03,72.58,27.5,90,3.83,0.0,era5
2024-06-29 20:00:00+00:00,23.03,72.58,27.4,91,3.56,0.0,era5
2024-06-29 21:00:00+00:00,23.03,72.58,27.3,91,3.61,0.0,era5
2024-06-29 22:00:00+00:00,23.03,72.58,27.1,91,3.11,0.0,era5
2024-06-29 23:00:00+00:00,23.03,72.58,26.9,92,2.58,0.0,era5
2024-06-30 00:00:00+00:00,23.03,72.58,26.9,93,2.53,0.0,era5
2024-06-30 01:00:00+00:00,23.03,72.58,27.0,93,2.86,0.0,era5
2024-06-30 02:00:00+00:00,23.03,72.58,27.1,91,4.0,60.4,era5
2024-06-30 03:00:00+00:00,23.03,72.58,27.5,89,3.69,69.6,era5
2024-06-30 04:00:00+00:00,23.03,72.58,28.0,88,3.61,164.1,era5
2024-06-30 05:00:00+00:00,23.03,72.58,27.8,89,4.31,15.1,era5
2024-06-30 06:00:00+00:00,23.03,72.58,27.6,90,3.89,18.6,era5
2024-06-30 07:00:00+00:00,23.03,72.58,29.5,83,4.42,178.1,era5
2024-06-30 08:00:00+00:00,23.03,72.58,31.2,77,4.94,382.8,era5
2024-06-30 09:00:00+00:00,23.03,72.58,29.6,83,5.25,40.0,era5
2024-06-30 10:00:00+00:00,23.03,72.58,28.6,86,4.11,17.6,era5
2024-06-30 11:00:00+00:00,23.03,72.58,27.8,93,4.03,0.0,era5
2024-06-30 12:00:00+00:00,23.03,72.58,27.6,93,4.83,19.2,era5
2024-06-30 13:00:00+00:00,23.03,72.58,27.8,92,3.53,48.0,era5
2024-06-30 14:00:00+00:00,23.03,72.58,27.3,94,3.42,8.1,era5
2024-06-30 15:00:00+00:00,23.03,72.58,27.1,94,3.22,0.0,era5
2024-06-30 16:00:00+00:00,23.03,72.58,27.0,94,3.64,0.0,era5
2024-06-30 17:00:00+00:00,23.03,72.58,26.9,92,4.69,0.0,era5
2024-06-30 18:00:00+00:00,23.03,72.58,26.5,93,4.5,0.0,era5
2024-06-30 19:00:00+00:00,23.03,72.58,26.0,95,3.81,0.0,era5
2024-06-30 20:00:00+00:00,23.03,72.58,25.8,96,3.67,0.0,era5
2024-06-30 21:00:00+00:00,23.03,72.58,25.8,97,3.22,0.0,era5
2024-06-30 22:00:00+00:00,23.03,72.58,25.9,97,3.69,0.0,era5
2024-06-30 23:00:00+00:00,23.03,72.58,25.9,95,3.83,0.0,era5
