timestamp,lat,lon,temp_c,humidity_pct,wind_speed_ms,solar_radiation_wm2,source
2021-04-01 00:00:00+00:00,23.03,72.58,24.66,41.9,3.7,0.0,fused_om_nasa
2021-04-01 01:00:00+00:00,23.03,72.58,23.86,42.8,3.7,0.0,fused_om_nasa
2021-04-01 02:00:00+00:00,23.03,72.58,23.76,43.0,3.74,87.0,fused_om_nasa
2021-04-01 03:00:00+00:00,23.03,72.58,24.71,40.6,3.18,255.4,fused_om_nasa
2021-04-01 04:00:00+00:00,23.03,72.58,26.03,37.5,2.93,349.0,fused_om_nasa
2021-04-01 05:00:00+00:00,23.03,72.58,27.16,36.0,2.72,398.3,fused_om_nasa
2021-04-01 06:00:00+00:00,23.03,72.58,28.53,33.2,2.56,449.2,fused_om_nasa
2021-04-01 07:00:00+00:00,23.03,72.58,30.51,25.8,2.6,569.4,fused_om_nasa
2021-04-01 08:00:00+00:00,23.03,72.58,33.21,14.8,2.37,699.1,fused_om_nasa
2021-04-01 09:00:00+00:00,23.03,72.58,36.03,9.2,2.11,807.6,fused_om_nasa
2021-04-01 10:00:00+00:00,23.03,72.58,38.75,5.5,2.04,878.1,fused_om_nasa
2021-04-01 11:00:00+00:00,23.03,72.58,39.96,3.9,2.34,897.2,fused_om_nasa
2021-04-01 12:00:00+00:00,23.03,72.58,39.99,5.0,2.54,846.5,fused_om_nasa
2021-04-01 13:00:00+00:00,23.03,72.58,38.53,7.8,3.32,673.0,fused_om_nasa
2021-04-01 14:00:00+00:00,23.03,72.58,36.78,6.7,3.73,426.0,fused_om_nasa
2021-04-01 15:00:00+00:00,23.03,72.58,36.3,6.2,3.58,314.8,fused_om_nasa
2021-04-01 16:00:00+00:00,23.03,72.58,35.27,6.2,3.38,194.1,fused_om_nasa
2021-04-01 17:00:00+00:00,23.03,72.58,32.38,9.2,2.98,73.4,fused_om_nasa
2021-04-01 18:00:00+00:00,23.03,72.58,29.34,20.2,3.0,2.9,fused_om_nasa
2021-04-01 19:00:00+00:00,23.03,72.58,28.23,25.0,2.37,0.0,fused_om_nasa
2021-04-01 20:00:00+00:00,23.03,72.58,26.6,29.5,2.38,0.0,fused_om_nasa
2021-04-01 21:00:00+00:00,23.03,72.58,25.58,35.0,2.38,0.0,fused_om_nasa
2021-04-01 22:00:00+00:00,23.03,72.58,24.54,46.7,2.7,0.0,fused_om_nasa
2021-04-01 23:00:00+00:00,23.03,72.58,23.13,59.7,2.68,0.0,fused_om_nasa
2021-04-02 00:00:00+00:00,23.03,72.58,22.94,60.3,2.6,0.0,fused_om_nasa
2021-04-02 01:00:00+00:00,23.03,72.58,22.32,62.5,2.45,0.0,fused_om_nasa
2021-04-02 02:00:00+00:00,23.03,72.58,22.62,57.5,2.68,85.8,fused_om_nasa
2021-04-02 03:00:00+00:00,23.03,72.58,23.84,45.0,2.54,248.2,fused_om_nasa
2021-04-02 04:00:00+00:00,23.03,72.58,24.84,37.3,2.5,338.7,fused_om_nasa
2021-04-02 05:00:00+00:00,23.03,72.58,25.58,38.0,2.41,387.7,fused_om_nasa
2021-04-02 06:00:00+00:00,23.03,72.58,27.2,38.9,2.51,437.2,fused_om_nasa
2021-04-02 07:00:00+00:00,23.03,72.58,29.81,35.9,2.72,551.2,fused_om_nasa
2021-04-02 08:00:00+00:00,23.03,72.58,32.89,25.2,2.38,665.2,fused_om_nasa
2021-04-02 09:00:00+00:00,23.03,72.58,35.56,16.9,2.28,774.5,fused_om_nasa
2021-04-02 10:00:00+00:00,23.03,72.58,37.88,11.0,2.23,861.3,fused_om_nasa
2021-04-02 11:00:00+00:00,23.03,72.58,39.7,7.3,2.16,869.3,fused_om_nasa
2021-04-02 12:00:00+00:00,23.03,72.58,39.89,6.7,1.86,823.1,fused_om_nasa
2021-04-02 13:00:00+00:00,23.03,72.58,38.43,9.4,1.9,670.4,fused_om_nasa
2021-04-02 14:00:00+00:00,23.03,72.58,37.14,8.2,2.04,422.2,fused_om_nasa
2021-04-02 15:00:00+00:00,23.03,72.58,36.11,8.6,2.21,308.8,fused_om_nasa
2021-04-02 16:00:00+00:00,23.03,72.58,34.75,10.6,2.22,185.5,fused_om_nasa
2021-04-02 17:00:00+00:00,23.03,72.58,32.22,18.8,2.09,66.0,fused_om_nasa
2021-04-02 18:00:00+00:00,23.03,72.58,29.82,23.3,2.19,3.0,fused_om_nasa
2021-04-02 19:00:00+00:00,23.03,72.58,27.86,30.2,2.44,0.0,fused_om_nasa
2021-04-02 20:00:00+00:00,23.03,72.58,26.65,34.4,2.78,0.0,fused_om_nasa
2021-04-02 21:00:00+00:00,23.03,72.58,25.76,37.4,2.93,0.0,fused_om_nasa
2021-04-02 22:00:00+00:00,23.03,72.58,24.94,41.8,2.99,0.0,fused_om_nasa
2021-04-02 23:00:00+00:00,23.03,72.58,23.98,48.8,3.08,0.0,fused_om_nasa
2021-04-03 00:00:00+00:00,23.03,72.58,23.58,58.1,2.7,0.0,fused_om_nasa
2021-04-03 01:00:00+00:00,23.03,72.58,22.99,62.2,2.55,0.0,fused_om_nasa
2021-04-03 02:00:00+00:00,23.03,72.58,23.38,60.8,2.39,88.4,fused_om_nasa
2021-04-03 03:00:00+00:00,23.03,72.58,24.7,52.5,2.16,244.2,fused_om_nasa
2021-04-03 04:00:00+00:00,23.03,72.58,26.05,43.2,2.16,334.0,fused_om_nasa
2021-04-03 05:00:00+00:00,23.03,72.58,27.08,40.1,2.22,382.0,fused_om_nasa
2021-04-03 06:00:00+00:00,23.03,72.58,28.61,38.1,2.46,435.2,fused_om_nasa
2021-04-03 07:00:00+00:00,23.03,72.58,30.96,33.8,2.55,555.2,fused_om_nasa
2021-04-03 08:00:00+00:00,23.03,72.58,33.86,24.5,2.38,679.0,fused_om_nasa
2021-04-03 09:00:00+00:00,23.03,72.58,36.63,16.4,2.36,782.8,fused_om_nasa
2021-04-03 10:00:00+00:00,23.03,72.58,39.1,10.3,2.42,848.1,fused_om_nasa
2021-04-03 11:00:00+00:00,23.03,72.58,40.31,8.6,2.17,862.0,fused_om_nasa
2021-04-03 12:00:00+00:00,23.03,72.58,40.39,8.4,1.85,811.7,fused_om_nasa
2021-04-03 13:00:00+00:00,23.03,72.58,38.97,11.6,2.12,644.6,fused_om_nasa
2021-04-03 14:00:00+00:00,23.03,72.58,37.2,11.0,2.42,404.4,fused_om_nasa
2021-04-03 15:00:00+00:00,23.03,72.58,36.94,11.0,2.76,292.4,fused_om_nasa
2021-04-03 16:00:00+00:00,23.03,72.58,35.46,15.6,2.64,173.8,fused_om_nasa
2021-04-03 17:00:00+00:00,23.03,72.58,33.38,22.2,2.78,63.2,fused_om_nasa
2021-04-03 18:00:00+00:00,23.03,72.58,31.04,29.6,2.66,2.8,fused_om_nasa
2021-04-03 19:00:00+00:00,23.03,72.58,29.94,30.0,2.8,0.0,fused_om_nasa
2021-04-03 20:00:00+00:00,23.03,72.58,28.98,30.7,3.17,0.0,fused_om_nasa
2021-04-03 21:00:00+00:00,23.03,72.58,27.79,31.9,3.28,0.0,fused_om_nasa
2021-04-03 22:00:00+00:00,23.03,72.58,26.74,32.8,3.28,0.0,fused_om_nasa
2021-04-03 23:00:00+00:00,23.03,72.58,25.79,34.4,3.16,0.0,fused_om_nasa
2021-04-04 00:00:00+00:00,23.03,72.58,24.74,43.0,3.18,0.0,fused_om_nasa
2021-04-04 01:00:00+00:00,23.03,72.58,24.26,45.0,2.79,0.0,fused_om_nasa
2021-04-04 02:00:00+00:00,23.03,72.58,24.95,43.8,2.31,87.2,fused_om_nasa
2021-04-04 03:00:00+00:00,23.03,72.58,25.82,43.2,2.15,241.7,fused_om_nasa
2021-04-04 04:00:00+00:00,23.03,72.58,26.62,42.0,2.19,330.2,fused_om_nasa
2021-04-04 05:00:00+00:00,23.03,72.58,27.72,40.5,2.08,377.8,fused_om_nasa
2021-04-04 06:00:00+00:00,23.03,72.58,29.48,37.6,1.88,431.1,fused_om_nasa
2021-04-04 07:00:00+00:00,23.03,72.58,31.8,33.0,1.75,550.0,fused_om_nasa
2021-04-04 08:00:00+00:00,23.03,72.58,34.32,27.5,1.69,673.3,fused_om_nasa
2021-04-04 09:00:00+00:00,23.03,72.58,37.22,17.4,2.02,774.7,fused_om_nasa
2021-04-04 10:00:00+00:00,23.03,72.58,39.12,12.8,2.2,839.7,fused_om_nasa
2021-04-04 11:00:00+00:00,23.03,72.58,40.02,11.5,2.26,822.4,fused_om_nasa
2021-04-04 12:00:00+00:00,23.03,72.58,40.0,12.2,2.42,794.6,fused_om_nasa
2021-04-04 13:00:00+00:00,23.03,72.58,38.94,14.2,2.47,644.8,fused_om_nasa
2021-04-04 14:00:00+00:00,23.03,72.58,37.59,14.4,2.64,401.5,fused_om_nasa
2021-04-04 15:00:00+00:00,23.03,72.58,36.72,14.8,2.46,287.2,fused_om_nasa
2021-04-04 16:00:00+00:00,23.03,72.58,35.62,16.0,2.3,169.1,fused_om_nasa
2021-04-04 17:00:00+00:00,23.03,72.58,33.57,20.7,1.88,60.3,fused_om_nasa
2021-04-04 18:00:00+00:00,23.03,72.58,31.1,28.0,2.26,2.6,fused_om_nasa
2021-04-04 19:00:00+00:00,23.03,72.58,29.87,32.7,2.94,0.0,fused_om_nasa
2021-04-04 20:00:00+00:00,23.03,72.58,28.98,38.7,3.03,0.0,fused_om_nasa
2021-04-04 21:00:00+00:00,23.03,72.58,28.07,44.2,3.16,0.0,fused_om_nasa
2021-04-04 22:00:00+00:00,23.03,72.58,27.2,46.0,3.2,0.0,fused_om_nasa
2021-04-04 23:00:00+00:00,23.03,72.58,26.56,43.3,3.4,0.0,fused_om_nasa
2021-04-05 00:00:00+00:00,23.03,72.58,26.16,46.2,3.34,0.0,fused_om_nasa
2021-04-05 01:00:00+00:00,23.03,72.58,25.4,51.0,2.75,0.0,fused_om_nasa
2021-04-05 02:00:00+00:00,23.03,72.58,25.59,51.6,2.54,89.6,fused_om_nasa
2021-04-05 03:00:00+00:00,23.03,72.58,26.16,51.7,2.32,239.2,fused_om_nasa
2021-04-05 04:00:00+00:00,23.03,72.58,27.12,51.0,2.19,323.0,fused_om_nasa
2021-04-05 05:00:00+00:00,23.03,72.58,28.22,51.9,2.14,370.8,fused_om_nasa
2021-04-05 06:00:00+00:00,23.03,72.58,29.95,50.8,2.62,423.0,fused_om_nasa
2021-04-05 07:00:00+00:00,23.03,72.58,32.43,43.2,3.16,536.8,fused_om_nasa
2021-04-05 08:00:00+00:00,23.03,72.58,34.93,32.5,3.34,659.9,fused_om_nasa
2021-04-05 09:00:00+00:00,23.03,72.58,37.22,23.3,3.4,762.4,fused_om_nasa
2021-04-05 10:00:00+00:00,23.03,72.58,39.17,17.3,3.4,811.1,fused_om_nasa
2021-04-05 11:00:00+00:00,23.03,72.58,40.31,14.7,3.36,840.1,fused_om_nasa
2021-04-05 12:00:00+00:00,23.03,72.58,40.54,13.6,3.14,784.5,fused_om_nasa
2021-04-05 13:00:00+00:00,23.03,72.58,39.54,14.9,2.78,641.8,fused_om_nasa
2021-04-05 14:00:00+00:00,23.03,72.58,38.65,15.0,2.68,419.9,fused_om_nasa
2021-04-05 15:00:00+00:00,23.03,72.58,37.11,17.0,2.94,307.1,fused_om_nasa
2021-04-05 16:00:00+00:00,23.03,72.58,36.65,17.2,3.37,185.0,fused_om_nasa
2021-04-05 17:00:00+00:00,23.03,72.58,34.72,21.9,2.9,67.3,fused_om_nasa
2021-04-05 18:00:00+00:00,23.03,72.58,32.12,25.7,2.39,3.2,fused_om_nasa
2021-04-05 19:00:00+00:00,23.03,72.58,30.81,25.8,2.49,0.0,fused_om_nasa
2021-04-05 20:00:00+00:00,23.03,72.58,29.86,22.0,2.88,0.0,fused_om_nasa
2021-04-05 21:00:00+00:00,23.03,72.58,28.95,25.9,3.12,0.0,fused_om_nasa
2021-04-05 22:00:00+00:00,23.03,72.58,28.14,32.2,3.2,0.0,fused_om_nasa
2021-04-05 23:00:00+00:00,23.03,72.58,27.37,36.8,3.36,0.0,fused_om_nasa
2021-04-06 00:00:00+00:00,23.03,72.58,26.81,42.1,3.33,0.0,fused_om_nasa
2021-04-06 01:00:00+00:00,23.03,72.58,26.13,46.4,3.14,0.0,fused_om_nasa
2021-04-06 02:00:00+00:00,23.03,72.58,26.28,49.1,3.24,92.0,fused_om_nasa
2021-04-06 03:00:00+00:00,23.03,72.58,27.24,48.2,3.28,242.6,fused_om_nasa
2021-04-06 04:00:00+00:00,23.03,72.58,28.42,46.2,3.18,329.2,fused_om_nasa
2021-04-06 05:00:00+00:00,23.03,72.58,29.59,45.2,2.82,376.2,fused_om_nasa
2021-04-06 06:00:00+00:00,23.03,72.58,31.08,42.4,2.98,430.0,fused_om_nasa
2021-04-06 07:00:00+00:00,23.03,72.58,33.12,36.5,3.24,547.9,fused_om_nasa
2021-04-06 08:00:00+00:00,23.03,72.58,35.38,28.6,3.32,670.3,fused_om_nasa
2021-04-06 09:00:00+00:00,23.03,72.58,37.7,19.8,3.6,771.3,fused_om_nasa
2021-04-06 10:00:00+00:00,23.03,72.58,39.94,13.2,3.71,837.5,fused_om_nasa
2021-04-06 11:00:00+00:00,23.03,72.58,40.92,12.0,3.69,846.2,fused_om_nasa
2021-04-06 12:00:00+00:00,23.03,72.58,40.98,12.1,3.61,795.6,fused_om_nasa
2021-04-06 13:00:00+00:00,23.03,72.58,40.06,13.2,2.7,648.3,fused_om_nasa
2021-04-06 14:00:00+00:00,23.03,72.58,38.8,14.0,2.94,418.6,fused_om_nasa
2021-04-06 15:00:00+00:00,23.03,72.58,37.72,14.3,3.06,309.2,fused_om_nasa
2021-04-06 16:00:00+00:00,23.03,72.58,36.92,14.8,3.31,188.0,fused_om_nasa
2021-04-06 17:00:00+00:00,23.03,72.58,35.36,15.8,3.14,69.7,fused_om_nasa
2021-04-06 18:00:00+00:00,23.03,72.58,32.88,15.1,3.04,3.4,fused_om_nasa
2021-04-06 19:00:00+00:00,23.03,72.58,31.36,17.4,3.02,0.0,fused_om_nasa
2021-04-06 20:00:00+00:00,23.03,72.58,29.8,24.1,3.17,0.0,fused_om_nasa
2021-04-06 21:00:00+00:00,23.03,72.58,28.71,32.9,3.46,0.0,fused_om_nasa
2021-04-06 22:00:00+00:00,23.03,72.58,27.86,40.3,3.73,0.0,fused_om_nasa
2021-04-06 23:00:00+00:00,23.03,72.58,27.0,45.9,3.8,0.0,fused_om_nasa
2021-04-07 00:00:00+00:00,23.03,72.58,25.98,53.9,3.66,0.0,fused_om_nasa
2021-04-07 01:00:00+00:00,23.03,72.58,25.16,60.1,3.43,0.0,fused_om_nasa
2021-04-07 02:00:00+00:00,23.03,72.58,25.14,63.3,3.45,94.4,fused_om_nasa
2021-04-07 03:00:00+00:00,23.03,72.58,25.94,61.2,3.87,243.1,fused_om_nasa
2021-04-07 04:00:00+00:00,23.03,72.58,26.7,59.6,3.86,328.2,fused_om_nasa
2021-04-07 05:00:00+00:00,23.03,72.58,27.62,58.5,3.16,374.1,fused_om_nasa
2021-04-07 06:00:00+00:00,23.03,72.58,29.22,54.8,3.63,430.2,fused_om_nasa
2021-04-07 07:00:00+00:00,23.03,72.58,31.66,45.4,3.55,546.2,fused_om_nasa
2021-04-07 08:00:00+00:00,23.03,72.58,34.12,34.8,3.16,668.2,fused_om_nasa
2021-04-07 09:00:00+00:00,23.03,72.58,36.39,25.3,3.0,771.1,fused_om_nasa
2021-04-07 10:00:00+00:00,23.03,72.58,38.38,18.3,3.1,842.2,fused_om_nasa
2021-04-07 11:00:00+00:00,23.03,72.58,39.75,13.8,3.26,850.0,fused_om_nasa
2021-04-07 12:00:00+00:00,23.03,72.58,39.87,12.9,3.26,801.4,fused_om_nasa
2021-04-07 13:00:00+00:00,23.03,72.58,39.2,13.3,2.76,653.4,fused_om_nasa
2021-04-07 14:00:00+00:00,23.03,72.58,37.54,15.0,2.6,420.5,fused_om_nasa
2021-04-07 15:00:00+00:00,23.03,72.58,36.6,16.4,2.77,311.4,fused_om_nasa
2021-04-07 16:00:00+00:00,23.03,72.58,35.44,17.5,3.03,190.1,fused_om_nasa
2021-04-07 17:00:00+00:00,23.03,72.58,34.54,18.0,2.7,70.5,fused_om_nasa
2021-04-07 18:00:00+00:00,23.03,72.58,31.7,20.6,2.48,3.6,fused_om_nasa
2021-04-07 19:00:00+00:00,23.03,72.58,30.06,21.8,2.44,0.0,fused_om_nasa
2021-04-07 20:00:00+00:00,23.03,72.58,29.27,22.9,3.08,0.0,fused_om_nasa
2021-04-07 21:00:00+00:00,23.03,72.58,28.6,23.5,2.93,0.0,fused_om_nasa
2021-04-07 22:00:00+00:00,23.03,72.58,27.66,24.2,3.01,0.0,fused_om_nasa
2021-04-07 23:00:00+00:00,23.03,72.58,27.28,25.4,3.5,0.0,fused_om_nasa
2021-04-08 00:00:00+00:00,23.03,72.58,26.25,35.6,3.62,0.0,fused_om_nasa
2021-04-08 01:00:00+00:00,23.03,72.58,25.66,45.7,3.6,0.0,fused_om_nasa
2021-04-08 02:00:00+00:00,23.03,72.58,25.91,49.0,3.84,96.8,fused_om_nasa
2021-04-08 03:00:00+00:00,23.03,72.58,26.78,45.7,3.24,243.6,fused_om_nasa
2021-04-08 04:00:00+00:00,23.03,72.58,27.9,41.9,2.66,329.0,fused_om_nasa
2021-04-08 05:00:00+00:00,23.03,72.58,28.98,38.4,2.24,375.4,fused_om_nasa
2021-04-08 06:00:00+00:00,23.03,72.58,30.37,33.4,2.28,429.8,fused_om_nasa
2021-04-08 07:00:00+00:00,23.03,72.58,32.42,26.3,2.8,544.3,fused_om_nasa
2021-04-08 08:00:00+00:00,23.03,72.58,34.86,19.6,2.81,666.9,fused_om_nasa
2021-04-08 09:00:00+00:00,23.03,72.58,37.5,14.1,2.76,771.2,fused_om_nasa
2021-04-08 10:00:00+00:00,23.03,72.58,39.36,11.3,2.66,834.1,fused_om_nasa
2021-04-08 11:00:00+00:00,23.03,72.58,39.97,11.0,2.86,838.4,fused_om_nasa
2021-04-08 12:00:00+00:00,23.03,72.58,39.93,11.1,2.76,782.6,fused_om_nasa
2021-04-08 13:00:00+00:00,23.03,72.58,39.12,12.5,2.63,636.8,fused_om_nasa
2021-04-08 14:00:00+00:00,23.03,72.58,37.75,13.4,3.1,415.2,fused_om_nasa
2021-04-08 15:00:00+00:00,23.03,72.58,36.36,14.4,3.54,310.2,fused_om_nasa
2021-04-08 16:00:00+00:00,23.03,72.58,35.77,14.0,3.9,184.6,fused_om_nasa
2021-04-08 17:00:00+00:00,23.03,72.58,34.33,18.0,3.18,64.2,fused_om_nasa
2021-04-08 18:00:00+00:00,23.03,72.58,31.04,23.0,2.32,3.1,fused_om_nasa
2021-04-08 19:00:00+00:00,23.03,72.58,29.92,25.0,2.38,0.0,fused_om_nasa
2021-04-08 20:00:00+00:00,23.03,72.58,29.68,25.0,2.0,0.0,fused_om_nasa
2021-04-08 21:00:00+00:00,23.03,72.58,27.22,29.6,2.58,0.0,fused_om_nasa
2021-04-08 22:00:00+00:00,23.03,72.58,26.88,22.8,2.54,0.0,fused_om_nasa
2021-04-08 23:00:00+00:00,23.03,72.58,25.84,19.2,2.58,0.0,fused_om_nasa
2021-04-09 00:00:00+00:00,23.03,72.58,25.24,20.0,2.56,0.0,fused_om_nasa
2021-04-09 01:00:00+00:00,23.03,72.58,24.62,20.2,2.58,0.0,fused_om_nasa
2021-04-09 02:00:00+00:00,23.03,72.58,25.28,19.6,2.78,102.4,fused_om_nasa
2021-04-09 03:00:00+00:00,23.03,72.58,26.56,18.5,2.1,252.5,fused_om_nasa
2021-04-09 04:00:00+00:00,23.03,72.58,27.87,17.6,2.48,336.1,fused_om_nasa
2021-04-09 05:00:00+00:00,23.03,72.58,28.96,16.4,2.55,382.8,fused_om_nasa
2021-04-09 06:00:00+00:00,23.03,72.58,30.65,13.7,1.98,433.9,fused_om_nasa
2021-04-09 07:00:00+00:00,23.03,72.58,32.89,10.2,1.84,542.5,fused_om_nasa
2021-04-09 08:00:00+00:00,23.03,72.58,35.32,8.3,1.99,672.5,fused_om_nasa
2021-04-09 09:00:00+00:00,23.03,72.58,38.16,7.6,1.96,775.8,fused_om_nasa
2021-04-09 10:00:00+00:00,23.03,72.58,39.57,7.0,1.71,853.3,fused_om_nasa
2021-04-09 11:00:00+00:00,23.03,72.58,39.94,7.4,1.66,860.3,fused_om_nasa
2021-04-09 12:00:00+00:00,23.03,72.58,39.94,7.3,1.83,801.5,fused_om_nasa
2021-04-09 13:00:00+00:00,23.03,72.58,38.76,8.7,1.78,648.4,fused_om_nasa
2021-04-09 14:00:00+00:00,23.03,72.58,36.92,10.2,2.45,410.0,fused_om_nasa
2021-04-09 15:00:00+00:00,23.03,72.58,36.22,10.7,2.34,297.2,fused_om_nasa
2021-04-09 16:00:00+00:00,23.03,72.58,34.84,11.8,2.59,175.6,fused_om_nasa
2021-04-09 17:00:00+00:00,23.03,72.58,33.98,10.3,2.24,63.2,fused_om_nasa
2021-04-09 18:00:00+00:00,23.03,72.58,31.78,10.6,2.42,3.4,fused_om_nasa
2021-04-09 19:00:00+00:00,23.03,72.58,31.12,10.4,2.71,0.0,fused_om_nasa
2021-04-09 20:00:00+00:00,23.03,72.58,28.82,12.3,2.38,0.0,fused_om_nasa
2021-04-09 21:00:00+00:00,23.03,72.58,27.48,14.0,2.12,0.0,fused_om_nasa
2021-04-09 22:00:00+00:00,23.03,72.58,27.2,14.4,1.83,0.0,fused_om_nasa
2021-04-09 23:00:00+00:00,23.03,72.58,25.32,16.3,2.16,0.0,fused_om_nasa
2021-04-10 00:00:00+00:00,23.03,72.58,25.03,17.2,2.32,0.0,fused_om_nasa
2021-04-10 01:00:00+00:00,23.03,72.58,24.74,16.9,2.14,0.0,fused_om_nasa
2021-04-10 02:00:00+00:00,23.03,72.58,25.29,16.4,2.38,108.0,fused_om_nasa
2021-04-10 03:00:00+00:00,23.03,72.58,26.11,16.0,2.12,254.3,fused_om_nasa
2021-04-10 04:00:00+00:00,23.03,72.58,27.3,14.9,2.5,338.7,fused_om_nasa
2021-04-10 05:00:00+00:00,23.03,72.58,28.6,13.3,2.62,384.8,fused_om_nasa
2021-04-10 06:00:00+00:00,23.03,72.58,30.44,13.0,2.41,438.4,fused_om_nasa
2021-04-10 07:00:00+00:00,23.03,72.58,33.1,11.3,1.96,548.2,fused_om_nasa
2021-04-10 08:00:00+00:00,23.03,72.58,35.56,9.2,1.29,679.2,fused_om_nasa
2021-04-10 09:00:00+00:00,23.03,72.58,38.39,7.3,1.57,794.3,fused_om_nasa
2021-04-10 10:00:00+00:00,23.03,72.58,40.2,6.5,1.78,854.3,fused_om_nasa
2021-04-10 11:00:00+00:00,23.03,72.58,40.88,6.4,1.92,864.2,fused_om_nasa
2021-04-10 12:00:00+00:00,23.03,72.58,40.78,6.3,2.09,801.2,fused_om_nasa
2021-04-10 13:00:00+00:00,23.03,72.58,39.36,8.3,2.14,642.8,fused_om_nasa
2021-04-10 14:00:00+00:00,23.03,72.58,37.73,8.4,2.72,405.8,fused_om_nasa
2021-04-10 15:00:00+00:00,23.03,72.58,36.88,8.4,2.66,283.7,fused_om_nasa
2021-04-10 16:00:00+00:00,23.03,72.58,35.37,9.5,3.01,163.6,fused_om_nasa
2021-04-10 17:00:00+00:00,23.03,72.58,33.49,10.8,2.91,58.8,fused_om_nasa
2021-04-10 18:00:00+00:00,23.03,72.58,31.76,10.8,2.55,3.1,fused_om_nasa
2021-04-10 19:00:00+00:00,23.03,72.58,29.88,12.2,2.68,0.0,fused_om_nasa
2021-04-10 20:00:00+00:00,23.03,72.58,29.18,13.4,2.24,0.0,fused_om_nasa
2021-04-10 21:00:00+00:00,23.03,72.58,28.1,15.2,2.36,0.0,fused_om_nasa
2021-04-10 22:00:00+00:00,23.03,72.58,27.12,17.2,2.03,0.0,fused_om_nasa
2021-04-10 23:00:00+00:00,23.03,72.58,25.94,20.0,1.81,0.0,fused_om_nasa
2021-04-11 00:00:00+00:00,23.03,72.58,25.36,24.0,1.98,0.0,fused_om_nasa
2021-04-11 01:00:00+00:00,23.03,72.58,25.18,24.2,2.0,0.0,fused_om_nasa
2021-04-11 02:00:00+00:00,23.03,72.58,26.02,22.0,1.9,110.1,fused_om_nasa
2021-04-11 03:00:00+00:00,23.03,72.58,27.18,19.9,1.78,253.4,fused_om_nasa
2021-04-11 04:00:00+00:00,23.03,72.58,28.32,18.6,2.1,337.8,fused_om_nasa
2021-04-11 05:00:00+00:00,23.03,72.58,29.6,17.7,2.09,384.2,fused_om_nasa
2021-04-11 06:00:00+00:00,23.03,72.58,31.42,16.7,1.89,442.0,fused_om_nasa
2021-04-11 07:00:00+00:00,23.03,72.58,34.08,13.9,2.0,558.4,fused_om_nasa
2021-04-11 08:00:00+00:00,23.03,72.58,36.52,11.4,2.33,679.8,fused_om_nasa
2021-04-11 09:00:00+00:00,23.03,72.58,39.24,8.1,2.71,790.6,fused_om_nasa
2021-04-11 10:00:00+00:00,23.03,72.58,41.21,5.9,2.72,853.0,fused_om_nasa
2021-04-11 11:00:00+00:00,23.03,72.58,41.65,5.6,3.2,861.4,fused_om_nasa
2021-04-11 12:00:00+00:00,23.03,72.58,41.65,5.4,2.74,804.7,fused_om_nasa
2021-04-11 13:00:00+00:00,23.03,72.58,40.16,6.8,1.93,650.1,fused_om_nasa
2021-04-11 14:00:00+00:00,23.03,72.58,38.94,7.3,2.28,419.2,fused_om_nasa
2021-04-11 15:00:00+00:00,23.03,72.58,38.49,7.8,2.38,289.2,fused_om_nasa
2021-04-11 16:00:00+00:00,23.03,72.58,36.53,9.4,2.74,164.9,fused_om_nasa
2021-04-11 17:00:00+00:00,23.03,72.58,34.42,9.9,2.14,57.3,fused_om_nasa
2021-04-11 18:00:00+00:00,23.03,72.58,32.25,12.4,2.51,2.6,fused_om_nasa
2021-04-11 19:00:00+00:00,23.03,72.58,30.84,13.7,2.63,0.0,fused_om_nasa
2021-04-11 20:00:00+00:00,23.03,72.58,30.11,12.7,2.98,0.0,fused_om_nasa
2021-04-11 21:00:00+00:00,23.03,72.58,29.72,17.1,3.3,0.0,fused_om_nasa
2021-04-11 22:00:00+00:00,23.03,72.58,28.43,22.6,3.29,0.0,fused_om_nasa
2021-04-11 23:00:00+00:00,23.03,72.58,27.43,28.2,3.35,0.0,fused_om_nasa
2021-04-12 00:00:00+00:00,23.03,72.58,26.69,32.1,2.98,0.0,fused_om_nasa
2021-04-12 01:00:00+00:00,23.03,72.58,26.1,34.0,2.59,0.0,fused_om_nasa
2021-04-12 02:00:00+00:00,23.03,72.58,26.48,33.8,3.0,108.9,fused_om_nasa
2021-04-12 03:00:00+00:00,23.03,72.58,27.23,33.9,2.3,248.6,fused_om_nasa
2021-04-12 04:00:00+00:00,23.03,72.58,27.9,34.4,1.9,328.4,fused_om_nasa
2021-04-12 05:00:00+00:00,23.03,72.58,28.82,36.2,2.09,372.3,fused_om_nasa
2021-04-12 06:00:00+00:00,23.03,72.58,30.56,36.4,2.61,434.5,fused_om_nasa
2021-04-12 07:00:00+00:00,23.03,72.58,32.86,32.4,2.74,538.2,fused_om_nasa
2021-04-12 08:00:00+00:00,23.03,72.58,35.48,23.8,2.54,563.5,fused_om_nasa
2021-04-12 09:00:00+00:00,23.03,72.58,38.22,15.2,2.68,720.0,fused_om_nasa
2021-04-12 10:00:00+00:00,23.03,72.58,40.08,11.0,2.61,803.2,fused_om_nasa
2021-04-12 11:00:00+00:00,23.03,72.58,40.83,10.4,2.43,840.9,fused_om_nasa
2021-04-12 12:00:00+00:00,23.03,72.58,40.8,9.9,1.7,763.0,fused_om_nasa
2021-04-12 13:00:00+00:00,23.03,72.58,39.78,13.2,1.86,617.7,fused_om_nasa
2021-04-12 14:00:00+00:00,23.03,72.58,39.84,10.2,1.52,401.7,fused_om_nasa
2021-04-12 15:00:00+00:00,23.03,72.58,38.66,11.2,1.82,290.2,fused_om_nasa
2021-04-12 16:00:00+00:00,23.03,72.58,37.42,11.9,2.22,168.4,fused_om_nasa
2021-04-12 17:00:00+00:00,23.03,72.58,35.28,13.3,2.56,58.0,fused_om_nasa
2021-04-12 18:00:00+00:00,23.03,72.58,33.49,13.2,2.92,3.1,fused_om_nasa
2021-04-12 19:00:00+00:00,23.03,72.58,32.8,11.6,3.16,0.0,fused_om_nasa
2021-04-12 20:00:00+00:00,23.03,72.58,31.44,11.9,3.36,0.0,fused_om_nasa
2021-04-12 21:00:00+00:00,23.03,72.58,30.06,16.0,3.51,0.0,fused_om_nasa
2021-04-12 22:00:00+00:00,23.03,72.58,28.99,19.8,3.72,0.0,fused_om_nasa
2021-04-12 23:00:00+00:00,23.03,72.58,28.14,21.9,3.88,0.0,fused_om_nasa
2021-04-13 00:00:00+00:00,23.03,72.58,27.15,26.6,3.64,0.0,fused_om_nasa
2021-04-13 01:00:00+00:00,23.03,72.58,26.44,28.0,3.59,0.0,fused_om_nasa
2021-04-13 02:00:00+00:00,23.03,72.58,26.74,29.3,3.85,111.0,fused_om_nasa
2021-04-13 03:00:00+00:00,23.03,72.58,27.7,30.7,3.84,247.8,fused_om_nasa
2021-04-13 04:00:00+00:00,23.03,72.58,28.77,32.4,3.84,326.8,fused_om_nasa
2021-04-13 05:00:00+00:00,23.03,72.58,29.73,34.2,3.84,371.8,fused_om_nasa
2021-04-13 06:00:00+00:00,23.03,72.58,31.14,33.6,4.14,421.9,fused_om_nasa
2021-04-13 07:00:00+00:00,23.03,72.58,32.98,28.8,3.9,453.2,fused_om_nasa
2021-04-13 08:00:00+00:00,23.03,72.58,35.62,21.4,3.58,561.0,fused_om_nasa
2021-04-13 09:00:00+00:00,23.03,72.58,38.57,12.6,3.22,608.9,fused_om_nasa
2021-04-13 10:00:00+00:00,23.03,72.58,40.12,10.1,2.75,695.6,fused_om_nasa
2021-04-13 11:00:00+00:00,23.03,72.58,40.68,9.4,2.31,737.4,fused_om_nasa
2021-04-13 12:00:00+00:00,23.03,72.58,40.88,9.1,3.4,735.9,fused_om_nasa
2021-04-13 13:00:00+00:00,23.03,72.58,40.06,9.5,3.2,618.0,fused_om_nasa
2021-04-13 14:00:00+00:00,23.03,72.58,38.68,10.0,3.39,392.1,fused_om_nasa
2021-04-13 15:00:00+00:00,23.03,72.58,37.91,10.0,3.59,282.9,fused_om_nasa
2021-04-13 16:00:00+00:00,23.03,72.58,37.0,10.1,3.72,156.1,fused_om_nasa
2021-04-13 17:00:00+00:00,23.03,72.58,35.44,10.5,3.46,53.9,fused_om_nasa
2021-04-13 18:00:00+00:00,23.03,72.58,32.72,12.3,3.28,2.4,fused_om_nasa
2021-04-13 19:00:00+00:00,23.03,72.58,31.5,12.8,3.48,0.0,fused_om_nasa
2021-04-13 20:00:00+00:00,23.03,72.58,30.68,13.7,3.8,0.0,fused_om_nasa
2021-04-13 21:00:00+00:00,23.03,72.58,29.92,14.7,4.29,0.0,fused_om_nasa
2021-04-13 22:00:00+00:00,23.03,72.58,28.74,17.3,3.88,0.0,fused_om_nasa
2021-04-13 23:00:00+00:00,23.03,72.58,27.56,20.7,3.6,0.0,fused_om_nasa
2021-04-14 00:00:00+00:00,23.03,72.58,26.84,22.6,2.84,0.0,fused_om_nasa
2021-04-14 01:00:00+00:00,23.03,72.58,26.62,24.7,3.02,0.0,fused_om_nasa
2021-04-14 02:00:00+00:00,23.03,72.58,26.96,24.4,2.84,77.6,fused_om_nasa
2021-04-14 03:00:00+00:00,23.03,72.58,27.9,23.3,2.12,160.3,fused_om_nasa
2021-04-14 04:00:00+00:00,23.03,72.58,28.88,22.7,1.84,304.8,fused_om_nasa
2021-04-14 05:00:00+00:00,23.03,72.58,29.65,23.1,2.26,357.4,fused_om_nasa
2021-04-14 06:00:00+00:00,23.03,72.58,31.12,21.9,1.65,421.2,fused_om_nasa
2021-04-14 07:00:00+00:00,23.03,72.58,33.0,19.8,1.74,508.4,fused_om_nasa
2021-04-14 08:00:00+00:00,23.03,72.58,35.66,15.8,1.48,626.6,fused_om_nasa
2021-04-14 09:00:00+00:00,23.03,72.58,38.08,12.2,1.34,739.2,fused_om_nasa
2021-04-14 10:00:00+00:00,23.03,72.58,39.24,10.8,1.77,792.2,fused_om_nasa
2021-04-14 11:00:00+00:00,23.03,72.58,39.75,10.3,2.12,766.3,fused_om_nasa
2021-04-14 12:00:00+00:00,23.03,72.58,39.97,10.6,1.96,723.7,fused_om_nasa
2021-04-14 13:00:00+00:00,23.03,72.58,39.3,11.0,1.92,614.6,fused_om_nasa
2021-04-14 14:00:00+00:00,23.03,72.58,38.03,12.1,2.37,410.2,fused_om_nasa
2021-04-14 15:00:00+00:00,23.03,72.58,37.2,12.8,2.57,295.2,fused_om_nasa
2021-04-14 16:00:00+00:00,23.03,72.58,36.02,13.5,2.12,179.6,fused_om_nasa
2021-04-14 17:00:00+00:00,23.03,72.58,34.88,15.0,1.4,67.0,fused_om_nasa
2021-04-14 18:00:00+00:00,23.03,72.58,31.99,17.3,1.48,4.1,fused_om_nasa
2021-04-14 19:00:00+00:00,23.03,72.58,31.78,18.5,2.1,0.0,fused_om_nasa
2021-04-14 20:00:00+00:00,23.03,72.58,30.52,21.2,1.64,0.0,fused_om_nasa
2021-04-14 21:00:00+00:00,23.03,72.58,29.47,23.9,1.92,0.0,fused_om_nasa
2021-04-14 22:00:00+00:00,23.03,72.58,28.43,28.1,2.37,0.0,fused_om_nasa
2021-04-14 23:00:00+00:00,23.03,72.58,27.51,33.0,3.1,0.0,fused_om_nasa
2021-04-15 00:00:00+00:00,23.03,72.58,26.58,40.9,2.98,0.0,fused_om_nasa
2021-04-15 01:00:00+00:00,23.03,72.58,25.9,45.0,2.9,0.0,fused_om_nasa
2021-04-15 02:00:00+00:00,23.03,72.58,26.08,45.1,2.73,112.0,fused_om_nasa
2021-04-15 03:00:00+00:00,23.03,72.58,26.68,42.2,2.64,246.5,fused_om_nasa
2021-04-15 04:00:00+00:00,23.03,72.58,27.66,36.3,2.16,326.4,fused_om_nasa
2021-04-15 05:00:00+00:00,23.03,72.58,28.52,33.1,1.96,370.8,fused_om_nasa
2021-04-15 06:00:00+00:00,23.03,72.58,30.01,31.5,2.64,432.7,fused_om_nasa
2021-04-15 07:00:00+00:00,23.03,72.58,32.08,28.6,2.88,546.9,fused_om_nasa
2021-04-15 08:00:00+00:00,23.03,72.58,34.89,21.5,3.02,668.2,fused_om_nasa
2021-04-15 09:00:00+00:00,23.03,72.58,36.88,16.9,3.08,655.9,fused_om_nasa
2021-04-15 10:00:00+00:00,23.03,72.58,38.15,15.7,3.36,754.8,fused_om_nasa
2021-04-15 11:00:00+00:00,23.03,72.58,38.89,15.0,3.5,801.5,fused_om_nasa
2021-04-15 12:00:00+00:00,23.03,72.58,39.28,14.1,2.99,747.5,fused_om_nasa
2021-04-15 13:00:00+00:00,23.03,72.58,38.74,16.9,2.43,618.8,fused_om_nasa
2021-04-15 14:00:00+00:00,23.03,72.58,37.04,16.8,2.72,412.5,fused_om_nasa
2021-04-15 15:00:00+00:00,23.03,72.58,35.8,17.9,2.93,288.9,fused_om_nasa
2021-04-15 16:00:00+00:00,23.03,72.58,35.54,17.1,3.42,171.1,fused_om_nasa
2021-04-15 17:00:00+00:00,23.03,72.58,34.34,17.9,3.0,64.6,fused_om_nasa
2021-04-15 18:00:00+00:00,23.03,72.58,32.24,19.6,3.14,3.8,fused_om_nasa
2021-04-15 19:00:00+00:00,23.03,72.58,30.83,20.4,3.34,0.0,fused_om_nasa
2021-04-15 20:00:00+00:00,23.03,72.58,29.76,24.9,3.6,0.0,fused_om_nasa
2021-04-15 21:00:00+00:00,23.03,72.58,28.93,33.3,4.11,0.0,fused_om_nasa
2021-04-15 22:00:00+00:00,23.03,72.58,27.94,42.8,3.84,0.0,fused_om_nasa
2021-04-15 23:00:00+00:00,23.03,72.58,26.98,49.6,3.62,0.0,fused_om_nasa
2021-04-16 00:00:00+00:00,23.03,72.58,26.44,54.7,3.34,0.0,fused_om_nasa
2021-04-16 01:00:00+00:00,23.03,72.58,25.72,60.3,3.06,0.0,fused_om_nasa
2021-04-16 02:00:00+00:00,23.03,72.58,25.78,63.2,3.12,114.1,fused_om_nasa
2021-04-16 03:00:00+00:00,23.03,72.58,26.33,62.5,3.22,249.8,fused_om_nasa
2021-04-16 04:00:00+00:00,23.03,72.58,27.09,61.0,2.92,325.8,fused_om_nasa
2021-04-16 05:00:00+00:00,23.03,72.58,28.03,59.3,2.48,371.0,fused_om_nasa
2021-04-16 06:00:00+00:00,23.03,72.58,29.81,53.7,2.76,429.7,fused_om_nasa
2021-04-16 07:00:00+00:00,23.03,72.58,32.08,45.2,3.24,543.0,fused_om_nasa
2021-04-16 08:00:00+00:00,23.03,72.58,34.07,36.1,3.36,657.4,fused_om_nasa
2021-04-16 09:00:00+00:00,23.03,72.58,35.77,28.3,3.82,747.6,fused_om_nasa
2021-04-16 10:00:00+00:00,23.03,72.58,37.12,22.4,4.39,758.7,fused_om_nasa
2021-04-16 11:00:00+00:00,23.03,72.58,38.3,18.9,4.3,753.0,fused_om_nasa
2021-04-16 12:00:00+00:00,23.03,72.58,38.76,16.8,4.42,713.3,fused_om_nasa
2021-04-16 13:00:00+00:00,23.03,72.58,38.74,16.4,4.2,613.2,fused_om_nasa
2021-04-16 14:00:00+00:00,23.03,72.58,37.9,17.5,3.83,408.4,fused_om_nasa
2021-04-16 15:00:00+00:00,23.03,72.58,37.28,19.5,4.48,291.9,fused_om_nasa
2021-04-16 16:00:00+00:00,23.03,72.58,36.47,21.2,4.49,177.6,fused_om_nasa
2021-04-16 17:00:00+00:00,23.03,72.58,35.35,22.3,3.98,67.8,fused_om_nasa
2021-04-16 18:00:00+00:00,23.03,72.58,32.72,26.3,3.01,4.3,fused_om_nasa
2021-04-16 19:00:00+00:00,23.03,72.58,31.53,31.3,3.29,0.0,fused_om_nasa
2021-04-16 20:00:00+00:00,23.03,72.58,30.63,32.6,3.46,0.0,fused_om_nasa
2021-04-16 21:00:00+00:00,23.03,72.58,29.76,36.4,4.06,0.0,fused_om_nasa
2021-04-16 22:00:00+00:00,23.03,72.58,28.95,43.9,4.74,0.0,fused_om_nasa
2021-04-16 23:00:00+00:00,23.03,72.58,27.94,51.8,4.43,0.0,fused_om_nasa
2021-04-17 00:00:00+00:00,23.03,72.58,27.2,59.6,3.68,0.0,fused_om_nasa
2021-04-17 01:00:00+00:00,23.03,72.58,26.61,67.3,3.47,0.0,fused_om_nasa
2021-04-17 02:00:00+00:00,23.03,72.58,26.74,70.2,3.5,113.0,fused_om_nasa
2021-04-17 03:00:00+00:00,23.03,72.58,27.36,68.5,3.36,237.6,fused_om_nasa
2021-04-17 04:00:00+00:00,23.03,72.58,28.32,64.2,3.34,318.6,fused_om_nasa
2021-04-17 05:00:00+00:00,23.03,72.58,29.3,60.0,2.76,363.4,fused_om_nasa
2021-04-17 06:00:00+00:00,23.03,72.58,30.81,54.1,3.28,426.8,fused_om_nasa
2021-04-17 07:00:00+00:00,23.03,72.58,32.72,44.6,3.84,529.6,fused_om_nasa
2021-04-17 08:00:00+00:00,23.03,72.58,34.76,33.2,4.14,611.2,fused_om_nasa
2021-04-17 09:00:00+00:00,23.03,72.58,36.82,25.0,4.22,707.4,fused_om_nasa
2021-04-17 10:00:00+00:00,23.03,72.58,38.14,21.0,4.0,778.5,fused_om_nasa
2021-04-17 11:00:00+00:00,23.03,72.58,38.9,18.3,3.8,804.2,fused_om_nasa
2021-04-17 12:00:00+00:00,23.03,72.58,38.94,17.5,3.62,765.8,fused_om_nasa
2021-04-17 13:00:00+00:00,23.03,72.58,38.5,17.1,3.08,627.0,fused_om_nasa
2021-04-17 14:00:00+00:00,23.03,72.58,36.93,18.2,2.88,411.6,fused_om_nasa
2021-04-17 15:00:00+00:00,23.03,72.58,36.17,19.0,3.1,306.9,fused_om_nasa
2021-04-17 16:00:00+00:00,23.03,72.58,35.22,20.2,3.18,184.1,fused_om_nasa
2021-04-17 17:00:00+00:00,23.03,72.58,34.06,21.3,3.22,71.0,fused_om_nasa
2021-04-17 18:00:00+00:00,23.03,72.58,32.56,23.2,2.62,4.0,fused_om_nasa
2021-04-17 19:00:00+00:00,23.03,72.58,30.88,28.7,2.28,0.0,fused_om_nasa
2021-04-17 20:00:00+00:00,23.03,72.58,30.0,31.6,2.42,0.0,fused_om_nasa
2021-04-17 21:00:00+00:00,23.03,72.58,29.28,33.4,2.56,0.0,fused_om_nasa
2021-04-17 22:00:00+00:00,23.03,72.58,28.8,36.9,2.85,0.0,fused_om_nasa
2021-04-17 23:00:00+00:00,23.03,72.58,28.44,38.6,3.12,0.0,fused_om_nasa
2021-04-18 00:00:00+00:00,23.03,72.58,28.14,38.6,3.24,0.0,fused_om_nasa
2021-04-18 01:00:00+00:00,23.03,72.58,27.72,40.4,3.43,0.0,fused_om_nasa
2021-04-18 02:00:00+00:00,23.03,72.58,28.27,41.9,3.66,115.2,fused_om_nasa
2021-04-18 03:00:00+00:00,23.03,72.58,29.25,42.5,3.68,243.6,fused_om_nasa
2021-04-18 04:00:00+00:00,23.03,72.58,30.24,42.4,3.64,322.4,fused_om_nasa
2021-04-18 05:00:00+00:00,23.03,72.58,31.29,40.9,3.46,366.4,fused_om_nasa
2021-04-18 06:00:00+00:00,23.03,72.58,32.62,36.6,3.52,407.6,fused_om_nasa
2021-04-18 07:00:00+00:00,23.03,72.58,34.41,30.5,3.47,495.2,fused_om_nasa
2021-04-18 08:00:00+00:00,23.03,72.58,36.61,22.9,3.2,536.9,fused_om_nasa
2021-04-18 09:00:00+00:00,23.03,72.58,38.84,17.6,2.59,686.5,fused_om_nasa
2021-04-18 10:00:00+00:00,23.03,72.58,39.78,15.5,2.33,757.7,fused_om_nasa
2021-04-18 11:00:00+00:00,23.03,72.58,40.37,14.6,2.3,780.4,fused_om_nasa
2021-04-18 12:00:00+00:00,23.03,72.58,40.37,13.4,2.84,677.6,fused_om_nasa
2021-04-18 13:00:00+00:00,23.03,72.58,39.86,13.8,2.67,596.4,fused_om_nasa
2021-04-18 14:00:00+00:00,23.03,72.58,38.72,14.6,2.72,409.8,fused_om_nasa
2021-04-18 15:00:00+00:00,23.03,72.58,37.68,15.0,2.5,302.6,fused_om_nasa
2021-04-18 16:00:00+00:00,23.03,72.58,36.15,16.6,2.55,176.8,fused_om_nasa
2021-04-18 17:00:00+00:00,23.03,72.58,35.25,16.9,2.76,67.8,fused_om_nasa
2021-04-18 18:00:00+00:00,23.03,72.58,33.16,17.5,2.55,4.0,fused_om_nasa
2021-04-18 19:00:00+00:00,23.03,72.58,31.65,18.3,2.66,0.0,fused_om_nasa
2021-04-18 20:00:00+00:00,23.03,72.58,30.74,19.8,2.94,0.0,fused_om_nasa
2021-04-18 21:00:00+00:00,23.03,72.58,29.71,26.2,2.86,0.0,fused_om_nasa
2021-04-18 22:00:00+00:00,23.03,72.58,28.78,31.8,2.74,0.0,fused_om_nasa
2021-04-18 23:00:00+00:00,23.03,72.58,28.24,34.0,3.0,0.0,fused_om_nasa
2021-04-19 00:00:00+00:00,23.03,72.58,27.91,35.8,2.96,0.0,fused_om_nasa
2021-04-19 01:00:00+00:00,23.03,72.58,27.56,37.3,2.91,0.0,fused_om_nasa
2021-04-19 02:00:00+00:00,23.03,72.58,27.96,37.1,2.96,120.3,fused_om_nasa
2021-04-19 03:00:00+00:00,23.03,72.58,28.78,37.0,3.08,247.1,fused_om_nasa
2021-04-19 04:00:00+00:00,23.03,72.58,29.8,36.0,3.13,325.2,fused_om_nasa
2021-04-19 05:00:00+00:00,23.03,72.58,31.04,34.7,3.34,370.0,fused_om_nasa
2021-04-19 06:00:00+00:00,23.03,72.58,32.38,32.2,3.84,427.5,fused_om_nasa
2021-04-19 07:00:00+00:00,23.03,72.58,33.75,29.1,3.6,516.3,fused_om_nasa
2021-04-19 08:00:00+00:00,23.03,72.58,35.7,24.2,3.4,629.7,fused_om_nasa
2021-04-19 09:00:00+00:00,23.03,72.58,38.78,15.5,3.59,712.9,fused_om_nasa
2021-04-19 10:00:00+00:00,23.03,72.58,40.16,12.5,3.28,761.6,fused_om_nasa
2021-04-19 11:00:00+00:00,23.03,72.58,40.58,11.7,3.06,778.2,fused_om_nasa
2021-04-19 12:00:00+00:00,23.03,72.58,40.61,11.8,2.7,732.9,fused_om_nasa
2021-04-19 13:00:00+00:00,23.03,72.58,40.04,12.5,2.23,617.9,fused_om_nasa
2021-04-19 14:00:00+00:00,23.03,72.58,38.4,13.4,2.66,414.0,fused_om_nasa
2021-04-19 15:00:00+00:00,23.03,72.58,37.75,13.0,2.86,305.2,fused_om_nasa
2021-04-19 16:00:00+00:00,23.03,72.58,36.75,15.3,3.61,184.8,fused_om_nasa
2021-04-19 17:00:00+00:00,23.03,72.58,35.52,19.4,3.54,69.2,fused_om_nasa
2021-04-19 18:00:00+00:00,23.03,72.58,33.67,20.0,3.04,4.0,fused_om_nasa
2021-04-19 19:00:00+00:00,23.03,72.58,32.71,20.2,2.77,0.0,fused_om_nasa
2021-04-19 20:00:00+00:00,23.03,72.58,31.54,22.1,2.62,0.0,fused_om_nasa
2021-04-19 21:00:00+00:00,23.03,72.58,30.28,28.8,2.96,0.0,fused_om_nasa
2021-04-19 22:00:00+00:00,23.03,72.58,29.48,39.0,3.52,0.0,fused_om_nasa
2021-04-19 23:00:00+00:00,23.03,72.58,29.11,45.5,4.16,0.0,fused_om_nasa
2021-04-20 00:00:00+00:00,23.03,72.58,28.52,51.0,3.87,0.0,fused_om_nasa
2021-04-20 01:00:00+00:00,23.03,72.58,27.94,54.1,3.91,0.0,fused_om_nasa
2021-04-20 02:00:00+00:00,23.03,72.58,28.06,54.8,3.78,116.2,fused_om_nasa
2021-04-20 03:00:00+00:00,23.03,72.58,28.54,53.0,3.66,230.1,fused_om_nasa
2021-04-20 04:00:00+00:00,23.03,72.58,29.33,51.0,3.22,293.1,fused_om_nasa
2021-04-20 05:00:00+00:00,23.03,72.58,30.22,48.6,3.13,323.0,fused_om_nasa
2021-04-20 06:00:00+00:00,23.03,72.58,31.26,45.2,3.86,296.0,fused_om_nasa
2021-04-20 07:00:00+00:00,23.03,72.58,32.26,43.2,4.46,320.0,fused_om_nasa
2021-04-20 08:00:00+00:00,23.03,72.58,33.55,36.7,4.44,379.8,fused_om_nasa
2021-04-20 09:00:00+00:00,23.03,72.58,34.94,28.9,4.74,426.8,fused_om_nasa
2021-04-20 10:00:00+00:00,23.03,72.58,36.24,23.0,5.18,437.1,fused_om_nasa
2021-04-20 11:00:00+00:00,23.03,72.58,37.13,21.0,5.99,478.6,fused_om_nasa
2021-04-20 12:00:00+00:00,23.03,72.58,37.38,20.1,5.25,468.2,fused_om_nasa
2021-04-20 13:00:00+00:00,23.03,72.58,36.78,20.7,4.76,426.6,fused_om_nasa
2021-04-20 14:00:00+00:00,23.03,72.58,35.71,21.1,4.21,324.5,fused_om_nasa
2021-04-20 15:00:00+00:00,23.03,72.58,34.97,21.8,3.61,243.6,fused_om_nasa
2021-04-20 16:00:00+00:00,23.03,72.58,34.0,23.2,3.42,145.1,fused_om_nasa
2021-04-20 17:00:00+00:00,23.03,72.58,33.1,25.6,2.98,57.2,fused_om_nasa
2021-04-20 18:00:00+00:00,23.03,72.58,31.06,33.4,2.36,3.2,fused_om_nasa
2021-04-20 19:00:00+00:00,23.03,72.58,30.14,36.8,2.6,0.0,fused_om_nasa
2021-04-20 20:00:00+00:00,23.03,72.58,29.76,31.1,3.54,0.0,fused_om_nasa
2021-04-20 21:00:00+00:00,23.03,72.58,29.02,40.4,4.04,0.0,fused_om_nasa
2021-04-20 22:00:00+00:00,23.03,72.58,28.52,42.9,4.05,0.0,fused_om_nasa
2021-04-20 23:00:00+00:00,23.03,72.58,27.84,43.0,4.08,0.0,fused_om_nasa
2021-04-21 00:00:00+00:00,23.03,72.58,27.47,46.3,4.39,0.0,fused_om_nasa
2021-04-21 01:00:00+00:00,23.03,72.58,26.88,47.4,4.32,0.0,fused_om_nasa
2021-04-21 02:00:00+00:00,23.03,72.58,27.02,48.7,4.56,118.1,fused_om_nasa
2021-04-21 03:00:00+00:00,23.03,72.58,27.63,48.8,4.72,236.2,fused_om_nasa
2021-04-21 04:00:00+00:00,23.03,72.58,28.58,47.0,4.34,324.4,fused_om_nasa
2021-04-21 05:00:00+00:00,23.03,72.58,29.35,45.8,4.04,371.4,fused_om_nasa
2021-04-21 06:00:00+00:00,23.03,72.58,30.38,42.2,3.96,434.0,fused_om_nasa
2021-04-21 07:00:00+00:00,23.03,72.58,32.24,35.6,4.13,538.7,fused_om_nasa
2021-04-21 08:00:00+00:00,23.03,72.58,34.51,27.4,4.47,646.5,fused_om_nasa
2021-04-21 09:00:00+00:00,23.03,72.58,36.36,20.6,4.32,744.7,fused_om_nasa
2021-04-21 10:00:00+00:00,23.03,72.58,37.58,17.3,4.46,793.5,fused_om_nasa
2021-04-21 11:00:00+00:00,23.03,72.58,38.28,15.6,4.64,819.8,fused_om_nasa
2021-04-21 12:00:00+00:00,23.03,72.58,38.42,15.0,4.44,777.8,fused_om_nasa
2021-04-21 13:00:00+00:00,23.03,72.58,38.03,15.0,4.07,635.6,fused_om_nasa
2021-04-21 14:00:00+00:00,23.03,72.58,36.21,16.8,3.74,420.8,fused_om_nasa
2021-04-21 15:00:00+00:00,23.03,72.58,35.4,17.6,3.7,309.3,fused_om_nasa
2021-04-21 16:00:00+00:00,23.03,72.58,34.33,18.6,3.78,190.2,fused_om_nasa
2021-04-21 17:00:00+00:00,23.03,72.58,33.56,18.8,3.24,72.9,fused_om_nasa
2021-04-21 18:00:00+00:00,23.03,72.58,31.2,26.5,2.7,4.2,fused_om_nasa
2021-04-21 19:00:00+00:00,23.03,72.58,30.12,32.8,2.75,0.0,fused_om_nasa
2021-04-21 20:00:00+00:00,23.03,72.58,29.19,32.8,2.42,0.0,fused_om_nasa
2021-04-21 21:00:00+00:00,23.03,72.58,28.28,30.9,2.38,0.0,fused_om_nasa
2021-04-21 22:00:00+00:00,23.03,72.58,27.72,31.2,2.6,0.0,fused_om_nasa
2021-04-21 23:00:00+00:00,23.03,72.58,27.04,34.0,2.72,0.0,fused_om_nasa
2021-04-22 00:00:00+00:00,23.03,72.58,26.7,40.4,3.24,0.0,fused_om_nasa
2021-04-22 01:00:00+00:00,23.03,72.58,26.32,50.1,3.7,0.0,fused_om_nasa
2021-04-22 02:00:00+00:00,23.03,72.58,26.7,58.7,3.96,125.0,fused_om_nasa
2021-04-22 03:00:00+00:00,23.03,72.58,27.48,59.9,3.67,248.6,fused_om_nasa
2021-04-22 04:00:00+00:00,23.03,72.58,28.49,57.8,2.95,325.8,fused_om_nasa
2021-04-22 05:00:00+00:00,23.03,72.58,29.39,54.9,2.42,367.9,fused_om_nasa
2021-04-22 06:00:00+00:00,23.03,72.58,30.8,48.9,2.17,433.7,fused_om_nasa
2021-04-22 07:00:00+00:00,23.03,72.58,32.98,38.8,2.0,524.1,fused_om_nasa
2021-04-22 08:00:00+00:00,23.03,72.58,35.96,25.1,2.02,639.6,fused_om_nasa
2021-04-22 09:00:00+00:00,23.03,72.58,38.0,18.2,1.82,753.5,fused_om_nasa
2021-04-22 10:00:00+00:00,23.03,72.58,38.94,16.0,1.98,815.7,fused_om_nasa
2021-04-22 11:00:00+00:00,23.03,72.58,39.58,14.9,2.24,821.2,fused_om_nasa
2021-04-22 12:00:00+00:00,23.03,72.58,39.5,15.1,2.58,780.7,fused_om_nasa
2021-04-22 13:00:00+00:00,23.03,72.58,39.22,15.1,2.5,631.1,fused_om_nasa
2021-04-22 14:00:00+00:00,23.03,72.58,37.44,17.4,2.95,422.2,fused_om_nasa
2021-04-22 15:00:00+00:00,23.03,72.58,37.06,16.8,2.92,313.6,fused_om_nasa
2021-04-22 16:00:00+00:00,23.03,72.58,35.75,17.5,3.0,191.4,fused_om_nasa
2021-04-22 17:00:00+00:00,23.03,72.58,34.82,19.4,3.44,74.9,fused_om_nasa
2021-04-22 18:00:00+00:00,23.03,72.58,32.48,22.5,2.98,4.9,fused_om_nasa
2021-04-22 19:00:00+00:00,23.03,72.58,31.46,23.9,3.62,0.0,fused_om_nasa
2021-04-22 20:00:00+00:00,23.03,72.58,30.57,26.8,4.21,0.0,fused_om_nasa
2021-04-22 21:00:00+00:00,23.03,72.58,29.56,32.2,4.87,0.0,fused_om_nasa
2021-04-22 22:00:00+00:00,23.03,72.58,28.52,41.5,5.08,0.0,fused_om_nasa
2021-04-22 23:00:00+00:00,23.03,72.58,27.6,48.5,4.8,0.0,fused_om_nasa
2021-04-23 00:00:00+00:00,23.03,72.58,26.93,52.9,4.3,0.0,fused_om_nasa
2021-04-23 01:00:00+00:00,23.03,72.58,26.3,58.6,3.66,0.0,fused_om_nasa
2021-04-23 02:00:00+00:00,23.03,72.58,26.26,61.6,3.1,122.9,fused_om_nasa
2021-04-23 03:00:00+00:00,23.03,72.58,26.74,60.1,2.64,224.4,fused_om_nasa
2021-04-23 04:00:00+00:00,23.03,72.58,27.58,56.3,2.02,318.8,fused_om_nasa
2021-04-23 05:00:00+00:00,23.03,72.58,28.63,53.1,1.83,365.2,fused_om_nasa
2021-04-23 06:00:00+00:00,23.03,72.58,30.63,46.4,2.08,432.3,fused_om_nasa
2021-04-23 07:00:00+00:00,23.03,72.58,32.96,38.8,2.93,537.8,fused_om_nasa
2021-04-23 08:00:00+00:00,23.03,72.58,35.22,28.7,3.34,630.1,fused_om_nasa
2021-04-23 09:00:00+00:00,23.03,72.58,37.54,19.5,3.8,713.6,fused_om_nasa
2021-04-23 10:00:00+00:00,23.03,72.58,39.12,15.0,3.91,762.6,fused_om_nasa
2021-04-23 11:00:00+00:00,23.03,72.58,40.18,12.4,3.97,775.1,fused_om_nasa
2021-04-23 12:00:00+00:00,23.03,72.58,40.34,11.6,4.36,785.9,fused_om_nasa
2021-04-23 13:00:00+00:00,23.03,72.58,38.98,16.1,5.54,621.1,fused_om_nasa
2021-04-23 14:00:00+00:00,23.03,72.58,37.58,17.9,5.44,421.9,fused_om_nasa
2021-04-23 15:00:00+00:00,23.03,72.58,36.53,19.5,5.22,311.3,fused_om_nasa
2021-04-23 16:00:00+00:00,23.03,72.58,35.55,24.9,4.96,190.4,fused_om_nasa
2021-04-23 17:00:00+00:00,23.03,72.58,34.5,30.0,4.14,74.8,fused_om_nasa
2021-04-23 18:00:00+00:00,23.03,72.58,32.56,31.9,3.11,5.2,fused_om_nasa
2021-04-23 19:00:00+00:00,23.03,72.58,31.78,26.7,3.47,0.0,fused_om_nasa
2021-04-23 20:00:00+00:00,23.03,72.58,30.99,25.3,3.84,0.0,fused_om_nasa
2021-04-23 21:00:00+00:00,23.03,72.58,30.1,31.7,3.92,0.0,fused_om_nasa
2021-04-23 22:00:00+00:00,23.03,72.58,28.97,40.3,3.1,0.0,fused_om_nasa
2021-04-23 23:00:00+00:00,23.03,72.58,28.04,46.0,2.87,0.0,fused_om_nasa
2021-04-24 00:00:00+00:00,23.03,72.58,27.98,50.3,2.96,0.0,fused_om_nasa
2021-04-24 01:00:00+00:00,23.03,72.58,27.8,53.8,2.9,0.0,fused_om_nasa
2021-04-24 02:00:00+00:00,23.03,72.58,28.1,56.0,2.83,112.3,fused_om_nasa
2021-04-24 03:00:00+00:00,23.03,72.58,28.42,58.3,2.52,218.0,fused_om_nasa
2021-04-24 04:00:00+00:00,23.03,72.58,29.08,57.7,1.92,245.3,fused_om_nasa
2021-04-24 05:00:00+00:00,23.03,72.58,29.83,56.7,1.6,282.7,fused_om_nasa
2021-04-24 06:00:00+00:00,23.03,72.58,31.23,53.6,1.35,399.8,fused_om_nasa
2021-04-24 07:00:00+00:00,23.03,72.58,32.68,49.1,1.39,454.0,fused_om_nasa
2021-04-24 08:00:00+00:00,23.03,72.58,34.14,40.4,1.18,418.3,fused_om_nasa
2021-04-24 09:00:00+00:00,23.03,72.58,35.7,31.9,1.03,434.3,fused_om_nasa
2021-04-24 10:00:00+00:00,23.03,72.58,37.35,24.5,1.13,462.3,fused_om_nasa
2021-04-24 11:00:00+00:00,23.03,72.58,38.33,21.5,1.96,528.9,fused_om_nasa
2021-04-24 12:00:00+00:00,23.03,72.58,37.82,24.9,1.49,421.4,fused_om_nasa
2021-04-24 13:00:00+00:00,23.03,72.58,38.04,23.8,1.9,405.4,fused_om_nasa
2021-04-24 14:00:00+00:00,23.03,72.58,36.34,28.4,4.22,283.8,fused_om_nasa
2021-04-24 15:00:00+00:00,23.03,72.58,36.4,27.3,1.48,204.2,fused_om_nasa
2021-04-24 16:00:00+00:00,23.03,72.58,35.56,28.5,1.62,111.9,fused_om_nasa
2021-04-24 17:00:00+00:00,23.03,72.58,34.37,30.0,1.82,46.7,fused_om_nasa
2021-04-24 18:00:00+00:00,23.03,72.58,33.37,31.2,1.18,3.0,fused_om_nasa
2021-04-24 19:00:00+00:00,23.03,72.58,32.22,33.4,1.65,0.0,fused_om_nasa
2021-04-24 20:00:00+00:00,23.03,72.58,31.52,35.2,2.1,0.0,fused_om_nasa
2021-04-24 21:00:00+00:00,23.03,72.58,30.59,38.8,1.88,0.0,fused_om_nasa
2021-04-24 22:00:00+00:00,23.03,72.58,29.66,42.9,2.03,0.0,fused_om_nasa
2021-04-24 23:00:00+00:00,23.03,72.58,28.96,46.2,2.16,0.0,fused_om_nasa
2021-04-25 00:00:00+00:00,23.03,72.58,28.68,46.4,2.11,0.0,fused_om_nasa
2021-04-25 01:00:00+00:00,23.03,72.58,28.56,47.0,2.18,0.0,fused_om_nasa
2021-04-25 02:00:00+00:00,23.03,72.58,29.26,45.5,2.14,102.0,fused_om_nasa
2021-04-25 03:00:00+00:00,23.03,72.58,30.4,42.5,1.98,226.6,fused_om_nasa
2021-04-25 04:00:00+00:00,23.03,72.58,31.29,38.3,1.89,259.2,fused_om_nasa
2021-04-25 05:00:00+00:00,23.03,72.58,32.08,35.7,1.94,285.3,fused_om_nasa
2021-04-25 06:00:00+00:00,23.03,72.58,33.45,32.1,2.2,361.1,fused_om_nasa
2021-04-25 07:00:00+00:00,23.03,72.58,35.34,26.2,1.98,496.4,fused_om_nasa
2021-04-25 08:00:00+00:00,23.03,72.58,37.38,19.6,1.86,600.6,fused_om_nasa
2021-04-25 09:00:00+00:00,23.03,72.58,39.04,15.9,1.8,727.3,fused_om_nasa
2021-04-25 10:00:00+00:00,23.03,72.58,40.22,14.1,1.62,801.3,fused_om_nasa
2021-04-25 11:00:00+00:00,23.03,72.58,40.91,13.0,1.4,803.0,fused_om_nasa
2021-04-25 12:00:00+00:00,23.03,72.58,40.99,11.9,1.33,760.4,fused_om_nasa
2021-04-25 13:00:00+00:00,23.03,72.58,40.27,12.6,0.87,625.6,fused_om_nasa
2021-04-25 14:00:00+00:00,23.03,72.58,38.61,13.4,1.23,421.9,fused_om_nasa
2021-04-25 15:00:00+00:00,23.03,72.58,37.79,13.4,1.4,314.8,fused_om_nasa
2021-04-25 16:00:00+00:00,23.03,72.58,36.86,13.5,1.5,192.5,fused_om_nasa
2021-04-25 17:00:00+00:00,23.03,72.58,35.58,14.3,1.38,76.7,fused_om_nasa
2021-04-25 18:00:00+00:00,23.03,72.58,34.82,15.1,1.17,5.4,fused_om_nasa
2021-04-25 19:00:00+00:00,23.03,72.58,33.16,16.7,2.38,0.0,fused_om_nasa
2021-04-25 20:00:00+00:00,23.03,72.58,31.86,18.4,2.17,0.0,fused_om_nasa
2021-04-25 21:00:00+00:00,23.03,72.58,31.33,21.2,2.78,0.0,fused_om_nasa
2021-04-25 22:00:00+00:00,23.03,72.58,30.5,23.6,2.75,0.0,fused_om_nasa
2021-04-25 23:00:00+00:00,23.03,72.58,29.42,24.5,2.68,0.0,fused_om_nasa
2021-04-26 00:00:00+00:00,23.03,72.58,29.23,29.9,3.86,0.0,fused_om_nasa
2021-04-26 01:00:00+00:00,23.03,72.58,28.58,32.5,3.44,0.0,fused_om_nasa
2021-04-26 02:00:00+00:00,23.03,72.58,28.72,30.1,2.87,125.6,fused_om_nasa
2021-04-26 03:00:00+00:00,23.03,72.58,29.66,27.9,3.0,250.0,fused_om_nasa
2021-04-26 04:00:00+00:00,23.03,72.58,30.8,25.3,2.84,327.0,fused_om_nasa
2021-04-26 05:00:00+00:00,23.03,72.58,31.82,24.9,2.28,369.8,fused_om_nasa
2021-04-26 06:00:00+00:00,23.03,72.58,33.39,23.0,2.57,439.8,fused_om_nasa
2021-04-26 07:00:00+00:00,23.03,72.58,35.28,20.1,2.5,549.2,fused_om_nasa
2021-04-26 08:00:00+00:00,23.03,72.58,37.96,16.0,2.3,668.6,fused_om_nasa
2021-04-26 09:00:00+00:00,23.03,72.58,40.05,12.8,2.22,760.5,fused_om_nasa
2021-04-26 10:00:00+00:00,23.03,72.58,41.17,10.9,1.64,817.1,fused_om_nasa
2021-04-26 11:00:00+00:00,23.03,72.58,41.82,9.9,2.02,801.2,fused_om_nasa
2021-04-26 12:00:00+00:00,23.03,72.58,41.96,10.2,2.51,703.5,fused_om_nasa
2021-04-26 13:00:00+00:00,23.03,72.58,41.32,10.7,2.63,620.1,fused_om_nasa
2021-04-26 14:00:00+00:00,23.03,72.58,40.06,11.9,2.92,422.0,fused_om_nasa
2021-04-26 15:00:00+00:00,23.03,72.58,38.79,13.1,2.36,315.4,fused_om_nasa
2021-04-26 16:00:00+00:00,23.03,72.58,36.89,15.4,2.74,187.6,fused_om_nasa
2021-04-26 17:00:00+00:00,23.03,72.58,35.68,16.9,2.62,71.5,fused_om_nasa
2021-04-26 18:00:00+00:00,23.03,72.58,33.41,19.5,2.44,4.3,fused_om_nasa
2021-04-26 19:00:00+00:00,23.03,72.58,32.6,20.4,2.33,0.0,fused_om_nasa
2021-04-26 20:00:00+00:00,23.03,72.58,32.15,22.4,2.84,0.0,fused_om_nasa
2021-04-26 21:00:00+00:00,23.03,72.58,31.43,24.4,3.82,0.0,fused_om_nasa
2021-04-26 22:00:00+00:00,23.03,72.58,30.7,27.3,4.16,0.0,fused_om_nasa
2021-04-26 23:00:00+00:00,23.03,72.58,29.86,30.9,4.07,0.0,fused_om_nasa
2021-04-27 00:00:00+00:00,23.03,72.58,29.56,38.4,3.96,0.0,fused_om_nasa
2021-04-27 01:00:00+00:00,23.03,72.58,29.13,44.5,4.04,0.0,fused_om_nasa
2021-04-27 02:00:00+00:00,23.03,72.58,29.64,43.9,3.5,123.8,fused_om_nasa
2021-04-27 03:00:00+00:00,23.03,72.58,30.58,39.6,3.71,246.1,fused_om_nasa
2021-04-27 04:00:00+00:00,23.03,72.58,31.66,37.0,3.5,323.6,fused_om_nasa
2021-04-27 05:00:00+00:00,23.03,72.58,32.45,35.3,3.08,302.6,fused_om_nasa
2021-04-27 06:00:00+00:00,23.03,72.58,32.58,33.6,2.7,312.6,fused_om_nasa
2021-04-27 07:00:00+00:00,23.03,72.58,34.78,25.4,3.18,315.5,fused_om_nasa
2021-04-27 08:00:00+00:00,23.03,72.58,36.64,21.9,3.29,435.8,fused_om_nasa
2021-04-27 09:00:00+00:00,23.03,72.58,39.17,17.1,2.91,645.0,fused_om_nasa
2021-04-27 10:00:00+00:00,23.03,72.58,40.6,14.4,2.64,680.6,fused_om_nasa
2021-04-27 11:00:00+00:00,23.03,72.58,41.22,13.7,3.21,707.8,fused_om_nasa
2021-04-27 12:00:00+00:00,23.03,72.58,42.18,11.1,1.33,612.1,fused_om_nasa
2021-04-27 13:00:00+00:00,23.03,72.58,41.14,15.3,1.98,588.9,fused_om_nasa
2021-04-27 14:00:00+00:00,23.03,72.58,39.8,12.9,2.26,413.0,fused_om_nasa
2021-04-27 15:00:00+00:00,23.03,72.58,39.58,13.0,2.39,301.8,fused_om_nasa
2021-04-27 16:00:00+00:00,23.03,72.58,38.56,17.2,3.96,182.2,fused_om_nasa
2021-04-27 17:00:00+00:00,23.03,72.58,37.2,18.7,2.71,73.6,fused_om_nasa
2021-04-27 18:00:00+00:00,23.03,72.58,34.85,21.3,2.34,5.6,fused_om_nasa
2021-04-27 19:00:00+00:00,23.03,72.58,33.65,22.7,3.16,0.0,fused_om_nasa
2021-04-27 20:00:00+00:00,23.03,72.58,32.73,24.6,3.9,0.0,fused_om_nasa
2021-04-27 21:00:00+00:00,23.03,72.58,31.58,27.3,3.66,0.0,fused_om_nasa
2021-04-27 22:00:00+00:00,23.03,72.58,30.82,29.0,3.78,0.0,fused_om_nasa
2021-04-27 23:00:00+00:00,23.03,72.58,30.12,29.7,3.46,0.0,fused_om_nasa
2021-04-28 00:00:00+00:00,23.03,72.58,29.92,35.2,3.27,0.0,fused_om_nasa
2021-04-28 01:00:00+00:00,23.03,72.58,29.49,37.3,2.84,0.0,fused_om_nasa
2021-04-28 02:00:00+00:00,23.03,72.58,29.89,37.3,2.71,119.4,fused_om_nasa
2021-04-28 03:00:00+00:00,23.03,72.58,30.46,38.1,3.19,235.0,fused_om_nasa
2021-04-28 04:00:00+00:00,23.03,72.58,31.33,37.4,3.12,303.9,fused_om_nasa
2021-04-28 05:00:00+00:00,23.03,72.58,32.14,37.6,2.93,351.8,fused_om_nasa
2021-04-28 06:00:00+00:00,23.03,72.58,33.49,35.6,3.42,419.3,fused_om_nasa
2021-04-28 07:00:00+00:00,23.03,72.58,35.5,30.5,3.35,499.9,fused_om_nasa
2021-04-28 08:00:00+00:00,23.03,72.58,37.73,23.1,3.16,555.0,fused_om_nasa
2021-04-28 09:00:00+00:00,23.03,72.58,39.72,18.1,2.82,642.2,fused_om_nasa
2021-04-28 10:00:00+00:00,23.03,72.58,40.98,15.6,2.46,725.1,fused_om_nasa
2021-04-28 11:00:00+00:00,23.03,72.58,41.54,14.4,2.28,691.6,fused_om_nasa
2021-04-28 12:00:00+00:00,23.03,72.58,41.68,13.6,2.28,664.9,fused_om_nasa
2021-04-28 13:00:00+00:00,23.03,72.58,41.19,14.1,2.09,578.0,fused_om_nasa
2021-04-28 14:00:00+00:00,23.03,72.58,40.09,15.0,2.38,404.0,fused_om_nasa
2021-04-28 15:00:00+00:00,23.03,72.58,39.54,15.9,3.49,286.2,fused_om_nasa
2021-04-28 16:00:00+00:00,23.03,72.58,38.3,18.6,3.0,173.1,fused_om_nasa
2021-04-28 17:00:00+00:00,23.03,72.58,37.28,19.4,2.98,69.2,fused_om_nasa
2021-04-28 18:00:00+00:00,23.03,72.58,35.14,20.9,2.73,5.2,fused_om_nasa
2021-04-28 19:00:00+00:00,23.03,72.58,33.74,22.0,2.82,0.0,fused_om_nasa
2021-04-28 20:00:00+00:00,23.03,72.58,32.87,24.4,2.93,0.0,fused_om_nasa
2021-04-28 21:00:00+00:00,23.03,72.58,32.0,27.2,3.2,0.0,fused_om_nasa
2021-04-28 22:00:00+00:00,23.03,72.58,31.26,29.8,3.41,0.0,fused_om_nasa
2021-04-28 23:00:00+00:00,23.03,72.58,30.35,33.8,3.15,0.0,fused_om_nasa
2021-04-29 00:00:00+00:00,23.03,72.58,29.74,39.5,2.97,0.0,fused_om_nasa
2021-04-29 01:00:00+00:00,23.03,72.58,29.22,43.2,3.12,0.0,fused_om_nasa
2021-04-29 02:00:00+00:00,23.03,72.58,29.96,42.6,3.68,125.8,fused_om_nasa
2021-04-29 03:00:00+00:00,23.03,72.58,30.92,39.7,4.26,244.7,fused_om_nasa
2021-04-29 04:00:00+00:00,23.03,72.58,32.01,38.1,4.17,314.4,fused_om_nasa
2021-04-29 05:00:00+00:00,23.03,72.58,33.03,35.5,3.67,355.4,fused_om_nasa
2021-04-29 06:00:00+00:00,23.03,72.58,34.13,32.9,3.36,417.1,fused_om_nasa
2021-04-29 07:00:00+00:00,23.03,72.58,35.62,29.0,3.14,493.4,fused_om_nasa
2021-04-29 08:00:00+00:00,23.03,72.58,37.46,24.1,2.65,588.2,fused_om_nasa
2021-04-29 09:00:00+00:00,23.03,72.58,39.1,20.0,2.68,601.5,fused_om_nasa
2021-04-29 10:00:00+00:00,23.03,72.58,40.13,18.4,2.46,626.8,fused_om_nasa
2021-04-29 11:00:00+00:00,23.03,72.58,40.8,16.7,1.96,609.6,fused_om_nasa
2021-04-29 12:00:00+00:00,23.03,72.58,40.84,15.9,2.47,494.6,fused_om_nasa
2021-04-29 13:00:00+00:00,23.03,72.58,40.29,16.5,1.75,541.4,fused_om_nasa
2021-04-29 14:00:00+00:00,23.03,72.58,38.75,17.5,2.33,337.9,fused_om_nasa
2021-04-29 15:00:00+00:00,23.03,72.58,38.42,17.2,2.22,251.4,fused_om_nasa
2021-04-29 16:00:00+00:00,23.03,72.58,37.78,18.6,2.67,143.4,fused_om_nasa
2021-04-29 17:00:00+00:00,23.03,72.58,37.05,20.9,3.53,54.9,fused_om_nasa
2021-04-29 18:00:00+00:00,23.03,72.58,35.08,23.6,2.5,3.9,fused_om_nasa
2021-04-29 19:00:00+00:00,23.03,72.58,33.78,25.3,2.96,0.0,fused_om_nasa
2021-04-29 20:00:00+00:00,23.03,72.58,33.4,26.0,3.82,0.0,fused_om_nasa
2021-04-29 21:00:00+00:00,23.03,72.58,32.67,27.5,4.39,0.0,fused_om_nasa
2021-04-29 22:00:00+00:00,23.03,72.58,31.68,30.0,4.39,0.0,fused_om_nasa
2021-04-29 23:00:00+00:00,23.03,72.58,30.66,34.7,4.16,0.0,fused_om_nasa
2021-04-30 00:00:00+00:00,23.03,72.58,29.99,43.5,3.9,0.0,fused_om_nasa
2021-04-30 01:00:00+00:00,23.03,72.58,29.64,46.7,3.55,0.0,fused_om_nasa
2021-04-30 02:00:00+00:00,23.03,72.58,29.92,44.8,3.3,121.4,fused_om_nasa
2021-04-30 03:00:00+00:00,23.03,72.58,30.47,40.4,3.03,237.4,fused_om_nasa
2021-04-30 04:00:00+00:00,23.03,72.58,31.18,37.2,2.33,309.4,fused_om_nasa
2021-04-30 05:00:00+00:00,23.03,72.58,32.01,34.1,1.96,352.4,fused_om_nasa
2021-04-30 06:00:00+00:00,23.03,72.58,33.42,30.5,2.47,416.2,fused_om_nasa
2021-04-30 07:00:00+00:00,23.03,72.58,35.26,27.7,3.02,512.5,fused_om_nasa
2021-04-30 08:00:00+00:00,23.03,72.58,37.41,22.9,3.03,607.7,fused_om_nasa
2021-04-30 09:00:00+00:00,23.03,72.58,38.97,18.8,2.65,715.0,fused_om_nasa
2021-04-30 10:00:00+00:00,23.03,72.58,40.08,17.2,2.1,764.1,fused_om_nasa
2021-04-30 11:00:00+00:00,23.03,72.58,40.57,16.1,2.36,755.2,fused_om_nasa
2021-04-30 12:00:00+00:00,23.03,72.58,40.48,16.3,2.91,677.5,fused_om_nasa
2021-04-30 13:00:00+00:00,23.03,72.58,40.57,15.8,3.04,556.6,fused_om_nasa
2021-04-30 14:00:00+00:00,23.03,72.58,39.22,17.1,3.0,393.6,fused_om_nasa
2021-04-30 15:00:00+00:00,23.03,72.58,38.81,18.0,3.19,282.6,fused_om_nasa
2021-04-30 16:00:00+00:00,23.03,72.58,37.73,19.2,3.56,171.7,fused_om_nasa
2021-04-30 17:00:00+00:00,23.03,72.58,36.83,19.9,4.18,68.6,fused_om_nasa
2021-04-30 18:00:00+00:00,23.03,72.58,34.92,24.3,3.06,5.4,fused_om_nasa
2021-04-30 19:00:00+00:00,23.03,72.58,33.54,26.8,3.12,0.0,fused_om_nasa
2021-04-30 20:00:00+00:00,23.03,72.58,32.78,31.3,3.26,0.0,fused_om_nasa
2021-04-30 21:00:00+00:00,23.03,72.58,31.91,36.2,3.12,0.0,fused_om_nasa
2021-04-30 22:00:00+00:00,23.03,72.58,31.26,40.1,3.18,0.0,fused_om_nasa
2021-04-30 23:00:00+00:00,23.03,72.58,30.53,42.7,3.2,0.0,fused_om_nasa
2021-05-01 00:00:00+00:00,23.03,72.58,29.86,47.5,2.55,0.0,fused_om_nasa
2021-05-01 01:00:00+00:00,23.03,72.58,29.78,47.7,2.03,0.0,fused_om_nasa
2021-05-01 02:00:00+00:00,23.03,72.58,30.04,46.5,2.04,44.4,fused_om_nasa
2021-05-01 03:00:00+00:00,23.03,72.58,30.42,45.0,2.75,69.6,fused_om_nasa
2021-05-01 04:00:00+00:00,23.03,72.58,31.18,43.1,2.73,104.8,fused_om_nasa
2021-05-01 05:00:00+00:00,23.03,72.58,32.14,40.2,2.76,157.6,fused_om_nasa
2021-05-01 06:00:00+00:00,23.03,72.58,33.25,36.9,2.36,198.3,fused_om_nasa
2021-05-01 07:00:00+00:00,23.03,72.58,34.96,33.4,4.31,419.1,fused_om_nasa
2021-05-01 08:00:00+00:00,23.03,72.58,35.67,30.4,3.42,417.9,fused_om_nasa
2021-05-01 09:00:00+00:00,23.03,72.58,37.84,21.5,3.1,554.2,fused_om_nasa
2021-05-01 10:00:00+00:00,23.03,72.58,38.67,18.2,3.06,561.8,fused_om_nasa
2021-05-01 11:00:00+00:00,23.03,72.58,38.34,19.2,4.42,497.7,fused_om_nasa
2021-05-01 12:00:00+00:00,23.03,72.58,37.32,20.3,4.58,505.5,fused_om_nasa
2021-05-01 13:00:00+00:00,23.03,72.58,38.14,18.8,3.42,460.9,fused_om_nasa
2021-05-01 14:00:00+00:00,23.03,72.58,37.3,20.0,2.83,339.1,fused_om_nasa
2021-05-01 15:00:00+00:00,23.03,72.58,36.62,22.8,3.08,230.4,fused_om_nasa
2021-05-01 16:00:00+00:00,23.03,72.58,35.72,24.7,2.28,135.8,fused_om_nasa
2021-05-01 17:00:00+00:00,23.03,72.58,35.26,25.3,2.53,61.8,fused_om_nasa
2021-05-01 18:00:00+00:00,23.03,72.58,33.71,26.9,1.96,5.6,fused_om_nasa
2021-05-01 19:00:00+00:00,23.03,72.58,32.79,28.3,1.6,0.0,fused_om_nasa
2021-05-01 20:00:00+00:00,23.03,72.58,32.02,29.8,1.32,0.0,fused_om_nasa
2021-05-01 21:00:00+00:00,23.03,72.58,31.28,31.6,1.9,0.0,fused_om_nasa
2021-05-01 22:00:00+00:00,23.03,72.58,30.78,32.2,2.01,0.0,fused_om_nasa
2021-05-01 23:00:00+00:00,23.03,72.58,30.09,33.7,2.68,0.0,fused_om_nasa
2021-05-02 00:00:00+00:00,23.03,72.58,30.18,33.6,3.54,0.0,fused_om_nasa
2021-05-02 01:00:00+00:00,23.03,72.58,29.85,39.3,3.42,0.0,fused_om_nasa
2021-05-02 02:00:00+00:00,23.03,72.58,30.2,42.5,3.57,85.0,fused_om_nasa
2021-05-02 03:00:00+00:00,23.03,72.58,30.65,42.4,3.46,119.4,fused_om_nasa
2021-05-02 04:00:00+00:00,23.03,72.58,31.46,38.6,3.0,257.2,fused_om_nasa
2021-05-02 05:00:00+00:00,23.03,72.58,32.09,35.2,2.24,313.7,fused_om_nasa
2021-05-02 06:00:00+00:00,23.03,72.58,33.42,31.0,1.62,399.1,fused_om_nasa
2021-05-02 07:00:00+00:00,23.03,72.58,35.1,26.2,2.05,493.7,fused_om_nasa
2021-05-02 08:00:00+00:00,23.03,72.58,37.24,20.8,2.62,606.3,fused_om_nasa
2021-05-02 09:00:00+00:00,23.03,72.58,38.5,18.5,2.29,617.3,fused_om_nasa
2021-05-02 10:00:00+00:00,23.03,72.58,38.43,19.6,3.62,644.8,fused_om_nasa
2021-05-02 11:00:00+00:00,23.03,72.58,37.89,23.7,4.26,658.4,fused_om_nasa
2021-05-02 12:00:00+00:00,23.03,72.58,38.56,19.7,5.04,651.2,fused_om_nasa
2021-05-02 13:00:00+00:00,23.03,72.58,39.02,17.3,3.07,558.5,fused_om_nasa
2021-05-02 14:00:00+00:00,23.03,72.58,37.8,19.6,3.5,388.4,fused_om_nasa
2021-05-02 15:00:00+00:00,23.03,72.58,37.62,20.0,3.78,285.2,fused_om_nasa
2021-05-02 16:00:00+00:00,23.03,72.58,36.57,21.0,3.53,169.1,fused_om_nasa
2021-05-02 17:00:00+00:00,23.03,72.58,35.64,21.7,3.74,68.6,fused_om_nasa
2021-05-02 18:00:00+00:00,23.03,72.58,33.89,23.6,3.15,5.5,fused_om_nasa
2021-05-02 19:00:00+00:00,23.03,72.58,32.92,22.8,3.32,0.0,fused_om_nasa
2021-05-02 20:00:00+00:00,23.03,72.58,32.2,22.7,3.29,0.0,fused_om_nasa
2021-05-02 21:00:00+00:00,23.03,72.58,30.94,24.9,2.72,0.0,fused_om_nasa
2021-05-02 22:00:00+00:00,23.03,72.58,29.66,28.2,2.72,0.0,fused_om_nasa
2021-05-02 23:00:00+00:00,23.03,72.58,29.08,30.0,3.03,0.0,fused_om_nasa
2021-05-03 00:00:00+00:00,23.03,72.58,29.17,27.6,3.98,0.0,fused_om_nasa
2021-05-03 01:00:00+00:00,23.03,72.58,28.67,29.4,3.78,0.0,fused_om_nasa
2021-05-03 02:00:00+00:00,23.03,72.58,28.94,32.1,3.72,119.7,fused_om_nasa
2021-05-03 03:00:00+00:00,23.03,72.58,29.49,35.3,3.84,228.2,fused_om_nasa
2021-05-03 04:00:00+00:00,23.03,72.58,30.32,34.6,3.44,263.8,fused_om_nasa
2021-05-03 05:00:00+00:00,23.03,72.58,30.99,33.5,3.01,308.7,fused_om_nasa
2021-05-03 06:00:00+00:00,23.03,72.58,32.48,29.7,3.29,417.5,fused_om_nasa
2021-05-03 07:00:00+00:00,23.03,72.58,34.61,25.3,3.37,537.0,fused_om_nasa
2021-05-03 08:00:00+00:00,23.03,72.58,36.86,20.7,3.72,549.3,fused_om_nasa
2021-05-03 09:00:00+00:00,23.03,72.58,38.56,16.8,3.47,672.7,fused_om_nasa
2021-05-03 10:00:00+00:00,23.03,72.58,39.5,15.6,3.54,729.6,fused_om_nasa
2021-05-03 11:00:00+00:00,23.03,72.58,39.84,15.0,4.02,772.4,fused_om_nasa
2021-05-03 12:00:00+00:00,23.03,72.58,39.83,15.2,4.07,725.0,fused_om_nasa
2021-05-03 13:00:00+00:00,23.03,72.58,39.64,15.7,3.23,574.5,fused_om_nasa
2021-05-03 14:00:00+00:00,23.03,72.58,38.52,17.4,2.84,399.3,fused_om_nasa
2021-05-03 15:00:00+00:00,23.03,72.58,37.14,19.2,3.0,292.9,fused_om_nasa
2021-05-03 16:00:00+00:00,23.03,72.58,36.09,20.1,3.17,182.4,fused_om_nasa
2021-05-03 17:00:00+00:00,23.03,72.58,35.49,20.1,2.94,75.7,fused_om_nasa
2021-05-03 18:00:00+00:00,23.03,72.58,33.48,23.9,2.45,6.3,fused_om_nasa
2021-05-03 19:00:00+00:00,23.03,72.58,32.48,26.7,2.18,0.0,fused_om_nasa
2021-05-03 20:00:00+00:00,23.03,72.58,32.08,28.0,2.76,0.0,fused_om_nasa
2021-05-03 21:00:00+00:00,23.03,72.58,31.16,30.0,2.49,0.0,fused_om_nasa
2021-05-03 22:00:00+00:00,23.03,72.58,30.48,34.1,2.82,0.0,fused_om_nasa
2021-05-03 23:00:00+00:00,23.03,72.58,30.01,35.6,3.01,0.0,fused_om_nasa
2021-05-04 00:00:00+00:00,23.03,72.58,29.6,36.1,3.26,0.0,fused_om_nasa
2021-05-04 01:00:00+00:00,23.03,72.58,29.34,36.9,3.5,7.8,fused_om_nasa
2021-05-04 02:00:00+00:00,23.03,72.58,29.7,37.9,3.8,118.4,fused_om_nasa
2021-05-04 03:00:00+00:00,23.03,72.58,30.14,39.3,3.79,224.8,fused_om_nasa
2021-05-04 04:00:00+00:00,23.03,72.58,31.05,38.0,3.64,307.9,fused_om_nasa
2021-05-04 05:00:00+00:00,23.03,72.58,31.92,36.8,3.43,356.8,fused_om_nasa
2021-05-04 06:00:00+00:00,23.03,72.58,33.11,35.4,3.54,434.0,fused_om_nasa
2021-05-04 07:00:00+00:00,23.03,72.58,34.79,31.0,3.83,549.8,fused_om_nasa
2021-05-04 08:00:00+00:00,23.03,72.58,36.76,24.6,4.23,674.4,fused_om_nasa
2021-05-04 09:00:00+00:00,23.03,72.58,38.1,20.8,4.27,710.8,fused_om_nasa
2021-05-04 10:00:00+00:00,23.03,72.58,38.86,18.7,4.47,739.0,fused_om_nasa
2021-05-04 11:00:00+00:00,23.03,72.58,39.47,17.7,4.47,763.8,fused_om_nasa
2021-05-04 12:00:00+00:00,23.03,72.58,39.7,17.0,4.3,739.9,fused_om_nasa
2021-05-04 13:00:00+00:00,23.03,72.58,39.44,16.2,3.83,614.9,fused_om_nasa
2021-05-04 14:00:00+00:00,23.03,72.58,37.52,17.7,4.02,414.9,fused_om_nasa
2021-05-04 15:00:00+00:00,23.03,72.58,36.53,18.1,3.84,308.4,fused_om_nasa
2021-05-04 16:00:00+00:00,23.03,72.58,36.61,16.6,4.65,194.9,fused_om_nasa
2021-05-04 17:00:00+00:00,23.03,72.58,35.0,19.3,3.46,80.0,fused_om_nasa
2021-05-04 18:00:00+00:00,23.03,72.58,32.89,22.7,2.6,7.1,fused_om_nasa
2021-05-04 19:00:00+00:00,23.03,72.58,31.56,25.2,2.71,0.0,fused_om_nasa
2021-05-04 20:00:00+00:00,23.03,72.58,30.71,25.6,2.75,0.0,fused_om_nasa
2021-05-04 21:00:00+00:00,23.03,72.58,30.02,26.7,3.0,0.0,fused_om_nasa
2021-05-04 22:00:00+00:00,23.03,72.58,29.2,28.3,3.1,0.0,fused_om_nasa
2021-05-04 23:00:00+00:00,23.03,72.58,28.33,36.1,3.3,0.0,fused_om_nasa
2021-05-05 00:00:00+00:00,23.03,72.58,27.94,45.5,3.36,0.0,fused_om_nasa
2021-05-05 01:00:00+00:00,23.03,72.58,27.51,49.1,3.32,7.6,fused_om_nasa
2021-05-05 02:00:00+00:00,23.03,72.58,27.78,48.4,3.54,124.6,fused_om_nasa
2021-05-05 03:00:00+00:00,23.03,72.58,28.39,47.6,3.53,239.2,fused_om_nasa
2021-05-05 04:00:00+00:00,23.03,72.58,29.26,48.0,3.41,310.4,fused_om_nasa
2021-05-05 05:00:00+00:00,23.03,72.58,30.3,47.4,3.45,354.0,fused_om_nasa
2021-05-05 06:00:00+00:00,23.03,72.58,32.03,44.1,4.26,429.7,fused_om_nasa
2021-05-05 07:00:00+00:00,23.03,72.58,34.3,35.7,4.47,537.9,fused_om_nasa
2021-05-05 08:00:00+00:00,23.03,72.58,36.47,26.8,4.28,610.1,fused_om_nasa
2021-05-05 09:00:00+00:00,23.03,72.58,38.34,21.2,3.8,704.5,fused_om_nasa
2021-05-05 10:00:00+00:00,23.03,72.58,39.58,18.2,3.61,771.4,fused_om_nasa
2021-05-05 11:00:00+00:00,23.03,72.58,40.36,15.9,3.74,799.7,fused_om_nasa
2021-05-05 12:00:00+00:00,23.03,72.58,40.48,15.7,3.9,773.2,fused_om_nasa
2021-05-05 13:00:00+00:00,23.03,72.58,40.17,15.9,3.66,634.9,fused_om_nasa
2021-05-05 14:00:00+00:00,23.03,72.58,38.46,17.7,3.49,433.2,fused_om_nasa
2021-05-05 15:00:00+00:00,23.03,72.58,37.52,18.6,3.68,322.8,fused_om_nasa
2021-05-05 16:00:00+00:00,23.03,72.58,36.75,19.2,3.29,197.2,fused_om_nasa
2021-05-05 17:00:00+00:00,23.03,72.58,35.96,19.5,3.4,82.3,fused_om_nasa
2021-05-05 18:00:00+00:00,23.03,72.58,33.9,22.3,2.52,6.6,fused_om_nasa
2021-05-05 19:00:00+00:00,23.03,72.58,32.34,25.1,2.74,0.0,fused_om_nasa
2021-05-05 20:00:00+00:00,23.03,72.58,31.61,26.8,2.67,0.0,fused_om_nasa
2021-05-05 21:00:00+00:00,23.03,72.58,30.76,30.6,2.62,0.0,fused_om_nasa
2021-05-05 22:00:00+00:00,23.03,72.58,29.67,35.8,2.43,0.0,fused_om_nasa
2021-05-05 23:00:00+00:00,23.03,72.58,28.86,41.6,2.68,0.0,fused_om_nasa
2021-05-06 00:00:00+00:00,23.03,72.58,28.76,47.4,3.32,0.0,fused_om_nasa
2021-05-06 01:00:00+00:00,23.03,72.58,28.64,49.7,3.84,7.5,fused_om_nasa
2021-05-06 02:00:00+00:00,23.03,72.58,28.96,54.2,4.06,123.4,fused_om_nasa
2021-05-06 03:00:00+00:00,23.03,72.58,29.52,56.7,3.94,238.2,fused_om_nasa
2021-05-06 04:00:00+00:00,23.03,72.58,30.48,53.7,3.6,309.0,fused_om_nasa
2021-05-06 05:00:00+00:00,23.03,72.58,31.55,49.3,3.16,353.1,fused_om_nasa
2021-05-06 06:00:00+00:00,23.03,72.58,33.14,43.9,3.4,431.8,fused_om_nasa
2021-05-06 07:00:00+00:00,23.03,72.58,35.13,35.7,3.32,548.2,fused_om_nasa
2021-05-06 08:00:00+00:00,23.03,72.58,37.44,26.2,3.38,638.0,fused_om_nasa
2021-05-06 09:00:00+00:00,23.03,72.58,39.3,21.0,3.45,725.3,fused_om_nasa
2021-05-06 10:00:00+00:00,23.03,72.58,40.43,18.1,3.5,788.0,fused_om_nasa
2021-05-06 11:00:00+00:00,23.03,72.58,41.07,16.6,3.7,797.1,fused_om_nasa
2021-05-06 12:00:00+00:00,23.03,72.58,41.34,16.2,3.61,757.0,fused_om_nasa
2021-05-06 13:00:00+00:00,23.03,72.58,41.02,16.7,3.3,629.4,fused_om_nasa
2021-05-06 14:00:00+00:00,23.03,72.58,39.97,18.1,2.98,423.8,fused_om_nasa
2021-05-06 15:00:00+00:00,23.03,72.58,39.73,17.6,2.58,311.7,fused_om_nasa
2021-05-06 16:00:00+00:00,23.03,72.58,37.42,20.8,3.28,199.3,fused_om_nasa
2021-05-06 17:00:00+00:00,23.03,72.58,36.72,21.2,3.23,86.0,fused_om_nasa
2021-05-06 18:00:00+00:00,23.03,72.58,34.81,26.1,2.51,7.9,fused_om_nasa
2021-05-06 19:00:00+00:00,23.03,72.58,33.44,25.8,2.53,0.0,fused_om_nasa
2021-05-06 20:00:00+00:00,23.03,72.58,32.46,27.5,2.28,0.0,fused_om_nasa
2021-05-06 21:00:00+00:00,23.03,72.58,31.51,30.6,2.23,0.0,fused_om_nasa
2021-05-06 22:00:00+00:00,23.03,72.58,30.72,35.9,2.4,0.0,fused_om_nasa
2021-05-06 23:00:00+00:00,23.03,72.58,29.74,43.3,2.8,0.0,fused_om_nasa
2021-05-07 00:00:00+00:00,23.03,72.58,29.28,45.4,2.73,0.0,fused_om_nasa
2021-05-07 01:00:00+00:00,23.03,72.58,28.96,46.4,2.79,7.4,fused_om_nasa
2021-05-07 02:00:00+00:00,23.03,72.58,29.28,45.5,3.0,124.6,fused_om_nasa
2021-05-07 03:00:00+00:00,23.03,72.58,29.83,45.9,3.15,239.7,fused_om_nasa
2021-05-07 04:00:00+00:00,23.03,72.58,30.7,46.6,2.99,309.1,fused_om_nasa
2021-05-07 05:00:00+00:00,23.03,72.58,31.68,45.2,2.66,352.8,fused_om_nasa
2021-05-07 06:00:00+00:00,23.03,72.58,33.29,40.2,2.72,432.7,fused_om_nasa
2021-05-07 07:00:00+00:00,23.03,72.58,35.26,34.2,2.54,474.3,fused_om_nasa
2021-05-07 08:00:00+00:00,23.03,72.58,37.53,27.0,2.56,597.4,fused_om_nasa
2021-05-07 09:00:00+00:00,23.03,72.58,39.37,21.1,2.49,704.2,fused_om_nasa
2021-05-07 10:00:00+00:00,23.03,72.58,40.42,18.8,2.6,761.1,fused_om_nasa
2021-05-07 11:00:00+00:00,23.03,72.58,40.89,17.7,2.68,727.9,fused_om_nasa
2021-05-07 12:00:00+00:00,23.03,72.58,41.14,16.6,3.28,722.8,fused_om_nasa
2021-05-07 13:00:00+00:00,23.03,72.58,40.86,16.4,3.12,597.2,fused_om_nasa
2021-05-07 14:00:00+00:00,23.03,72.58,39.8,17.3,2.68,408.4,fused_om_nasa
2021-05-07 15:00:00+00:00,23.03,72.58,38.88,17.8,2.71,294.4,fused_om_nasa
2021-05-07 16:00:00+00:00,23.03,72.58,37.84,19.1,2.74,173.6,fused_om_nasa
2021-05-07 17:00:00+00:00,23.03,72.58,36.53,25.0,4.06,73.5,fused_om_nasa
2021-05-07 18:00:00+00:00,23.03,72.58,35.2,27.8,3.32,6.6,fused_om_nasa
2021-05-07 19:00:00+00:00,23.03,72.58,33.93,28.0,2.82,0.0,fused_om_nasa
2021-05-07 20:00:00+00:00,23.03,72.58,32.96,29.8,2.37,0.0,fused_om_nasa
2021-05-07 21:00:00+00:00,23.03,72.58,32.14,32.7,2.71,0.0,fused_om_nasa
2021-05-07 22:00:00+00:00,23.03,72.58,31.4,39.8,3.14,0.0,fused_om_nasa
2021-05-07 23:00:00+00:00,23.03,72.58,31.02,41.5,3.39,0.0,fused_om_nasa
2021-05-08 00:00:00+00:00,23.03,72.58,30.39,43.9,3.1,0.0,fused_om_nasa
2021-05-08 01:00:00+00:00,23.03,72.58,30.15,43.2,3.04,7.3,fused_om_nasa
2021-05-08 02:00:00+00:00,23.03,72.58,30.46,42.5,3.16,123.6,fused_om_nasa
2021-05-08 03:00:00+00:00,23.03,72.58,30.96,42.7,2.97,235.4,fused_om_nasa
2021-05-08 04:00:00+00:00,23.03,72.58,31.78,42.9,2.64,304.6,fused_om_nasa
2021-05-08 05:00:00+00:00,23.03,72.58,32.71,42.8,2.57,347.8,fused_om_nasa
2021-05-08 06:00:00+00:00,23.03,72.58,34.24,39.7,2.94,418.8,fused_om_nasa
2021-05-08 07:00:00+00:00,23.03,72.58,35.88,33.5,3.06,405.9,fused_om_nasa
2021-05-08 08:00:00+00:00,23.03,72.58,38.11,26.4,3.16,521.5,fused_om_nasa
2021-05-08 09:00:00+00:00,23.03,72.58,39.97,21.5,2.81,608.3,fused_om_nasa
2021-05-08 10:00:00+00:00,23.03,72.58,41.04,19.4,2.76,688.5,fused_om_nasa
2021-05-08 11:00:00+00:00,23.03,72.58,41.57,18.3,2.73,682.5,fused_om_nasa
2021-05-08 12:00:00+00:00,23.03,72.58,41.82,17.7,2.8,668.1,fused_om_nasa
2021-05-08 13:00:00+00:00,23.03,72.58,41.61,17.3,2.86,492.8,fused_om_nasa
2021-05-08 14:00:00+00:00,23.03,72.58,40.44,17.7,2.58,338.8,fused_om_nasa
2021-05-08 15:00:00+00:00,23.03,72.58,39.62,18.8,2.6,223.7,fused_om_nasa
2021-05-08 16:00:00+00:00,23.03,72.58,38.5,20.1,2.64,130.3,fused_om_nasa
2021-05-08 17:00:00+00:00,23.03,72.58,37.9,21.5,3.07,58.7,fused_om_nasa
2021-05-08 18:00:00+00:00,23.03,72.58,35.76,27.9,1.92,6.8,fused_om_nasa
2021-05-08 19:00:00+00:00,23.03,72.58,34.86,30.1,2.34,0.0,fused_om_nasa
2021-05-08 20:00:00+00:00,23.03,72.58,34.24,30.0,2.76,0.0,fused_om_nasa
2021-05-08 21:00:00+00:00,23.03,72.58,33.58,30.2,3.19,0.0,fused_om_nasa
2021-05-08 22:00:00+00:00,23.03,72.58,32.88,33.9,3.6,0.0,fused_om_nasa
2021-05-08 23:00:00+00:00,23.03,72.58,31.96,39.7,3.44,0.0,fused_om_nasa
2021-05-09 00:00:00+00:00,23.03,72.58,31.72,43.6,3.78,0.0,fused_om_nasa
2021-05-09 01:00:00+00:00,23.03,72.58,31.4,45.4,4.02,7.2,fused_om_nasa
2021-05-09 02:00:00+00:00,23.03,72.58,31.58,47.8,4.3,122.5,fused_om_nasa
2021-05-09 03:00:00+00:00,23.03,72.58,32.09,47.7,4.42,231.1,fused_om_nasa
2021-05-09 04:00:00+00:00,23.03,72.58,32.86,46.4,4.25,290.6,fused_om_nasa
2021-05-09 05:00:00+00:00,23.03,72.58,33.79,44.3,4.03,326.6,fused_om_nasa
2021-05-09 06:00:00+00:00,23.03,72.58,35.06,39.9,4.0,382.3,fused_om_nasa
2021-05-09 07:00:00+00:00,23.03,72.58,36.66,34.1,3.61,467.2,fused_om_nasa
2021-05-09 08:00:00+00:00,23.03,72.58,38.29,27.9,3.82,513.5,fused_om_nasa
2021-05-09 09:00:00+00:00,23.03,72.58,39.96,22.6,3.58,562.8,fused_om_nasa
2021-05-09 10:00:00+00:00,23.03,72.58,41.3,19.9,3.08,646.2,fused_om_nasa
2021-05-09 11:00:00+00:00,23.03,72.58,41.82,18.3,2.92,689.6,fused_om_nasa
2021-05-09 12:00:00+00:00,23.03,72.58,42.21,17.2,3.35,666.0,fused_om_nasa
2021-05-09 13:00:00+00:00,23.03,72.58,41.79,17.4,2.86,424.1,fused_om_nasa
2021-05-09 14:00:00+00:00,23.03,72.58,40.2,19.3,3.04,282.4,fused_om_nasa
2021-05-09 15:00:00+00:00,23.03,72.58,39.67,21.8,3.88,179.6,fused_om_nasa
2021-05-09 16:00:00+00:00,23.03,72.58,38.68,27.5,4.34,118.9,fused_om_nasa
2021-05-09 17:00:00+00:00,23.03,72.58,37.5,30.4,4.2,55.8,fused_om_nasa
2021-05-09 18:00:00+00:00,23.03,72.58,35.98,30.2,3.07,6.7,fused_om_nasa
2021-05-09 19:00:00+00:00,23.03,72.58,34.86,25.6,2.94,0.0,fused_om_nasa
2021-05-09 20:00:00+00:00,23.03,72.58,33.76,28.6,3.3,0.0,fused_om_nasa
2021-05-09 21:00:00+00:00,23.03,72.58,32.85,36.4,3.82,0.0,fused_om_nasa
2021-05-09 22:00:00+00:00,23.03,72.58,32.14,41.3,3.93,0.0,fused_om_nasa
2021-05-09 23:00:00+00:00,23.03,72.58,31.3,44.6,4.04,0.0,fused_om_nasa
2021-05-10 00:00:00+00:00,23.03,72.58,30.74,49.2,4.61,0.0,fused_om_nasa
2021-05-10 01:00:00+00:00,23.03,72.58,30.08,53.8,4.72,7.1,fused_om_nasa
2021-05-10 02:00:00+00:00,23.03,72.58,29.84,57.3,4.83,123.9,fused_om_nasa
2021-05-10 03:00:00+00:00,23.03,72.58,30.07,58.0,4.22,235.0,fused_om_nasa
2021-05-10 04:00:00+00:00,23.03,72.58,30.76,55.9,3.68,304.3,fused_om_nasa
2021-05-10 05:00:00+00:00,23.03,72.58,31.6,53.1,2.93,349.0,fused_om_nasa
2021-05-10 06:00:00+00:00,23.03,72.58,32.97,47.6,3.18,431.7,fused_om_nasa
2021-05-10 07:00:00+00:00,23.03,72.58,35.06,37.0,3.72,538.5,fused_om_nasa
2021-05-10 08:00:00+00:00,23.03,72.58,37.02,28.4,3.85,619.9,fused_om_nasa
2021-05-10 09:00:00+00:00,23.03,72.58,38.57,23.5,3.89,719.3,fused_om_nasa
2021-05-10 10:00:00+00:00,23.03,72.58,39.71,21.0,3.94,780.9,fused_om_nasa
2021-05-10 11:00:00+00:00,23.03,72.58,40.45,19.0,4.11,785.1,fused_om_nasa
2021-05-10 12:00:00+00:00,23.03,72.58,40.52,19.0,3.92,749.9,fused_om_nasa
2021-05-10 13:00:00+00:00,23.03,72.58,40.52,18.0,3.62,627.5,fused_om_nasa
2021-05-10 14:00:00+00:00,23.03,72.58,39.63,18.5,3.92,433.6,fused_om_nasa
2021-05-10 15:00:00+00:00,23.03,72.58,37.86,24.3,5.1,324.6,fused_om_nasa
2021-05-10 16:00:00+00:00,23.03,72.58,37.11,26.0,4.64,207.1,fused_om_nasa
2021-05-10 17:00:00+00:00,23.03,72.58,36.01,30.7,4.33,87.1,fused_om_nasa
2021-05-10 18:00:00+00:00,23.03,72.58,34.24,35.0,3.2,8.2,fused_om_nasa
2021-05-10 19:00:00+00:00,23.03,72.58,32.98,35.9,3.33,0.0,fused_om_nasa
2021-05-10 20:00:00+00:00,23.03,72.58,32.25,32.8,4.11,0.0,fused_om_nasa
2021-05-10 21:00:00+00:00,23.03,72.58,31.17,41.5,4.31,0.0,fused_om_nasa
2021-05-10 22:00:00+00:00,23.03,72.58,30.22,50.0,4.43,0.0,fused_om_nasa
2021-05-10 23:00:00+00:00,23.03,72.58,29.41,57.2,4.58,0.0,fused_om_nasa
2021-05-11 00:00:00+00:00,23.03,72.58,28.68,63.6,4.54,0.0,fused_om_nasa
2021-05-11 01:00:00+00:00,23.03,72.58,28.19,67.9,4.59,7.0,fused_om_nasa
2021-05-11 02:00:00+00:00,23.03,72.58,28.26,69.0,4.49,122.9,fused_om_nasa
2021-05-11 03:00:00+00:00,23.03,72.58,28.74,67.0,4.03,232.0,fused_om_nasa
2021-05-11 04:00:00+00:00,23.03,72.58,29.56,63.7,3.55,292.8,fused_om_nasa
2021-05-11 05:00:00+00:00,23.03,72.58,30.46,60.1,3.15,344.6,fused_om_nasa
2021-05-11 06:00:00+00:00,23.03,72.58,32.02,54.5,3.64,433.5,fused_om_nasa
2021-05-11 07:00:00+00:00,23.03,72.58,34.08,45.0,4.04,553.8,fused_om_nasa
2021-05-11 08:00:00+00:00,23.03,72.58,36.13,34.3,3.92,618.4,fused_om_nasa
2021-05-11 09:00:00+00:00,23.03,72.58,37.95,26.8,3.87,726.1,fused_om_nasa
2021-05-11 10:00:00+00:00,23.03,72.58,39.04,23.1,3.78,734.4,fused_om_nasa
2021-05-11 11:00:00+00:00,23.03,72.58,39.8,20.8,3.51,721.4,fused_om_nasa
2021-05-11 12:00:00+00:00,23.03,72.58,39.78,19.8,3.9,714.0,fused_om_nasa
2021-05-11 13:00:00+00:00,23.03,72.58,39.64,19.5,3.72,617.0,fused_om_nasa
2021-05-11 14:00:00+00:00,23.03,72.58,38.89,20.0,3.2,435.9,fused_om_nasa
2021-05-11 15:00:00+00:00,23.03,72.58,38.04,21.3,3.3,323.0,fused_om_nasa
2021-05-11 16:00:00+00:00,23.03,72.58,36.45,31.4,4.16,207.0,fused_om_nasa
2021-05-11 17:00:00+00:00,23.03,72.58,35.02,40.8,4.05,90.0,fused_om_nasa
2021-05-11 18:00:00+00:00,23.03,72.58,33.41,44.1,2.96,8.8,fused_om_nasa
2021-05-11 19:00:00+00:00,23.03,72.58,32.0,47.0,2.86,0.0,fused_om_nasa
2021-05-11 20:00:00+00:00,23.03,72.58,31.66,40.5,2.99,0.0,fused_om_nasa
2021-05-11 21:00:00+00:00,23.03,72.58,31.13,37.4,3.4,0.0,fused_om_nasa
2021-05-11 22:00:00+00:00,23.03,72.58,30.33,44.5,3.91,0.0,fused_om_nasa
2021-05-11 23:00:00+00:00,23.03,72.58,29.33,53.2,3.97,0.0,fused_om_nasa
2021-05-12 00:00:00+00:00,23.03,72.58,28.7,60.3,4.03,0.0,fused_om_nasa
2021-05-12 01:00:00+00:00,23.03,72.58,28.12,64.6,4.1,6.9,fused_om_nasa
2021-05-12 02:00:00+00:00,23.03,72.58,28.06,66.2,4.0,124.4,fused_om_nasa
2021-05-12 03:00:00+00:00,23.03,72.58,28.51,65.6,3.68,237.0,fused_om_nasa
2021-05-12 04:00:00+00:00,23.03,72.58,29.33,62.4,3.38,305.7,fused_om_nasa
2021-05-12 05:00:00+00:00,23.03,72.58,30.26,58.6,3.08,351.8,fused_om_nasa
2021-05-12 06:00:00+00:00,23.03,72.58,31.72,53.0,3.66,436.5,fused_om_nasa
2021-05-12 07:00:00+00:00,23.03,72.58,33.52,44.2,3.93,550.7,fused_om_nasa
2021-05-12 08:00:00+00:00,23.03,72.58,35.56,34.8,4.12,661.6,fused_om_nasa
2021-05-12 09:00:00+00:00,23.03,72.58,37.72,24.9,4.2,747.8,fused_om_nasa
2021-05-12 10:00:00+00:00,23.03,72.58,39.28,19.8,4.12,797.7,fused_om_nasa
2021-05-12 11:00:00+00:00,23.03,72.58,40.09,17.4,4.4,803.3,fused_om_nasa
2021-05-12 12:00:00+00:00,23.03,72.58,40.1,17.4,4.03,767.6,fused_om_nasa
2021-05-12 13:00:00+00:00,23.03,72.58,40.11,17.4,3.99,612.0,fused_om_nasa
2021-05-12 14:00:00+00:00,23.03,72.58,38.97,19.4,3.84,434.1,fused_om_nasa
2021-05-12 15:00:00+00:00,23.03,72.58,37.09,30.3,4.89,320.7,fused_om_nasa
2021-05-12 16:00:00+00:00,23.03,72.58,36.11,35.5,4.88,201.9,fused_om_nasa
2021-05-12 17:00:00+00:00,23.03,72.58,35.24,38.5,4.78,89.9,fused_om_nasa
2021-05-12 18:00:00+00:00,23.03,72.58,34.14,36.2,3.85,8.7,fused_om_nasa
2021-05-12 19:00:00+00:00,23.03,72.58,33.02,31.7,3.7,0.0,fused_om_nasa
2021-05-12 20:00:00+00:00,23.03,72.58,31.98,41.3,4.32,0.0,fused_om_nasa
2021-05-12 21:00:00+00:00,23.03,72.58,30.92,50.2,4.52,0.0,fused_om_nasa
2021-05-12 22:00:00+00:00,23.03,72.58,29.88,56.4,4.09,0.0,fused_om_nasa
2021-05-12 23:00:00+00:00,23.03,72.58,29.03,60.5,4.0,0.0,fused_om_nasa
2021-05-13 00:00:00+00:00,23.03,72.58,28.22,64.3,3.96,0.0,fused_om_nasa
2021-05-13 01:00:00+00:00,23.03,72.58,27.9,67.4,4.12,6.8,fused_om_nasa
2021-05-13 02:00:00+00:00,23.03,72.58,28.01,66.7,4.65,123.5,fused_om_nasa
2021-05-13 03:00:00+00:00,23.03,72.58,28.38,66.0,4.36,223.8,fused_om_nasa
2021-05-13 04:00:00+00:00,23.03,72.58,28.99,63.6,4.0,277.0,fused_om_nasa
2021-05-13 05:00:00+00:00,23.03,72.58,29.85,60.8,3.72,329.9,fused_om_nasa
2021-05-13 06:00:00+00:00,23.03,72.58,31.3,55.4,4.29,409.4,fused_om_nasa
2021-05-13 07:00:00+00:00,23.03,72.58,33.23,47.0,4.72,515.8,fused_om_nasa
2021-05-13 08:00:00+00:00,23.03,72.58,35.25,37.8,4.84,614.8,fused_om_nasa
2021-05-13 09:00:00+00:00,23.03,72.58,37.33,28.8,4.95,686.1,fused_om_nasa
2021-05-13 10:00:00+00:00,23.03,72.58,38.83,23.6,5.08,719.6,fused_om_nasa
2021-05-13 11:00:00+00:00,23.03,72.58,39.88,20.9,5.24,761.9,fused_om_nasa
2021-05-13 12:00:00+00:00,23.03,72.58,40.25,21.0,5.32,734.2,fused_om_nasa
2021-05-13 13:00:00+00:00,23.03,72.58,38.72,29.7,5.92,613.1,fused_om_nasa
2021-05-13 14:00:00+00:00,23.03,72.58,37.92,31.7,5.36,426.0,fused_om_nasa
2021-05-13 15:00:00+00:00,23.03,72.58,36.94,36.5,5.3,316.2,fused_om_nasa
2021-05-13 16:00:00+00:00,23.03,72.58,35.86,40.2,4.7,198.3,fused_om_nasa
2021-05-13 17:00:00+00:00,23.03,72.58,34.84,44.1,4.26,83.9,fused_om_nasa
2021-05-13 18:00:00+00:00,23.03,72.58,33.53,46.5,3.24,8.2,fused_om_nasa
2021-05-13 19:00:00+00:00,23.03,72.58,32.32,49.0,2.56,0.0,fused_om_nasa
2021-05-13 20:00:00+00:00,23.03,72.58,31.66,51.7,2.64,0.0,fused_om_nasa
2021-05-13 21:00:00+00:00,23.03,72.58,31.23,52.5,2.94,0.0,fused_om_nasa
2021-05-13 22:00:00+00:00,23.03,72.58,30.72,54.2,3.2,0.0,fused_om_nasa
2021-05-13 23:00:00+00:00,23.03,72.58,30.0,58.5,3.12,0.0,fused_om_nasa
2021-05-14 00:00:00+00:00,23.03,72.58,29.34,62.8,3.3,0.0,fused_om_nasa
2021-05-14 01:00:00+00:00,23.03,72.58,29.08,65.7,3.6,6.8,fused_om_nasa
2021-05-14 02:00:00+00:00,23.03,72.58,29.08,66.4,3.76,120.4,fused_om_nasa
2021-05-14 03:00:00+00:00,23.03,72.58,29.36,64.7,3.46,234.6,fused_om_nasa
2021-05-14 04:00:00+00:00,23.03,72.58,29.92,62.1,2.96,304.9,fused_om_nasa
2021-05-14 05:00:00+00:00,23.03,72.58,30.71,59.4,2.84,347.0,fused_om_nasa
2021-05-14 06:00:00+00:00,23.03,72.58,31.95,55.1,3.36,417.3,fused_om_nasa
2021-05-14 07:00:00+00:00,23.03,72.58,33.64,46.6,3.7,505.8,fused_om_nasa
2021-05-14 08:00:00+00:00,23.03,72.58,35.34,37.3,3.7,552.3,fused_om_nasa
2021-05-14 09:00:00+00:00,23.03,72.58,37.16,28.9,3.7,641.7,fused_om_nasa
2021-05-14 10:00:00+00:00,23.03,72.58,38.84,22.3,3.68,733.1,fused_om_nasa
2021-05-14 11:00:00+00:00,23.03,72.58,39.9,18.8,3.9,757.1,fused_om_nasa
2021-05-14 12:00:00+00:00,23.03,72.58,40.2,17.9,3.78,708.0,fused_om_nasa
2021-05-14 13:00:00+00:00,23.03,72.58,40.08,17.9,3.52,615.8,fused_om_nasa
2021-05-14 14:00:00+00:00,23.03,72.58,38.68,19.1,3.16,425.8,fused_om_nasa
2021-05-14 15:00:00+00:00,23.03,72.58,38.08,20.1,3.2,307.2,fused_om_nasa
2021-05-14 16:00:00+00:00,23.03,72.58,37.3,21.9,3.92,192.2,fused_om_nasa
2021-05-14 17:00:00+00:00,23.03,72.58,35.86,28.3,3.84,82.2,fused_om_nasa
2021-05-14 18:00:00+00:00,23.03,72.58,34.42,32.5,2.88,8.5,fused_om_nasa
2021-05-14 19:00:00+00:00,23.03,72.58,33.13,35.4,2.14,0.0,fused_om_nasa
2021-05-14 20:00:00+00:00,23.03,72.58,32.46,35.4,2.37,0.0,fused_om_nasa
2021-05-14 21:00:00+00:00,23.03,72.58,31.72,35.0,3.16,0.0,fused_om_nasa
2021-05-14 22:00:00+00:00,23.03,72.58,30.8,39.7,3.49,0.0,fused_om_nasa
2021-05-14 23:00:00+00:00,23.03,72.58,29.97,49.1,3.61,0.0,fused_om_nasa
2021-05-15 00:00:00+00:00,23.03,72.58,29.62,54.8,4.08,0.0,fused_om_nasa
2021-05-15 01:00:00+00:00,23.03,72.58,29.2,60.8,4.17,6.7,fused_om_nasa
2021-05-15 02:00:00+00:00,23.03,72.58,29.65,62.3,4.31,124.2,fused_om_nasa
2021-05-15 03:00:00+00:00,23.03,72.58,30.6,59.9,3.98,235.2,fused_om_nasa
2021-05-15 04:00:00+00:00,23.03,72.58,31.68,56.7,3.45,303.0,fused_om_nasa
2021-05-15 05:00:00+00:00,23.03,72.58,32.7,53.0,2.83,341.8,fused_om_nasa
2021-05-15 06:00:00+00:00,23.03,72.58,34.21,46.7,2.52,418.0,fused_om_nasa
2021-05-15 07:00:00+00:00,23.03,72.58,36.28,37.7,2.75,518.7,fused_om_nasa
2021-05-15 08:00:00+00:00,23.03,72.58,38.76,28.1,2.92,608.4,fused_om_nasa
2021-05-15 09:00:00+00:00,23.03,72.58,40.82,21.3,2.33,670.9,fused_om_nasa
2021-05-15 10:00:00+00:00,23.03,72.58,41.58,19.4,1.57,702.8,fused_om_nasa
2021-05-15 11:00:00+00:00,23.03,72.58,41.87,18.7,1.22,612.7,fused_om_nasa
2021-05-15 12:00:00+00:00,23.03,72.58,41.49,19.1,1.32,527.2,fused_om_nasa
2021-05-15 13:00:00+00:00,23.03,72.58,41.38,18.7,1.72,467.3,fused_om_nasa
2021-05-15 14:00:00+00:00,23.03,72.58,40.14,20.1,1.77,322.6,fused_om_nasa
2021-05-15 15:00:00+00:00,23.03,72.58,39.35,21.6,1.94,236.1,fused_om_nasa
2021-05-15 16:00:00+00:00,23.03,72.58,39.24,21.3,1.74,149.5,fused_om_nasa
2021-05-15 17:00:00+00:00,23.03,72.58,38.47,21.6,1.78,68.7,fused_om_nasa
2021-05-15 18:00:00+00:00,23.03,72.58,37.02,23.0,1.52,8.1,fused_om_nasa
2021-05-15 19:00:00+00:00,23.03,72.58,36.2,23.4,1.64,0.0,fused_om_nasa
2021-05-15 20:00:00+00:00,23.03,72.58,36.03,23.2,2.7,0.0,fused_om_nasa
2021-05-15 21:00:00+00:00,23.03,72.58,35.7,23.4,3.3,0.0,fused_om_nasa
2021-05-15 22:00:00+00:00,23.03,72.58,35.27,23.6,3.39,0.0,fused_om_nasa
2021-05-15 23:00:00+00:00,23.03,72.58,35.06,23.8,3.47,0.0,fused_om_nasa
2021-05-16 00:00:00+00:00,23.03,72.58,33.96,25.6,3.04,0.0,fused_om_nasa
2021-05-16 01:00:00+00:00,23.03,72.58,33.71,26.2,3.5,0.0,fused_om_nasa
2021-05-16 02:00:00+00:00,23.03,72.58,33.92,26.9,4.12,20.6,fused_om_nasa
2021-05-16 03:00:00+00:00,23.03,72.58,34.39,26.5,4.59,42.2,fused_om_nasa
2021-05-16 04:00:00+00:00,23.03,72.58,35.61,25.6,3.8,181.1,fused_om_nasa
2021-05-16 05:00:00+00:00,23.03,72.58,36.31,26.3,3.78,303.4,fused_om_nasa
2021-05-16 06:00:00+00:00,23.03,72.58,37.26,25.3,4.08,331.2,fused_om_nasa
2021-05-16 07:00:00+00:00,23.03,72.58,38.7,23.3,4.2,376.4,fused_om_nasa
2021-05-16 08:00:00+00:00,23.03,72.58,40.68,21.3,4.31,413.6,fused_om_nasa
2021-05-16 09:00:00+00:00,23.03,72.58,41.72,21.0,4.2,397.5,fused_om_nasa
2021-05-16 10:00:00+00:00,23.03,72.58,42.37,21.2,4.27,430.6,fused_om_nasa
2021-05-16 11:00:00+00:00,23.03,72.58,42.94,20.6,4.62,429.0,fused_om_nasa
2021-05-16 12:00:00+00:00,23.03,72.58,42.9,20.4,5.47,445.2,fused_om_nasa
2021-05-16 13:00:00+00:00,23.03,72.58,41.26,25.5,3.65,343.7,fused_om_nasa
2021-05-16 14:00:00+00:00,23.03,72.58,37.94,36.6,7.22,294.6,fused_om_nasa
2021-05-16 15:00:00+00:00,23.03,72.58,36.41,43.3,6.34,203.6,fused_om_nasa
2021-05-16 16:00:00+00:00,23.03,72.58,35.62,47.8,5.78,120.8,fused_om_nasa
2021-05-16 17:00:00+00:00,23.03,72.58,34.97,48.6,5.67,53.9,fused_om_nasa
2021-05-16 18:00:00+00:00,23.03,72.58,34.17,49.2,5.06,4.6,fused_om_nasa
2021-05-16 19:00:00+00:00,23.03,72.58,33.34,51.3,4.49,0.0,fused_om_nasa
2021-05-16 20:00:00+00:00,23.03,72.58,32.97,51.6,4.22,0.0,fused_om_nasa
2021-05-16 21:00:00+00:00,23.03,72.58,32.68,51.3,4.11,0.0,fused_om_nasa
2021-05-16 22:00:00+00:00,23.03,72.58,32.55,50.7,4.57,0.0,fused_om_nasa
2021-05-16 23:00:00+00:00,23.03,72.58,32.16,51.8,5.2,0.0,fused_om_nasa
2021-05-17 00:00:00+00:00,23.03,72.58,30.33,62.9,5.88,0.0,fused_om_nasa
2021-05-17 01:00:00+00:00,23.03,72.58,30.24,62.7,6.08,0.0,fused_om_nasa
2021-05-17 02:00:00+00:00,23.03,72.58,30.28,62.8,5.32,0.0,fused_om_nasa
2021-05-17 03:00:00+00:00,23.03,72.58,30.39,61.7,5.56,2.2,fused_om_nasa
2021-05-17 04:00:00+00:00,23.03,72.58,31.18,58.4,5.99,26.6,fused_om_nasa
2021-05-17 05:00:00+00:00,23.03,72.58,31.57,56.4,6.07,11.9,fused_om_nasa
2021-05-17 06:00:00+00:00,23.03,72.58,33.43,50.6,6.88,190.8,fused_om_nasa
2021-05-17 07:00:00+00:00,23.03,72.58,34.54,47.0,7.85,101.8,fused_om_nasa
2021-05-17 08:00:00+00:00,23.03,72.58,36.25,41.3,7.96,195.1,fused_om_nasa
2021-05-17 09:00:00+00:00,23.03,72.58,33.03,58.8,7.42,249.1,fused_om_nasa
2021-05-17 10:00:00+00:00,23.03,72.58,34.23,53.2,5.68,246.2,fused_om_nasa
2021-05-17 11:00:00+00:00,23.03,72.58,36.11,44.9,6.94,290.3,fused_om_nasa
2021-05-17 12:00:00+00:00,23.03,72.58,36.94,40.7,6.35,338.1,fused_om_nasa
2021-05-17 13:00:00+00:00,23.03,72.58,36.02,44.5,7.24,310.1,fused_om_nasa
2021-05-17 14:00:00+00:00,23.03,72.58,35.44,45.3,7.78,170.1,fused_om_nasa
2021-05-17 15:00:00+00:00,23.03,72.58,34.62,48.3,8.09,81.5,fused_om_nasa
2021-05-17 16:00:00+00:00,23.03,72.58,33.23,54.2,7.03,49.9,fused_om_nasa
2021-05-17 17:00:00+00:00,23.03,72.58,31.73,63.2,5.96,21.3,fused_om_nasa
2021-05-17 18:00:00+00:00,23.03,72.58,30.46,70.4,5.15,3.0,fused_om_nasa
2021-05-17 19:00:00+00:00,23.03,72.58,29.66,74.9,4.8,0.0,fused_om_nasa
2021-05-17 20:00:00+00:00,23.03,72.58,29.7,73.2,5.78,0.0,fused_om_nasa
2021-05-17 21:00:00+00:00,23.03,72.58,29.4,71.3,6.02,0.0,fused_om_nasa
2021-05-17 22:00:00+00:00,23.03,72.58,29.16,69.6,6.2,0.0,fused_om_nasa
2021-05-17 23:00:00+00:00,23.03,72.58,28.64,69.7,7.05,0.0,fused_om_nasa
2021-05-18 00:00:00+00:00,23.03,72.58,27.24,80.1,7.32,0.0,fused_om_nasa
2021-05-18 01:00:00+00:00,23.03,72.58,26.71,82.9,7.02,0.0,fused_om_nasa
2021-05-18 02:00:00+00:00,23.03,72.58,26.54,84.0,7.08,0.0,fused_om_nasa
2021-05-18 03:00:00+00:00,23.03,72.58,26.62,83.7,8.12,0.0,fused_om_nasa
2021-05-18 04:00:00+00:00,23.03,72.58,26.59,83.1,8.76,0.0,fused_om_nasa
2021-05-18 05:00:00+00:00,23.03,72.58,26.6,84.0,9.28,1.8,fused_om_nasa
2021-05-18 06:00:00+00:00,23.03,72.58,26.58,84.4,9.94,23.8,fused_om_nasa
2021-05-18 07:00:00+00:00,23.03,72.58,26.65,84.3,11.02,55.9,fused_om_nasa
2021-05-18 08:00:00+00:00,23.03,72.58,26.7,83.8,12.36,86.5,fused_om_nasa
2021-05-18 09:00:00+00:00,23.03,72.58,26.72,84.4,13.94,134.0,fused_om_nasa
2021-05-18 10:00:00+00:00,23.03,72.58,26.9,85.1,15.02,126.6,fused_om_nasa
2021-05-18 11:00:00+00:00,23.03,72.58,27.18,85.7,15.85,105.0,fused_om_nasa
2021-05-18 12:00:00+00:00,23.03,72.58,26.78,85.9,14.6,80.0,fused_om_nasa
2021-05-18 13:00:00+00:00,23.03,72.58,27.24,87.0,11.45,145.4,fused_om_nasa
2021-05-18 14:00:00+00:00,23.03,72.58,27.13,85.6,13.34,85.0,fused_om_nasa
2021-05-18 15:00:00+00:00,23.03,72.58,27.36,84.6,13.24,62.1,fused_om_nasa
2021-05-18 16:00:00+00:00,23.03,72.58,27.14,86.2,12.44,36.7,fused_om_nasa
2021-05-18 17:00:00+00:00,23.03,72.58,26.69,88.2,11.6,16.7,fused_om_nasa
2021-05-18 18:00:00+00:00,23.03,72.58,26.16,90.2,11.09,2.5,fused_om_nasa
2021-05-18 19:00:00+00:00,23.03,72.58,25.9,89.2,10.78,0.0,fused_om_nasa
2021-05-18 20:00:00+00:00,23.03,72.58,25.56,88.9,10.02,0.0,fused_om_nasa
2021-05-18 21:00:00+00:00,23.03,72.58,25.28,89.2,9.1,0.0,fused_om_nasa
2021-05-18 22:00:00+00:00,23.03,72.58,25.09,89.2,8.49,0.0,fused_om_nasa
2021-05-18 23:00:00+00:00,23.03,72.58,25.05,88.9,7.94,0.0,fused_om_nasa
2021-05-19 00:00:00+00:00,23.03,72.58,24.38,88.9,7.46,0.0,fused_om_nasa
2021-05-19 01:00:00+00:00,23.03,72.58,24.61,88.7,7.17,0.0,fused_om_nasa
2021-05-19 02:00:00+00:00,23.03,72.58,25.02,88.3,6.43,0.0,fused_om_nasa
2021-05-19 03:00:00+00:00,23.03,72.58,25.26,87.5,7.74,14.7,fused_om_nasa
2021-05-19 04:00:00+00:00,23.03,72.58,25.6,85.2,7.72,18.8,fused_om_nasa
2021-05-19 05:00:00+00:00,23.03,72.58,26.15,81.6,8.07,16.9,fused_om_nasa
2021-05-19 06:00:00+00:00,23.03,72.58,27.12,77.8,7.99,59.8,fused_om_nasa
2021-05-19 07:00:00+00:00,23.03,72.58,27.84,73.9,8.4,74.5,fused_om_nasa
2021-05-19 08:00:00+00:00,23.03,72.58,29.52,65.6,8.88,175.1,fused_om_nasa
2021-05-19 09:00:00+00:00,23.03,72.58,30.93,59.6,8.32,351.6,fused_om_nasa
2021-05-19 10:00:00+00:00,23.03,72.58,32.13,54.4,8.28,580.5,fused_om_nasa
2021-05-19 11:00:00+00:00,23.03,72.58,32.96,50.2,8.23,536.5,fused_om_nasa
2021-05-19 12:00:00+00:00,23.03,72.58,32.37,52.8,7.12,476.3,fused_om_nasa
2021-05-19 13:00:00+00:00,23.03,72.58,32.39,53.4,6.95,415.5,fused_om_nasa
2021-05-19 14:00:00+00:00,23.03,72.58,31.84,54.5,6.54,309.0,fused_om_nasa
2021-05-19 15:00:00+00:00,23.03,72.58,31.6,54.8,6.1,251.3,fused_om_nasa
2021-05-19 16:00:00+00:00,23.03,72.58,31.06,55.6,5.74,158.4,fused_om_nasa
2021-05-19 17:00:00+00:00,23.03,72.58,30.22,57.5,4.86,76.3,fused_om_nasa
2021-05-19 18:00:00+00:00,23.03,72.58,28.62,62.5,3.47,10.5,fused_om_nasa
2021-05-19 19:00:00+00:00,23.03,72.58,27.35,67.1,2.84,0.0,fused_om_nasa
2021-05-19 20:00:00+00:00,23.03,72.58,26.73,70.1,2.85,0.0,fused_om_nasa
2021-05-19 21:00:00+00:00,23.03,72.58,26.36,71.3,2.83,0.0,fused_om_nasa
2021-05-19 22:00:00+00:00,23.03,72.58,26.04,72.2,2.66,0.0,fused_om_nasa
2021-05-19 23:00:00+00:00,23.03,72.58,25.69,73.5,2.43,0.0,fused_om_nasa
2021-05-20 00:00:00+00:00,23.03,72.58,24.97,75.8,2.13,0.0,fused_om_nasa
2021-05-20 01:00:00+00:00,23.03,72.58,25.4,73.2,1.46,6.4,fused_om_nasa
2021-05-20 02:00:00+00:00,23.03,72.58,25.78,72.8,1.84,120.9,fused_om_nasa
2021-05-20 03:00:00+00:00,23.03,72.58,26.44,72.4,1.6,229.5,fused_om_nasa
2021-05-20 04:00:00+00:00,23.03,72.58,27.13,72.0,1.96,299.2,fused_om_nasa
2021-05-20 05:00:00+00:00,23.03,72.58,27.74,72.1,2.38,344.1,fused_om_nasa
2021-05-20 06:00:00+00:00,23.03,72.58,28.99,68.4,3.04,420.8,fused_om_nasa
2021-05-20 07:00:00+00:00,23.03,72.58,30.62,62.2,3.08,522.4,fused_om_nasa
2021-05-20 08:00:00+00:00,23.03,72.58,32.88,52.3,3.48,638.8,fused_om_nasa
2021-05-20 09:00:00+00:00,23.03,72.58,34.6,45.6,3.66,730.9,fused_om_nasa
2021-05-20 10:00:00+00:00,23.03,72.58,35.68,42.7,3.6,787.6,fused_om_nasa
2021-05-20 11:00:00+00:00,23.03,72.58,36.38,41.4,3.48,789.6,fused_om_nasa
2021-05-20 12:00:00+00:00,23.03,72.58,36.9,39.9,3.03,754.3,fused_om_nasa
2021-05-20 13:00:00+00:00,23.03,72.58,36.12,44.4,3.64,623.0,fused_om_nasa
2021-05-20 14:00:00+00:00,23.03,72.58,35.08,51.0,3.72,425.2,fused_om_nasa
2021-05-20 15:00:00+00:00,23.03,72.58,34.34,53.2,3.84,304.5,fused_om_nasa
2021-05-20 16:00:00+00:00,23.03,72.58,33.49,55.2,3.91,197.8,fused_om_nasa
2021-05-20 17:00:00+00:00,23.03,72.58,32.62,57.1,3.3,88.8,fused_om_nasa
2021-05-20 18:00:00+00:00,23.03,72.58,30.78,64.9,2.62,10.4,fused_om_nasa
2021-05-20 19:00:00+00:00,23.03,72.58,29.24,69.4,2.34,0.0,fused_om_nasa
2021-05-20 20:00:00+00:00,23.03,72.58,28.66,70.6,2.47,0.0,fused_om_nasa
2021-05-20 21:00:00+00:00,23.03,72.58,28.36,71.5,2.69,0.0,fused_om_nasa
2021-05-20 22:00:00+00:00,23.03,72.58,27.88,73.8,3.64,0.0,fused_om_nasa
2021-05-20 23:00:00+00:00,23.03,72.58,27.35,72.9,4.16,0.0,fused_om_nasa
2021-05-21 00:00:00+00:00,23.03,72.58,26.52,73.5,4.42,0.0,fused_om_nasa
2021-05-21 01:00:00+00:00,23.03,72.58,26.22,75.8,4.37,6.4,fused_om_nasa
2021-05-21 02:00:00+00:00,23.03,72.58,26.33,76.4,4.56,109.2,fused_om_nasa
2021-05-21 03:00:00+00:00,23.03,72.58,26.67,73.8,4.43,129.8,fused_om_nasa
2021-05-21 04:00:00+00:00,23.03,72.58,26.91,72.0,3.92,133.4,fused_om_nasa
2021-05-21 05:00:00+00:00,23.03,72.58,27.3,70.2,3.88,162.8,fused_om_nasa
2021-05-21 06:00:00+00:00,23.03,72.58,28.33,67.8,4.2,321.6,fused_om_nasa
2021-05-21 07:00:00+00:00,23.03,72.58,30.2,59.8,4.21,434.3,fused_om_nasa
2021-05-21 08:00:00+00:00,23.03,72.58,32.46,49.8,4.61,514.1,fused_om_nasa
2021-05-21 09:00:00+00:00,23.03,72.58,34.12,45.0,4.66,717.2,fused_om_nasa
2021-05-21 10:00:00+00:00,23.03,72.58,35.14,44.2,4.68,781.5,fused_om_nasa
2021-05-21 11:00:00+00:00,23.03,72.58,35.78,43.9,4.46,801.9,fused_om_nasa
2021-05-21 12:00:00+00:00,23.03,72.58,36.2,42.6,4.06,756.3,fused_om_nasa
2021-05-21 13:00:00+00:00,23.03,72.58,35.44,47.7,4.04,623.7,fused_om_nasa
2021-05-21 14:00:00+00:00,23.03,72.58,34.6,49.9,4.0,432.1,fused_om_nasa
2021-05-21 15:00:00+00:00,23.03,72.58,33.85,52.2,4.13,313.0,fused_om_nasa
2021-05-21 16:00:00+00:00,23.03,72.58,33.22,53.9,3.87,200.2,fused_om_nasa
2021-05-21 17:00:00+00:00,23.03,72.58,32.54,56.2,3.57,88.1,fused_om_nasa
2021-05-21 18:00:00+00:00,23.03,72.58,31.05,63.7,2.68,10.6,fused_om_nasa
2021-05-21 19:00:00+00:00,23.03,72.58,30.02,67.0,2.73,0.0,fused_om_nasa
2021-05-21 20:00:00+00:00,23.03,72.58,29.4,68.7,3.24,0.0,fused_om_nasa
2021-05-21 21:00:00+00:00,23.03,72.58,28.9,71.3,3.76,0.0,fused_om_nasa
2021-05-21 22:00:00+00:00,23.03,72.58,28.44,72.2,4.16,0.0,fused_om_nasa
2021-05-21 23:00:00+00:00,23.03,72.58,27.84,73.1,3.99,0.0,fused_om_nasa
2021-05-22 00:00:00+00:00,23.03,72.58,27.36,74.5,3.74,0.0,fused_om_nasa
2021-05-22 01:00:00+00:00,23.03,72.58,27.11,75.7,3.38,6.4,fused_om_nasa
2021-05-22 02:00:00+00:00,23.03,72.58,27.11,76.8,3.24,117.7,fused_om_nasa
2021-05-22 03:00:00+00:00,23.03,72.58,27.36,75.2,3.54,191.6,fused_om_nasa
2021-05-22 04:00:00+00:00,23.03,72.58,27.43,75.0,3.04,163.0,fused_om_nasa
2021-05-22 05:00:00+00:00,23.03,72.58,27.66,74.4,2.74,200.6,fused_om_nasa
2021-05-22 06:00:00+00:00,23.03,72.58,28.76,70.0,2.95,352.2,fused_om_nasa
2021-05-22 07:00:00+00:00,23.03,72.58,30.53,61.6,3.06,459.9,fused_om_nasa
2021-05-22 08:00:00+00:00,23.03,72.58,32.3,53.4,3.2,569.0,fused_om_nasa
2021-05-22 09:00:00+00:00,23.03,72.58,33.8,48.6,3.46,643.4,fused_om_nasa
2021-05-22 10:00:00+00:00,23.03,72.58,34.86,45.6,3.61,727.7,fused_om_nasa
2021-05-22 11:00:00+00:00,23.03,72.58,35.64,43.3,3.73,793.0,fused_om_nasa
2021-05-22 12:00:00+00:00,23.03,72.58,36.26,40.9,3.7,748.6,fused_om_nasa
2021-05-22 13:00:00+00:00,23.03,72.58,35.81,44.6,3.46,621.1,fused_om_nasa
2021-05-22 14:00:00+00:00,23.03,72.58,35.03,47.1,4.38,417.7,fused_om_nasa
2021-05-22 15:00:00+00:00,23.03,72.58,34.02,49.8,4.51,292.0,fused_om_nasa
2021-05-22 16:00:00+00:00,23.03,72.58,33.3,52.2,4.56,179.2,fused_om_nasa
2021-05-22 17:00:00+00:00,23.03,72.58,32.49,56.1,4.56,75.7,fused_om_nasa
2021-05-22 18:00:00+00:00,23.03,72.58,31.15,61.2,3.84,9.3,fused_om_nasa
2021-05-22 19:00:00+00:00,23.03,72.58,30.06,63.0,4.11,0.0,fused_om_nasa
2021-05-22 20:00:00+00:00,23.03,72.58,29.26,65.5,4.36,0.0,fused_om_nasa
2021-05-22 21:00:00+00:00,23.03,72.58,28.63,68.9,4.46,0.0,fused_om_nasa
2021-05-22 22:00:00+00:00,23.03,72.58,28.48,70.7,4.34,0.0,fused_om_nasa
2021-05-22 23:00:00+00:00,23.03,72.58,27.8,72.6,3.93,0.0,fused_om_nasa
2021-05-23 00:00:00+00:00,23.03,72.58,27.26,75.7,3.36,0.0,fused_om_nasa
2021-05-23 01:00:00+00:00,23.03,72.58,27.2,77.1,2.8,6.3,fused_om_nasa
2021-05-23 02:00:00+00:00,23.03,72.58,27.46,76.7,2.6,106.2,fused_om_nasa
2021-05-23 03:00:00+00:00,23.03,72.58,27.86,75.5,2.98,176.7,fused_om_nasa
2021-05-23 04:00:00+00:00,23.03,72.58,28.19,74.3,3.02,218.2,fused_om_nasa
2021-05-23 05:00:00+00:00,23.03,72.58,28.64,73.2,2.69,257.9,fused_om_nasa
2021-05-23 06:00:00+00:00,23.03,72.58,29.52,69.5,2.81,269.2,fused_om_nasa
2021-05-23 07:00:00+00:00,23.03,72.58,30.62,64.1,2.79,296.1,fused_om_nasa
2021-05-23 08:00:00+00:00,23.03,72.58,31.9,57.8,3.0,457.0,fused_om_nasa
2021-05-23 09:00:00+00:00,23.03,72.58,33.34,52.4,3.15,606.7,fused_om_nasa
2021-05-23 10:00:00+00:00,23.03,72.58,34.54,47.9,3.24,668.9,fused_om_nasa
2021-05-23 11:00:00+00:00,23.03,72.58,35.4,45.6,3.4,667.2,fused_om_nasa
2021-05-23 12:00:00+00:00,23.03,72.58,36.06,43.3,3.26,622.3,fused_om_nasa
2021-05-23 13:00:00+00:00,23.03,72.58,35.72,46.4,2.73,560.3,fused_om_nasa
2021-05-23 14:00:00+00:00,23.03,72.58,35.01,47.1,2.87,362.1,fused_om_nasa
2021-05-23 15:00:00+00:00,23.03,72.58,34.38,49.4,3.73,264.0,fused_om_nasa
2021-05-23 16:00:00+00:00,23.03,72.58,33.42,51.8,3.66,156.6,fused_om_nasa
2021-05-23 17:00:00+00:00,23.03,72.58,32.54,54.3,3.36,67.4,fused_om_nasa
2021-05-23 18:00:00+00:00,23.03,72.58,31.16,62.5,2.42,8.7,fused_om_nasa
2021-05-23 19:00:00+00:00,23.03,72.58,30.15,66.5,2.63,0.0,fused_om_nasa
2021-05-23 20:00:00+00:00,23.03,72.58,29.56,68.6,3.06,0.0,fused_om_nasa
2021-05-23 21:00:00+00:00,23.03,72.58,28.94,71.3,3.25,0.0,fused_om_nasa
2021-05-23 22:00:00+00:00,23.03,72.58,28.56,73.2,3.39,0.0,fused_om_nasa
2021-05-23 23:00:00+00:00,23.03,72.58,28.26,75.2,3.15,0.0,fused_om_nasa
2021-05-24 00:00:00+00:00,23.03,72.58,28.44,74.2,3.6,0.0,fused_om_nasa
2021-05-24 01:00:00+00:00,23.03,72.58,28.4,75.2,3.66,6.3,fused_om_nasa
2021-05-24 02:00:00+00:00,23.03,72.58,28.53,75.3,4.3,114.6,fused_om_nasa
2021-05-24 03:00:00+00:00,23.03,72.58,28.91,73.5,4.92,211.4,fused_om_nasa
2021-05-24 04:00:00+00:00,23.03,72.58,29.4,71.4,4.74,243.1,fused_om_nasa
2021-05-24 05:00:00+00:00,23.03,72.58,29.78,71.3,4.01,301.2,fused_om_nasa
2021-05-24 06:00:00+00:00,23.03,72.58,30.66,69.4,4.18,359.9,fused_om_nasa
2021-05-24 07:00:00+00:00,23.03,72.58,31.94,64.3,4.34,449.6,fused_om_nasa
2021-05-24 08:00:00+00:00,23.03,72.58,33.51,56.4,4.27,531.5,fused_om_nasa
2021-05-24 09:00:00+00:00,23.03,72.58,34.66,51.4,4.04,635.7,fused_om_nasa
2021-05-24 10:00:00+00:00,23.03,72.58,35.48,49.7,3.32,638.9,fused_om_nasa
2021-05-24 11:00:00+00:00,23.03,72.58,36.08,47.5,2.46,652.7,fused_om_nasa
2021-05-24 12:00:00+00:00,23.03,72.58,37.28,37.7,2.9,666.4,fused_om_nasa
2021-05-24 13:00:00+00:00,23.03,72.58,36.8,40.5,2.41,483.7,fused_om_nasa
2021-05-24 14:00:00+00:00,23.03,72.58,36.03,41.6,2.73,372.8,fused_om_nasa
2021-05-24 15:00:00+00:00,23.03,72.58,35.44,43.0,2.56,301.2,fused_om_nasa
2021-05-24 16:00:00+00:00,23.03,72.58,34.66,44.1,2.59,190.0,fused_om_nasa
2021-05-24 17:00:00+00:00,23.03,72.58,33.74,46.3,2.79,87.0,fused_om_nasa
2021-05-24 18:00:00+00:00,23.03,72.58,32.19,54.8,2.79,10.4,fused_om_nasa
2021-05-24 19:00:00+00:00,23.03,72.58,31.03,60.0,2.73,0.0,fused_om_nasa
2021-05-24 20:00:00+00:00,23.03,72.58,30.37,62.8,2.8,0.0,fused_om_nasa
2021-05-24 21:00:00+00:00,23.03,72.58,29.74,62.5,2.83,0.0,fused_om_nasa
2021-05-24 22:00:00+00:00,23.03,72.58,29.0,61.3,3.2,0.0,fused_om_nasa
2021-05-24 23:00:00+00:00,23.03,72.58,28.4,63.2,3.44,0.0,fused_om_nasa
2021-05-25 00:00:00+00:00,23.03,72.58,28.23,64.7,3.98,0.0,fused_om_nasa
2021-05-25 01:00:00+00:00,23.03,72.58,28.06,66.4,4.38,6.2,fused_om_nasa
2021-05-25 02:00:00+00:00,23.03,72.58,28.08,68.2,4.48,120.8,fused_om_nasa
2021-05-25 03:00:00+00:00,23.03,72.58,28.5,68.3,4.64,228.0,fused_om_nasa
2021-05-25 04:00:00+00:00,23.03,72.58,29.14,67.5,4.36,294.4,fused_om_nasa
2021-05-25 05:00:00+00:00,23.03,72.58,29.76,66.7,4.14,338.8,fused_om_nasa
2021-05-25 06:00:00+00:00,23.03,72.58,30.97,63.3,4.38,420.5,fused_om_nasa
2021-05-25 07:00:00+00:00,23.03,72.58,32.71,56.1,4.51,531.0,fused_om_nasa
2021-05-25 08:00:00+00:00,23.03,72.58,34.46,47.9,4.53,642.7,fused_om_nasa
2021-05-25 09:00:00+00:00,23.03,72.58,36.2,40.7,4.41,735.3,fused_om_nasa
2021-05-25 10:00:00+00:00,23.03,72.58,37.67,35.5,3.9,794.9,fused_om_nasa
2021-05-25 11:00:00+00:00,23.03,72.58,38.42,32.8,3.6,784.6,fused_om_nasa
2021-05-25 12:00:00+00:00,23.03,72.58,38.91,30.1,3.22,756.3,fused_om_nasa
2021-05-25 13:00:00+00:00,23.03,72.58,38.27,37.8,2.7,627.4,fused_om_nasa
2021-05-25 14:00:00+00:00,23.03,72.58,37.36,37.7,4.05,427.1,fused_om_nasa
2021-05-25 15:00:00+00:00,23.03,72.58,36.19,45.4,4.04,306.5,fused_om_nasa
2021-05-25 16:00:00+00:00,23.03,72.58,35.39,46.1,3.91,195.6,fused_om_nasa
2021-05-25 17:00:00+00:00,23.03,72.58,34.29,49.8,3.63,87.7,fused_om_nasa
2021-05-25 18:00:00+00:00,23.03,72.58,32.3,58.4,2.93,11.9,fused_om_nasa
2021-05-25 19:00:00+00:00,23.03,72.58,31.26,51.5,3.54,0.0,fused_om_nasa
2021-05-25 20:00:00+00:00,23.03,72.58,30.46,54.2,4.13,0.0,fused_om_nasa
2021-05-25 21:00:00+00:00,23.03,72.58,29.83,59.9,5.01,0.0,fused_om_nasa
2021-05-25 22:00:00+00:00,23.03,72.58,29.02,66.1,5.52,0.0,fused_om_nasa
2021-05-25 23:00:00+00:00,23.03,72.58,28.2,71.7,5.58,0.0,fused_om_nasa
2021-05-26 00:00:00+00:00,23.03,72.58,27.83,77.3,4.92,0.0,fused_om_nasa
2021-05-26 01:00:00+00:00,23.03,72.58,27.74,78.7,4.6,6.2,fused_om_nasa
2021-05-26 02:00:00+00:00,23.03,72.58,27.7,79.0,4.5,70.1,fused_om_nasa
2021-05-26 03:00:00+00:00,23.03,72.58,27.89,78.5,4.36,122.3,fused_om_nasa
2021-05-26 04:00:00+00:00,23.03,72.58,28.36,75.9,4.18,154.9,fused_om_nasa
2021-05-26 05:00:00+00:00,23.03,72.58,28.93,72.9,4.03,207.3,fused_om_nasa
2021-05-26 06:00:00+00:00,23.03,72.58,30.01,68.8,4.55,307.2,fused_om_nasa
2021-05-26 07:00:00+00:00,23.03,72.58,31.81,59.9,5.1,444.6,fused_om_nasa
2021-05-26 08:00:00+00:00,23.03,72.58,33.47,53.2,4.98,555.0,fused_om_nasa
2021-05-26 09:00:00+00:00,23.03,72.58,35.04,47.1,5.01,621.9,fused_om_nasa
2021-05-26 10:00:00+00:00,23.03,72.58,36.54,41.8,5.16,700.9,fused_om_nasa
2021-05-26 11:00:00+00:00,23.03,72.58,37.67,38.1,5.12,726.3,fused_om_nasa
2021-05-26 12:00:00+00:00,23.03,72.58,38.6,36.5,4.44,737.7,fused_om_nasa
2021-05-26 13:00:00+00:00,23.03,72.58,37.84,40.5,5.3,574.7,fused_om_nasa
2021-05-26 14:00:00+00:00,23.03,72.58,36.56,45.2,5.02,417.3,fused_om_nasa
2021-05-26 15:00:00+00:00,23.03,72.58,35.85,47.9,4.84,317.2,fused_om_nasa
2021-05-26 16:00:00+00:00,23.03,72.58,35.14,52.2,4.51,208.1,fused_om_nasa
2021-05-26 17:00:00+00:00,23.03,72.58,34.16,54.0,4.35,96.8,fused_om_nasa
2021-05-26 18:00:00+00:00,23.03,72.58,32.53,60.0,3.56,12.2,fused_om_nasa
2021-05-26 19:00:00+00:00,23.03,72.58,31.42,63.6,3.48,0.0,fused_om_nasa
2021-05-26 20:00:00+00:00,23.03,72.58,30.83,66.1,3.96,0.0,fused_om_nasa
2021-05-26 21:00:00+00:00,23.03,72.58,30.17,68.0,4.57,0.0,fused_om_nasa
2021-05-26 22:00:00+00:00,23.03,72.58,29.67,67.1,4.67,0.0,fused_om_nasa
2021-05-26 23:00:00+00:00,23.03,72.58,29.0,69.8,4.64,0.0,fused_om_nasa
2021-05-27 00:00:00+00:00,23.03,72.58,28.42,73.6,4.6,0.0,fused_om_nasa
2021-05-27 01:00:00+00:00,23.03,72.58,28.37,74.3,4.66,6.2,fused_om_nasa
2021-05-27 02:00:00+00:00,23.03,72.58,28.6,74.4,4.5,113.6,fused_om_nasa
2021-05-27 03:00:00+00:00,23.03,72.58,29.04,73.4,4.5,217.5,fused_om_nasa
2021-05-27 04:00:00+00:00,23.03,72.58,29.74,70.3,4.2,271.6,fused_om_nasa
2021-05-27 05:00:00+00:00,23.03,72.58,30.41,67.6,3.95,268.3,fused_om_nasa
2021-05-27 06:00:00+00:00,23.03,72.58,31.54,62.9,4.22,308.8,fused_om_nasa
2021-05-27 07:00:00+00:00,23.03,72.58,32.89,57.4,4.46,414.6,fused_om_nasa
2021-05-27 08:00:00+00:00,23.03,72.58,34.37,52.1,4.46,603.6,fused_om_nasa
2021-05-27 09:00:00+00:00,23.03,72.58,35.67,47.1,4.71,692.6,fused_om_nasa
2021-05-27 10:00:00+00:00,23.03,72.58,36.91,42.8,4.88,744.0,fused_om_nasa
2021-05-27 11:00:00+00:00,23.03,72.58,38.04,39.4,4.88,771.7,fused_om_nasa
2021-05-27 12:00:00+00:00,23.03,72.58,37.4,43.7,5.46,705.8,fused_om_nasa
2021-05-27 13:00:00+00:00,23.03,72.58,37.19,44.6,5.15,574.2,fused_om_nasa
2021-05-27 14:00:00+00:00,23.03,72.58,36.26,48.4,4.81,382.8,fused_om_nasa
2021-05-27 15:00:00+00:00,23.03,72.58,36.28,48.1,4.88,272.5,fused_om_nasa
2021-05-27 16:00:00+00:00,23.03,72.58,35.52,49.5,4.42,174.5,fused_om_nasa
2021-05-27 17:00:00+00:00,23.03,72.58,34.58,51.8,3.98,79.1,fused_om_nasa
2021-05-27 18:00:00+00:00,23.03,72.58,33.0,57.8,2.96,11.3,fused_om_nasa
2021-05-27 19:00:00+00:00,23.03,72.58,31.91,61.8,3.07,0.0,fused_om_nasa
2021-05-27 20:00:00+00:00,23.03,72.58,31.58,63.3,3.86,0.0,fused_om_nasa
2021-05-27 21:00:00+00:00,23.03,72.58,31.13,63.0,4.36,0.0,fused_om_nasa
2021-05-27 22:00:00+00:00,23.03,72.58,30.52,65.3,4.5,0.0,fused_om_nasa
2021-05-27 23:00:00+00:00,23.03,72.58,29.99,67.9,4.64,0.0,fused_om_nasa
2021-05-28 00:00:00+00:00,23.03,72.58,29.46,70.4,4.38,0.0,fused_om_nasa
2021-05-28 01:00:00+00:00,23.03,72.58,29.22,71.5,4.18,6.2,fused_om_nasa
2021-05-28 02:00:00+00:00,23.03,72.58,29.08,73.7,4.35,109.0,fused_om_nasa
2021-05-28 03:00:00+00:00,23.03,72.58,29.47,72.6,4.23,210.6,fused_om_nasa
2021-05-28 04:00:00+00:00,23.03,72.58,29.88,70.7,3.8,257.6,fused_om_nasa
2021-05-28 05:00:00+00:00,23.03,72.58,30.52,68.8,3.7,311.5,fused_om_nasa
2021-05-28 06:00:00+00:00,23.03,72.58,31.58,65.1,4.27,375.1,fused_om_nasa
2021-05-28 07:00:00+00:00,23.03,72.58,33.06,59.1,4.54,464.8,fused_om_nasa
2021-05-28 08:00:00+00:00,23.03,72.58,34.62,53.0,4.6,574.3,fused_om_nasa
2021-05-28 09:00:00+00:00,23.03,72.58,36.21,48.0,4.71,699.7,fused_om_nasa
2021-05-28 10:00:00+00:00,23.03,72.58,37.76,42.3,4.69,756.9,fused_om_nasa
2021-05-28 11:00:00+00:00,23.03,72.58,39.08,37.2,4.66,729.5,fused_om_nasa
2021-05-28 12:00:00+00:00,23.03,72.58,38.75,39.1,4.78,724.7,fused_om_nasa
2021-05-28 13:00:00+00:00,23.03,72.58,37.96,42.6,4.85,598.7,fused_om_nasa
2021-05-28 14:00:00+00:00,23.03,72.58,37.22,44.9,4.63,416.2,fused_om_nasa
2021-05-28 15:00:00+00:00,23.03,72.58,36.38,46.6,4.54,303.1,fused_om_nasa
2021-05-28 16:00:00+00:00,23.03,72.58,35.88,47.3,4.49,198.0,fused_om_nasa
2021-05-28 17:00:00+00:00,23.03,72.58,35.04,49.8,4.61,91.6,fused_om_nasa
2021-05-28 18:00:00+00:00,23.03,72.58,33.56,55.3,4.22,12.4,fused_om_nasa
2021-05-28 19:00:00+00:00,23.03,72.58,32.39,58.9,4.65,0.0,fused_om_nasa
2021-05-28 20:00:00+00:00,23.03,72.58,31.62,61.6,5.08,0.0,fused_om_nasa
2021-05-28 21:00:00+00:00,23.03,72.58,30.72,66.1,5.0,0.0,fused_om_nasa
2021-05-28 22:00:00+00:00,23.03,72.58,30.12,68.8,4.54,0.0,fused_om_nasa
2021-05-28 23:00:00+00:00,23.03,72.58,29.72,70.0,4.09,0.0,fused_om_nasa
2021-05-29 00:00:00+00:00,23.03,72.58,29.51,71.6,3.81,0.0,fused_om_nasa
2021-05-29 01:00:00+00:00,23.03,72.58,29.48,70.3,3.94,6.2,fused_om_nasa
2021-05-29 02:00:00+00:00,23.03,72.58,29.58,69.6,4.17,115.4,fused_om_nasa
2021-05-29 03:00:00+00:00,23.03,72.58,29.9,69.3,4.07,219.4,fused_om_nasa
2021-05-29 04:00:00+00:00,23.03,72.58,30.34,68.0,3.88,274.6,fused_om_nasa
2021-05-29 05:00:00+00:00,23.03,72.58,30.86,67.3,3.5,322.9,fused_om_nasa
2021-05-29 06:00:00+00:00,23.03,72.58,32.22,61.7,4.3,392.8,fused_om_nasa
2021-05-29 07:00:00+00:00,23.03,72.58,33.61,55.9,4.53,397.7,fused_om_nasa
2021-05-29 08:00:00+00:00,23.03,72.58,35.3,50.0,4.59,544.7,fused_om_nasa
2021-05-29 09:00:00+00:00,23.03,72.58,36.84,45.0,4.49,657.8,fused_om_nasa
2021-05-29 10:00:00+00:00,23.03,72.58,38.47,39.1,4.42,728.0,fused_om_nasa
2021-05-29 11:00:00+00:00,23.03,72.58,39.23,37.2,4.76,750.0,fused_om_nasa
2021-05-29 12:00:00+00:00,23.03,72.58,39.33,36.3,4.2,671.5,fused_om_nasa
2021-05-29 13:00:00+00:00,23.03,72.58,38.56,40.8,4.78,552.0,fused_om_nasa
2021-05-29 14:00:00+00:00,23.03,72.58,37.75,42.8,4.8,395.5,fused_om_nasa
2021-05-29 15:00:00+00:00,23.03,72.58,36.96,44.2,4.54,289.4,fused_om_nasa
2021-05-29 16:00:00+00:00,23.03,72.58,36.06,45.1,4.8,183.6,fused_om_nasa
2021-05-29 17:00:00+00:00,23.03,72.58,35.01,49.0,4.5,84.0,fused_om_nasa
2021-05-29 18:00:00+00:00,23.03,72.58,33.25,56.0,4.09,12.0,fused_om_nasa
2021-05-29 19:00:00+00:00,23.03,72.58,31.97,61.5,3.93,0.0,fused_om_nasa
2021-05-29 20:00:00+00:00,23.03,72.58,31.08,65.9,4.12,0.0,fused_om_nasa
2021-05-29 21:00:00+00:00,23.03,72.58,30.4,69.3,4.2,0.0,fused_om_nasa
2021-05-29 22:00:00+00:00,23.03,72.58,30.26,69.0,4.09,0.0,fused_om_nasa
2021-05-29 23:00:00+00:00,23.03,72.58,29.88,69.9,3.42,0.0,fused_om_nasa
2021-05-30 00:00:00+00:00,23.03,72.58,29.76,70.6,3.4,0.0,fused_om_nasa
2021-05-30 01:00:00+00:00,23.03,72.58,29.84,69.1,3.64,6.2,fused_om_nasa
2021-05-30 02:00:00+00:00,23.03,72.58,29.87,67.2,3.78,65.2,fused_om_nasa
2021-05-30 03:00:00+00:00,23.03,72.58,30.04,66.8,3.44,182.4,fused_om_nasa
2021-05-30 04:00:00+00:00,23.03,72.58,30.43,65.9,3.14,272.3,fused_om_nasa
2021-05-30 05:00:00+00:00,23.03,72.58,30.89,64.8,3.16,318.8,fused_om_nasa
2021-05-30 06:00:00+00:00,23.03,72.58,31.86,61.3,3.93,408.4,fused_om_nasa
2021-05-30 07:00:00+00:00,23.03,72.58,33.21,55.9,4.28,497.2,fused_om_nasa
2021-05-30 08:00:00+00:00,23.03,72.58,34.87,49.2,4.6,625.9,fused_om_nasa
2021-05-30 09:00:00+00:00,23.03,72.58,36.53,42.9,4.88,720.5,fused_om_nasa
2021-05-30 10:00:00+00:00,23.03,72.58,38.1,37.3,5.2,771.5,fused_om_nasa
2021-05-30 11:00:00+00:00,23.03,72.58,39.25,34.2,5.62,780.2,fused_om_nasa
2021-05-30 12:00:00+00:00,23.03,72.58,38.91,38.2,5.64,732.5,fused_om_nasa
2021-05-30 13:00:00+00:00,23.03,72.58,38.86,37.6,5.42,600.7,fused_om_nasa
2021-05-30 14:00:00+00:00,23.03,72.58,37.81,40.3,5.78,420.6,fused_om_nasa
2021-05-30 15:00:00+00:00,23.03,72.58,37.2,41.6,5.45,296.6,fused_om_nasa
2021-05-30 16:00:00+00:00,23.03,72.58,36.01,46.0,5.38,186.8,fused_om_nasa
2021-05-30 17:00:00+00:00,23.03,72.58,35.14,49.1,4.37,84.1,fused_om_nasa
2021-05-30 18:00:00+00:00,23.03,72.58,33.57,53.2,3.51,12.1,fused_om_nasa
2021-05-30 19:00:00+00:00,23.03,72.58,32.24,57.8,3.31,0.0,fused_om_nasa
2021-05-30 20:00:00+00:00,23.03,72.58,31.58,57.4,4.07,0.0,fused_om_nasa
2021-05-30 21:00:00+00:00,23.03,72.58,30.72,59.5,3.54,0.0,fused_om_nasa
2021-05-30 22:00:00+00:00,23.03,72.58,30.05,62.8,3.1,0.0,fused_om_nasa
2021-05-30 23:00:00+00:00,23.03,72.58,29.47,64.8,3.12,0.0,fused_om_nasa
2021-05-31 00:00:00+00:00,23.03,72.58,28.95,67.3,3.04,0.0,fused_om_nasa
2021-05-31 01:00:00+00:00,23.03,72.58,28.73,67.9,3.42,6.2,fused_om_nasa
2021-05-31 02:00:00+00:00,23.03,72.58,28.61,68.5,3.39,115.0,fused_om_nasa
2021-05-31 03:00:00+00:00,23.03,72.58,28.77,68.4,3.14,202.6,fused_om_nasa
2021-05-31 04:00:00+00:00,23.03,72.58,29.08,67.1,2.95,251.3,fused_om_nasa
2021-05-31 05:00:00+00:00,23.03,72.58,29.7,64.8,3.24,310.4,fused_om_nasa
2021-05-31 06:00:00+00:00,23.03,72.58,31.0,59.9,4.37,388.3,fused_om_nasa
2021-05-31 07:00:00+00:00,23.03,72.58,32.48,54.2,4.76,466.2,fused_om_nasa
2021-05-31 08:00:00+00:00,23.03,72.58,34.06,48.1,4.83,572.0,fused_om_nasa
2021-05-31 09:00:00+00:00,23.03,72.58,35.53,43.7,4.94,642.3,fused_om_nasa
2021-05-31 10:00:00+00:00,23.03,72.58,36.94,39.5,5.11,742.2,fused_om_nasa
2021-05-31 11:00:00+00:00,23.03,72.58,37.56,38.6,5.6,748.3,fused_om_nasa
2021-05-31 12:00:00+00:00,23.03,72.58,37.62,38.5,5.57,732.9,fused_om_nasa
2021-05-31 13:00:00+00:00,23.03,72.58,37.13,40.4,5.8,611.1,fused_om_nasa
2021-05-31 14:00:00+00:00,23.03,72.58,36.71,41.4,5.64,424.8,fused_om_nasa
2021-05-31 15:00:00+00:00,23.03,72.58,35.98,44.3,5.98,302.0,fused_om_nasa
2021-05-31 16:00:00+00:00,23.03,72.58,35.27,47.2,5.74,191.3,fused_om_nasa
2021-05-31 17:00:00+00:00,23.03,72.58,34.8,46.6,5.28,85.6,fused_om_nasa
2021-05-31 18:00:00+00:00,23.03,72.58,33.34,49.1,4.28,12.1,fused_om_nasa
2021-05-31 19:00:00+00:00,23.03,72.58,31.98,53.2,3.61,0.0,fused_om_nasa
2021-05-31 20:00:00+00:00,23.03,72.58,31.17,56.4,3.44,0.0,fused_om_nasa
2021-05-31 21:00:00+00:00,23.03,72.58,30.58,58.7,3.92,0.0,fused_om_nasa
2021-05-31 22:00:00+00:00,23.03,72.58,29.88,60.5,3.98,0.0,fused_om_nasa
2021-05-31 23:00:00+00:00,23.03,72.58,28.94,65.6,4.04,0.0,fused_om_nasa
2021-06-01 00:00:00+00:00,23.03,72.58,28.41,69.2,4.38,0.0,fused_om_nasa
2021-06-01 01:00:00+00:00,23.03,72.58,28.12,71.6,4.47,6.1,fused_om_nasa
2021-06-01 02:00:00+00:00,23.03,72.58,28.2,71.5,4.81,110.6,fused_om_nasa
2021-06-01 03:00:00+00:00,23.03,72.58,28.66,69.3,4.72,202.5,fused_om_nasa
2021-06-01 04:00:00+00:00,23.03,72.58,29.25,66.7,4.18,172.0,fused_om_nasa
2021-06-01 05:00:00+00:00,23.03,72.58,29.92,64.6,3.98,238.5,fused_om_nasa
2021-06-01 06:00:00+00:00,23.03,72.58,31.08,59.8,4.38,387.0,fused_om_nasa
2021-06-01 07:00:00+00:00,23.03,72.58,32.58,54.2,4.81,481.3,fused_om_nasa
2021-06-01 08:00:00+00:00,23.03,72.58,34.13,48.3,4.92,577.8,fused_om_nasa
2021-06-01 09:00:00+00:00,23.03,72.58,35.66,43.8,4.98,723.0,fused_om_nasa
2021-06-01 10:00:00+00:00,23.03,72.58,36.79,40.4,5.23,775.8,fused_om_nasa
2021-06-01 11:00:00+00:00,23.03,72.58,37.14,40.4,5.39,779.3,fused_om_nasa
2021-06-01 12:00:00+00:00,23.03,72.58,37.47,39.6,4.88,744.8,fused_om_nasa
2021-06-01 13:00:00+00:00,23.03,72.58,37.46,38.9,5.16,619.1,fused_om_nasa
2021-06-01 14:00:00+00:00,23.03,72.58,36.8,40.4,5.49,438.0,fused_om_nasa
2021-06-01 15:00:00+00:00,23.03,72.58,35.92,42.4,5.4,298.5,fused_om_nasa
2021-06-01 16:00:00+00:00,23.03,72.58,35.39,44.1,5.62,184.0,fused_om_nasa
2021-06-01 17:00:00+00:00,23.03,72.58,34.53,48.3,5.66,80.5,fused_om_nasa
2021-06-01 18:00:00+00:00,23.03,72.58,33.26,51.4,5.46,11.0,fused_om_nasa
2021-06-01 19:00:00+00:00,23.03,72.58,32.25,52.9,5.76,0.0,fused_om_nasa
2021-06-01 20:00:00+00:00,23.03,72.58,31.42,56.7,5.3,0.0,fused_om_nasa
2021-06-01 21:00:00+00:00,23.03,72.58,31.03,59.5,4.67,0.0,fused_om_nasa
2021-06-01 22:00:00+00:00,23.03,72.58,30.24,63.1,3.91,0.0,fused_om_nasa
2021-06-01 23:00:00+00:00,23.03,72.58,29.56,65.8,3.16,0.0,fused_om_nasa
2021-06-02 00:00:00+00:00,23.03,72.58,28.88,69.0,3.1,0.0,fused_om_nasa
2021-06-02 01:00:00+00:00,23.03,72.58,28.82,69.8,3.42,12.2,fused_om_nasa
2021-06-02 02:00:00+00:00,23.03,72.58,29.05,69.0,3.38,119.2,fused_om_nasa
2021-06-02 03:00:00+00:00,23.03,72.58,29.5,67.2,3.28,227.2,fused_om_nasa
2021-06-02 04:00:00+00:00,23.03,72.58,30.02,65.5,3.0,292.6,fused_om_nasa
2021-06-02 05:00:00+00:00,23.03,72.58,30.64,63.4,2.86,327.7,fused_om_nasa
2021-06-02 06:00:00+00:00,23.03,72.58,31.76,58.4,3.24,408.9,fused_om_nasa
2021-06-02 07:00:00+00:00,23.03,72.58,33.12,52.8,3.3,503.4,fused_om_nasa
2021-06-02 08:00:00+00:00,23.03,72.58,34.56,47.4,3.2,612.1,fused_om_nasa
2021-06-02 09:00:00+00:00,23.03,72.58,35.92,42.2,3.34,703.0,fused_om_nasa
2021-06-02 10:00:00+00:00,23.03,72.58,37.18,37.9,3.61,759.0,fused_om_nasa
2021-06-02 11:00:00+00:00,23.03,72.58,38.08,35.2,3.61,775.8,fused_om_nasa
2021-06-02 12:00:00+00:00,23.03,72.58,38.27,36.2,3.52,745.2,fused_om_nasa
2021-06-02 13:00:00+00:00,23.03,72.58,38.3,36.2,4.06,617.4,fused_om_nasa
2021-06-02 14:00:00+00:00,23.03,72.58,37.52,39.7,4.58,426.2,fused_om_nasa
2021-06-02 15:00:00+00:00,23.03,72.58,36.58,42.9,4.82,304.6,fused_om_nasa
2021-06-02 16:00:00+00:00,23.03,72.58,35.55,45.8,4.67,196.7,fused_om_nasa
2021-06-02 17:00:00+00:00,23.03,72.58,34.63,47.8,4.69,91.0,fused_om_nasa
2021-06-02 18:00:00+00:00,23.03,72.58,32.96,54.4,4.4,13.5,fused_om_nasa
2021-06-02 19:00:00+00:00,23.03,72.58,31.51,59.8,5.51,0.0,fused_om_nasa
2021-06-02 20:00:00+00:00,23.03,72.58,30.42,64.3,5.83,0.0,fused_om_nasa
2021-06-02 21:00:00+00:00,23.03,72.58,29.7,66.4,5.68,0.0,fused_om_nasa
2021-06-02 22:00:00+00:00,23.03,72.58,29.34,68.0,4.28,0.0,fused_om_nasa
2021-06-02 23:00:00+00:00,23.03,72.58,28.87,71.1,3.36,0.0,fused_om_nasa
2021-06-03 00:00:00+00:00,23.03,72.58,28.88,70.6,2.98,0.0,fused_om_nasa
2021-06-03 01:00:00+00:00,23.03,72.58,28.92,71.0,2.86,6.1,fused_om_nasa
2021-06-03 02:00:00+00:00,23.03,72.58,29.2,69.9,2.81,108.2,fused_om_nasa
2021-06-03 03:00:00+00:00,23.03,72.58,29.57,67.9,2.97,205.9,fused_om_nasa
2021-06-03 04:00:00+00:00,23.03,72.58,30.04,65.6,2.28,272.4,fused_om_nasa
2021-06-03 05:00:00+00:00,23.03,72.58,30.69,62.1,2.13,319.4,fused_om_nasa
2021-06-03 06:00:00+00:00,23.03,72.58,31.84,57.4,2.48,409.1,fused_om_nasa
2021-06-03 07:00:00+00:00,23.03,72.58,33.21,52.3,2.7,517.6,fused_om_nasa
2021-06-03 08:00:00+00:00,23.03,72.58,34.86,45.9,3.18,636.7,fused_om_nasa
2021-06-03 09:00:00+00:00,23.03,72.58,36.44,40.0,3.34,719.0,fused_om_nasa
2021-06-03 10:00:00+00:00,23.03,72.58,37.75,36.3,3.46,760.6,fused_om_nasa
2021-06-03 11:00:00+00:00,23.03,72.58,38.61,33.7,3.64,777.9,fused_om_nasa
2021-06-03 12:00:00+00:00,23.03,72.58,38.94,31.9,3.66,725.2,fused_om_nasa
2021-06-03 13:00:00+00:00,23.03,72.58,38.87,32.9,4.16,562.1,fused_om_nasa
2021-06-03 14:00:00+00:00,23.03,72.58,37.36,40.8,4.46,428.6,fused_om_nasa
2021-06-03 15:00:00+00:00,23.03,72.58,36.92,41.1,4.11,312.2,fused_om_nasa
2021-06-03 16:00:00+00:00,23.03,72.58,36.02,44.5,3.92,206.2,fused_om_nasa
2021-06-03 17:00:00+00:00,23.03,72.58,35.06,47.5,3.84,94.4,fused_om_nasa
2021-06-03 18:00:00+00:00,23.03,72.58,33.66,53.5,2.8,13.8,fused_om_nasa
2021-06-03 19:00:00+00:00,23.03,72.58,32.4,56.5,2.98,0.0,fused_om_nasa
2021-06-03 20:00:00+00:00,23.03,72.58,31.3,60.1,3.38,0.0,fused_om_nasa
2021-06-03 21:00:00+00:00,23.03,72.58,30.98,59.0,4.7,0.0,fused_om_nasa
2021-06-03 22:00:00+00:00,23.03,72.58,30.35,62.0,4.38,0.0,fused_om_nasa
2021-06-03 23:00:00+00:00,23.03,72.58,29.86,65.0,3.74,0.0,fused_om_nasa
2021-06-04 00:00:00+00:00,23.03,72.58,29.54,66.5,2.86,0.0,fused_om_nasa
2021-06-04 01:00:00+00:00,23.03,72.58,29.44,66.8,2.64,6.1,fused_om_nasa
2021-06-04 02:00:00+00:00,23.03,72.58,29.6,65.7,2.99,104.0,fused_om_nasa
2021-06-04 03:00:00+00:00,23.03,72.58,29.84,64.0,2.69,193.6,fused_om_nasa
2021-06-04 04:00:00+00:00,23.03,72.58,30.26,61.8,2.34,273.3,fused_om_nasa
2021-06-04 05:00:00+00:00,23.03,72.58,30.86,59.0,2.16,312.6,fused_om_nasa
2021-06-04 06:00:00+00:00,23.03,72.58,32.04,55.2,3.04,389.3,fused_om_nasa
2021-06-04 07:00:00+00:00,23.03,72.58,33.48,50.6,3.14,515.5,fused_om_nasa
2021-06-04 08:00:00+00:00,23.03,72.58,34.85,45.9,3.09,617.3,fused_om_nasa
2021-06-04 09:00:00+00:00,23.03,72.58,36.02,42.7,3.3,704.8,fused_om_nasa
2021-06-04 10:00:00+00:00,23.03,72.58,36.82,39.8,3.55,756.0,fused_om_nasa
2021-06-04 11:00:00+00:00,23.03,72.58,37.17,38.0,3.58,758.2,fused_om_nasa
2021-06-04 12:00:00+00:00,23.03,72.58,37.02,39.9,2.62,672.0,fused_om_nasa
2021-06-04 13:00:00+00:00,23.03,72.58,36.65,40.9,3.4,565.6,fused_om_nasa
2021-06-04 14:00:00+00:00,23.03,72.58,36.09,42.7,3.18,423.2,fused_om_nasa
2021-06-04 15:00:00+00:00,23.03,72.58,35.67,43.9,3.57,299.1,fused_om_nasa
2021-06-04 16:00:00+00:00,23.03,72.58,34.67,47.8,3.38,182.9,fused_om_nasa
2021-06-04 17:00:00+00:00,23.03,72.58,33.59,54.2,3.5,82.3,fused_om_nasa
2021-06-04 18:00:00+00:00,23.03,72.58,32.05,63.3,3.87,11.5,fused_om_nasa
2021-06-04 19:00:00+00:00,23.03,72.58,30.78,68.6,4.51,0.0,fused_om_nasa
2021-06-04 20:00:00+00:00,23.03,72.58,30.17,71.4,4.99,0.0,fused_om_nasa
2021-06-04 21:00:00+00:00,23.03,72.58,29.9,71.7,5.28,0.0,fused_om_nasa
2021-06-04 22:00:00+00:00,23.03,72.58,29.82,69.6,5.29,0.0,fused_om_nasa
2021-06-04 23:00:00+00:00,23.03,72.58,29.41,72.7,4.08,0.0,fused_om_nasa
2021-06-05 00:00:00+00:00,23.03,72.58,28.98,72.4,3.74,0.0,fused_om_nasa
2021-06-05 01:00:00+00:00,23.03,72.58,28.68,72.0,3.88,6.1,fused_om_nasa
2021-06-05 02:00:00+00:00,23.03,72.58,28.74,71.6,3.66,97.4,fused_om_nasa
2021-06-05 03:00:00+00:00,23.03,72.58,28.97,71.8,3.24,184.8,fused_om_nasa
2021-06-05 04:00:00+00:00,23.03,72.58,29.48,70.0,2.88,243.8,fused_om_nasa
2021-06-05 05:00:00+00:00,23.03,72.58,30.14,67.2,2.61,289.8,fused_om_nasa
2021-06-05 06:00:00+00:00,23.03,72.58,31.31,61.6,3.03,368.7,fused_om_nasa
2021-06-05 07:00:00+00:00,23.03,72.58,32.72,55.3,3.38,479.9,fused_om_nasa
2021-06-05 08:00:00+00:00,23.03,72.58,34.04,49.3,3.3,581.9,fused_om_nasa
2021-06-05 09:00:00+00:00,23.03,72.58,35.47,43.4,3.18,677.5,fused_om_nasa
2021-06-05 10:00:00+00:00,23.03,72.58,36.75,38.9,3.73,750.1,fused_om_nasa
2021-06-05 11:00:00+00:00,23.03,72.58,35.91,41.8,4.4,716.5,fused_om_nasa
2021-06-05 12:00:00+00:00,23.03,72.58,36.2,41.5,3.46,652.6,fused_om_nasa
2021-06-05 13:00:00+00:00,23.03,72.58,36.3,40.3,3.4,556.6,fused_om_nasa
2021-06-05 14:00:00+00:00,23.03,72.58,35.92,41.0,3.3,409.0,fused_om_nasa
2021-06-05 15:00:00+00:00,23.03,72.58,34.97,46.9,4.43,295.5,fused_om_nasa
2021-06-05 16:00:00+00:00,23.03,72.58,33.96,49.9,4.2,182.0,fused_om_nasa
2021-06-05 17:00:00+00:00,23.03,72.58,32.93,55.3,4.65,81.9,fused_om_nasa
2021-06-05 18:00:00+00:00,23.03,72.58,31.79,59.8,4.96,12.3,fused_om_nasa
2021-06-05 19:00:00+00:00,23.03,72.58,30.77,65.3,5.4,0.0,fused_om_nasa
2021-06-05 20:00:00+00:00,23.03,72.58,30.2,68.4,5.3,0.0,fused_om_nasa
2021-06-05 21:00:00+00:00,23.03,72.58,29.7,68.8,5.2,0.0,fused_om_nasa
2021-06-05 22:00:00+00:00,23.03,72.58,29.43,69.7,4.76,0.0,fused_om_nasa
2021-06-05 23:00:00+00:00,23.03,72.58,29.3,69.7,4.09,0.0,fused_om_nasa
2021-06-06 00:00:00+00:00,23.03,72.58,28.9,70.7,3.32,0.0,fused_om_nasa
2021-06-06 01:00:00+00:00,23.03,72.58,29.1,69.0,3.24,6.1,fused_om_nasa
2021-06-06 02:00:00+00:00,23.03,72.58,29.52,66.8,3.62,95.3,fused_om_nasa
2021-06-06 03:00:00+00:00,23.03,72.58,29.97,64.4,3.3,189.4,fused_om_nasa
2021-06-06 04:00:00+00:00,23.03,72.58,30.52,62.9,2.82,240.8,fused_om_nasa
2021-06-06 05:00:00+00:00,23.03,72.58,31.18,61.0,2.42,295.6,fused_om_nasa
2021-06-06 06:00:00+00:00,23.03,72.58,32.22,57.9,2.69,354.8,fused_om_nasa
2021-06-06 07:00:00+00:00,23.03,72.58,33.56,52.5,2.38,427.6,fused_om_nasa
2021-06-06 08:00:00+00:00,23.03,72.58,32.42,56.4,3.84,403.6,fused_om_nasa
2021-06-06 09:00:00+00:00,23.03,72.58,34.43,48.0,1.97,419.6,fused_om_nasa
2021-06-06 10:00:00+00:00,23.03,72.58,35.7,43.5,2.06,613.3,fused_om_nasa
2021-06-06 11:00:00+00:00,23.03,72.58,36.34,41.0,3.17,622.5,fused_om_nasa
2021-06-06 12:00:00+00:00,23.03,72.58,36.94,37.8,2.42,594.1,fused_om_nasa
2021-06-06 13:00:00+00:00,23.03,72.58,36.98,37.0,2.78,504.0,fused_om_nasa
2021-06-06 14:00:00+00:00,23.03,72.58,36.14,41.2,3.34,339.1,fused_om_nasa
2021-06-06 15:00:00+00:00,23.03,72.58,35.2,45.9,3.82,255.3,fused_om_nasa
2021-06-06 16:00:00+00:00,23.03,72.58,34.21,49.5,3.76,159.2,fused_om_nasa
2021-06-06 17:00:00+00:00,23.03,72.58,33.41,53.5,4.0,73.4,fused_om_nasa
2021-06-06 18:00:00+00:00,23.03,72.58,32.53,57.5,3.94,10.7,fused_om_nasa
2021-06-06 19:00:00+00:00,23.03,72.58,31.62,60.8,4.16,0.0,fused_om_nasa
2021-06-06 20:00:00+00:00,23.03,72.58,30.88,64.2,4.94,0.0,fused_om_nasa
2021-06-06 21:00:00+00:00,23.03,72.58,30.32,67.6,5.23,0.0,fused_om_nasa
2021-06-06 22:00:00+00:00,23.03,72.58,29.92,70.2,4.94,0.0,fused_om_nasa
2021-06-06 23:00:00+00:00,23.03,72.58,29.74,70.2,4.26,0.0,fused_om_nasa
2021-06-07 00:00:00+00:00,23.03,72.58,29.73,68.4,3.08,0.0,fused_om_nasa
2021-06-07 01:00:00+00:00,23.03,72.58,29.87,68.2,3.24,0.0,fused_om_nasa
2021-06-07 02:00:00+00:00,23.03,72.58,29.68,71.0,3.66,19.5,fused_om_nasa
2021-06-07 03:00:00+00:00,23.03,72.58,29.66,70.9,3.42,55.0,fused_om_nasa
2021-06-07 04:00:00+00:00,23.03,72.58,30.39,66.9,3.26,106.8,fused_om_nasa
2021-06-07 05:00:00+00:00,23.03,72.58,31.22,63.4,3.01,210.6,fused_om_nasa
2021-06-07 06:00:00+00:00,23.03,72.58,32.34,58.9,3.61,332.4,fused_om_nasa
2021-06-07 07:00:00+00:00,23.03,72.58,33.39,54.7,3.78,366.6,fused_om_nasa
2021-06-07 08:00:00+00:00,23.03,72.58,34.56,50.7,3.8,426.0,fused_om_nasa
2021-06-07 09:00:00+00:00,23.03,72.58,35.8,45.7,3.78,680.9,fused_om_nasa
2021-06-07 10:00:00+00:00,23.03,72.58,36.87,42.3,3.92,700.2,fused_om_nasa
2021-06-07 11:00:00+00:00,23.03,72.58,36.24,45.6,4.18,714.7,fused_om_nasa
2021-06-07 12:00:00+00:00,23.03,72.58,37.29,40.5,3.84,644.4,fused_om_nasa
2021-06-07 13:00:00+00:00,23.03,72.58,36.53,44.3,4.74,497.2,fused_om_nasa
2021-06-07 14:00:00+00:00,23.03,72.58,35.9,46.8,4.66,389.7,fused_om_nasa
2021-06-07 15:00:00+00:00,23.03,72.58,34.9,51.5,4.61,285.7,fused_om_nasa
2021-06-07 16:00:00+00:00,23.03,72.58,34.31,54.0,4.3,186.4,fused_om_nasa
2021-06-07 17:00:00+00:00,23.03,72.58,33.72,55.3,4.46,83.8,fused_om_nasa
2021-06-07 18:00:00+00:00,23.03,72.58,32.93,57.7,4.04,12.8,fused_om_nasa
2021-06-07 19:00:00+00:00,23.03,72.58,32.2,59.6,3.94,0.0,fused_om_nasa
2021-06-07 20:00:00+00:00,23.03,72.58,31.69,61.4,4.5,0.0,fused_om_nasa
2021-06-07 21:00:00+00:00,23.03,72.58,31.3,62.2,4.11,0.0,fused_om_nasa
2021-06-07 22:00:00+00:00,23.03,72.58,30.96,62.1,4.0,0.0,fused_om_nasa
2021-06-07 23:00:00+00:00,23.03,72.58,30.54,63.3,4.19,0.0,fused_om_nasa
2021-06-08 00:00:00+00:00,23.03,72.58,30.08,66.4,4.47,0.0,fused_om_nasa
2021-06-08 01:00:00+00:00,23.03,72.58,29.78,67.9,4.5,6.1,fused_om_nasa
2021-06-08 02:00:00+00:00,23.03,72.58,29.88,66.9,4.32,97.6,fused_om_nasa
2021-06-08 03:00:00+00:00,23.03,72.58,30.22,65.5,4.17,193.0,fused_om_nasa
2021-06-08 04:00:00+00:00,23.03,72.58,30.74,63.1,3.9,247.3,fused_om_nasa
2021-06-08 05:00:00+00:00,23.03,72.58,31.28,62.0,3.78,281.3,fused_om_nasa
2021-06-08 06:00:00+00:00,23.03,72.58,32.6,58.3,4.52,358.1,fused_om_nasa
2021-06-08 07:00:00+00:00,23.03,72.58,34.06,53.1,4.74,479.7,fused_om_nasa
2021-06-08 08:00:00+00:00,23.03,72.58,35.6,46.9,4.68,604.3,fused_om_nasa
2021-06-08 09:00:00+00:00,23.03,72.58,36.99,42.2,4.62,676.1,fused_om_nasa
2021-06-08 10:00:00+00:00,23.03,72.58,38.08,38.3,4.88,686.7,fused_om_nasa
2021-06-08 11:00:00+00:00,23.03,72.58,38.41,36.8,4.92,668.9,fused_om_nasa
2021-06-08 12:00:00+00:00,23.03,72.58,38.35,37.1,5.27,678.4,fused_om_nasa
2021-06-08 13:00:00+00:00,23.03,72.58,37.8,40.3,5.55,575.7,fused_om_nasa
2021-06-08 14:00:00+00:00,23.03,72.58,37.1,43.8,5.32,398.8,fused_om_nasa
2021-06-08 15:00:00+00:00,23.03,72.58,36.36,47.6,5.18,303.5,fused_om_nasa
2021-06-08 16:00:00+00:00,23.03,72.58,35.82,50.2,5.22,198.2,fused_om_nasa
2021-06-08 17:00:00+00:00,23.03,72.58,34.95,53.2,5.08,92.0,fused_om_nasa
2021-06-08 18:00:00+00:00,23.03,72.58,34.1,55.5,4.34,14.8,fused_om_nasa
2021-06-08 19:00:00+00:00,23.03,72.58,33.5,52.5,4.33,0.0,fused_om_nasa
2021-06-08 20:00:00+00:00,23.03,72.58,32.79,54.7,4.92,0.0,fused_om_nasa
2021-06-08 21:00:00+00:00,23.03,72.58,31.92,58.8,5.44,0.0,fused_om_nasa
2021-06-08 22:00:00+00:00,23.03,72.58,31.22,62.7,5.72,0.0,fused_om_nasa
2021-06-08 23:00:00+00:00,23.03,72.58,30.54,65.9,5.7,0.0,fused_om_nasa
2021-06-09 00:00:00+00:00,23.03,72.58,29.96,68.3,5.93,0.0,fused_om_nasa
2021-06-09 01:00:00+00:00,23.03,72.58,29.7,68.7,5.94,6.1,fused_om_nasa
2021-06-09 02:00:00+00:00,23.03,72.58,29.88,67.6,5.94,102.1,fused_om_nasa
2021-06-09 03:00:00+00:00,23.03,72.58,30.34,66.1,5.38,143.7,fused_om_nasa
2021-06-09 04:00:00+00:00,23.03,72.58,30.84,63.9,4.95,160.0,fused_om_nasa
2021-06-09 05:00:00+00:00,23.03,72.58,31.48,61.2,4.51,188.8,fused_om_nasa
2021-06-09 06:00:00+00:00,23.03,72.58,32.58,56.8,4.8,240.8,fused_om_nasa
2021-06-09 07:00:00+00:00,23.03,72.58,34.0,51.4,4.85,316.7,fused_om_nasa
2021-06-09 08:00:00+00:00,23.03,72.58,35.55,45.9,4.62,476.7,fused_om_nasa
2021-06-09 09:00:00+00:00,23.03,72.58,37.02,40.9,4.47,579.2,fused_om_nasa
2021-06-09 10:00:00+00:00,23.03,72.58,37.88,38.3,4.65,684.4,fused_om_nasa
2021-06-09 11:00:00+00:00,23.03,72.58,38.58,37.2,4.7,670.8,fused_om_nasa
2021-06-09 12:00:00+00:00,23.03,72.58,38.86,35.6,4.42,727.3,fused_om_nasa
2021-06-09 13:00:00+00:00,23.03,72.58,37.89,41.3,5.42,466.5,fused_om_nasa
2021-06-09 14:00:00+00:00,23.03,72.58,37.1,44.9,5.26,400.4,fused_om_nasa
2021-06-09 15:00:00+00:00,23.03,72.58,36.58,47.3,4.9,321.8,fused_om_nasa
2021-06-09 16:00:00+00:00,23.03,72.58,36.12,48.3,5.08,218.0,fused_om_nasa
2021-06-09 17:00:00+00:00,23.03,72.58,35.62,47.6,4.44,99.2,fused_om_nasa
2021-06-09 18:00:00+00:00,23.03,72.58,34.83,47.3,3.84,15.3,fused_om_nasa
2021-06-09 19:00:00+00:00,23.03,72.58,33.51,51.0,4.49,0.0,fused_om_nasa
2021-06-09 20:00:00+00:00,23.03,72.58,32.62,55.7,5.14,0.0,fused_om_nasa
2021-06-09 21:00:00+00:00,23.03,72.58,31.92,59.3,5.29,0.0,fused_om_nasa
2021-06-09 22:00:00+00:00,23.03,72.58,31.21,61.6,5.26,0.0,fused_om_nasa
2021-06-09 23:00:00+00:00,23.03,72.58,30.55,64.6,5.34,0.0,fused_om_nasa
2021-06-10 00:00:00+00:00,23.03,72.58,30.02,66.0,5.52,0.0,fused_om_nasa
2021-06-10 01:00:00+00:00,23.03,72.58,29.82,66.2,5.34,6.2,fused_om_nasa
2021-06-10 02:00:00+00:00,23.03,72.58,29.96,65.5,5.42,104.4,fused_om_nasa
2021-06-10 03:00:00+00:00,23.03,72.58,30.37,63.9,4.96,136.0,fused_om_nasa
2021-06-10 04:00:00+00:00,23.03,72.58,30.88,62.2,4.12,112.4,fused_om_nasa
2021-06-10 05:00:00+00:00,23.03,72.58,31.64,59.3,3.73,165.8,fused_om_nasa
2021-06-10 06:00:00+00:00,23.03,72.58,32.86,54.5,4.42,235.6,fused_om_nasa
2021-06-10 07:00:00+00:00,23.03,72.58,34.52,49.1,5.11,399.7,fused_om_nasa
2021-06-10 08:00:00+00:00,23.03,72.58,35.9,45.4,5.28,537.4,fused_om_nasa
2021-06-10 09:00:00+00:00,23.03,72.58,37.03,41.5,5.3,597.3,fused_om_nasa
2021-06-10 10:00:00+00:00,23.03,72.58,37.91,38.8,5.28,558.4,fused_om_nasa
2021-06-10 11:00:00+00:00,23.03,72.58,38.5,37.5,5.46,629.2,fused_om_nasa
2021-06-10 12:00:00+00:00,23.03,72.58,38.32,38.8,5.52,635.4,fused_om_nasa
2021-06-10 13:00:00+00:00,23.03,72.58,37.47,44.1,5.92,530.6,fused_om_nasa
2021-06-10 14:00:00+00:00,23.03,72.58,37.06,45.8,5.65,439.6,fused_om_nasa
2021-06-10 15:00:00+00:00,23.03,72.58,36.92,45.4,5.34,325.0,fused_om_nasa
2021-06-10 16:00:00+00:00,23.03,72.58,36.8,43.5,5.72,221.2,fused_om_nasa
2021-06-10 17:00:00+00:00,23.03,72.58,36.04,45.0,5.51,98.0,fused_om_nasa
2021-06-10 18:00:00+00:00,23.03,72.58,34.86,48.5,4.72,15.1,fused_om_nasa
2021-06-10 19:00:00+00:00,23.03,72.58,33.65,53.4,4.82,0.0,fused_om_nasa
2021-06-10 20:00:00+00:00,23.03,72.58,32.98,55.7,5.43,0.0,fused_om_nasa
2021-06-10 21:00:00+00:00,23.03,72.58,32.47,57.3,6.42,0.0,fused_om_nasa
2021-06-10 22:00:00+00:00,23.03,72.58,31.68,59.5,6.65,0.0,fused_om_nasa
2021-06-10 23:00:00+00:00,23.03,72.58,30.7,64.2,6.17,0.0,fused_om_nasa
2021-06-11 00:00:00+00:00,23.03,72.58,30.05,67.7,5.6,0.0,fused_om_nasa
2021-06-11 01:00:00+00:00,23.03,72.58,29.77,70.1,5.28,6.2,fused_om_nasa
2021-06-11 02:00:00+00:00,23.03,72.58,30.01,69.5,5.38,65.4,fused_om_nasa
2021-06-11 03:00:00+00:00,23.03,72.58,30.44,67.2,5.07,100.1,fused_om_nasa
2021-06-11 04:00:00+00:00,23.03,72.58,31.15,64.0,4.88,161.0,fused_om_nasa
2021-06-11 05:00:00+00:00,23.03,72.58,31.92,61.3,4.61,209.3,fused_om_nasa
2021-06-11 06:00:00+00:00,23.03,72.58,33.08,56.3,5.42,325.0,fused_om_nasa
2021-06-11 07:00:00+00:00,23.03,72.58,34.47,50.0,5.7,424.8,fused_om_nasa
2021-06-11 08:00:00+00:00,23.03,72.58,35.75,45.6,5.56,530.6,fused_om_nasa
2021-06-11 09:00:00+00:00,23.03,72.58,36.88,42.0,5.66,550.3,fused_om_nasa
2021-06-11 10:00:00+00:00,23.03,72.58,38.01,38.7,5.51,621.3,fused_om_nasa
2021-06-11 11:00:00+00:00,23.03,72.58,37.88,41.4,6.26,674.4,fused_om_nasa
2021-06-11 12:00:00+00:00,23.03,72.58,38.6,39.1,5.65,732.6,fused_om_nasa
2021-06-11 13:00:00+00:00,23.03,72.58,38.29,40.8,5.83,571.3,fused_om_nasa
2021-06-11 14:00:00+00:00,23.03,72.58,37.25,45.8,5.8,428.4,fused_om_nasa
2021-06-11 15:00:00+00:00,23.03,72.58,36.64,49.3,5.53,277.5,fused_om_nasa
2021-06-11 16:00:00+00:00,23.03,72.58,36.13,51.5,5.48,178.5,fused_om_nasa
2021-06-11 17:00:00+00:00,23.03,72.58,35.61,51.9,5.08,85.1,fused_om_nasa
2021-06-11 18:00:00+00:00,23.03,72.58,34.72,52.2,4.75,14.5,fused_om_nasa
2021-06-11 19:00:00+00:00,23.03,72.58,33.96,52.9,5.55,0.0,fused_om_nasa
2021-06-11 20:00:00+00:00,23.03,72.58,32.92,58.4,5.59,0.0,fused_om_nasa
2021-06-11 21:00:00+00:00,23.03,72.58,32.4,61.5,5.29,0.0,fused_om_nasa
2021-06-11 22:00:00+00:00,23.03,72.58,32.06,62.8,5.28,0.0,fused_om_nasa
2021-06-11 23:00:00+00:00,23.03,72.58,31.5,63.8,5.98,0.0,fused_om_nasa
2021-06-12 00:00:00+00:00,23.03,72.58,31.12,65.2,5.78,0.0,fused_om_nasa
2021-06-12 01:00:00+00:00,23.03,72.58,30.64,67.6,5.62,6.2,fused_om_nasa
2021-06-12 02:00:00+00:00,23.03,72.58,30.62,67.8,5.8,98.2,fused_om_nasa
2021-06-12 03:00:00+00:00,23.03,72.58,30.94,66.9,5.62,111.4,fused_om_nasa
2021-06-12 04:00:00+00:00,23.03,72.58,31.48,64.8,4.98,124.4,fused_om_nasa
2021-06-12 05:00:00+00:00,23.03,72.58,32.12,62.2,4.38,139.1,fused_om_nasa
2021-06-12 06:00:00+00:00,23.03,72.58,33.42,57.5,4.38,234.2,fused_om_nasa
2021-06-12 07:00:00+00:00,23.03,72.58,34.75,52.1,4.54,320.2,fused_om_nasa
2021-06-12 08:00:00+00:00,23.03,72.58,36.28,46.6,4.4,407.0,fused_om_nasa
2021-06-12 09:00:00+00:00,23.03,72.58,37.72,41.4,4.41,578.4,fused_om_nasa
2021-06-12 10:00:00+00:00,23.03,72.58,39.07,36.9,4.56,637.5,fused_om_nasa
2021-06-12 11:00:00+00:00,23.03,72.58,39.74,34.9,5.23,779.4,fused_om_nasa
2021-06-12 12:00:00+00:00,23.03,72.58,39.65,34.0,5.14,688.5,fused_om_nasa
2021-06-12 13:00:00+00:00,23.03,72.58,38.76,39.1,5.84,529.1,fused_om_nasa
2021-06-12 14:00:00+00:00,23.03,72.58,37.92,42.6,5.67,436.4,fused_om_nasa
2021-06-12 15:00:00+00:00,23.03,72.58,37.3,43.9,5.4,315.8,fused_om_nasa
2021-06-12 16:00:00+00:00,23.03,72.58,36.46,49.5,4.92,206.9,fused_om_nasa
2021-06-12 17:00:00+00:00,23.03,72.58,35.66,52.7,4.52,87.1,fused_om_nasa
2021-06-12 18:00:00+00:00,23.03,72.58,34.76,54.8,2.73,12.3,fused_om_nasa
2021-06-12 19:00:00+00:00,23.03,72.58,34.03,52.2,4.38,0.0,fused_om_nasa
2021-06-12 20:00:00+00:00,23.03,72.58,33.21,56.7,4.69,0.0,fused_om_nasa
2021-06-12 21:00:00+00:00,23.03,72.58,32.62,60.6,4.64,0.0,fused_om_nasa
2021-06-12 22:00:00+00:00,23.03,72.58,32.04,64.1,4.84,0.0,fused_om_nasa
2021-06-12 23:00:00+00:00,23.03,72.58,31.48,66.4,5.31,0.0,fused_om_nasa
2021-06-13 00:00:00+00:00,23.03,72.58,31.19,67.0,5.66,0.0,fused_om_nasa
2021-06-13 01:00:00+00:00,23.03,72.58,30.71,67.2,6.19,6.2,fused_om_nasa
2021-06-13 02:00:00+00:00,23.03,72.58,30.76,67.2,6.16,107.1,fused_om_nasa
2021-06-13 03:00:00+00:00,23.03,72.58,31.23,64.4,5.95,208.5,fused_om_nasa
2021-06-13 04:00:00+00:00,23.03,72.58,31.95,61.8,5.6,242.6,fused_om_nasa
2021-06-13 05:00:00+00:00,23.03,72.58,32.52,58.9,4.98,183.6,fused_om_nasa
2021-06-13 06:00:00+00:00,23.03,72.58,33.41,55.6,4.9,256.2,fused_om_nasa
2021-06-13 07:00:00+00:00,23.03,72.58,34.73,50.8,5.09,438.0,fused_om_nasa
2021-06-13 08:00:00+00:00,23.03,72.58,36.03,46.1,5.14,531.0,fused_om_nasa
2021-06-13 09:00:00+00:00,23.03,72.58,37.38,41.5,5.0,594.3,fused_om_nasa
2021-06-13 10:00:00+00:00,23.03,72.58,38.45,38.1,5.13,623.5,fused_om_nasa
2021-06-13 11:00:00+00:00,23.03,72.58,39.23,35.2,5.18,665.3,fused_om_nasa
2021-06-13 12:00:00+00:00,23.03,72.58,38.14,39.5,5.62,654.2,fused_om_nasa
2021-06-13 13:00:00+00:00,23.03,72.58,37.97,39.4,5.88,425.2,fused_om_nasa
2021-06-13 14:00:00+00:00,23.03,72.58,36.84,44.0,6.11,372.8,fused_om_nasa
2021-06-13 15:00:00+00:00,23.03,72.58,36.11,48.5,5.62,302.4,fused_om_nasa
2021-06-13 16:00:00+00:00,23.03,72.58,35.48,50.6,4.45,209.2,fused_om_nasa
2021-06-13 17:00:00+00:00,23.03,72.58,34.86,53.7,3.89,87.1,fused_om_nasa
2021-06-13 18:00:00+00:00,23.03,72.58,33.96,56.9,3.32,12.2,fused_om_nasa
2021-06-13 19:00:00+00:00,23.03,72.58,33.61,53.5,4.58,0.0,fused_om_nasa
2021-06-13 20:00:00+00:00,23.03,72.58,32.85,56.0,4.4,0.0,fused_om_nasa
2021-06-13 21:00:00+00:00,23.03,72.58,32.39,59.1,4.28,0.0,fused_om_nasa
2021-06-13 22:00:00+00:00,23.03,72.58,31.84,62.2,4.8,0.0,fused_om_nasa
2021-06-13 23:00:00+00:00,23.03,72.58,31.24,64.3,4.72,0.0,fused_om_nasa
2021-06-14 00:00:00+00:00,23.03,72.58,30.72,67.1,4.91,0.0,fused_om_nasa
2021-06-14 01:00:00+00:00,23.03,72.58,30.45,66.8,5.5,6.2,fused_om_nasa
2021-06-14 02:00:00+00:00,23.03,72.58,30.48,66.2,5.5,85.4,fused_om_nasa
2021-06-14 03:00:00+00:00,23.03,72.58,30.86,64.8,5.15,178.2,fused_om_nasa
2021-06-14 04:00:00+00:00,23.03,72.58,31.43,62.4,4.82,224.8,fused_om_nasa
2021-06-14 05:00:00+00:00,23.03,72.58,32.14,59.5,4.78,282.6,fused_om_nasa
2021-06-14 06:00:00+00:00,23.03,72.58,32.93,55.1,5.08,227.0,fused_om_nasa
2021-06-14 07:00:00+00:00,23.03,72.58,34.31,49.7,5.1,305.6,fused_om_nasa
2021-06-14 08:00:00+00:00,23.03,72.58,35.66,44.5,5.26,436.7,fused_om_nasa
2021-06-14 09:00:00+00:00,23.03,72.58,36.78,41.4,5.37,544.0,fused_om_nasa
2021-06-14 10:00:00+00:00,23.03,72.58,37.85,37.5,4.62,401.5,fused_om_nasa
2021-06-14 11:00:00+00:00,23.03,72.58,38.92,34.2,4.88,669.6,fused_om_nasa
2021-06-14 12:00:00+00:00,23.03,72.58,39.44,32.6,4.31,702.6,fused_om_nasa
2021-06-14 13:00:00+00:00,23.03,72.58,37.92,40.5,5.86,486.8,fused_om_nasa
2021-06-14 14:00:00+00:00,23.03,72.58,37.15,43.4,5.12,413.1,fused_om_nasa
2021-06-14 15:00:00+00:00,23.03,72.58,36.39,47.9,4.64,300.0,fused_om_nasa
2021-06-14 16:00:00+00:00,23.03,72.58,35.76,51.4,4.55,200.0,fused_om_nasa
2021-06-14 17:00:00+00:00,23.03,72.58,34.98,54.0,4.04,87.9,fused_om_nasa
2021-06-14 18:00:00+00:00,23.03,72.58,34.08,56.9,3.34,14.7,fused_om_nasa
2021-06-14 19:00:00+00:00,23.03,72.58,33.13,60.0,3.43,0.0,fused_om_nasa
2021-06-14 20:00:00+00:00,23.03,72.58,33.36,53.4,4.88,0.0,fused_om_nasa
2021-06-14 21:00:00+00:00,23.03,72.58,32.71,56.5,5.27,0.0,fused_om_nasa
2021-06-14 22:00:00+00:00,23.03,72.58,32.25,59.0,5.77,0.0,fused_om_nasa
2021-06-14 23:00:00+00:00,23.03,72.58,31.66,58.1,6.41,0.0,fused_om_nasa
2021-06-15 00:00:00+00:00,23.03,72.58,31.12,59.4,6.84,0.0,fused_om_nasa
2021-06-15 01:00:00+00:00,23.03,72.58,30.26,63.5,6.94,6.2,fused_om_nasa
2021-06-15 02:00:00+00:00,23.03,72.58,30.02,65.7,6.34,81.2,fused_om_nasa
2021-06-15 03:00:00+00:00,23.03,72.58,30.47,64.6,6.15,163.8,fused_om_nasa
2021-06-15 04:00:00+00:00,23.03,72.58,31.2,61.8,5.76,187.4,fused_om_nasa
2021-06-15 05:00:00+00:00,23.03,72.58,31.96,59.1,5.51,268.5,fused_om_nasa
2021-06-15 06:00:00+00:00,23.03,72.58,33.06,55.1,5.54,336.6,fused_om_nasa
2021-06-15 07:00:00+00:00,23.03,72.58,34.51,49.9,5.6,434.3,fused_om_nasa
2021-06-15 08:00:00+00:00,23.03,72.58,35.92,44.3,5.74,531.8,fused_om_nasa
2021-06-15 09:00:00+00:00,23.03,72.58,37.28,40.0,6.01,575.4,fused_om_nasa
2021-06-15 10:00:00+00:00,23.03,72.58,38.52,36.0,6.06,633.6,fused_om_nasa
2021-06-15 11:00:00+00:00,23.03,72.58,38.82,35.0,6.8,561.5,fused_om_nasa
2021-06-15 12:00:00+00:00,23.03,72.58,38.6,38.1,7.07,644.0,fused_om_nasa
2021-06-15 13:00:00+00:00,23.03,72.58,37.75,41.8,7.14,590.9,fused_om_nasa
2021-06-15 14:00:00+00:00,23.03,72.58,37.0,46.0,6.76,404.3,fused_om_nasa
2021-06-15 15:00:00+00:00,23.03,72.58,36.36,49.6,6.64,305.1,fused_om_nasa
2021-06-15 16:00:00+00:00,23.03,72.58,36.05,50.2,6.26,195.1,fused_om_nasa
2021-06-15 17:00:00+00:00,23.03,72.58,35.72,48.1,6.39,77.7,fused_om_nasa
2021-06-15 18:00:00+00:00,23.03,72.58,34.76,49.6,5.64,11.9,fused_om_nasa
2021-06-15 19:00:00+00:00,23.03,72.58,33.74,51.2,5.62,0.0,fused_om_nasa
2021-06-15 20:00:00+00:00,23.03,72.58,32.87,53.6,5.62,0.0,fused_om_nasa
2021-06-15 21:00:00+00:00,23.03,72.58,32.1,55.9,5.86,0.0,fused_om_nasa
2021-06-15 22:00:00+00:00,23.03,72.58,31.28,59.0,6.14,0.0,fused_om_nasa
2021-06-15 23:00:00+00:00,23.03,72.58,30.48,62.5,5.96,0.0,fused_om_nasa
2021-06-16 00:00:00+00:00,23.03,72.58,29.96,64.6,5.85,0.0,fused_om_nasa
2021-06-16 01:00:00+00:00,23.03,72.58,29.64,66.7,6.08,6.2,fused_om_nasa
2021-06-16 02:00:00+00:00,23.03,72.58,29.73,66.5,6.0,83.6,fused_om_nasa
2021-06-16 03:00:00+00:00,23.03,72.58,30.44,63.2,5.98,178.6,fused_om_nasa
2021-06-16 04:00:00+00:00,23.03,72.58,31.04,60.6,5.68,184.4,fused_om_nasa
2021-06-16 05:00:00+00:00,23.03,72.58,31.72,58.8,5.26,130.6,fused_om_nasa
2021-06-16 06:00:00+00:00,23.03,72.58,32.42,56.6,5.5,154.7,fused_om_nasa
2021-06-16 07:00:00+00:00,23.03,72.58,33.3,53.5,5.48,213.6,fused_om_nasa
2021-06-16 08:00:00+00:00,23.03,72.58,34.78,48.9,5.31,301.5,fused_om_nasa
2021-06-16 09:00:00+00:00,23.03,72.58,36.24,44.0,5.62,519.4,fused_om_nasa
2021-06-16 10:00:00+00:00,23.03,72.58,36.3,44.5,6.0,637.9,fused_om_nasa
2021-06-16 11:00:00+00:00,23.03,72.58,36.5,44.6,5.58,492.0,fused_om_nasa
2021-06-16 12:00:00+00:00,23.03,72.58,37.04,42.6,5.05,557.2,fused_om_nasa
2021-06-16 13:00:00+00:00,23.03,72.58,36.6,45.0,6.12,414.0,fused_om_nasa
2021-06-16 14:00:00+00:00,23.03,72.58,35.83,49.5,5.62,295.8,fused_om_nasa
2021-06-16 15:00:00+00:00,23.03,72.58,35.15,53.2,5.12,192.9,fused_om_nasa
2021-06-16 16:00:00+00:00,23.03,72.58,34.94,53.8,5.04,120.3,fused_om_nasa
2021-06-16 17:00:00+00:00,23.03,72.58,34.61,51.6,5.0,56.6,fused_om_nasa
2021-06-16 18:00:00+00:00,23.03,72.58,33.26,56.1,4.61,10.1,fused_om_nasa
2021-06-16 19:00:00+00:00,23.03,72.58,31.62,62.8,4.88,0.0,fused_om_nasa
2021-06-16 20:00:00+00:00,23.03,72.58,30.7,67.8,4.7,0.0,fused_om_nasa
2021-06-16 21:00:00+00:00,23.03,72.58,30.0,71.7,4.48,0.0,fused_om_nasa
2021-06-16 22:00:00+00:00,23.03,72.58,29.37,75.9,3.94,0.0,fused_om_nasa
2021-06-16 23:00:00+00:00,23.03,72.58,29.09,77.6,4.17,0.0,fused_om_nasa
2021-06-17 00:00:00+00:00,23.03,72.58,27.89,86.3,4.28,0.0,fused_om_nasa
2021-06-17 01:00:00+00:00,23.03,72.58,27.83,87.5,3.92,6.2,fused_om_nasa
2021-06-17 02:00:00+00:00,23.03,72.58,28.16,85.2,3.72,55.1,fused_om_nasa
2021-06-17 03:00:00+00:00,23.03,72.58,28.9,80.5,3.64,129.0,fused_om_nasa
2021-06-17 04:00:00+00:00,23.03,72.58,29.65,76.9,3.21,208.8,fused_om_nasa
2021-06-17 05:00:00+00:00,23.03,72.58,30.44,72.6,2.97,265.2,fused_om_nasa
2021-06-17 06:00:00+00:00,23.03,72.58,31.26,68.4,3.66,288.0,fused_om_nasa
2021-06-17 07:00:00+00:00,23.03,72.58,30.37,69.8,5.2,202.2,fused_om_nasa
2021-06-17 08:00:00+00:00,23.03,72.58,32.31,61.7,4.34,360.2,fused_om_nasa
2021-06-17 09:00:00+00:00,23.03,72.58,32.76,59.0,5.03,517.2,fused_om_nasa
2021-06-17 10:00:00+00:00,23.03,72.58,33.68,55.8,4.04,463.3,fused_om_nasa
2021-06-17 11:00:00+00:00,23.03,72.58,33.23,57.4,4.4,522.1,fused_om_nasa
2021-06-17 12:00:00+00:00,23.03,72.58,32.86,61.0,2.96,531.3,fused_om_nasa
2021-06-17 13:00:00+00:00,23.03,72.58,33.38,59.0,3.34,467.8,fused_om_nasa
2021-06-17 14:00:00+00:00,23.03,72.58,32.52,62.4,3.58,322.4,fused_om_nasa
2021-06-17 15:00:00+00:00,23.03,72.58,31.72,69.0,2.74,196.1,fused_om_nasa
2021-06-17 16:00:00+00:00,23.03,72.58,31.43,69.8,3.27,113.0,fused_om_nasa
2021-06-17 17:00:00+00:00,23.03,72.58,30.86,72.5,3.37,55.3,fused_om_nasa
2021-06-17 18:00:00+00:00,23.03,72.58,29.84,76.4,3.52,10.2,fused_om_nasa
2021-06-17 19:00:00+00:00,23.03,72.58,28.76,82.6,3.81,0.0,fused_om_nasa
2021-06-17 20:00:00+00:00,23.03,72.58,27.78,85.0,4.5,0.0,fused_om_nasa
2021-06-17 21:00:00+00:00,23.03,72.58,26.85,90.2,3.96,0.0,fused_om_nasa
2021-06-17 22:00:00+00:00,23.03,72.58,26.68,92.6,3.65,0.0,fused_om_nasa
2021-06-17 23:00:00+00:00,23.03,72.58,26.6,93.7,3.38,0.0,fused_om_nasa
2021-06-18 00:00:00+00:00,23.03,72.58,26.26,93.9,3.48,0.0,fused_om_nasa
2021-06-18 01:00:00+00:00,23.03,72.58,26.22,94.0,3.7,0.0,fused_om_nasa
2021-06-18 02:00:00+00:00,23.03,72.58,26.35,93.0,3.64,8.8,fused_om_nasa
2021-06-18 03:00:00+00:00,23.03,72.58,26.4,92.0,3.58,10.2,fused_om_nasa
2021-06-18 04:00:00+00:00,23.03,72.58,26.56,90.2,3.57,17.3,fused_om_nasa
2021-06-18 05:00:00+00:00,23.03,72.58,26.77,88.8,3.28,20.5,fused_om_nasa
2021-06-18 06:00:00+00:00,23.03,72.58,27.36,86.3,3.53,44.4,fused_om_nasa
2021-06-18 07:00:00+00:00,23.03,72.58,28.1,82.2,3.32,106.1,fused_om_nasa
2021-06-18 08:00:00+00:00,23.03,72.58,28.7,79.0,3.26,179.0,fused_om_nasa
2021-06-18 09:00:00+00:00,23.03,72.58,29.63,73.9,2.75,303.7,fused_om_nasa
2021-06-18 10:00:00+00:00,23.03,72.58,30.2,71.6,3.64,407.5,fused_om_nasa
2021-06-18 11:00:00+00:00,23.03,72.58,29.4,77.1,3.79,329.2,fused_om_nasa
2021-06-18 12:00:00+00:00,23.03,72.58,30.48,73.2,4.0,412.9,fused_om_nasa
2021-06-18 13:00:00+00:00,23.03,72.58,30.58,74.9,3.81,378.2,fused_om_nasa
2021-06-18 14:00:00+00:00,23.03,72.58,30.18,76.3,3.58,260.0,fused_om_nasa
2021-06-18 15:00:00+00:00,23.03,72.58,29.78,77.0,3.56,124.5,fused_om_nasa
2021-06-18 16:00:00+00:00,23.03,72.58,29.25,79.3,3.86,41.3,fused_om_nasa
2021-06-18 17:00:00+00:00,23.03,72.58,28.42,82.4,4.47,47.3,fused_om_nasa
2021-06-18 18:00:00+00:00,23.03,72.58,27.62,85.6,4.22,2.5,fused_om_nasa
2021-06-18 19:00:00+00:00,23.03,72.58,27.0,89.8,3.9,0.0,fused_om_nasa
2021-06-18 20:00:00+00:00,23.03,72.58,26.54,92.2,3.6,0.0,fused_om_nasa
2021-06-18 21:00:00+00:00,23.03,72.58,26.22,92.8,3.73,0.0,fused_om_nasa
2021-06-18 22:00:00+00:00,23.03,72.58,26.13,92.6,3.36,0.0,fused_om_nasa
2021-06-18 23:00:00+00:00,23.03,72.58,26.01,92.5,3.6,0.0,fused_om_nasa
2021-06-19 00:00:00+00:00,23.03,72.58,25.96,91.8,3.78,0.0,fused_om_nasa
2021-06-19 01:00:00+00:00,23.03,72.58,26.0,90.7,3.95,0.0,fused_om_nasa
2021-06-19 02:00:00+00:00,23.03,72.58,26.01,91.3,4.1,13.3,fused_om_nasa
2021-06-19 03:00:00+00:00,23.03,72.58,26.0,92.2,4.3,23.8,fused_om_nasa
2021-06-19 04:00:00+00:00,23.03,72.58,26.26,91.6,3.67,74.0,fused_om_nasa
2021-06-19 05:00:00+00:00,23.03,72.58,27.02,88.8,3.14,65.1,fused_om_nasa
2021-06-19 06:00:00+00:00,23.03,72.58,27.65,86.5,3.49,78.1,fused_om_nasa
2021-06-19 07:00:00+00:00,23.03,72.58,28.58,81.0,4.84,184.2,fused_om_nasa
2021-06-19 08:00:00+00:00,23.03,72.58,27.72,82.9,5.14,124.2,fused_om_nasa
2021-06-19 09:00:00+00:00,23.03,72.58,28.88,78.1,4.32,180.9,fused_om_nasa
2021-06-19 10:00:00+00:00,23.03,72.58,29.8,74.6,3.72,234.2,fused_om_nasa
2021-06-19 11:00:00+00:00,23.03,72.58,29.98,72.3,4.58,268.2,fused_om_nasa
2021-06-19 12:00:00+00:00,23.03,72.58,29.87,72.4,3.38,178.0,fused_om_nasa
2021-06-19 13:00:00+00:00,23.03,72.58,29.38,75.8,3.44,102.9,fused_om_nasa
2021-06-19 14:00:00+00:00,23.03,72.58,28.38,80.7,3.66,76.2,fused_om_nasa
2021-06-19 15:00:00+00:00,23.03,72.58,27.76,84.3,3.88,71.5,fused_om_nasa
2021-06-19 16:00:00+00:00,23.03,72.58,27.24,87.8,3.58,55.8,fused_om_nasa
2021-06-19 17:00:00+00:00,23.03,72.58,26.76,89.7,3.82,32.4,fused_om_nasa
2021-06-19 18:00:00+00:00,23.03,72.58,26.29,92.6,3.26,7.6,fused_om_nasa
2021-06-19 19:00:00+00:00,23.03,72.58,26.24,93.6,3.22,0.0,fused_om_nasa
2021-06-19 20:00:00+00:00,23.03,72.58,26.28,93.8,3.72,0.0,fused_om_nasa
2021-06-19 21:00:00+00:00,23.03,72.58,26.23,93.3,4.35,0.0,fused_om_nasa
2021-06-19 22:00:00+00:00,23.03,72.58,25.94,93.1,4.77,0.0,fused_om_nasa
2021-06-19 23:00:00+00:00,23.03,72.58,25.68,93.4,4.48,0.0,fused_om_nasa
2021-06-20 00:00:00+00:00,23.03,72.58,25.74,92.8,4.83,0.0,fused_om_nasa
2021-06-20 01:00:00+00:00,23.03,72.58,25.76,92.5,4.69,0.0,fused_om_nasa
2021-06-20 02:00:00+00:00,23.03,72.58,25.81,93.6,4.8,6.6,fused_om_nasa
2021-06-20 03:00:00+00:00,23.03,72.58,25.86,92.5,4.82,9.1,fused_om_nasa
2021-06-20 04:00:00+00:00,23.03,72.58,25.98,92.4,4.5,15.8,fused_om_nasa
2021-06-20 05:00:00+00:00,23.03,72.58,26.06,93.6,4.52,15.5,fused_om_nasa
2021-06-20 06:00:00+00:00,23.03,72.58,26.2,89.5,5.2,56.6,fused_om_nasa
2021-06-20 07:00:00+00:00,23.03,72.58,26.62,89.3,4.74,112.2,fused_om_nasa
2021-06-20 08:00:00+00:00,23.03,72.58,27.7,83.4,4.72,164.2,fused_om_nasa
2021-06-20 09:00:00+00:00,23.03,72.58,29.11,76.3,5.26,261.5,fused_om_nasa
2021-06-20 10:00:00+00:00,23.03,72.58,29.96,69.5,5.64,329.7,fused_om_nasa
2021-06-20 11:00:00+00:00,23.03,72.58,30.28,70.2,4.66,273.6,fused_om_nasa
2021-06-20 12:00:00+00:00,23.03,72.58,29.58,74.2,4.54,165.8,fused_om_nasa
2021-06-20 13:00:00+00:00,23.03,72.58,29.69,74.4,4.04,185.2,fused_om_nasa
2021-06-20 14:00:00+00:00,23.03,72.58,29.72,74.7,3.9,128.1,fused_om_nasa
2021-06-20 15:00:00+00:00,23.03,72.58,29.36,75.9,3.84,97.2,fused_om_nasa
2021-06-20 16:00:00+00:00,23.03,72.58,29.02,77.3,3.84,59.2,fused_om_nasa
2021-06-20 17:00:00+00:00,23.03,72.58,28.45,80.1,3.44,37.5,fused_om_nasa
2021-06-20 18:00:00+00:00,23.03,72.58,27.6,85.0,2.65,7.5,fused_om_nasa
2021-06-20 19:00:00+00:00,23.03,72.58,27.05,87.7,2.16,0.0,fused_om_nasa
2021-06-20 20:00:00+00:00,23.03,72.58,26.85,88.0,2.16,0.0,fused_om_nasa
2021-06-20 21:00:00+00:00,23.03,72.58,26.68,88.1,2.3,0.0,fused_om_nasa
2021-06-20 22:00:00+00:00,23.03,72.58,26.39,89.3,2.61,0.0,fused_om_nasa
2021-06-20 23:00:00+00:00,23.03,72.58,26.26,89.8,3.07,0.0,fused_om_nasa
2021-06-21 00:00:00+00:00,23.03,72.58,25.94,91.0,3.28,0.0,fused_om_nasa
2021-06-21 01:00:00+00:00,23.03,72.58,25.83,91.4,3.29,0.0,fused_om_nasa
2021-06-21 02:00:00+00:00,23.03,72.58,26.01,91.0,3.32,22.3,fused_om_nasa
2021-06-21 03:00:00+00:00,23.03,72.58,26.17,90.4,3.34,61.5,fused_om_nasa
2021-06-21 04:00:00+00:00,23.03,72.58,26.08,90.9,3.24,14.2,fused_om_nasa
2021-06-21 05:00:00+00:00,23.03,72.58,26.61,90.1,3.07,59.2,fused_om_nasa
2021-06-21 06:00:00+00:00,23.03,72.58,28.2,81.9,3.27,181.6,fused_om_nasa
2021-06-21 07:00:00+00:00,23.03,72.58,29.06,77.0,4.71,159.3,fused_om_nasa
2021-06-21 08:00:00+00:00,23.03,72.58,28.94,77.8,4.22,155.2,fused_om_nasa
2021-06-21 09:00:00+00:00,23.03,72.58,31.02,68.4,4.26,299.8,fused_om_nasa
2021-06-21 10:00:00+00:00,23.03,72.58,30.66,70.7,4.88,365.7,fused_om_nasa
2021-06-21 11:00:00+00:00,23.03,72.58,31.5,66.4,3.58,378.3,fused_om_nasa
2021-06-21 12:00:00+00:00,23.03,72.58,31.06,68.5,3.18,365.0,fused_om_nasa
2021-06-21 13:00:00+00:00,23.03,72.58,31.28,67.3,2.88,291.7,fused_om_nasa
2021-06-21 14:00:00+00:00,23.03,72.58,30.72,71.7,2.66,208.5,fused_om_nasa
2021-06-21 15:00:00+00:00,23.03,72.58,30.66,72.9,2.74,130.7,fused_om_nasa
2021-06-21 16:00:00+00:00,23.03,72.58,30.29,73.3,3.12,65.6,fused_om_nasa
2021-06-21 17:00:00+00:00,23.03,72.58,29.62,76.0,2.78,38.3,fused_om_nasa
2021-06-21 18:00:00+00:00,23.03,72.58,28.85,81.4,1.92,7.4,fused_om_nasa
2021-06-21 19:00:00+00:00,23.03,72.58,28.27,85.5,1.79,0.0,fused_om_nasa
2021-06-21 20:00:00+00:00,23.03,72.58,27.94,86.1,1.97,0.0,fused_om_nasa
2021-06-21 21:00:00+00:00,23.03,72.58,27.58,85.8,2.25,0.0,fused_om_nasa
2021-06-21 22:00:00+00:00,23.03,72.58,27.28,85.3,2.9,0.0,fused_om_nasa
2021-06-21 23:00:00+00:00,23.03,72.58,26.81,85.6,3.34,0.0,fused_om_nasa
2021-06-22 00:00:00+00:00,23.03,72.58,26.71,86.2,3.7,0.0,fused_om_nasa
2021-06-22 01:00:00+00:00,23.03,72.58,26.59,86.8,3.52,6.4,fused_om_nasa
2021-06-22 02:00:00+00:00,23.03,72.58,26.88,85.1,3.38,60.4,fused_om_nasa
2021-06-22 03:00:00+00:00,23.03,72.58,27.28,83.7,3.61,115.2,fused_om_nasa
2021-06-22 04:00:00+00:00,23.03,72.58,27.79,83.6,3.33,190.1,fused_om_nasa
2021-06-22 05:00:00+00:00,23.03,72.58,28.25,82.5,3.04,243.6,fused_om_nasa
2021-06-22 06:00:00+00:00,23.03,72.58,29.1,77.5,3.32,281.5,fused_om_nasa
2021-06-22 07:00:00+00:00,23.03,72.58,29.13,75.1,3.89,130.0,fused_om_nasa
2021-06-22 08:00:00+00:00,23.03,72.58,30.62,68.8,3.44,290.0,fused_om_nasa
2021-06-22 09:00:00+00:00,23.03,72.58,31.09,66.2,4.56,467.6,fused_om_nasa
2021-06-22 10:00:00+00:00,23.03,72.58,31.58,65.1,3.93,499.5,fused_om_nasa
2021-06-22 11:00:00+00:00,23.03,72.58,31.91,64.3,3.22,485.1,fused_om_nasa
2021-06-22 12:00:00+00:00,23.03,72.58,32.08,64.3,3.14,449.3,fused_om_nasa
2021-06-22 13:00:00+00:00,23.03,72.58,32.1,64.2,3.1,473.3,fused_om_nasa
2021-06-22 14:00:00+00:00,23.03,72.58,31.52,67.6,2.84,333.9,fused_om_nasa
2021-06-22 15:00:00+00:00,23.03,72.58,31.1,69.0,3.24,235.9,fused_om_nasa
2021-06-22 16:00:00+00:00,23.03,72.58,30.64,69.5,3.19,139.1,fused_om_nasa
2021-06-22 17:00:00+00:00,23.03,72.58,30.12,72.3,2.88,57.5,fused_om_nasa
2021-06-22 18:00:00+00:00,23.03,72.58,29.32,78.4,2.26,12.0,fused_om_nasa
2021-06-22 19:00:00+00:00,23.03,72.58,28.67,82.5,1.95,0.0,fused_om_nasa
2021-06-22 20:00:00+00:00,23.03,72.58,28.32,83.5,2.19,0.0,fused_om_nasa
2021-06-22 21:00:00+00:00,23.03,72.58,28.03,82.5,2.68,0.0,fused_om_nasa
2021-06-22 22:00:00+00:00,23.03,72.58,27.74,80.8,3.16,0.0,fused_om_nasa
2021-06-22 23:00:00+00:00,23.03,72.58,27.26,81.8,3.54,0.0,fused_om_nasa
2021-06-23 00:00:00+00:00,23.03,72.58,26.96,83.1,3.51,0.0,fused_om_nasa
2021-06-23 01:00:00+00:00,23.03,72.58,26.88,84.2,3.5,6.4,fused_om_nasa
2021-06-23 02:00:00+00:00,23.03,72.58,27.2,83.8,3.47,89.9,fused_om_nasa
2021-06-23 03:00:00+00:00,23.03,72.58,27.51,82.7,4.15,121.2,fused_om_nasa
2021-06-23 04:00:00+00:00,23.03,72.58,27.83,82.6,3.8,165.8,fused_om_nasa
2021-06-23 05:00:00+00:00,23.03,72.58,28.22,82.2,3.32,204.7,fused_om_nasa
2021-06-23 06:00:00+00:00,23.03,72.58,29.02,79.9,3.54,207.0,fused_om_nasa
2021-06-23 07:00:00+00:00,23.03,72.58,30.02,75.2,3.78,214.3,fused_om_nasa
2021-06-23 08:00:00+00:00,23.03,72.58,31.16,67.0,3.76,314.0,fused_om_nasa
2021-06-23 09:00:00+00:00,23.03,72.58,30.88,68.5,3.08,356.0,fused_om_nasa
2021-06-23 10:00:00+00:00,23.03,72.58,31.78,64.6,2.44,349.1,fused_om_nasa
2021-06-23 11:00:00+00:00,23.03,72.58,31.72,66.4,3.51,456.5,fused_om_nasa
2021-06-23 12:00:00+00:00,23.03,72.58,32.75,62.3,2.6,414.4,fused_om_nasa
2021-06-23 13:00:00+00:00,23.03,72.58,32.83,62.5,2.92,344.9,fused_om_nasa
2021-06-23 14:00:00+00:00,23.03,72.58,32.26,64.5,3.36,307.4,fused_om_nasa
2021-06-23 15:00:00+00:00,23.03,72.58,32.06,63.8,3.41,218.5,fused_om_nasa
2021-06-23 16:00:00+00:00,23.03,72.58,31.54,65.0,3.34,124.7,fused_om_nasa
2021-06-23 17:00:00+00:00,23.03,72.58,30.72,69.2,2.91,53.0,fused_om_nasa
2021-06-23 18:00:00+00:00,23.03,72.58,29.87,73.2,2.65,11.1,fused_om_nasa
2021-06-23 19:00:00+00:00,23.03,72.58,29.17,75.8,2.86,0.0,fused_om_nasa
2021-06-23 20:00:00+00:00,23.03,72.58,28.67,77.5,3.26,0.0,fused_om_nasa
2021-06-23 21:00:00+00:00,23.03,72.58,28.26,79.6,3.36,0.0,fused_om_nasa
2021-06-23 22:00:00+00:00,23.03,72.58,27.98,79.6,3.3,0.0,fused_om_nasa
2021-06-23 23:00:00+00:00,23.03,72.58,27.6,80.5,3.42,0.0,fused_om_nasa
2021-06-24 00:00:00+00:00,23.03,72.58,27.26,82.6,3.02,0.0,fused_om_nasa
2021-06-24 01:00:00+00:00,23.03,72.58,27.28,83.6,3.3,6.4,fused_om_nasa
2021-06-24 02:00:00+00:00,23.03,72.58,27.47,83.3,3.5,58.6,fused_om_nasa
2021-06-24 03:00:00+00:00,23.03,72.58,27.72,81.1,4.15,131.7,fused_om_nasa
2021-06-24 04:00:00+00:00,23.03,72.58,28.02,79.6,4.27,166.0,fused_om_nasa
2021-06-24 05:00:00+00:00,23.03,72.58,28.33,77.0,3.94,159.9,fused_om_nasa
2021-06-24 06:00:00+00:00,23.03,72.58,28.88,74.3,3.93,229.7,fused_om_nasa
2021-06-24 07:00:00+00:00,23.03,72.58,29.48,70.6,4.34,296.7,fused_om_nasa
2021-06-24 08:00:00+00:00,23.03,72.58,30.3,66.0,4.32,445.9,fused_om_nasa
2021-06-24 09:00:00+00:00,23.03,72.58,30.78,62.8,4.02,417.8,fused_om_nasa
2021-06-24 10:00:00+00:00,23.03,72.58,31.22,60.9,4.2,401.5,fused_om_nasa
2021-06-24 11:00:00+00:00,23.03,72.58,31.4,61.1,3.5,408.5,fused_om_nasa
2021-06-24 12:00:00+00:00,23.03,72.58,31.94,59.1,3.18,491.8,fused_om_nasa
2021-06-24 13:00:00+00:00,23.03,72.58,31.88,60.6,4.01,480.6,fused_om_nasa
2021-06-24 14:00:00+00:00,23.03,72.58,31.22,66.4,4.62,348.5,fused_om_nasa
2021-06-24 15:00:00+00:00,23.03,72.58,30.9,67.2,4.92,233.4,fused_om_nasa
2021-06-24 16:00:00+00:00,23.03,72.58,30.66,67.9,4.73,145.1,fused_om_nasa
2021-06-24 17:00:00+00:00,23.03,72.58,30.0,71.2,4.39,63.6,fused_om_nasa
2021-06-24 18:00:00+00:00,23.03,72.58,29.04,75.9,3.99,12.7,fused_om_nasa
2021-06-24 19:00:00+00:00,23.03,72.58,28.43,78.2,4.47,0.0,fused_om_nasa
2021-06-24 20:00:00+00:00,23.03,72.58,28.05,79.1,4.78,0.0,fused_om_nasa
2021-06-24 21:00:00+00:00,23.03,72.58,27.71,80.2,4.48,0.0,fused_om_nasa
2021-06-24 22:00:00+00:00,23.03,72.58,27.48,80.1,4.2,0.0,fused_om_nasa
2021-06-24 23:00:00+00:00,23.03,72.58,27.22,80.2,4.24,0.0,fused_om_nasa
2021-06-25 00:00:00+00:00,23.03,72.58,27.08,82.1,4.0,0.0,fused_om_nasa
2021-06-25 01:00:00+00:00,23.03,72.58,27.01,83.4,3.84,0.0,fused_om_nasa
2021-06-25 02:00:00+00:00,23.03,72.58,27.15,83.5,3.63,74.8,fused_om_nasa
2021-06-25 03:00:00+00:00,23.03,72.58,27.38,82.5,3.96,146.9,fused_om_nasa
2021-06-25 04:00:00+00:00,23.03,72.58,27.8,81.2,3.9,182.8,fused_om_nasa
2021-06-25 05:00:00+00:00,23.03,72.58,28.09,80.2,3.66,188.2,fused_om_nasa
2021-06-25 06:00:00+00:00,23.03,72.58,28.62,77.6,3.68,247.4,fused_om_nasa
2021-06-25 07:00:00+00:00,23.03,72.58,29.69,72.2,3.93,328.1,fused_om_nasa
2021-06-25 08:00:00+00:00,23.03,72.58,30.86,65.3,4.11,462.6,fused_om_nasa
2021-06-25 09:00:00+00:00,23.03,72.58,31.98,59.6,3.91,579.3,fused_om_nasa
2021-06-25 10:00:00+00:00,23.03,72.58,33.02,55.5,3.9,624.5,fused_om_nasa
2021-06-25 11:00:00+00:00,23.03,72.58,33.87,52.3,3.2,686.0,fused_om_nasa
2021-06-25 12:00:00+00:00,23.03,72.58,34.53,51.3,3.61,591.0,fused_om_nasa
2021-06-25 13:00:00+00:00,23.03,72.58,34.25,54.9,3.04,401.9,fused_om_nasa
2021-06-25 14:00:00+00:00,23.03,72.58,33.71,57.2,3.33,336.2,fused_om_nasa
2021-06-25 15:00:00+00:00,23.03,72.58,33.08,60.7,3.92,228.6,fused_om_nasa
2021-06-25 16:00:00+00:00,23.03,72.58,32.53,62.4,4.06,146.2,fused_om_nasa
2021-06-25 17:00:00+00:00,23.03,72.58,31.62,66.0,3.7,61.8,fused_om_nasa
2021-06-25 18:00:00+00:00,23.03,72.58,30.37,72.2,2.89,12.3,fused_om_nasa
2021-06-25 19:00:00+00:00,23.03,72.58,29.52,76.0,2.9,0.0,fused_om_nasa
2021-06-25 20:00:00+00:00,23.03,72.58,29.2,73.8,3.96,0.0,fused_om_nasa
2021-06-25 21:00:00+00:00,23.03,72.58,28.62,71.3,4.46,0.0,fused_om_nasa
2021-06-25 22:00:00+00:00,23.03,72.58,27.88,74.1,4.58,0.0,fused_om_nasa
2021-06-25 23:00:00+00:00,23.03,72.58,27.22,77.6,4.08,0.0,fused_om_nasa
2021-06-26 00:00:00+00:00,23.03,72.58,26.89,80.0,3.58,0.0,fused_om_nasa
2021-06-26 01:00:00+00:00,23.03,72.58,26.9,80.5,3.66,6.6,fused_om_nasa
2021-06-26 02:00:00+00:00,23.03,72.58,27.06,80.4,3.5,86.5,fused_om_nasa
2021-06-26 03:00:00+00:00,23.03,72.58,27.4,80.1,4.07,174.8,fused_om_nasa
2021-06-26 04:00:00+00:00,23.03,72.58,27.59,79.0,3.5,179.9,fused_om_nasa
2021-06-26 05:00:00+00:00,23.03,72.58,27.98,77.8,3.16,231.8,fused_om_nasa
2021-06-26 06:00:00+00:00,23.03,72.58,28.96,73.5,3.72,292.6,fused_om_nasa
2021-06-26 07:00:00+00:00,23.03,72.58,30.24,66.1,4.12,374.5,fused_om_nasa
2021-06-26 08:00:00+00:00,23.03,72.58,31.38,60.6,3.99,473.7,fused_om_nasa
2021-06-26 09:00:00+00:00,23.03,72.58,32.34,56.9,3.65,529.5,fused_om_nasa
2021-06-26 10:00:00+00:00,23.03,72.58,33.19,53.3,3.37,546.2,fused_om_nasa
2021-06-26 11:00:00+00:00,23.03,72.58,33.62,51.7,3.41,590.2,fused_om_nasa
2021-06-26 12:00:00+00:00,23.03,72.58,34.23,50.6,2.98,621.2,fused_om_nasa
2021-06-26 13:00:00+00:00,23.03,72.58,34.12,53.5,2.86,464.3,fused_om_nasa
2021-06-26 14:00:00+00:00,23.03,72.58,33.56,57.2,2.66,360.0,fused_om_nasa
2021-06-26 15:00:00+00:00,23.03,72.58,33.28,58.5,2.31,247.3,fused_om_nasa
2021-06-26 16:00:00+00:00,23.03,72.58,33.04,57.0,3.32,162.9,fused_om_nasa
2021-06-26 17:00:00+00:00,23.03,72.58,32.08,62.2,3.11,75.3,fused_om_nasa
2021-06-26 18:00:00+00:00,23.03,72.58,31.0,68.9,2.56,16.0,fused_om_nasa
2021-06-26 19:00:00+00:00,23.03,72.58,30.06,74.0,2.5,0.0,fused_om_nasa
2021-06-26 20:00:00+00:00,23.03,72.58,29.64,69.8,3.25,0.0,fused_om_nasa
2021-06-26 21:00:00+00:00,23.03,72.58,29.01,71.1,3.76,0.0,fused_om_nasa
2021-06-26 22:00:00+00:00,23.03,72.58,28.4,75.2,4.04,0.0,fused_om_nasa
2021-06-26 23:00:00+00:00,23.03,72.58,27.93,77.9,4.13,0.0,fused_om_nasa
2021-06-27 00:00:00+00:00,23.03,72.58,27.7,79.5,4.18,0.0,fused_om_nasa
2021-06-27 01:00:00+00:00,23.03,72.58,27.57,80.2,4.28,6.6,fused_om_nasa
2021-06-27 02:00:00+00:00,23.03,72.58,27.7,79.7,4.5,89.2,fused_om_nasa
2021-06-27 03:00:00+00:00,23.03,72.58,28.02,78.6,4.48,180.9,fused_om_nasa
2021-06-27 04:00:00+00:00,23.03,72.58,28.4,76.7,4.32,214.2,fused_om_nasa
2021-06-27 05:00:00+00:00,23.03,72.58,28.76,75.3,3.91,152.9,fused_om_nasa
2021-06-27 06:00:00+00:00,23.03,72.58,29.42,71.4,4.36,130.9,fused_om_nasa
2021-06-27 07:00:00+00:00,23.03,72.58,30.4,65.9,4.38,181.0,fused_om_nasa
2021-06-27 08:00:00+00:00,23.03,72.58,31.16,62.5,3.83,265.6,fused_om_nasa
2021-06-27 09:00:00+00:00,23.03,72.58,31.85,60.6,3.48,408.4,fused_om_nasa
2021-06-27 10:00:00+00:00,23.03,72.58,32.3,59.6,2.84,498.0,fused_om_nasa
2021-06-27 11:00:00+00:00,23.03,72.58,32.46,59.1,2.62,568.6,fused_om_nasa
2021-06-27 12:00:00+00:00,23.03,72.58,33.46,55.4,2.04,583.6,fused_om_nasa
2021-06-27 13:00:00+00:00,23.03,72.58,33.16,58.9,1.46,472.1,fused_om_nasa
2021-06-27 14:00:00+00:00,23.03,72.58,32.5,61.8,1.48,390.9,fused_om_nasa
2021-06-27 15:00:00+00:00,23.03,72.58,32.33,61.5,1.73,275.0,fused_om_nasa
2021-06-27 16:00:00+00:00,23.03,72.58,32.02,61.8,2.4,173.4,fused_om_nasa
2021-06-27 17:00:00+00:00,23.03,72.58,31.26,65.9,2.88,81.6,fused_om_nasa
2021-06-27 18:00:00+00:00,23.03,72.58,30.42,70.8,2.78,15.0,fused_om_nasa
2021-06-27 19:00:00+00:00,23.03,72.58,29.52,75.6,2.8,0.0,fused_om_nasa
2021-06-27 20:00:00+00:00,23.03,72.58,28.84,78.0,3.22,0.0,fused_om_nasa
2021-06-27 21:00:00+00:00,23.03,72.58,28.14,80.2,3.62,0.0,fused_om_nasa
2021-06-27 22:00:00+00:00,23.03,72.58,27.78,81.6,3.68,0.0,fused_om_nasa
2021-06-27 23:00:00+00:00,23.03,72.58,27.5,83.2,3.76,0.0,fused_om_nasa
2021-06-28 00:00:00+00:00,23.03,72.58,27.27,85.1,3.57,0.0,fused_om_nasa
2021-06-28 01:00:00+00:00,23.03,72.58,27.26,85.6,3.6,0.0,fused_om_nasa
2021-06-28 02:00:00+00:00,23.03,72.58,27.21,85.9,3.22,0.0,fused_om_nasa
2021-06-28 03:00:00+00:00,23.03,72.58,27.27,85.6,3.06,2.3,fused_om_nasa
2021-06-28 04:00:00+00:00,23.03,72.58,27.42,84.0,3.54,6.4,fused_om_nasa
2021-06-28 05:00:00+00:00,23.03,72.58,28.01,80.2,3.6,57.4,fused_om_nasa
2021-06-28 06:00:00+00:00,23.03,72.58,28.67,76.5,3.7,112.0,fused_om_nasa
2021-06-28 07:00:00+00:00,23.03,72.58,29.85,70.9,4.22,143.2,fused_om_nasa
2021-06-28 08:00:00+00:00,23.03,72.58,31.1,65.1,4.4,198.3,fused_om_nasa
2021-06-28 09:00:00+00:00,23.03,72.58,32.56,59.8,3.92,364.9,fused_om_nasa
2021-06-28 10:00:00+00:00,23.03,72.58,33.44,56.6,3.44,418.2,fused_om_nasa
2021-06-28 11:00:00+00:00,23.03,72.58,33.82,55.1,2.85,543.5,fused_om_nasa
2021-06-28 12:00:00+00:00,23.03,72.58,33.52,57.5,2.03,340.0,fused_om_nasa
2021-06-28 13:00:00+00:00,23.03,72.58,32.93,61.3,1.72,206.2,fused_om_nasa
2021-06-28 14:00:00+00:00,23.03,72.58,32.16,65.1,1.81,166.5,fused_om_nasa
2021-06-28 15:00:00+00:00,23.03,72.58,31.66,66.5,1.82,168.9,fused_om_nasa
2021-06-28 16:00:00+00:00,23.03,72.58,31.01,68.9,2.16,113.3,fused_om_nasa
2021-06-28 17:00:00+00:00,23.03,72.58,30.21,74.7,3.04,56.5,fused_om_nasa
2021-06-28 18:00:00+00:00,23.03,72.58,29.22,79.9,3.04,11.6,fused_om_nasa
2021-06-28 19:00:00+00:00,23.03,72.58,28.46,84.6,3.08,0.0,fused_om_nasa
2021-06-28 20:00:00+00:00,23.03,72.58,28.1,84.9,3.46,0.0,fused_om_nasa
2021-06-28 21:00:00+00:00,23.03,72.58,27.74,85.5,3.78,0.0,fused_om_nasa
2021-06-28 22:00:00+00:00,23.03,72.58,27.42,87.1,3.73,0.0,fused_om_nasa
2021-06-28 23:00:00+00:00,23.03,72.58,27.08,88.5,3.25,0.0,fused_om_nasa
2021-06-29 00:00:00+00:00,23.03,72.58,26.9,90.5,2.96,0.0,fused_om_nasa
2021-06-29 01:00:00+00:00,23.03,72.58,26.92,89.6,2.94,0.0,fused_om_nasa
2021-06-29 02:00:00+00:00,23.03,72.58,27.24,87.6,2.87,32.4,fused_om_nasa
2021-06-29 03:00:00+00:00,23.03,72.58,27.68,85.2,2.69,135.4,fused_om_nasa
2021-06-29 04:00:00+00:00,23.03,72.58,28.24,82.8,2.46,222.7,fused_om_nasa
2021-06-29 05:00:00+00:00,23.03,72.58,28.99,79.2,2.39,259.5,fused_om_nasa
2021-06-29 06:00:00+00:00,23.03,72.58,29.91,74.4,2.74,280.8,fused_om_nasa
2021-06-29 07:00:00+00:00,23.03,72.58,30.8,69.4,3.14,263.6,fused_om_nasa
2021-06-29 08:00:00+00:00,23.03,72.58,31.67,66.1,3.23,365.2,fused_om_nasa
2021-06-29 09:00:00+00:00,23.03,72.58,32.75,62.0,2.93,529.6,fused_om_nasa
2021-06-29 10:00:00+00:00,23.03,72.58,33.5,58.3,2.72,575.6,fused_om_nasa
2021-06-29 11:00:00+00:00,23.03,72.58,34.13,55.9,2.61,575.6,fused_om_nasa
2021-06-29 12:00:00+00:00,23.03,72.58,34.89,52.4,2.3,449.3,fused_om_nasa
2021-06-29 13:00:00+00:00,23.03,72.58,34.75,54.0,2.42,450.0,fused_om_nasa
2021-06-29 14:00:00+00:00,23.03,72.58,34.18,55.6,2.88,360.5,fused_om_nasa
2021-06-29 15:00:00+00:00,23.03,72.58,33.52,57.7,3.5,288.5,fused_om_nasa
2021-06-29 16:00:00+00:00,23.03,72.58,32.71,60.3,3.62,187.9,fused_om_nasa
2021-06-29 17:00:00+00:00,23.03,72.58,31.89,65.1,3.92,87.2,fused_om_nasa
2021-06-29 18:00:00+00:00,23.03,72.58,30.9,70.8,3.71,16.8,fused_om_nasa
2021-06-29 19:00:00+00:00,23.03,72.58,30.13,73.8,4.0,0.0,fused_om_nasa
2021-06-29 20:00:00+00:00,23.03,72.58,29.63,74.7,4.37,0.0,fused_om_nasa
2021-06-29 21:00:00+00:00,23.03,72.58,28.97,78.0,4.23,0.0,fused_om_nasa
2021-06-29 22:00:00+00:00,23.03,72.58,28.53,80.8,3.84,0.0,fused_om_nasa
2021-06-29 23:00:00+00:00,23.03,72.58,28.3,80.4,3.75,0.0,fused_om_nasa
2021-06-30 00:00:00+00:00,23.03,72.58,28.1,81.1,3.65,0.0,fused_om_nasa
2021-06-30 01:00:00+00:00,23.03,72.58,28.03,81.4,3.74,0.0,fused_om_nasa
2021-06-30 02:00:00+00:00,23.03,72.58,28.12,81.0,3.62,74.3,fused_om_nasa
2021-06-30 03:00:00+00:00,23.03,72.58,28.38,79.4,4.0,114.8,fused_om_nasa
2021-06-30 04:00:00+00:00,23.03,72.58,28.68,78.2,3.7,141.8,fused_om_nasa
2021-06-30 05:00:00+00:00,23.03,72.58,29.26,75.2,3.66,230.8,fused_om_nasa
2021-06-30 06:00:00+00:00,23.03,72.58,30.26,70.3,4.51,308.4,fused_om_nasa
2021-06-30 07:00:00+00:00,23.03,72.58,31.4,65.0,5.22,325.2,fused_om_nasa
2021-06-30 08:00:00+00:00,23.03,72.58,32.49,59.8,5.16,421.3,fused_om_nasa
2021-06-30 09:00:00+00:00,23.03,72.58,33.72,55.1,5.04,555.1,fused_om_nasa
2021-06-30 10:00:00+00:00,23.03,72.58,34.75,52.3,4.99,539.6,fused_om_nasa
2021-06-30 11:00:00+00:00,23.03,72.58,35.15,50.3,5.14,617.8,fused_om_nasa
2021-06-30 12:00:00+00:00,23.03,72.58,34.1,56.3,5.7,568.0,fused_om_nasa
2021-06-30 13:00:00+00:00,23.03,72.58,34.38,55.5,5.0,481.6,fused_om_nasa
2021-06-30 14:00:00+00:00,23.03,72.58,33.83,58.0,5.07,376.6,fused_om_nasa
2021-06-30 15:00:00+00:00,23.03,72.58,33.05,60.6,4.98,275.5,fused_om_nasa
2021-06-30 16:00:00+00:00,23.03,72.58,32.48,63.1,4.72,187.1,fused_om_nasa
2021-06-30 17:00:00+00:00,23.03,72.58,31.76,67.4,4.16,88.7,fused_om_nasa
2021-06-30 18:00:00+00:00,23.03,72.58,30.8,72.4,3.65,17.8,fused_om_nasa
2021-06-30 19:00:00+00:00,23.03,72.58,30.18,73.8,3.75,0.0,fused_om_nasa
2021-06-30 20:00:00+00:00,23.03,72.58,29.76,71.9,4.08,0.0,fused_om_nasa
2021-06-30 21:00:00+00:00,23.03,72.58,29.38,72.7,4.65,0.0,fused_om_nasa
2021-06-30 22:00:00+00:00,23.03,72.58,28.75,74.4,4.68,0.0,fused_om_nasa
2021-06-30 23:00:00+00:00,23.03,72.58,28.24,74.9,4.75,0.0,fused_om_nasa
2022-04-01 00:00:00+00:00,23.03,72.58,24.92,44.8,2.62,0.0,fused_om_nasa
2022-04-01 01:00:00+00:00,23.03,72.58,24.58,45.1,2.16,0.0,fused_om_nasa
2022-04-01 02:00:00+00:00,23.03,72.58,24.9,43.3,1.97,75.9,fused_om_nasa
2022-04-01 03:00:00+00:00,23.03,72.58,25.9,40.0,1.84,230.3,fused_om_nasa
2022-04-01 04:00:00+00:00,23.03,72.58,26.78,39.2,1.92,321.0,fused_om_nasa
2022-04-01 05:00:00+00:00,23.03,72.58,27.65,39.4,1.76,371.0,fused_om_nasa
2022-04-01 06:00:00+00:00,23.03,72.58,29.11,39.3,1.84,420.2,fused_om_nasa
2022-04-01 07:00:00+00:00,23.03,72.58,31.38,35.7,1.76,534.4,fused_om_nasa
2022-04-01 08:00:00+00:00,23.03,72.58,34.39,26.7,1.54,658.7,fused_om_nasa
2022-04-01 09:00:00+00:00,23.03,72.58,37.1,19.2,1.58,760.3,fused_om_nasa
2022-04-01 10:00:00+00:00,23.03,72.58,39.34,14.5,1.74,824.9,fused_om_nasa
2022-04-01 11:00:00+00:00,23.03,72.58,40.92,12.0,1.92,837.2,fused_om_nasa
2022-04-01 12:00:00+00:00,23.03,72.58,41.13,11.9,1.92,788.2,fused_om_nasa
2022-04-01 13:00:00+00:00,23.03,72.58,39.83,15.7,2.14,631.4,fused_om_nasa
2022-04-01 14:00:00+00:00,23.03,72.58,38.55,14.7,2.54,408.8,fused_om_nasa
2022-04-01 15:00:00+00:00,23.03,72.58,38.0,15.1,3.04,299.4,fused_om_nasa
2022-04-01 16:00:00+00:00,23.03,72.58,36.46,17.2,2.37,178.4,fused_om_nasa
2022-04-01 17:00:00+00:00,23.03,72.58,34.32,19.4,1.99,63.1,fused_om_nasa
2022-04-01 18:00:00+00:00,23.03,72.58,32.22,21.2,2.72,2.8,fused_om_nasa
2022-04-01 19:00:00+00:00,23.03,72.58,31.0,27.2,3.41,0.0,fused_om_nasa
2022-04-01 20:00:00+00:00,23.03,72.58,29.94,28.9,3.46,0.0,fused_om_nasa
2022-04-01 21:00:00+00:00,23.03,72.58,28.14,33.2,3.8,0.0,fused_om_nasa
2022-04-01 22:00:00+00:00,23.03,72.58,27.76,33.2,3.08,0.0,fused_om_nasa
2022-04-01 23:00:00+00:00,23.03,72.58,27.46,33.5,2.36,0.0,fused_om_nasa
2022-04-02 00:00:00+00:00,23.03,72.58,25.94,43.3,3.06,0.0,fused_om_nasa
2022-04-02 01:00:00+00:00,23.03,72.58,25.28,45.6,2.88,0.0,fused_om_nasa
2022-04-02 02:00:00+00:00,23.03,72.58,25.34,45.7,2.43,78.6,fused_om_nasa
2022-04-02 03:00:00+00:00,23.03,72.58,26.41,41.6,2.38,230.8,fused_om_nasa
2022-04-02 04:00:00+00:00,23.03,72.58,27.52,39.0,2.14,319.9,fused_om_nasa
2022-04-02 05:00:00+00:00,23.03,72.58,28.54,40.0,2.21,369.4,fused_om_nasa
2022-04-02 06:00:00+00:00,23.03,72.58,30.11,40.0,2.02,418.7,fused_om_nasa
2022-04-02 07:00:00+00:00,23.03,72.58,32.39,35.7,1.98,529.6,fused_om_nasa
2022-04-02 08:00:00+00:00,23.03,72.58,35.12,27.6,1.5,652.2,fused_om_nasa
2022-04-02 09:00:00+00:00,23.03,72.58,37.71,20.1,1.4,754.1,fused_om_nasa
2022-04-02 10:00:00+00:00,23.03,72.58,40.3,13.3,1.33,819.4,fused_om_nasa
2022-04-02 11:00:00+00:00,23.03,72.58,41.37,11.5,1.32,831.7,fused_om_nasa
2022-04-02 12:00:00+00:00,23.03,72.58,41.29,12.9,1.4,790.5,fused_om_nasa
2022-04-02 13:00:00+00:00,23.03,72.58,40.36,15.0,1.69,629.5,fused_om_nasa
2022-04-02 14:00:00+00:00,23.03,72.58,39.04,14.8,2.04,407.3,fused_om_nasa
2022-04-02 15:00:00+00:00,23.03,72.58,38.34,14.6,2.12,296.8,fused_om_nasa
2022-04-02 16:00:00+00:00,23.03,72.58,36.84,17.2,2.9,176.8,fused_om_nasa
2022-04-02 17:00:00+00:00,23.03,72.58,34.29,26.3,2.59,63.6,fused_om_nasa
2022-04-02 18:00:00+00:00,23.03,72.58,31.59,29.4,2.69,2.9,fused_om_nasa
2022-04-02 19:00:00+00:00,23.03,72.58,30.34,33.1,2.78,0.0,fused_om_nasa
2022-04-02 20:00:00+00:00,23.03,72.58,29.23,36.5,3.06,0.0,fused_om_nasa
2022-04-02 21:00:00+00:00,23.03,72.58,27.79,40.8,3.32,0.0,fused_om_nasa
2022-04-02 22:00:00+00:00,23.03,72.58,26.98,43.7,3.25,0.0,fused_om_nasa
2022-04-02 23:00:00+00:00,23.03,72.58,26.32,44.3,3.28,0.0,fused_om_nasa
2022-04-03 00:00:00+00:00,23.03,72.58,25.72,47.0,3.11,0.0,fused_om_nasa
2022-04-03 01:00:00+00:00,23.03,72.58,25.25,47.0,2.84,0.0,fused_om_nasa
2022-04-03 02:00:00+00:00,23.03,72.58,25.56,46.4,2.89,81.2,fused_om_nasa
2022-04-03 03:00:00+00:00,23.03,72.58,26.66,44.7,2.33,232.8,fused_om_nasa
2022-04-03 04:00:00+00:00,23.03,72.58,27.8,42.0,2.19,322.5,fused_om_nasa
2022-04-03 05:00:00+00:00,23.03,72.58,29.04,42.7,2.42,372.7,fused_om_nasa
2022-04-03 06:00:00+00:00,23.03,72.58,30.76,41.7,3.06,424.3,fused_om_nasa
2022-04-03 07:00:00+00:00,23.03,72.58,33.05,35.6,3.08,541.2,fused_om_nasa
2022-04-03 08:00:00+00:00,23.03,72.58,35.84,24.8,2.63,666.9,fused_om_nasa
2022-04-03 09:00:00+00:00,23.03,72.58,38.24,17.6,2.84,772.4,fused_om_nasa
2022-04-03 10:00:00+00:00,23.03,72.58,40.46,11.6,3.08,838.3,fused_om_nasa
2022-04-03 11:00:00+00:00,23.03,72.58,41.64,9.2,2.88,849.7,fused_om_nasa
2022-04-03 12:00:00+00:00,23.03,72.58,41.86,9.0,2.84,797.7,fused_om_nasa
2022-04-03 13:00:00+00:00,23.03,72.58,40.72,9.6,2.54,645.8,fused_om_nasa
2022-04-03 14:00:00+00:00,23.03,72.58,39.16,10.3,2.88,418.8,fused_om_nasa
2022-04-03 15:00:00+00:00,23.03,72.58,38.22,10.7,3.06,309.9,fused_om_nasa
2022-04-03 16:00:00+00:00,23.03,72.58,36.49,11.2,3.24,186.8,fused_om_nasa
2022-04-03 17:00:00+00:00,23.03,72.58,36.15,10.3,2.16,65.6,fused_om_nasa
2022-04-03 18:00:00+00:00,23.03,72.58,31.48,14.9,2.39,2.8,fused_om_nasa
2022-04-03 19:00:00+00:00,23.03,72.58,31.34,20.1,2.58,0.0,fused_om_nasa
2022-04-03 20:00:00+00:00,23.03,72.58,30.6,24.4,2.3,0.0,fused_om_nasa
2022-04-03 21:00:00+00:00,23.03,72.58,28.96,29.8,2.58,0.0,fused_om_nasa
2022-04-03 22:00:00+00:00,23.03,72.58,27.76,30.2,2.5,0.0,fused_om_nasa
2022-04-03 23:00:00+00:00,23.03,72.58,26.66,28.7,2.7,0.0,fused_om_nasa
2022-04-04 00:00:00+00:00,23.03,72.58,26.34,24.5,2.58,0.0,fused_om_nasa
2022-04-04 01:00:00+00:00,23.03,72.58,25.72,27.9,2.83,0.0,fused_om_nasa
2022-04-04 02:00:00+00:00,23.03,72.58,26.06,34.2,3.45,83.8,fused_om_nasa
2022-04-04 03:00:00+00:00,23.03,72.58,27.03,39.8,3.42,236.2,fused_om_nasa
2022-04-04 04:00:00+00:00,23.03,72.58,28.35,40.6,3.6,325.1,fused_om_nasa
2022-04-04 05:00:00+00:00,23.03,72.58,29.49,39.4,3.77,373.2,fused_om_nasa
2022-04-04 06:00:00+00:00,23.03,72.58,31.0,36.3,4.0,424.0,fused_om_nasa
2022-04-04 07:00:00+00:00,23.03,72.58,33.12,30.5,3.8,535.1,fused_om_nasa
2022-04-04 08:00:00+00:00,23.03,72.58,35.88,21.6,3.28,655.6,fused_om_nasa
2022-04-04 09:00:00+00:00,23.03,72.58,38.51,14.0,3.3,756.5,fused_om_nasa
2022-04-04 10:00:00+00:00,23.03,72.58,40.7,11.0,3.6,821.7,fused_om_nasa
2022-04-04 11:00:00+00:00,23.03,72.58,41.78,9.4,3.84,832.9,fused_om_nasa
2022-04-04 12:00:00+00:00,23.03,72.58,41.87,9.3,3.68,794.4,fused_om_nasa
2022-04-04 13:00:00+00:00,23.03,72.58,40.78,10.1,3.08,646.3,fused_om_nasa
2022-04-04 14:00:00+00:00,23.03,72.58,38.68,12.0,3.58,408.3,fused_om_nasa
2022-04-04 15:00:00+00:00,23.03,72.58,38.0,12.5,3.4,291.8,fused_om_nasa
2022-04-04 16:00:00+00:00,23.03,72.58,36.54,13.7,3.4,172.2,fused_om_nasa
2022-04-04 17:00:00+00:00,23.03,72.58,34.86,14.4,2.65,61.5,fused_om_nasa
2022-04-04 18:00:00+00:00,23.03,72.58,31.56,17.1,2.86,2.6,fused_om_nasa
2022-04-04 19:00:00+00:00,23.03,72.58,30.46,17.9,2.96,0.0,fused_om_nasa
2022-04-04 20:00:00+00:00,23.03,72.58,30.1,18.6,2.63,0.0,fused_om_nasa
2022-04-04 21:00:00+00:00,23.03,72.58,29.28,22.4,2.78,0.0,fused_om_nasa
2022-04-04 22:00:00+00:00,23.03,72.58,28.88,23.8,2.67,0.0,fused_om_nasa
2022-04-04 23:00:00+00:00,23.03,72.58,28.08,27.0,2.89,0.0,fused_om_nasa
2022-04-05 00:00:00+00:00,23.03,72.58,27.0,31.5,2.6,0.0,fused_om_nasa
2022-04-05 01:00:00+00:00,23.03,72.58,26.58,33.0,2.76,0.0,fused_om_nasa
2022-04-05 02:00:00+00:00,23.03,72.58,27.05,32.4,3.2,82.6,fused_om_nasa
2022-04-05 03:00:00+00:00,23.03,72.58,28.36,29.6,3.25,230.9,fused_om_nasa
2022-04-05 04:00:00+00:00,23.03,72.58,29.72,26.9,3.04,318.8,fused_om_nasa
2022-04-05 05:00:00+00:00,23.03,72.58,30.98,24.8,2.62,365.6,fused_om_nasa
2022-04-05 06:00:00+00:00,23.03,72.58,32.42,23.7,2.51,414.8,fused_om_nasa
2022-04-05 07:00:00+00:00,23.03,72.58,34.49,20.8,2.7,519.3,fused_om_nasa
2022-04-05 08:00:00+00:00,23.03,72.58,37.29,16.9,2.53,643.4,fused_om_nasa
2022-04-05 09:00:00+00:00,23.03,72.58,40.23,12.8,3.13,740.6,fused_om_nasa
2022-04-05 10:00:00+00:00,23.03,72.58,42.29,11.8,4.1,752.6,fused_om_nasa
2022-04-05 11:00:00+00:00,23.03,72.58,42.34,12.2,4.57,565.6,fused_om_nasa
2022-04-05 12:00:00+00:00,23.03,72.58,42.22,12.6,4.26,520.5,fused_om_nasa
2022-04-05 13:00:00+00:00,23.03,72.58,41.28,13.6,3.88,605.7,fused_om_nasa
2022-04-05 14:00:00+00:00,23.03,72.58,39.28,15.7,3.97,407.5,fused_om_nasa
2022-04-05 15:00:00+00:00,23.03,72.58,38.47,16.3,3.74,302.9,fused_om_nasa
2022-04-05 16:00:00+00:00,23.03,72.58,37.16,16.5,3.89,179.7,fused_om_nasa
2022-04-05 17:00:00+00:00,23.03,72.58,36.39,15.6,3.22,65.2,fused_om_nasa
2022-04-05 18:00:00+00:00,23.03,72.58,33.38,19.6,2.88,2.8,fused_om_nasa
2022-04-05 19:00:00+00:00,23.03,72.58,31.98,23.3,2.64,0.0,fused_om_nasa
2022-04-05 20:00:00+00:00,23.03,72.58,30.9,24.7,2.69,0.0,fused_om_nasa
2022-04-05 21:00:00+00:00,23.03,72.58,30.46,22.6,3.37,0.0,fused_om_nasa
2022-04-05 22:00:00+00:00,23.03,72.58,29.94,22.4,3.9,0.0,fused_om_nasa
2022-04-05 23:00:00+00:00,23.03,72.58,28.92,26.0,3.82,0.0,fused_om_nasa
2022-04-06 00:00:00+00:00,23.03,72.58,27.92,33.5,3.38,0.0,fused_om_nasa
2022-04-06 01:00:00+00:00,23.03,72.58,27.04,36.9,3.07,0.0,fused_om_nasa
2022-04-06 02:00:00+00:00,23.03,72.58,27.17,36.8,3.33,85.2,fused_om_nasa
2022-04-06 03:00:00+00:00,23.03,72.58,27.87,33.9,3.28,224.3,fused_om_nasa
2022-04-06 04:00:00+00:00,23.03,72.58,28.8,30.7,3.34,312.4,fused_om_nasa
2022-04-06 05:00:00+00:00,23.03,72.58,29.88,28.0,3.4,362.9,fused_om_nasa
2022-04-06 06:00:00+00:00,23.03,72.58,31.68,24.4,3.84,414.8,fused_om_nasa
2022-04-06 07:00:00+00:00,23.03,72.58,34.06,20.1,4.12,517.5,fused_om_nasa
2022-04-06 08:00:00+00:00,23.03,72.58,37.03,15.7,4.18,635.5,fused_om_nasa
2022-04-06 09:00:00+00:00,23.03,72.58,40.33,10.2,4.77,740.8,fused_om_nasa
2022-04-06 10:00:00+00:00,23.03,72.58,41.82,8.5,4.76,798.0,fused_om_nasa
2022-04-06 11:00:00+00:00,23.03,72.58,42.42,7.9,4.64,802.9,fused_om_nasa
2022-04-06 12:00:00+00:00,23.03,72.58,42.24,8.3,4.09,755.0,fused_om_nasa
2022-04-06 13:00:00+00:00,23.03,72.58,41.02,9.2,3.08,620.2,fused_om_nasa
2022-04-06 14:00:00+00:00,23.03,72.58,38.73,10.6,3.7,416.9,fused_om_nasa
2022-04-06 15:00:00+00:00,23.03,72.58,37.81,10.4,3.62,303.8,fused_om_nasa
2022-04-06 16:00:00+00:00,23.03,72.58,36.94,10.4,3.4,184.5,fused_om_nasa
2022-04-06 17:00:00+00:00,23.03,72.58,35.52,10.7,2.84,68.7,fused_om_nasa
2022-04-06 18:00:00+00:00,23.03,72.58,32.72,11.8,2.7,3.1,fused_om_nasa
2022-04-06 19:00:00+00:00,23.03,72.58,30.98,14.2,2.64,0.0,fused_om_nasa
2022-04-06 20:00:00+00:00,23.03,72.58,29.52,17.6,2.84,0.0,fused_om_nasa
2022-04-06 21:00:00+00:00,23.03,72.58,29.1,17.7,2.68,0.0,fused_om_nasa
2022-04-06 22:00:00+00:00,23.03,72.58,28.3,20.0,2.92,0.0,fused_om_nasa
2022-04-06 23:00:00+00:00,23.03,72.58,27.73,25.0,3.42,0.0,fused_om_nasa
2022-04-07 00:00:00+00:00,23.03,72.58,26.84,32.3,3.39,0.0,fused_om_nasa
2022-04-07 01:00:00+00:00,23.03,72.58,26.13,38.7,2.75,0.0,fused_om_nasa
2022-04-07 02:00:00+00:00,23.03,72.58,26.76,37.6,3.32,87.6,fused_om_nasa
2022-04-07 03:00:00+00:00,23.03,72.58,28.02,35.2,3.42,232.0,fused_om_nasa
2022-04-07 04:00:00+00:00,23.03,72.58,29.26,32.0,3.86,319.6,fused_om_nasa
2022-04-07 05:00:00+00:00,23.03,72.58,30.35,30.0,4.03,354.8,fused_om_nasa
2022-04-07 06:00:00+00:00,23.03,72.58,31.92,27.7,4.34,392.5,fused_om_nasa
2022-04-07 07:00:00+00:00,23.03,72.58,34.52,23.3,4.58,494.6,fused_om_nasa
2022-04-07 08:00:00+00:00,23.03,72.58,37.72,16.5,4.72,628.8,fused_om_nasa
2022-04-07 09:00:00+00:00,23.03,72.58,40.38,11.2,4.92,730.4,fused_om_nasa
2022-04-07 10:00:00+00:00,23.03,72.58,42.27,8.9,5.36,792.4,fused_om_nasa
2022-04-07 11:00:00+00:00,23.03,72.58,42.96,8.3,5.36,821.8,fused_om_nasa
2022-04-07 12:00:00+00:00,23.03,72.58,43.1,8.0,5.05,761.5,fused_om_nasa
2022-04-07 13:00:00+00:00,23.03,72.58,42.07,8.5,4.15,616.9,fused_om_nasa
2022-04-07 14:00:00+00:00,23.03,72.58,40.86,9.1,4.07,400.7,fused_om_nasa
2022-04-07 15:00:00+00:00,23.03,72.58,40.21,9.2,3.6,290.0,fused_om_nasa
2022-04-07 16:00:00+00:00,23.03,72.58,38.0,11.0,3.38,172.7,fused_om_nasa
2022-04-07 17:00:00+00:00,23.03,72.58,35.63,13.2,2.69,62.2,fused_om_nasa
2022-04-07 18:00:00+00:00,23.03,72.58,34.29,13.8,1.99,3.3,fused_om_nasa
2022-04-07 19:00:00+00:00,23.03,72.58,33.74,14.1,1.66,0.0,fused_om_nasa
2022-04-07 20:00:00+00:00,23.03,72.58,31.07,17.2,2.76,0.0,fused_om_nasa
2022-04-07 21:00:00+00:00,23.03,72.58,30.08,17.9,2.89,0.0,fused_om_nasa
2022-04-07 22:00:00+00:00,23.03,72.58,29.82,17.6,3.48,0.0,fused_om_nasa
2022-04-07 23:00:00+00:00,23.03,72.58,29.1,21.0,3.53,0.0,fused_om_nasa
2022-04-08 00:00:00+00:00,23.03,72.58,28.73,34.4,4.26,0.0,fused_om_nasa
2022-04-08 01:00:00+00:00,23.03,72.58,28.2,38.2,4.16,0.0,fused_om_nasa
2022-04-08 02:00:00+00:00,23.03,72.58,28.58,34.9,4.36,93.4,fused_om_nasa
2022-04-08 03:00:00+00:00,23.03,72.58,29.96,29.1,3.5,236.9,fused_om_nasa
2022-04-08 04:00:00+00:00,23.03,72.58,31.32,23.4,3.8,324.0,fused_om_nasa
2022-04-08 05:00:00+00:00,23.03,72.58,32.32,21.5,4.08,371.0,fused_om_nasa
2022-04-08 06:00:00+00:00,23.03,72.58,33.61,19.9,4.87,417.4,fused_om_nasa
2022-04-08 07:00:00+00:00,23.03,72.58,35.7,17.0,5.09,509.7,fused_om_nasa
2022-04-08 08:00:00+00:00,23.03,72.58,38.33,13.9,4.74,601.3,fused_om_nasa
2022-04-08 09:00:00+00:00,23.03,72.58,40.79,10.6,4.53,691.8,fused_om_nasa
2022-04-08 10:00:00+00:00,23.03,72.58,42.48,9.2,4.32,753.5,fused_om_nasa
2022-04-08 11:00:00+00:00,23.03,72.58,43.3,8.7,4.12,768.3,fused_om_nasa
2022-04-08 12:00:00+00:00,23.03,72.58,43.48,8.4,3.58,739.8,fused_om_nasa
2022-04-08 13:00:00+00:00,23.03,72.58,41.89,10.2,2.98,612.0,fused_om_nasa
2022-04-08 14:00:00+00:00,23.03,72.58,40.04,10.6,3.3,411.1,fused_om_nasa
2022-04-08 15:00:00+00:00,23.03,72.58,39.54,10.7,3.08,305.0,fused_om_nasa
2022-04-08 16:00:00+00:00,23.03,72.58,39.2,10.4,3.45,182.4,fused_om_nasa
2022-04-08 17:00:00+00:00,23.03,72.58,38.12,11.1,2.72,66.1,fused_om_nasa
2022-04-08 18:00:00+00:00,23.03,72.58,34.86,13.7,3.92,3.4,fused_om_nasa
2022-04-08 19:00:00+00:00,23.03,72.58,33.24,16.9,3.56,0.0,fused_om_nasa
2022-04-08 20:00:00+00:00,23.03,72.58,32.09,18.8,3.47,0.0,fused_om_nasa
2022-04-08 21:00:00+00:00,23.03,72.58,31.2,20.2,3.76,0.0,fused_om_nasa
2022-04-08 22:00:00+00:00,23.03,72.58,30.32,21.6,3.92,0.0,fused_om_nasa
2022-04-08 23:00:00+00:00,23.03,72.58,29.34,22.7,3.73,0.0,fused_om_nasa
2022-04-09 00:00:00+00:00,23.03,72.58,28.41,24.7,3.54,0.0,fused_om_nasa
2022-04-09 01:00:00+00:00,23.03,72.58,27.99,25.2,3.94,0.0,fused_om_nasa
2022-04-09 02:00:00+00:00,23.03,72.58,28.4,26.0,4.04,95.8,fused_om_nasa
2022-04-09 03:00:00+00:00,23.03,72.58,29.2,27.0,3.02,241.7,fused_om_nasa
2022-04-09 04:00:00+00:00,23.03,72.58,29.76,28.6,2.42,325.8,fused_om_nasa
2022-04-09 05:00:00+00:00,23.03,72.58,30.5,29.9,2.52,371.6,fused_om_nasa
2022-04-09 06:00:00+00:00,23.03,72.58,31.94,28.1,3.14,418.7,fused_om_nasa
2022-04-09 07:00:00+00:00,23.03,72.58,34.24,24.4,3.44,516.2,fused_om_nasa
2022-04-09 08:00:00+00:00,23.03,72.58,37.1,17.8,3.49,619.1,fused_om_nasa
2022-04-09 09:00:00+00:00,23.03,72.58,39.92,11.5,4.03,723.9,fused_om_nasa
2022-04-09 10:00:00+00:00,23.03,72.58,41.41,9.8,4.23,795.6,fused_om_nasa
2022-04-09 11:00:00+00:00,23.03,72.58,42.08,9.8,4.05,814.0,fused_om_nasa
2022-04-09 12:00:00+00:00,23.03,72.58,41.97,9.7,3.56,776.6,fused_om_nasa
2022-04-09 13:00:00+00:00,23.03,72.58,41.64,10.2,2.34,638.6,fused_om_nasa
2022-04-09 14:00:00+00:00,23.03,72.58,40.66,11.2,2.43,407.8,fused_om_nasa
2022-04-09 15:00:00+00:00,23.03,72.58,38.26,11.9,3.49,292.0,fused_om_nasa
2022-04-09 16:00:00+00:00,23.03,72.58,36.95,16.6,4.42,175.5,fused_om_nasa
2022-04-09 17:00:00+00:00,23.03,72.58,35.02,23.2,3.68,63.2,fused_om_nasa
2022-04-09 18:00:00+00:00,23.03,72.58,32.64,27.6,3.38,3.0,fused_om_nasa
2022-04-09 19:00:00+00:00,23.03,72.58,31.38,30.1,3.02,0.0,fused_om_nasa
2022-04-09 20:00:00+00:00,23.03,72.58,30.12,31.4,2.9,0.0,fused_om_nasa
2022-04-09 21:00:00+00:00,23.03,72.58,29.16,26.1,3.04,0.0,fused_om_nasa
2022-04-09 22:00:00+00:00,23.03,72.58,28.38,19.2,3.29,0.0,fused_om_nasa
2022-04-09 23:00:00+00:00,23.03,72.58,27.56,18.0,3.38,0.0,fused_om_nasa
2022-04-10 00:00:00+00:00,23.03,72.58,26.7,22.2,3.24,0.0,fused_om_nasa
2022-04-10 01:00:00+00:00,23.03,72.58,26.26,26.5,3.26,0.0,fused_om_nasa
2022-04-10 02:00:00+00:00,23.03,72.58,26.44,31.6,3.27,98.1,fused_om_nasa
2022-04-10 03:00:00+00:00,23.03,72.58,26.98,37.4,2.74,241.0,fused_om_nasa
2022-04-10 04:00:00+00:00,23.03,72.58,27.76,40.2,2.02,323.4,fused_om_nasa
2022-04-10 05:00:00+00:00,23.03,72.58,28.74,40.1,2.0,368.4,fused_om_nasa
2022-04-10 06:00:00+00:00,23.03,72.58,30.64,36.2,2.4,417.9,fused_om_nasa
2022-04-10 07:00:00+00:00,23.03,72.58,33.12,29.9,2.54,519.4,fused_om_nasa
2022-04-10 08:00:00+00:00,23.03,72.58,36.22,19.5,2.86,622.5,fused_om_nasa
2022-04-10 09:00:00+00:00,23.03,72.58,39.16,12.2,3.31,724.7,fused_om_nasa
2022-04-10 10:00:00+00:00,23.03,72.58,40.68,10.2,3.26,791.3,fused_om_nasa
2022-04-10 11:00:00+00:00,23.03,72.58,41.45,9.9,3.3,802.7,fused_om_nasa
2022-04-10 12:00:00+00:00,23.03,72.58,41.23,11.3,3.57,761.0,fused_om_nasa
2022-04-10 13:00:00+00:00,23.03,72.58,40.55,12.1,3.02,637.2,fused_om_nasa
2022-04-10 14:00:00+00:00,23.03,72.58,39.4,12.9,4.45,408.5,fused_om_nasa
2022-04-10 15:00:00+00:00,23.03,72.58,37.8,19.2,4.72,296.2,fused_om_nasa
2022-04-10 16:00:00+00:00,23.03,72.58,36.48,21.6,4.08,175.9,fused_om_nasa
2022-04-10 17:00:00+00:00,23.03,72.58,34.92,21.8,2.91,65.1,fused_om_nasa
2022-04-10 18:00:00+00:00,23.03,72.58,31.97,26.0,2.62,3.5,fused_om_nasa
2022-04-10 19:00:00+00:00,23.03,72.58,30.78,31.2,2.8,0.0,fused_om_nasa
2022-04-10 20:00:00+00:00,23.03,72.58,29.81,38.0,2.54,0.0,fused_om_nasa
2022-04-10 21:00:00+00:00,23.03,72.58,28.88,42.6,2.44,0.0,fused_om_nasa
2022-04-10 22:00:00+00:00,23.03,72.58,28.08,43.2,2.68,0.0,fused_om_nasa
2022-04-10 23:00:00+00:00,23.03,72.58,27.33,35.6,2.86,0.0,fused_om_nasa
2022-04-11 00:00:00+00:00,23.03,72.58,26.66,36.6,3.12,0.0,fused_om_nasa
2022-04-11 01:00:00+00:00,23.03,72.58,26.08,43.0,2.92,0.0,fused_om_nasa
2022-04-11 02:00:00+00:00,23.03,72.58,26.28,47.7,2.76,80.2,fused_om_nasa
2022-04-11 03:00:00+00:00,23.03,72.58,26.9,51.0,2.53,194.9,fused_om_nasa
2022-04-11 04:00:00+00:00,23.03,72.58,27.84,49.6,2.27,267.8,fused_om_nasa
2022-04-11 05:00:00+00:00,23.03,72.58,28.92,46.7,2.17,320.5,fused_om_nasa
2022-04-11 06:00:00+00:00,23.03,72.58,30.59,41.9,2.59,378.4,fused_om_nasa
2022-04-11 07:00:00+00:00,23.03,72.58,32.84,33.9,2.7,485.3,fused_om_nasa
2022-04-11 08:00:00+00:00,23.03,72.58,35.58,24.3,2.8,590.1,fused_om_nasa
2022-04-11 09:00:00+00:00,23.03,72.58,38.44,14.9,3.32,687.8,fused_om_nasa
2022-04-11 10:00:00+00:00,23.03,72.58,40.33,10.8,3.66,747.8,fused_om_nasa
2022-04-11 11:00:00+00:00,23.03,72.58,41.03,10.0,3.9,758.1,fused_om_nasa
2022-04-11 12:00:00+00:00,23.03,72.58,40.75,10.2,3.66,625.1,fused_om_nasa
2022-04-11 13:00:00+00:00,23.03,72.58,40.86,9.7,3.17,526.4,fused_om_nasa
2022-04-11 14:00:00+00:00,23.03,72.58,39.94,10.7,3.5,348.1,fused_om_nasa
2022-04-11 15:00:00+00:00,23.03,72.58,37.91,10.3,3.78,255.5,fused_om_nasa
2022-04-11 16:00:00+00:00,23.03,72.58,37.2,10.1,4.08,148.2,fused_om_nasa
2022-04-11 17:00:00+00:00,23.03,72.58,35.2,19.0,3.44,55.4,fused_om_nasa
2022-04-11 18:00:00+00:00,23.03,72.58,32.32,22.5,2.92,3.2,fused_om_nasa
2022-04-11 19:00:00+00:00,23.03,72.58,31.2,24.9,2.98,0.0,fused_om_nasa
2022-04-11 20:00:00+00:00,23.03,72.58,30.45,27.0,3.26,0.0,fused_om_nasa
2022-04-11 21:00:00+00:00,23.03,72.58,29.46,29.3,3.53,0.0,fused_om_nasa
2022-04-11 22:00:00+00:00,23.03,72.58,28.86,25.9,3.89,0.0,fused_om_nasa
2022-04-11 23:00:00+00:00,23.03,72.58,28.2,21.8,3.54,0.0,fused_om_nasa
2022-04-12 00:00:00+00:00,23.03,72.58,27.3,25.7,2.97,0.0,fused_om_nasa
2022-04-12 01:00:00+00:00,23.03,72.58,26.64,29.3,2.86,0.0,fused_om_nasa
2022-04-12 02:00:00+00:00,23.03,72.58,27.06,33.5,2.72,56.2,fused_om_nasa
2022-04-12 03:00:00+00:00,23.03,72.58,27.77,39.5,2.32,217.8,fused_om_nasa
2022-04-12 04:00:00+00:00,23.03,72.58,28.64,40.4,1.94,291.6,fused_om_nasa
2022-04-12 05:00:00+00:00,23.03,72.58,29.74,39.0,2.29,331.4,fused_om_nasa
2022-04-12 06:00:00+00:00,23.03,72.58,31.22,35.9,3.22,331.4,fused_om_nasa
2022-04-12 07:00:00+00:00,23.03,72.58,33.38,30.0,3.44,419.6,fused_om_nasa
2022-04-12 08:00:00+00:00,23.03,72.58,35.82,22.6,3.26,580.7,fused_om_nasa
2022-04-12 09:00:00+00:00,23.03,72.58,38.08,14.1,3.7,701.5,fused_om_nasa
2022-04-12 10:00:00+00:00,23.03,72.58,39.65,9.4,4.14,747.2,fused_om_nasa
2022-04-12 11:00:00+00:00,23.03,72.58,40.17,8.9,4.15,803.3,fused_om_nasa
2022-04-12 12:00:00+00:00,23.03,72.58,40.32,8.4,3.84,751.9,fused_om_nasa
2022-04-12 13:00:00+00:00,23.03,72.58,39.5,11.1,3.4,606.6,fused_om_nasa
2022-04-12 14:00:00+00:00,23.03,72.58,38.67,9.4,3.49,394.0,fused_om_nasa
2022-04-12 15:00:00+00:00,23.03,72.58,37.04,9.2,3.8,275.5,fused_om_nasa
2022-04-12 16:00:00+00:00,23.03,72.58,36.03,12.8,3.9,162.0,fused_om_nasa
2022-04-12 17:00:00+00:00,23.03,72.58,33.49,17.3,2.96,60.8,fused_om_nasa
2022-04-12 18:00:00+00:00,23.03,72.58,30.65,19.6,2.79,3.3,fused_om_nasa
2022-04-12 19:00:00+00:00,23.03,72.58,29.6,19.2,3.08,0.0,fused_om_nasa
2022-04-12 20:00:00+00:00,23.03,72.58,29.69,15.2,2.99,0.0,fused_om_nasa
2022-04-12 21:00:00+00:00,23.03,72.58,28.72,17.3,3.14,0.0,fused_om_nasa
2022-04-12 22:00:00+00:00,23.03,72.58,27.5,25.1,3.12,0.0,fused_om_nasa
2022-04-12 23:00:00+00:00,23.03,72.58,26.49,36.0,3.01,0.0,fused_om_nasa
2022-04-13 00:00:00+00:00,23.03,72.58,25.88,40.1,2.63,0.0,fused_om_nasa
2022-04-13 01:00:00+00:00,23.03,72.58,25.09,47.7,2.6,0.0,fused_om_nasa
2022-04-13 02:00:00+00:00,23.03,72.58,25.32,52.4,2.91,104.8,fused_om_nasa
2022-04-13 03:00:00+00:00,23.03,72.58,25.82,54.7,2.76,245.7,fused_om_nasa
2022-04-13 04:00:00+00:00,23.03,72.58,26.43,54.6,2.05,327.3,fused_om_nasa
2022-04-13 05:00:00+00:00,23.03,72.58,27.3,53.4,1.96,372.8,fused_om_nasa
2022-04-13 06:00:00+00:00,23.03,72.58,29.08,48.5,2.47,434.3,fused_om_nasa
2022-04-13 07:00:00+00:00,23.03,72.58,31.7,39.7,2.66,556.1,fused_om_nasa
2022-04-13 08:00:00+00:00,23.03,72.58,34.77,28.8,2.96,683.8,fused_om_nasa
2022-04-13 09:00:00+00:00,23.03,72.58,37.75,17.9,3.74,782.9,fused_om_nasa
2022-04-13 10:00:00+00:00,23.03,72.58,40.19,10.9,4.26,845.3,fused_om_nasa
2022-04-13 11:00:00+00:00,23.03,72.58,41.36,7.9,4.29,854.5,fused_om_nasa
2022-04-13 12:00:00+00:00,23.03,72.58,41.32,8.2,4.57,809.0,fused_om_nasa
2022-04-13 13:00:00+00:00,23.03,72.58,40.44,8.8,3.4,657.5,fused_om_nasa
2022-04-13 14:00:00+00:00,23.03,72.58,40.23,8.2,3.11,435.7,fused_om_nasa
2022-04-13 15:00:00+00:00,23.03,72.58,37.8,10.7,3.22,316.0,fused_om_nasa
2022-04-13 16:00:00+00:00,23.03,72.58,37.51,10.9,2.93,191.6,fused_om_nasa
2022-04-13 17:00:00+00:00,23.03,72.58,34.44,13.0,2.74,72.1,fused_om_nasa
2022-04-13 18:00:00+00:00,23.03,72.58,32.09,13.2,3.15,4.3,fused_om_nasa
2022-04-13 19:00:00+00:00,23.03,72.58,30.98,14.3,3.32,0.0,fused_om_nasa
2022-04-13 20:00:00+00:00,23.03,72.58,30.05,15.3,3.5,0.0,fused_om_nasa
2022-04-13 21:00:00+00:00,23.03,72.58,29.19,18.1,3.86,0.0,fused_om_nasa
2022-04-13 22:00:00+00:00,23.03,72.58,28.12,23.7,3.92,0.0,fused_om_nasa
2022-04-13 23:00:00+00:00,23.03,72.58,27.24,31.7,4.18,0.0,fused_om_nasa
2022-04-14 00:00:00+00:00,23.03,72.58,26.06,40.2,3.8,0.0,fused_om_nasa
2022-04-14 01:00:00+00:00,23.03,72.58,25.22,50.2,3.32,0.0,fused_om_nasa
2022-04-14 02:00:00+00:00,23.03,72.58,25.33,57.5,3.24,110.2,fused_om_nasa
2022-04-14 03:00:00+00:00,23.03,72.58,26.04,62.7,3.44,247.8,fused_om_nasa
2022-04-14 04:00:00+00:00,23.03,72.58,27.17,60.8,3.39,329.2,fused_om_nasa
2022-04-14 05:00:00+00:00,23.03,72.58,28.52,56.1,3.28,374.2,fused_om_nasa
2022-04-14 06:00:00+00:00,23.03,72.58,30.31,50.9,3.64,434.7,fused_om_nasa
2022-04-14 07:00:00+00:00,23.03,72.58,32.6,40.6,3.89,542.6,fused_om_nasa
2022-04-14 08:00:00+00:00,23.03,72.58,35.14,29.6,3.92,666.3,fused_om_nasa
2022-04-14 09:00:00+00:00,23.03,72.58,37.7,18.4,4.11,783.2,fused_om_nasa
2022-04-14 10:00:00+00:00,23.03,72.58,39.88,11.5,4.18,845.6,fused_om_nasa
2022-04-14 11:00:00+00:00,23.03,72.58,41.0,9.4,4.0,854.9,fused_om_nasa
2022-04-14 12:00:00+00:00,23.03,72.58,40.98,9.0,3.62,811.2,fused_om_nasa
2022-04-14 13:00:00+00:00,23.03,72.58,39.9,12.6,3.25,660.5,fused_om_nasa
2022-04-14 14:00:00+00:00,23.03,72.58,38.2,11.0,3.39,431.2,fused_om_nasa
2022-04-14 15:00:00+00:00,23.03,72.58,38.08,10.6,3.2,313.2,fused_om_nasa
2022-04-14 16:00:00+00:00,23.03,72.58,36.51,14.3,4.32,190.4,fused_om_nasa
2022-04-14 17:00:00+00:00,23.03,72.58,35.02,18.8,3.64,72.1,fused_om_nasa
2022-04-14 18:00:00+00:00,23.03,72.58,32.03,23.4,2.93,4.4,fused_om_nasa
2022-04-14 19:00:00+00:00,23.03,72.58,30.36,27.1,2.54,0.0,fused_om_nasa
2022-04-14 20:00:00+00:00,23.03,72.58,29.11,30.4,2.74,0.0,fused_om_nasa
2022-04-14 21:00:00+00:00,23.03,72.58,28.26,32.0,2.96,0.0,fused_om_nasa
2022-04-14 22:00:00+00:00,23.03,72.58,27.87,30.5,3.51,0.0,fused_om_nasa
2022-04-14 23:00:00+00:00,23.03,72.58,26.99,34.3,3.65,0.0,fused_om_nasa
2022-04-15 00:00:00+00:00,23.03,72.58,26.12,41.5,3.38,0.0,fused_om_nasa
2022-04-15 01:00:00+00:00,23.03,72.58,25.61,48.2,3.62,0.0,fused_om_nasa
2022-04-15 02:00:00+00:00,23.03,72.58,25.72,58.1,3.24,109.2,fused_om_nasa
2022-04-15 03:00:00+00:00,23.03,72.58,25.83,66.0,2.91,244.5,fused_om_nasa
2022-04-15 04:00:00+00:00,23.03,72.58,26.48,66.7,2.34,317.6,fused_om_nasa
2022-04-15 05:00:00+00:00,23.03,72.58,27.6,63.9,2.3,366.6,fused_om_nasa
2022-04-15 06:00:00+00:00,23.03,72.58,29.53,56.5,2.7,429.5,fused_om_nasa
2022-04-15 07:00:00+00:00,23.03,72.58,32.08,46.2,3.18,543.8,fused_om_nasa
2022-04-15 08:00:00+00:00,23.03,72.58,34.63,34.2,3.62,666.1,fused_om_nasa
2022-04-15 09:00:00+00:00,23.03,72.58,36.96,23.9,3.94,769.0,fused_om_nasa
2022-04-15 10:00:00+00:00,23.03,72.58,39.28,16.2,4.36,830.8,fused_om_nasa
2022-04-15 11:00:00+00:00,23.03,72.58,40.77,12.6,4.38,839.7,fused_om_nasa
2022-04-15 12:00:00+00:00,23.03,72.58,40.92,10.9,4.48,793.4,fused_om_nasa
2022-04-15 13:00:00+00:00,23.03,72.58,40.53,10.8,3.54,645.5,fused_om_nasa
2022-04-15 14:00:00+00:00,23.03,72.58,39.33,11.6,4.21,420.5,fused_om_nasa
2022-04-15 15:00:00+00:00,23.03,72.58,37.41,23.2,5.11,302.6,fused_om_nasa
2022-04-15 16:00:00+00:00,23.03,72.58,36.09,26.1,5.21,182.1,fused_om_nasa
2022-04-15 17:00:00+00:00,23.03,72.58,34.42,31.4,4.4,71.1,fused_om_nasa
2022-04-15 18:00:00+00:00,23.03,72.58,31.52,40.2,3.64,4.3,fused_om_nasa
2022-04-15 19:00:00+00:00,23.03,72.58,30.43,45.2,3.63,0.0,fused_om_nasa
2022-04-15 20:00:00+00:00,23.03,72.58,29.62,49.9,3.22,0.0,fused_om_nasa
2022-04-15 21:00:00+00:00,23.03,72.58,28.57,55.8,3.82,0.0,fused_om_nasa
2022-04-15 22:00:00+00:00,23.03,72.58,27.88,57.6,2.88,0.0,fused_om_nasa
2022-04-15 23:00:00+00:00,23.03,72.58,26.48,68.7,2.76,0.0,fused_om_nasa
2022-04-16 00:00:00+00:00,23.03,72.58,25.99,67.0,2.76,0.0,fused_om_nasa
2022-04-16 01:00:00+00:00,23.03,72.58,26.06,60.0,3.32,0.0,fused_om_nasa
2022-04-16 02:00:00+00:00,23.03,72.58,26.64,60.9,3.42,108.1,fused_om_nasa
2022-04-16 03:00:00+00:00,23.03,72.58,27.13,63.2,3.17,242.6,fused_om_nasa
2022-04-16 04:00:00+00:00,23.03,72.58,27.92,61.7,2.74,323.8,fused_om_nasa
2022-04-16 05:00:00+00:00,23.03,72.58,28.92,58.8,2.54,370.1,fused_om_nasa
2022-04-16 06:00:00+00:00,23.03,72.58,30.6,53.1,3.02,433.0,fused_om_nasa
2022-04-16 07:00:00+00:00,23.03,72.58,33.03,43.3,3.27,541.2,fused_om_nasa
2022-04-16 08:00:00+00:00,23.03,72.58,35.47,32.0,3.55,659.2,fused_om_nasa
2022-04-16 09:00:00+00:00,23.03,72.58,37.6,23.4,3.83,770.8,fused_om_nasa
2022-04-16 10:00:00+00:00,23.03,72.58,39.53,16.6,4.19,831.5,fused_om_nasa
2022-04-16 11:00:00+00:00,23.03,72.58,41.02,11.8,4.52,840.5,fused_om_nasa
2022-04-16 12:00:00+00:00,23.03,72.58,41.24,10.9,4.01,795.5,fused_om_nasa
2022-04-16 13:00:00+00:00,23.03,72.58,40.22,12.8,3.5,648.1,fused_om_nasa
2022-04-16 14:00:00+00:00,23.03,72.58,39.65,11.1,3.16,422.9,fused_om_nasa
2022-04-16 15:00:00+00:00,23.03,72.58,38.32,14.3,4.9,307.6,fused_om_nasa
2022-04-16 16:00:00+00:00,23.03,72.58,36.7,20.8,4.61,187.4,fused_om_nasa
2022-04-16 17:00:00+00:00,23.03,72.58,35.22,22.3,3.84,73.8,fused_om_nasa
2022-04-16 18:00:00+00:00,23.03,72.58,32.14,28.2,3.11,4.6,fused_om_nasa
2022-04-16 19:00:00+00:00,23.03,72.58,30.82,34.2,3.02,0.0,fused_om_nasa
2022-04-16 20:00:00+00:00,23.03,72.58,30.19,36.1,4.04,0.0,fused_om_nasa
2022-04-16 21:00:00+00:00,23.03,72.58,29.43,28.6,4.22,0.0,fused_om_nasa
2022-04-16 22:00:00+00:00,23.03,72.58,28.18,30.9,3.6,0.0,fused_om_nasa
2022-04-16 23:00:00+00:00,23.03,72.58,26.87,36.8,3.04,0.0,fused_om_nasa
2022-04-17 00:00:00+00:00,23.03,72.58,25.83,48.0,2.68,0.0,fused_om_nasa
2022-04-17 01:00:00+00:00,23.03,72.58,25.22,56.1,2.33,0.0,fused_om_nasa
2022-04-17 02:00:00+00:00,23.03,72.58,25.64,59.7,2.06,113.4,fused_om_nasa
2022-04-17 03:00:00+00:00,23.03,72.58,26.3,61.4,1.93,244.8,fused_om_nasa
2022-04-17 04:00:00+00:00,23.03,72.58,27.26,59.4,1.66,324.1,fused_om_nasa
2022-04-17 05:00:00+00:00,23.03,72.58,28.47,55.3,1.8,367.8,fused_om_nasa
2022-04-17 06:00:00+00:00,23.03,72.58,30.47,49.0,2.42,427.4,fused_om_nasa
2022-04-17 07:00:00+00:00,23.03,72.58,32.92,41.3,3.0,531.5,fused_om_nasa
2022-04-17 08:00:00+00:00,23.03,72.58,35.3,32.8,3.38,652.6,fused_om_nasa
2022-04-17 09:00:00+00:00,23.03,72.58,37.5,23.7,3.7,770.2,fused_om_nasa
2022-04-17 10:00:00+00:00,23.03,72.58,39.74,15.6,3.96,829.2,fused_om_nasa
2022-04-17 11:00:00+00:00,23.03,72.58,41.14,11.3,3.88,837.0,fused_om_nasa
2022-04-17 12:00:00+00:00,23.03,72.58,41.52,10.2,3.35,792.9,fused_om_nasa
2022-04-17 13:00:00+00:00,23.03,72.58,40.6,12.0,3.0,641.2,fused_om_nasa
2022-04-17 14:00:00+00:00,23.03,72.58,39.11,12.1,3.89,420.5,fused_om_nasa
2022-04-17 15:00:00+00:00,23.03,72.58,37.12,22.9,4.0,306.8,fused_om_nasa
2022-04-17 16:00:00+00:00,23.03,72.58,35.96,27.8,4.52,188.0,fused_om_nasa
2022-04-17 17:00:00+00:00,23.03,72.58,34.48,31.6,3.5,72.9,fused_om_nasa
2022-04-17 18:00:00+00:00,23.03,72.58,31.67,38.5,3.02,4.7,fused_om_nasa
2022-04-17 19:00:00+00:00,23.03,72.58,30.39,39.9,2.72,0.0,fused_om_nasa
2022-04-17 20:00:00+00:00,23.03,72.58,29.34,36.6,2.92,0.0,fused_om_nasa
2022-04-17 21:00:00+00:00,23.03,72.58,28.82,29.3,3.52,0.0,fused_om_nasa
2022-04-17 22:00:00+00:00,23.03,72.58,28.24,27.9,4.21,0.0,fused_om_nasa
2022-04-17 23:00:00+00:00,23.03,72.58,27.15,38.3,3.93,0.0,fused_om_nasa
2022-04-18 00:00:00+00:00,23.03,72.58,26.23,50.5,3.09,0.0,fused_om_nasa
2022-04-18 01:00:00+00:00,23.03,72.58,25.4,59.8,2.53,0.0,fused_om_nasa
2022-04-18 02:00:00+00:00,23.03,72.58,25.48,63.9,2.12,112.4,fused_om_nasa
2022-04-18 03:00:00+00:00,23.03,72.58,25.96,64.9,1.94,241.6,fused_om_nasa
2022-04-18 04:00:00+00:00,23.03,72.58,26.78,64.0,1.8,320.2,fused_om_nasa
2022-04-18 05:00:00+00:00,23.03,72.58,27.79,61.9,1.84,364.8,fused_om_nasa
2022-04-18 06:00:00+00:00,23.03,72.58,29.78,55.4,1.98,426.5,fused_om_nasa
2022-04-18 07:00:00+00:00,23.03,72.58,32.46,45.2,2.38,532.8,fused_om_nasa
2022-04-18 08:00:00+00:00,23.03,72.58,35.24,33.4,2.45,655.5,fused_om_nasa
2022-04-18 09:00:00+00:00,23.03,72.58,37.86,22.8,2.9,772.3,fused_om_nasa
2022-04-18 10:00:00+00:00,23.03,72.58,40.18,14.6,3.42,830.8,fused_om_nasa
2022-04-18 11:00:00+00:00,23.03,72.58,41.51,11.4,3.68,838.9,fused_om_nasa
2022-04-18 12:00:00+00:00,23.03,72.58,41.39,11.4,3.72,780.8,fused_om_nasa
2022-04-18 13:00:00+00:00,23.03,72.58,40.84,11.8,2.9,633.0,fused_om_nasa
2022-04-18 14:00:00+00:00,23.03,72.58,38.74,14.0,3.34,419.5,fused_om_nasa
2022-04-18 15:00:00+00:00,23.03,72.58,39.44,12.4,2.45,306.0,fused_om_nasa
2022-04-18 16:00:00+00:00,23.03,72.58,36.62,15.4,3.4,187.4,fused_om_nasa
2022-04-18 17:00:00+00:00,23.03,72.58,35.48,19.3,3.54,72.7,fused_om_nasa
2022-04-18 18:00:00+00:00,23.03,72.58,32.25,25.0,3.04,4.8,fused_om_nasa
2022-04-18 19:00:00+00:00,23.03,72.58,30.85,27.1,2.93,0.0,fused_om_nasa
2022-04-18 20:00:00+00:00,23.03,72.58,29.79,24.0,2.92,0.0,fused_om_nasa
2022-04-18 21:00:00+00:00,23.03,72.58,29.04,19.0,3.33,0.0,fused_om_nasa
2022-04-18 22:00:00+00:00,23.03,72.58,28.42,24.8,4.0,0.0,fused_om_nasa
2022-04-18 23:00:00+00:00,23.03,72.58,27.2,35.4,3.8,0.0,fused_om_nasa
2022-04-19 00:00:00+00:00,23.03,72.58,26.42,45.3,3.54,0.0,fused_om_nasa
2022-04-19 01:00:00+00:00,23.03,72.58,25.85,52.3,3.22,0.0,fused_om_nasa
2022-04-19 02:00:00+00:00,23.03,72.58,26.05,55.7,3.3,111.4,fused_om_nasa
2022-04-19 03:00:00+00:00,23.03,72.58,26.58,56.6,3.12,237.3,fused_om_nasa
2022-04-19 04:00:00+00:00,23.03,72.58,27.56,53.8,3.21,317.2,fused_om_nasa
2022-04-19 05:00:00+00:00,23.03,72.58,28.68,50.3,3.28,361.8,fused_om_nasa
2022-04-19 06:00:00+00:00,23.03,72.58,30.46,44.9,3.7,433.6,fused_om_nasa
2022-04-19 07:00:00+00:00,23.03,72.58,32.93,35.9,3.54,551.0,fused_om_nasa
2022-04-19 08:00:00+00:00,23.03,72.58,35.7,26.3,3.39,672.1,fused_om_nasa
2022-04-19 09:00:00+00:00,23.03,72.58,38.66,16.2,3.88,765.6,fused_om_nasa
2022-04-19 10:00:00+00:00,23.03,72.58,40.58,11.4,4.3,808.7,fused_om_nasa
2022-04-19 11:00:00+00:00,23.03,72.58,41.22,10.0,4.46,815.7,fused_om_nasa
2022-04-19 12:00:00+00:00,23.03,72.58,41.08,9.6,4.05,776.9,fused_om_nasa
2022-04-19 13:00:00+00:00,23.03,72.58,40.41,10.0,3.65,583.6,fused_om_nasa
2022-04-19 14:00:00+00:00,23.03,72.58,38.81,11.6,3.47,421.6,fused_om_nasa
2022-04-19 15:00:00+00:00,23.03,72.58,37.59,12.1,3.39,318.8,fused_om_nasa
2022-04-19 16:00:00+00:00,23.03,72.58,36.11,13.8,3.34,198.7,fused_om_nasa
2022-04-19 17:00:00+00:00,23.03,72.58,35.42,13.6,2.53,77.0,fused_om_nasa
2022-04-19 18:00:00+00:00,23.03,72.58,32.67,15.8,2.92,4.4,fused_om_nasa
2022-04-19 19:00:00+00:00,23.03,72.58,31.71,18.8,3.04,0.0,fused_om_nasa
2022-04-19 20:00:00+00:00,23.03,72.58,31.25,18.2,3.1,0.0,fused_om_nasa
2022-04-19 21:00:00+00:00,23.03,72.58,30.54,20.1,3.0,0.0,fused_om_nasa
2022-04-19 22:00:00+00:00,23.03,72.58,29.56,24.6,3.1,0.0,fused_om_nasa
2022-04-19 23:00:00+00:00,23.03,72.58,28.78,33.5,3.58,0.0,fused_om_nasa
2022-04-20 00:00:00+00:00,23.03,72.58,28.34,43.6,3.69,0.0,fused_om_nasa
2022-04-20 01:00:00+00:00,23.03,72.58,28.1,46.2,4.15,0.0,fused_om_nasa
2022-04-20 02:00:00+00:00,23.03,72.58,28.58,46.0,4.62,67.4,fused_om_nasa
2022-04-20 03:00:00+00:00,23.03,72.58,29.21,46.9,4.99,199.8,fused_om_nasa
2022-04-20 04:00:00+00:00,23.03,72.58,30.2,45.5,4.88,299.2,fused_om_nasa
2022-04-20 05:00:00+00:00,23.03,72.58,31.46,42.1,4.69,360.9,fused_om_nasa
2022-04-20 06:00:00+00:00,23.03,72.58,32.88,37.5,4.7,421.4,fused_om_nasa
2022-04-20 07:00:00+00:00,23.03,72.58,34.57,32.8,4.57,522.8,fused_om_nasa
2022-04-20 08:00:00+00:00,23.03,72.58,36.3,27.0,4.38,615.1,fused_om_nasa
2022-04-20 09:00:00+00:00,23.03,72.58,37.58,21.8,4.44,545.4,fused_om_nasa
2022-04-20 10:00:00+00:00,23.03,72.58,38.69,17.8,4.51,546.4,fused_om_nasa
2022-04-20 11:00:00+00:00,23.03,72.58,39.5,16.6,4.76,594.4,fused_om_nasa
2022-04-20 12:00:00+00:00,23.03,72.58,39.26,16.4,4.7,476.4,fused_om_nasa
2022-04-20 13:00:00+00:00,23.03,72.58,38.82,17.1,5.06,472.3,fused_om_nasa
2022-04-20 14:00:00+00:00,23.03,72.58,37.24,20.5,5.62,262.3,fused_om_nasa
2022-04-20 15:00:00+00:00,23.03,72.58,36.5,18.3,5.86,137.0,fused_om_nasa
2022-04-20 16:00:00+00:00,23.03,72.58,35.61,19.5,5.88,78.2,fused_om_nasa
2022-04-20 17:00:00+00:00,23.03,72.58,34.6,22.6,5.2,28.4,fused_om_nasa
2022-04-20 18:00:00+00:00,23.03,72.58,32.8,25.9,4.67,1.4,fused_om_nasa
2022-04-20 19:00:00+00:00,23.03,72.58,32.93,24.5,3.62,0.0,fused_om_nasa
2022-04-20 20:00:00+00:00,23.03,72.58,31.22,32.4,3.62,0.0,fused_om_nasa
2022-04-20 21:00:00+00:00,23.03,72.58,30.92,34.4,2.94,0.0,fused_om_nasa
2022-04-20 22:00:00+00:00,23.03,72.58,30.49,35.3,2.55,0.0,fused_om_nasa
2022-04-20 23:00:00+00:00,23.03,72.58,29.86,36.8,2.84,0.0,fused_om_nasa
2022-04-21 00:00:00+00:00,23.03,72.58,30.1,34.8,4.53,0.0,fused_om_nasa
2022-04-21 01:00:00+00:00,23.03,72.58,29.48,37.2,4.45,0.0,fused_om_nasa
2022-04-21 02:00:00+00:00,23.03,72.58,29.66,37.4,3.72,30.4,fused_om_nasa
2022-04-21 03:00:00+00:00,23.03,72.58,30.11,36.4,3.87,68.7,fused_om_nasa
2022-04-21 04:00:00+00:00,23.03,72.58,30.88,35.8,3.2,151.6,fused_om_nasa
2022-04-21 05:00:00+00:00,23.03,72.58,32.56,31.3,3.71,322.4,fused_om_nasa
2022-04-21 06:00:00+00:00,23.03,72.58,33.94,26.8,3.6,413.0,fused_om_nasa
2022-04-21 07:00:00+00:00,23.03,72.58,35.75,21.9,3.22,510.6,fused_om_nasa
2022-04-21 08:00:00+00:00,23.03,72.58,38.08,17.4,3.63,634.3,fused_om_nasa
2022-04-21 09:00:00+00:00,23.03,72.58,39.85,15.2,4.12,708.5,fused_om_nasa
2022-04-21 10:00:00+00:00,23.03,72.58,40.67,14.2,4.07,765.1,fused_om_nasa
2022-04-21 11:00:00+00:00,23.03,72.58,41.04,13.2,3.42,772.3,fused_om_nasa
2022-04-21 12:00:00+00:00,23.03,72.58,41.21,11.4,3.8,736.8,fused_om_nasa
2022-04-21 13:00:00+00:00,23.03,72.58,40.7,11.3,2.84,612.3,fused_om_nasa
2022-04-21 14:00:00+00:00,23.03,72.58,38.38,13.4,3.24,418.5,fused_om_nasa
2022-04-21 15:00:00+00:00,23.03,72.58,37.84,13.3,3.1,309.8,fused_om_nasa
2022-04-21 16:00:00+00:00,23.03,72.58,37.2,13.4,3.13,186.4,fused_om_nasa
2022-04-21 17:00:00+00:00,23.03,72.58,35.52,14.7,2.76,69.3,fused_om_nasa
2022-04-21 18:00:00+00:00,23.03,72.58,33.38,16.1,2.94,4.8,fused_om_nasa
2022-04-21 19:00:00+00:00,23.03,72.58,31.91,17.2,2.64,0.0,fused_om_nasa
2022-04-21 20:00:00+00:00,23.03,72.58,30.12,19.6,2.64,0.0,fused_om_nasa
2022-04-21 21:00:00+00:00,23.03,72.58,29.62,20.3,2.59,0.0,fused_om_nasa
2022-04-21 22:00:00+00:00,23.03,72.58,28.86,24.3,2.66,0.0,fused_om_nasa
2022-04-21 23:00:00+00:00,23.03,72.58,28.06,30.8,2.92,0.0,fused_om_nasa
2022-04-22 00:00:00+00:00,23.03,72.58,28.2,43.3,3.28,0.0,fused_om_nasa
2022-04-22 01:00:00+00:00,23.03,72.58,27.92,45.0,3.38,0.0,fused_om_nasa
2022-04-22 02:00:00+00:00,23.03,72.58,28.49,40.1,3.47,116.5,fused_om_nasa
2022-04-22 03:00:00+00:00,23.03,72.58,29.48,36.2,3.78,240.0,fused_om_nasa
2022-04-22 04:00:00+00:00,23.03,72.58,30.54,34.9,3.93,318.6,fused_om_nasa
2022-04-22 05:00:00+00:00,23.03,72.58,31.66,31.5,4.16,363.0,fused_om_nasa
2022-04-22 06:00:00+00:00,23.03,72.58,33.26,27.8,4.63,432.2,fused_om_nasa
2022-04-22 07:00:00+00:00,23.03,72.58,35.31,22.3,4.5,543.3,fused_om_nasa
2022-04-22 08:00:00+00:00,23.03,72.58,37.52,17.5,4.67,661.8,fused_om_nasa
2022-04-22 09:00:00+00:00,23.03,72.58,39.35,14.2,4.38,764.2,fused_om_nasa
2022-04-22 10:00:00+00:00,23.03,72.58,40.44,12.7,3.97,827.0,fused_om_nasa
2022-04-22 11:00:00+00:00,23.03,72.58,40.86,12.4,4.09,828.0,fused_om_nasa
2022-04-22 12:00:00+00:00,23.03,72.58,40.96,11.4,2.99,783.2,fused_om_nasa
2022-04-22 13:00:00+00:00,23.03,72.58,39.82,14.2,2.8,643.0,fused_om_nasa
2022-04-22 14:00:00+00:00,23.03,72.58,38.54,12.5,3.17,432.0,fused_om_nasa
2022-04-22 15:00:00+00:00,23.03,72.58,37.16,13.5,3.63,322.6,fused_om_nasa
2022-04-22 16:00:00+00:00,23.03,72.58,37.06,13.7,3.56,197.2,fused_om_nasa
2022-04-22 17:00:00+00:00,23.03,72.58,34.88,15.1,3.16,80.1,fused_om_nasa
2022-04-22 18:00:00+00:00,23.03,72.58,32.42,17.1,2.42,5.3,fused_om_nasa
2022-04-22 19:00:00+00:00,23.03,72.58,30.83,17.4,2.84,0.0,fused_om_nasa
2022-04-22 20:00:00+00:00,23.03,72.58,30.54,18.2,2.57,0.0,fused_om_nasa
2022-04-22 21:00:00+00:00,23.03,72.58,30.18,20.1,2.6,0.0,fused_om_nasa
2022-04-22 22:00:00+00:00,23.03,72.58,29.2,23.5,2.42,0.0,fused_om_nasa
2022-04-22 23:00:00+00:00,23.03,72.58,28.48,26.6,2.8,0.0,fused_om_nasa
2022-04-23 00:00:00+00:00,23.03,72.58,28.34,31.0,3.0,0.0,fused_om_nasa
2022-04-23 01:00:00+00:00,23.03,72.58,27.68,31.8,2.9,0.0,fused_om_nasa
2022-04-23 02:00:00+00:00,23.03,72.58,28.44,30.6,3.35,117.4,fused_om_nasa
2022-04-23 03:00:00+00:00,23.03,72.58,29.76,29.3,3.46,239.8,fused_om_nasa
2022-04-23 04:00:00+00:00,23.03,72.58,30.7,29.3,3.34,315.8,fused_om_nasa
2022-04-23 05:00:00+00:00,23.03,72.58,31.72,27.6,3.38,359.5,fused_om_nasa
2022-04-23 06:00:00+00:00,23.03,72.58,33.2,24.6,3.87,421.6,fused_om_nasa
2022-04-23 07:00:00+00:00,23.03,72.58,35.03,20.9,3.61,519.9,fused_om_nasa
2022-04-23 08:00:00+00:00,23.03,72.58,37.6,16.8,3.72,649.0,fused_om_nasa
2022-04-23 09:00:00+00:00,23.03,72.58,39.7,14.3,3.57,771.9,fused_om_nasa
2022-04-23 10:00:00+00:00,23.03,72.58,40.78,13.0,3.8,828.8,fused_om_nasa
2022-04-23 11:00:00+00:00,23.03,72.58,41.42,12.1,4.29,832.0,fused_om_nasa
2022-04-23 12:00:00+00:00,23.03,72.58,41.53,11.4,4.38,782.4,fused_om_nasa
2022-04-23 13:00:00+00:00,23.03,72.58,40.82,11.8,4.22,639.5,fused_om_nasa
2022-04-23 14:00:00+00:00,23.03,72.58,38.52,13.5,4.18,426.0,fused_om_nasa
2022-04-23 15:00:00+00:00,23.03,72.58,37.08,14.8,4.23,314.1,fused_om_nasa
2022-04-23 16:00:00+00:00,23.03,72.58,36.51,14.8,3.84,194.0,fused_om_nasa
2022-04-23 17:00:00+00:00,23.03,72.58,35.75,14.5,3.59,75.0,fused_om_nasa
2022-04-23 18:00:00+00:00,23.03,72.58,32.88,16.6,2.45,5.1,fused_om_nasa
2022-04-23 19:00:00+00:00,23.03,72.58,31.51,18.2,2.66,0.0,fused_om_nasa
2022-04-23 20:00:00+00:00,23.03,72.58,30.58,20.5,2.58,0.0,fused_om_nasa
2022-04-23 21:00:00+00:00,23.03,72.58,29.76,22.4,2.76,0.0,fused_om_nasa
2022-04-23 22:00:00+00:00,23.03,72.58,29.24,23.3,3.09,0.0,fused_om_nasa
2022-04-23 23:00:00+00:00,23.03,72.58,28.64,25.3,3.56,0.0,fused_om_nasa
2022-04-24 00:00:00+00:00,23.03,72.58,28.27,29.2,3.92,0.0,fused_om_nasa
2022-04-24 01:00:00+00:00,23.03,72.58,27.74,30.9,4.05,0.0,fused_om_nasa
2022-04-24 02:00:00+00:00,23.03,72.58,28.22,30.9,4.35,121.3,fused_om_nasa
2022-04-24 03:00:00+00:00,23.03,72.58,29.14,33.0,4.3,242.0,fused_om_nasa
2022-04-24 04:00:00+00:00,23.03,72.58,30.14,35.1,4.09,317.9,fused_om_nasa
2022-04-24 05:00:00+00:00,23.03,72.58,31.32,34.6,4.09,361.9,fused_om_nasa
2022-04-24 06:00:00+00:00,23.03,72.58,32.93,32.2,4.22,435.2,fused_om_nasa
2022-04-24 07:00:00+00:00,23.03,72.58,35.12,26.9,4.16,547.8,fused_om_nasa
2022-04-24 08:00:00+00:00,23.03,72.58,37.5,20.7,4.42,674.8,fused_om_nasa
2022-04-24 09:00:00+00:00,23.03,72.58,39.99,13.6,4.66,782.7,fused_om_nasa
2022-04-24 10:00:00+00:00,23.03,72.58,41.28,11.4,4.62,840.0,fused_om_nasa
2022-04-24 11:00:00+00:00,23.03,72.58,41.78,10.4,4.64,842.8,fused_om_nasa
2022-04-24 12:00:00+00:00,23.03,72.58,41.69,9.7,3.73,793.0,fused_om_nasa
2022-04-24 13:00:00+00:00,23.03,72.58,40.75,10.8,3.21,653.9,fused_om_nasa
2022-04-24 14:00:00+00:00,23.03,72.58,40.58,9.9,3.21,441.5,fused_om_nasa
2022-04-24 15:00:00+00:00,23.03,72.58,37.92,11.7,4.22,324.5,fused_om_nasa
2022-04-24 16:00:00+00:00,23.03,72.58,37.32,11.7,4.29,203.3,fused_om_nasa
2022-04-24 17:00:00+00:00,23.03,72.58,35.03,14.3,4.24,81.3,fused_om_nasa
2022-04-24 18:00:00+00:00,23.03,72.58,32.59,13.7,3.05,5.8,fused_om_nasa
2022-04-24 19:00:00+00:00,23.03,72.58,30.91,16.8,3.5,0.0,fused_om_nasa
2022-04-24 20:00:00+00:00,23.03,72.58,30.16,18.5,3.72,0.0,fused_om_nasa
2022-04-24 21:00:00+00:00,23.03,72.58,30.18,19.4,4.16,0.0,fused_om_nasa
2022-04-24 22:00:00+00:00,23.03,72.58,29.78,25.6,5.18,0.0,fused_om_nasa
2022-04-24 23:00:00+00:00,23.03,72.58,29.12,30.9,5.24,0.0,fused_om_nasa
2022-04-25 00:00:00+00:00,23.03,72.58,28.32,35.4,5.04,0.0,fused_om_nasa
2022-04-25 01:00:00+00:00,23.03,72.58,27.61,37.2,4.32,0.0,fused_om_nasa
2022-04-25 02:00:00+00:00,23.03,72.58,27.87,37.8,3.9,122.2,fused_om_nasa
2022-04-25 03:00:00+00:00,23.03,72.58,28.42,37.7,3.93,244.2,fused_om_nasa
2022-04-25 04:00:00+00:00,23.03,72.58,29.1,37.7,3.64,321.0,fused_om_nasa
2022-04-25 05:00:00+00:00,23.03,72.58,30.06,37.2,3.53,365.6,fused_om_nasa
2022-04-25 06:00:00+00:00,23.03,72.58,31.64,34.0,4.05,437.3,fused_om_nasa
2022-04-25 07:00:00+00:00,23.03,72.58,33.84,28.8,3.84,537.5,fused_om_nasa
2022-04-25 08:00:00+00:00,23.03,72.58,36.56,22.3,4.31,645.3,fused_om_nasa
2022-04-25 09:00:00+00:00,23.03,72.58,39.27,13.6,4.89,739.0,fused_om_nasa
2022-04-25 10:00:00+00:00,23.03,72.58,40.74,10.0,5.26,804.9,fused_om_nasa
2022-04-25 11:00:00+00:00,23.03,72.58,41.19,9.7,5.41,818.2,fused_om_nasa
2022-04-25 12:00:00+00:00,23.03,72.58,41.43,9.8,5.14,791.3,fused_om_nasa
2022-04-25 13:00:00+00:00,23.03,72.58,41.14,9.6,4.46,660.4,fused_om_nasa
2022-04-25 14:00:00+00:00,23.03,72.58,39.73,10.0,4.35,442.8,fused_om_nasa
2022-04-25 15:00:00+00:00,23.03,72.58,39.26,10.0,5.01,326.2,fused_om_nasa
2022-04-25 16:00:00+00:00,23.03,72.58,37.86,11.1,4.64,203.5,fused_om_nasa
2022-04-25 17:00:00+00:00,23.03,72.58,36.82,11.3,4.85,81.8,fused_om_nasa
2022-04-25 18:00:00+00:00,23.03,72.58,33.85,15.4,3.64,6.1,fused_om_nasa
2022-04-25 19:00:00+00:00,23.03,72.58,31.86,17.9,3.64,0.0,fused_om_nasa
2022-04-25 20:00:00+00:00,23.03,72.58,31.0,17.3,3.9,0.0,fused_om_nasa
2022-04-25 21:00:00+00:00,23.03,72.58,30.13,18.2,3.87,0.0,fused_om_nasa
2022-04-25 22:00:00+00:00,23.03,72.58,29.1,23.1,3.92,0.0,fused_om_nasa
2022-04-25 23:00:00+00:00,23.03,72.58,27.92,31.1,3.47,0.0,fused_om_nasa
2022-04-26 00:00:00+00:00,23.03,72.58,26.98,40.7,3.43,0.0,fused_om_nasa
2022-04-26 01:00:00+00:00,23.03,72.58,26.45,46.4,3.37,0.0,fused_om_nasa
2022-04-26 02:00:00+00:00,23.03,72.58,26.96,48.2,3.3,123.2,fused_om_nasa
2022-04-26 03:00:00+00:00,23.03,72.58,27.96,45.8,3.42,246.5,fused_om_nasa
2022-04-26 04:00:00+00:00,23.03,72.58,28.99,44.1,3.5,323.2,fused_om_nasa
2022-04-26 05:00:00+00:00,23.03,72.58,30.04,43.4,3.44,366.1,fused_om_nasa
2022-04-26 06:00:00+00:00,23.03,72.58,31.84,39.2,4.07,430.8,fused_om_nasa
2022-04-26 07:00:00+00:00,23.03,72.58,34.17,32.7,3.7,522.0,fused_om_nasa
2022-04-26 08:00:00+00:00,23.03,72.58,36.7,24.7,3.44,624.4,fused_om_nasa
2022-04-26 09:00:00+00:00,23.03,72.58,39.4,16.0,3.32,714.3,fused_om_nasa
2022-04-26 10:00:00+00:00,23.03,72.58,40.9,12.3,3.28,777.2,fused_om_nasa
2022-04-26 11:00:00+00:00,23.03,72.58,41.59,10.9,3.44,795.7,fused_om_nasa
2022-04-26 12:00:00+00:00,23.03,72.58,41.52,10.6,3.43,770.4,fused_om_nasa
2022-04-26 13:00:00+00:00,23.03,72.58,40.95,10.7,2.83,651.8,fused_om_nasa
2022-04-26 14:00:00+00:00,23.03,72.58,39.18,11.9,2.75,431.4,fused_om_nasa
2022-04-26 15:00:00+00:00,23.03,72.58,38.7,12.3,2.88,318.4,fused_om_nasa
2022-04-26 16:00:00+00:00,23.03,72.58,37.87,12.9,2.87,199.3,fused_om_nasa
2022-04-26 17:00:00+00:00,23.03,72.58,36.76,13.7,2.72,81.1,fused_om_nasa
2022-04-26 18:00:00+00:00,23.03,72.58,34.71,14.4,2.36,6.3,fused_om_nasa
2022-04-26 19:00:00+00:00,23.03,72.58,33.54,15.5,3.44,0.0,fused_om_nasa
2022-04-26 20:00:00+00:00,23.03,72.58,31.63,20.6,3.42,0.0,fused_om_nasa
2022-04-26 21:00:00+00:00,23.03,72.58,30.43,24.8,3.64,0.0,fused_om_nasa
2022-04-26 22:00:00+00:00,23.03,72.58,29.53,28.6,3.4,0.0,fused_om_nasa
2022-04-26 23:00:00+00:00,23.03,72.58,28.7,35.1,3.66,0.0,fused_om_nasa
2022-04-27 00:00:00+00:00,23.03,72.58,28.04,44.9,3.89,0.0,fused_om_nasa
2022-04-27 01:00:00+00:00,23.03,72.58,27.72,49.8,3.66,0.0,fused_om_nasa
2022-04-27 02:00:00+00:00,23.03,72.58,28.2,50.6,3.38,118.6,fused_om_nasa
2022-04-27 03:00:00+00:00,23.03,72.58,28.98,48.0,3.6,239.0,fused_om_nasa
2022-04-27 04:00:00+00:00,23.03,72.58,29.92,46.0,3.61,314.0,fused_om_nasa
2022-04-27 05:00:00+00:00,23.03,72.58,31.09,44.0,3.54,358.3,fused_om_nasa
2022-04-27 06:00:00+00:00,23.03,72.58,32.82,40.1,4.09,443.1,fused_om_nasa
2022-04-27 07:00:00+00:00,23.03,72.58,35.2,33.4,3.84,564.3,fused_om_nasa
2022-04-27 08:00:00+00:00,23.03,72.58,37.68,25.4,3.45,684.9,fused_om_nasa
2022-04-27 09:00:00+00:00,23.03,72.58,40.33,16.1,3.34,781.1,fused_om_nasa
2022-04-27 10:00:00+00:00,23.03,72.58,42.14,11.8,2.96,837.8,fused_om_nasa
2022-04-27 11:00:00+00:00,23.03,72.58,42.99,10.3,2.74,843.0,fused_om_nasa
2022-04-27 12:00:00+00:00,23.03,72.58,42.96,9.2,2.24,789.0,fused_om_nasa
2022-04-27 13:00:00+00:00,23.03,72.58,42.04,11.7,2.24,651.1,fused_om_nasa
2022-04-27 14:00:00+00:00,23.03,72.58,41.12,9.4,2.39,434.8,fused_om_nasa
2022-04-27 15:00:00+00:00,23.03,72.58,39.28,10.2,2.58,315.2,fused_om_nasa
2022-04-27 16:00:00+00:00,23.03,72.58,38.66,10.2,2.42,197.3,fused_om_nasa
2022-04-27 17:00:00+00:00,23.03,72.58,37.56,10.9,2.18,81.6,fused_om_nasa
2022-04-27 18:00:00+00:00,23.03,72.58,35.34,11.8,2.62,6.3,fused_om_nasa
2022-04-27 19:00:00+00:00,23.03,72.58,33.78,14.3,2.78,0.0,fused_om_nasa
2022-04-27 20:00:00+00:00,23.03,72.58,32.21,17.1,3.02,0.0,fused_om_nasa
2022-04-27 21:00:00+00:00,23.03,72.58,31.22,19.1,3.18,0.0,fused_om_nasa
2022-04-27 22:00:00+00:00,23.03,72.58,30.08,23.1,3.23,0.0,fused_om_nasa
2022-04-27 23:00:00+00:00,23.03,72.58,29.16,29.5,3.12,0.0,fused_om_nasa
2022-04-28 00:00:00+00:00,23.03,72.58,28.38,34.2,2.95,0.0,fused_om_nasa
2022-04-28 01:00:00+00:00,23.03,72.58,28.16,38.0,3.22,0.0,fused_om_nasa
2022-04-28 02:00:00+00:00,23.03,72.58,28.7,39.6,3.16,119.6,fused_om_nasa
2022-04-28 03:00:00+00:00,23.03,72.58,29.6,42.4,3.47,241.4,fused_om_nasa
2022-04-28 04:00:00+00:00,23.03,72.58,30.59,46.8,3.63,315.4,fused_om_nasa
2022-04-28 05:00:00+00:00,23.03,72.58,31.66,48.4,3.92,358.9,fused_om_nasa
2022-04-28 06:00:00+00:00,23.03,72.58,33.25,44.7,4.26,446.4,fused_om_nasa
2022-04-28 07:00:00+00:00,23.03,72.58,35.65,34.9,4.0,568.2,fused_om_nasa
2022-04-28 08:00:00+00:00,23.03,72.58,38.27,25.7,3.85,686.3,fused_om_nasa
2022-04-28 09:00:00+00:00,23.03,72.58,40.74,16.9,3.94,780.8,fused_om_nasa
2022-04-28 10:00:00+00:00,23.03,72.58,42.72,12.5,3.84,837.6,fused_om_nasa
2022-04-28 11:00:00+00:00,23.03,72.58,43.56,10.8,3.73,844.2,fused_om_nasa
2022-04-28 12:00:00+00:00,23.03,72.58,43.47,10.1,3.32,787.9,fused_om_nasa
2022-04-28 13:00:00+00:00,23.03,72.58,42.96,10.8,3.32,641.3,fused_om_nasa
2022-04-28 14:00:00+00:00,23.03,72.58,41.63,11.6,3.09,432.4,fused_om_nasa
2022-04-28 15:00:00+00:00,23.03,72.58,40.27,12.1,2.98,315.5,fused_om_nasa
2022-04-28 16:00:00+00:00,23.03,72.58,38.56,13.7,3.42,198.3,fused_om_nasa
2022-04-28 17:00:00+00:00,23.03,72.58,37.16,14.9,3.28,81.9,fused_om_nasa
2022-04-28 18:00:00+00:00,23.03,72.58,35.47,15.3,3.12,6.5,fused_om_nasa
2022-04-28 19:00:00+00:00,23.03,72.58,34.2,16.0,3.26,0.0,fused_om_nasa
2022-04-28 20:00:00+00:00,23.03,72.58,32.92,17.3,3.16,0.0,fused_om_nasa
2022-04-28 21:00:00+00:00,23.03,72.58,32.48,17.7,4.05,0.0,fused_om_nasa
2022-04-28 22:00:00+00:00,23.03,72.58,31.82,21.3,4.76,0.0,fused_om_nasa
2022-04-28 23:00:00+00:00,23.03,72.58,30.95,26.6,4.76,0.0,fused_om_nasa
2022-04-29 00:00:00+00:00,23.03,72.58,30.34,30.4,4.53,0.0,fused_om_nasa
2022-04-29 01:00:00+00:00,23.03,72.58,29.82,32.7,4.25,0.0,fused_om_nasa
2022-04-29 02:00:00+00:00,23.03,72.58,30.14,33.0,3.79,120.7,fused_om_nasa
2022-04-29 03:00:00+00:00,23.03,72.58,30.93,32.8,3.81,240.0,fused_om_nasa
2022-04-29 04:00:00+00:00,23.03,72.58,31.92,32.7,3.64,315.3,fused_om_nasa
2022-04-29 05:00:00+00:00,23.03,72.58,32.82,31.9,3.7,360.7,fused_om_nasa
2022-04-29 06:00:00+00:00,23.03,72.58,34.16,30.1,4.33,443.7,fused_om_nasa
2022-04-29 07:00:00+00:00,23.03,72.58,36.26,25.8,4.0,569.4,fused_om_nasa
2022-04-29 08:00:00+00:00,23.03,72.58,38.59,20.0,3.91,688.2,fused_om_nasa
2022-04-29 09:00:00+00:00,23.03,72.58,41.24,12.9,4.38,781.1,fused_om_nasa
2022-04-29 10:00:00+00:00,23.03,72.58,42.73,10.5,4.77,838.6,fused_om_nasa
2022-04-29 11:00:00+00:00,23.03,72.58,43.13,9.7,5.76,846.3,fused_om_nasa
2022-04-29 12:00:00+00:00,23.03,72.58,42.98,9.2,6.3,795.4,fused_om_nasa
2022-04-29 13:00:00+00:00,23.03,72.58,42.75,8.8,5.36,649.6,fused_om_nasa
2022-04-29 14:00:00+00:00,23.03,72.58,41.48,9.7,5.18,445.2,fused_om_nasa
2022-04-29 15:00:00+00:00,23.03,72.58,39.99,13.8,5.82,327.7,fused_om_nasa
2022-04-29 16:00:00+00:00,23.03,72.58,38.4,19.2,5.64,197.1,fused_om_nasa
2022-04-29 17:00:00+00:00,23.03,72.58,37.39,20.8,5.18,79.1,fused_om_nasa
2022-04-29 18:00:00+00:00,23.03,72.58,35.39,20.4,4.03,5.8,fused_om_nasa
2022-04-29 19:00:00+00:00,23.03,72.58,34.03,21.6,4.36,0.0,fused_om_nasa
2022-04-29 20:00:00+00:00,23.03,72.58,33.08,24.6,4.55,0.0,fused_om_nasa
2022-04-29 21:00:00+00:00,23.03,72.58,32.02,28.9,4.69,0.0,fused_om_nasa
2022-04-29 22:00:00+00:00,23.03,72.58,30.93,33.3,4.4,0.0,fused_om_nasa
2022-04-29 23:00:00+00:00,23.03,72.58,29.82,38.3,3.92,0.0,fused_om_nasa
2022-04-30 00:00:00+00:00,23.03,72.58,28.7,44.9,3.26,0.0,fused_om_nasa
2022-04-30 01:00:00+00:00,23.03,72.58,28.3,48.6,2.84,0.0,fused_om_nasa
2022-04-30 02:00:00+00:00,23.03,72.58,28.58,50.3,2.63,119.1,fused_om_nasa
2022-04-30 03:00:00+00:00,23.03,72.58,29.13,51.9,2.8,236.4,fused_om_nasa
2022-04-30 04:00:00+00:00,23.03,72.58,29.98,51.1,2.75,309.6,fused_om_nasa
2022-04-30 05:00:00+00:00,23.03,72.58,30.92,50.2,2.49,352.4,fused_om_nasa
2022-04-30 06:00:00+00:00,23.03,72.58,32.84,45.0,3.0,425.1,fused_om_nasa
2022-04-30 07:00:00+00:00,23.03,72.58,35.32,37.7,3.38,540.4,fused_om_nasa
2022-04-30 08:00:00+00:00,23.03,72.58,38.42,26.8,4.14,657.0,fused_om_nasa
2022-04-30 09:00:00+00:00,23.03,72.58,40.95,19.5,4.7,734.0,fused_om_nasa
2022-04-30 10:00:00+00:00,23.03,72.58,42.52,15.9,5.26,782.2,fused_om_nasa
2022-04-30 11:00:00+00:00,23.03,72.58,43.52,13.7,5.76,800.0,fused_om_nasa
2022-04-30 12:00:00+00:00,23.03,72.58,43.54,13.5,5.3,752.8,fused_om_nasa
2022-04-30 13:00:00+00:00,23.03,72.58,42.77,16.2,6.06,619.4,fused_om_nasa
2022-04-30 14:00:00+00:00,23.03,72.58,39.94,27.7,6.4,415.2,fused_om_nasa
2022-04-30 15:00:00+00:00,23.03,72.58,38.97,31.8,6.63,296.8,fused_om_nasa
2022-04-30 16:00:00+00:00,23.03,72.58,37.62,37.8,6.47,180.5,fused_om_nasa
2022-04-30 17:00:00+00:00,23.03,72.58,36.51,41.1,5.99,72.9,fused_om_nasa
2022-04-30 18:00:00+00:00,23.03,72.58,34.96,43.6,4.97,6.1,fused_om_nasa
2022-04-30 19:00:00+00:00,23.03,72.58,33.72,44.8,4.89,0.0,fused_om_nasa
2022-04-30 20:00:00+00:00,23.03,72.58,32.67,41.6,4.5,0.0,fused_om_nasa
2022-04-30 21:00:00+00:00,23.03,72.58,31.61,37.6,4.46,0.0,fused_om_nasa
2022-04-30 22:00:00+00:00,23.03,72.58,30.45,40.3,4.02,0.0,fused_om_nasa
2022-04-30 23:00:00+00:00,23.03,72.58,29.49,45.1,3.92,0.0,fused_om_nasa
2022-05-01 00:00:00+00:00,23.03,72.58,28.74,49.3,3.2,0.0,fused_om_nasa
2022-05-01 01:00:00+00:00,23.03,72.58,28.51,50.5,2.8,0.0,fused_om_nasa
2022-05-01 02:00:00+00:00,23.03,72.58,29.27,50.2,2.8,120.2,fused_om_nasa
2022-05-01 03:00:00+00:00,23.03,72.58,30.02,51.2,3.04,237.7,fused_om_nasa
2022-05-01 04:00:00+00:00,23.03,72.58,30.76,51.1,3.04,309.6,fused_om_nasa
2022-05-01 05:00:00+00:00,23.03,72.58,31.78,49.2,3.32,353.7,fused_om_nasa
2022-05-01 06:00:00+00:00,23.03,72.58,33.16,46.4,3.84,426.6,fused_om_nasa
2022-05-01 07:00:00+00:00,23.03,72.58,35.03,42.1,4.0,534.9,fused_om_nasa
2022-05-01 08:00:00+00:00,23.03,72.58,37.03,36.0,4.13,648.2,fused_om_nasa
2022-05-01 09:00:00+00:00,23.03,72.58,39.12,28.5,4.14,745.9,fused_om_nasa
2022-05-01 10:00:00+00:00,23.03,72.58,41.3,19.9,4.42,752.6,fused_om_nasa
2022-05-01 11:00:00+00:00,23.03,72.58,42.86,14.6,4.61,794.0,fused_om_nasa
2022-05-01 12:00:00+00:00,23.03,72.58,43.08,13.4,4.82,764.4,fused_om_nasa
2022-05-01 13:00:00+00:00,23.03,72.58,40.84,24.1,6.04,626.6,fused_om_nasa
2022-05-01 14:00:00+00:00,23.03,72.58,39.26,30.2,5.73,409.6,fused_om_nasa
2022-05-01 15:00:00+00:00,23.03,72.58,38.08,36.5,5.0,290.4,fused_om_nasa
2022-05-01 16:00:00+00:00,23.03,72.58,37.24,39.6,5.14,178.4,fused_om_nasa
2022-05-01 17:00:00+00:00,23.03,72.58,36.12,42.1,5.28,74.6,fused_om_nasa
2022-05-01 18:00:00+00:00,23.03,72.58,34.32,45.4,3.96,6.4,fused_om_nasa
2022-05-01 19:00:00+00:00,23.03,72.58,33.09,45.7,3.49,0.0,fused_om_nasa
2022-05-01 20:00:00+00:00,23.03,72.58,32.03,43.5,3.18,0.0,fused_om_nasa
2022-05-01 21:00:00+00:00,23.03,72.58,31.01,40.5,3.27,0.0,fused_om_nasa
2022-05-01 22:00:00+00:00,23.03,72.58,30.52,38.2,3.02,0.0,fused_om_nasa
2022-05-01 23:00:00+00:00,23.03,72.58,29.95,40.6,3.1,0.0,fused_om_nasa
2022-05-02 00:00:00+00:00,23.03,72.58,29.31,46.1,2.82,0.0,fused_om_nasa
2022-05-02 01:00:00+00:00,23.03,72.58,29.29,47.8,2.62,0.0,fused_om_nasa
2022-05-02 02:00:00+00:00,23.03,72.58,29.84,48.3,2.72,118.8,fused_om_nasa
2022-05-02 03:00:00+00:00,23.03,72.58,30.48,48.9,2.9,236.6,fused_om_nasa
2022-05-02 04:00:00+00:00,23.03,72.58,31.29,48.4,2.72,308.0,fused_om_nasa
2022-05-02 05:00:00+00:00,23.03,72.58,32.15,46.9,2.98,350.2,fused_om_nasa
2022-05-02 06:00:00+00:00,23.03,72.58,33.89,42.7,4.0,412.1,fused_om_nasa
2022-05-02 07:00:00+00:00,23.03,72.58,35.98,37.3,4.56,530.5,fused_om_nasa
2022-05-02 08:00:00+00:00,23.03,72.58,38.15,27.3,4.93,551.1,fused_om_nasa
2022-05-02 09:00:00+00:00,23.03,72.58,40.56,18.8,5.56,692.4,fused_om_nasa
2022-05-02 10:00:00+00:00,23.03,72.58,41.64,17.0,5.5,776.0,fused_om_nasa
2022-05-02 11:00:00+00:00,23.03,72.58,42.29,15.9,5.62,800.3,fused_om_nasa
2022-05-02 12:00:00+00:00,23.03,72.58,42.3,15.0,5.54,753.5,fused_om_nasa
2022-05-02 13:00:00+00:00,23.03,72.58,41.86,14.3,5.32,620.5,fused_om_nasa
2022-05-02 14:00:00+00:00,23.03,72.58,40.89,14.0,4.61,425.8,fused_om_nasa
2022-05-02 15:00:00+00:00,23.03,72.58,38.25,31.9,6.02,315.0,fused_om_nasa
2022-05-02 16:00:00+00:00,23.03,72.58,37.17,37.1,5.5,196.2,fused_om_nasa
2022-05-02 17:00:00+00:00,23.03,72.58,36.25,37.6,4.25,80.5,fused_om_nasa
2022-05-02 18:00:00+00:00,23.03,72.58,34.39,30.9,2.88,6.7,fused_om_nasa
2022-05-02 19:00:00+00:00,23.03,72.58,33.08,24.5,3.29,0.0,fused_om_nasa
2022-05-02 20:00:00+00:00,23.03,72.58,33.43,22.2,3.11,0.0,fused_om_nasa
2022-05-02 21:00:00+00:00,23.03,72.58,30.9,27.4,3.12,0.0,fused_om_nasa
2022-05-02 22:00:00+00:00,23.03,72.58,29.9,30.3,2.87,0.0,fused_om_nasa
2022-05-02 23:00:00+00:00,23.03,72.58,28.89,33.7,2.66,0.0,fused_om_nasa
2022-05-03 00:00:00+00:00,23.03,72.58,28.24,36.5,2.31,0.0,fused_om_nasa
2022-05-03 01:00:00+00:00,23.03,72.58,28.12,39.2,1.99,0.0,fused_om_nasa
2022-05-03 02:00:00+00:00,23.03,72.58,29.06,36.7,2.04,122.6,fused_om_nasa
2022-05-03 03:00:00+00:00,23.03,72.58,29.81,37.0,2.12,241.5,fused_om_nasa
2022-05-03 04:00:00+00:00,23.03,72.58,30.51,37.3,2.26,314.4,fused_om_nasa
2022-05-03 05:00:00+00:00,23.03,72.58,31.21,36.7,2.22,358.1,fused_om_nasa
2022-05-03 06:00:00+00:00,23.03,72.58,32.96,33.2,2.74,434.6,fused_om_nasa
2022-05-03 07:00:00+00:00,23.03,72.58,35.05,28.4,3.74,551.8,fused_om_nasa
2022-05-03 08:00:00+00:00,23.03,72.58,37.28,24.0,4.97,658.9,fused_om_nasa
2022-05-03 09:00:00+00:00,23.03,72.58,39.16,20.1,5.11,745.4,fused_om_nasa
2022-05-03 10:00:00+00:00,23.03,72.58,40.59,17.0,4.38,806.3,fused_om_nasa
2022-05-03 11:00:00+00:00,23.03,72.58,41.72,14.2,5.62,809.5,fused_om_nasa
2022-05-03 12:00:00+00:00,23.03,72.58,40.44,18.1,6.12,757.2,fused_om_nasa
2022-05-03 13:00:00+00:00,23.03,72.58,40.19,18.8,6.08,636.4,fused_om_nasa
2022-05-03 14:00:00+00:00,23.03,72.58,38.27,26.2,5.86,438.1,fused_om_nasa
2022-05-03 15:00:00+00:00,23.03,72.58,37.68,28.6,5.52,323.4,fused_om_nasa
2022-05-03 16:00:00+00:00,23.03,72.58,36.7,33.3,4.78,194.2,fused_om_nasa
2022-05-03 17:00:00+00:00,23.03,72.58,35.76,36.8,3.99,79.2,fused_om_nasa
2022-05-03 18:00:00+00:00,23.03,72.58,33.8,37.5,2.52,6.6,fused_om_nasa
2022-05-03 19:00:00+00:00,23.03,72.58,32.76,27.2,2.96,0.0,fused_om_nasa
2022-05-03 20:00:00+00:00,23.03,72.58,31.64,26.9,2.86,0.0,fused_om_nasa
2022-05-03 21:00:00+00:00,23.03,72.58,30.68,31.0,2.88,0.0,fused_om_nasa
2022-05-03 22:00:00+00:00,23.03,72.58,29.52,36.0,2.75,0.0,fused_om_nasa
2022-05-03 23:00:00+00:00,23.03,72.58,28.3,40.7,2.74,0.0,fused_om_nasa
2022-05-04 00:00:00+00:00,23.03,72.58,27.89,47.0,2.45,0.0,fused_om_nasa
2022-05-04 01:00:00+00:00,23.03,72.58,28.03,48.7,1.8,7.8,fused_om_nasa
2022-05-04 02:00:00+00:00,23.03,72.58,28.5,48.5,1.24,121.3,fused_om_nasa
2022-05-04 03:00:00+00:00,23.03,72.58,29.13,49.3,1.57,240.5,fused_om_nasa
2022-05-04 04:00:00+00:00,23.03,72.58,29.98,46.3,1.79,312.1,fused_om_nasa
2022-05-04 05:00:00+00:00,23.03,72.58,30.92,43.0,1.68,356.9,fused_om_nasa
2022-05-04 06:00:00+00:00,23.03,72.58,32.81,38.0,1.9,429.4,fused_om_nasa
2022-05-04 07:00:00+00:00,23.03,72.58,34.86,31.7,2.37,535.0,fused_om_nasa
2022-05-04 08:00:00+00:00,23.03,72.58,37.34,22.0,2.79,647.3,fused_om_nasa
2022-05-04 09:00:00+00:00,23.03,72.58,39.55,15.8,3.23,741.0,fused_om_nasa
2022-05-04 10:00:00+00:00,23.03,72.58,40.8,13.6,3.4,798.8,fused_om_nasa
2022-05-04 11:00:00+00:00,23.03,72.58,41.42,13.2,3.62,806.2,fused_om_nasa
2022-05-04 12:00:00+00:00,23.03,72.58,41.35,14.0,3.46,773.2,fused_om_nasa
2022-05-04 13:00:00+00:00,23.03,72.58,41.06,14.6,2.54,629.6,fused_om_nasa
2022-05-04 14:00:00+00:00,23.03,72.58,39.56,15.8,2.66,428.3,fused_om_nasa
2022-05-04 15:00:00+00:00,23.03,72.58,38.89,16.2,3.44,306.9,fused_om_nasa
2022-05-04 16:00:00+00:00,23.03,72.58,37.34,23.4,4.1,192.2,fused_om_nasa
2022-05-04 17:00:00+00:00,23.03,72.58,36.18,25.3,3.6,77.0,fused_om_nasa
2022-05-04 18:00:00+00:00,23.03,72.58,34.1,29.2,3.15,7.3,fused_om_nasa
2022-05-04 19:00:00+00:00,23.03,72.58,32.71,36.0,3.39,0.0,fused_om_nasa
2022-05-04 20:00:00+00:00,23.03,72.58,31.96,39.2,3.66,0.0,fused_om_nasa
2022-05-04 21:00:00+00:00,23.03,72.58,31.21,38.5,3.72,0.0,fused_om_nasa
2022-05-04 22:00:00+00:00,23.03,72.58,30.18,43.5,3.38,0.0,fused_om_nasa
2022-05-04 23:00:00+00:00,23.03,72.58,29.16,51.6,3.19,0.0,fused_om_nasa
2022-05-05 00:00:00+00:00,23.03,72.58,28.56,57.4,3.2,0.0,fused_om_nasa
2022-05-05 01:00:00+00:00,23.03,72.58,28.02,64.3,3.7,7.6,fused_om_nasa
2022-05-05 02:00:00+00:00,23.03,72.58,28.17,64.1,3.43,97.6,fused_om_nasa
2022-05-05 03:00:00+00:00,23.03,72.58,28.49,63.4,3.03,199.4,fused_om_nasa
2022-05-05 04:00:00+00:00,23.03,72.58,29.14,61.7,2.7,281.9,fused_om_nasa
2022-05-05 05:00:00+00:00,23.03,72.58,30.01,59.4,2.42,343.7,fused_om_nasa
2022-05-05 06:00:00+00:00,23.03,72.58,31.58,55.1,2.96,418.4,fused_om_nasa
2022-05-05 07:00:00+00:00,23.03,72.58,33.7,45.2,3.08,525.2,fused_om_nasa
2022-05-05 08:00:00+00:00,23.03,72.58,35.94,33.2,3.12,633.6,fused_om_nasa
2022-05-05 09:00:00+00:00,23.03,72.58,38.24,22.0,2.89,726.5,fused_om_nasa
2022-05-05 10:00:00+00:00,23.03,72.58,39.7,17.8,2.54,792.2,fused_om_nasa
2022-05-05 11:00:00+00:00,23.03,72.58,40.4,16.4,2.42,805.8,fused_om_nasa
2022-05-05 12:00:00+00:00,23.03,72.58,40.22,17.6,2.56,755.2,fused_om_nasa
2022-05-05 13:00:00+00:00,23.03,72.58,40.12,17.6,2.5,616.8,fused_om_nasa
2022-05-05 14:00:00+00:00,23.03,72.58,38.86,18.7,2.3,417.9,fused_om_nasa
2022-05-05 15:00:00+00:00,23.03,72.58,38.23,20.0,2.58,303.3,fused_om_nasa
2022-05-05 16:00:00+00:00,23.03,72.58,37.04,21.5,2.71,187.2,fused_om_nasa
2022-05-05 17:00:00+00:00,23.03,72.58,36.28,22.7,3.64,75.1,fused_om_nasa
2022-05-05 18:00:00+00:00,23.03,72.58,33.84,31.6,2.8,6.8,fused_om_nasa
2022-05-05 19:00:00+00:00,23.03,72.58,32.83,34.0,2.38,0.0,fused_om_nasa
2022-05-05 20:00:00+00:00,23.03,72.58,32.2,34.2,2.7,0.0,fused_om_nasa
2022-05-05 21:00:00+00:00,23.03,72.58,31.58,30.9,3.44,0.0,fused_om_nasa
2022-05-05 22:00:00+00:00,23.03,72.58,30.64,32.4,3.51,0.0,fused_om_nasa
2022-05-05 23:00:00+00:00,23.03,72.58,29.84,38.2,3.45,0.0,fused_om_nasa
2022-05-06 00:00:00+00:00,23.03,72.58,29.46,46.6,3.74,0.0,fused_om_nasa
2022-05-06 01:00:00+00:00,23.03,72.58,29.2,51.2,3.9,7.6,fused_om_nasa
2022-05-06 02:00:00+00:00,23.03,72.58,29.26,54.2,4.32,118.8,fused_om_nasa
2022-05-06 03:00:00+00:00,23.03,72.58,29.9,54.5,4.28,232.7,fused_om_nasa
2022-05-06 04:00:00+00:00,23.03,72.58,30.78,53.8,4.0,303.6,fused_om_nasa
2022-05-06 05:00:00+00:00,23.03,72.58,31.8,52.5,3.87,346.2,fused_om_nasa
2022-05-06 06:00:00+00:00,23.03,72.58,33.3,47.0,3.9,421.3,fused_om_nasa
2022-05-06 07:00:00+00:00,23.03,72.58,35.28,37.4,3.57,505.8,fused_om_nasa
2022-05-06 08:00:00+00:00,23.03,72.58,37.64,27.9,3.56,637.0,fused_om_nasa
2022-05-06 09:00:00+00:00,23.03,72.58,39.77,21.1,3.46,740.3,fused_om_nasa
2022-05-06 10:00:00+00:00,23.03,72.58,41.03,17.4,3.19,790.2,fused_om_nasa
2022-05-06 11:00:00+00:00,23.03,72.58,41.65,16.0,3.08,744.2,fused_om_nasa
2022-05-06 12:00:00+00:00,23.03,72.58,41.61,15.7,2.91,705.0,fused_om_nasa
2022-05-06 13:00:00+00:00,23.03,72.58,41.38,15.2,3.0,593.0,fused_om_nasa
2022-05-06 14:00:00+00:00,23.03,72.58,40.12,15.9,2.5,416.2,fused_om_nasa
2022-05-06 15:00:00+00:00,23.03,72.58,39.16,16.8,2.48,304.4,fused_om_nasa
2022-05-06 16:00:00+00:00,23.03,72.58,38.08,17.9,2.57,187.5,fused_om_nasa
2022-05-06 17:00:00+00:00,23.03,72.58,37.28,18.8,2.81,76.5,fused_om_nasa
2022-05-06 18:00:00+00:00,23.03,72.58,35.5,20.2,2.88,6.8,fused_om_nasa
2022-05-06 19:00:00+00:00,23.03,72.58,33.81,23.1,2.54,0.0,fused_om_nasa
2022-05-06 20:00:00+00:00,23.03,72.58,32.96,25.1,2.96,0.0,fused_om_nasa
2022-05-06 21:00:00+00:00,23.03,72.58,32.05,26.9,2.84,0.0,fused_om_nasa
2022-05-06 22:00:00+00:00,23.03,72.58,31.08,29.9,2.66,0.0,fused_om_nasa
2022-05-06 23:00:00+00:00,23.03,72.58,30.32,33.4,2.84,0.0,fused_om_nasa
2022-05-07 00:00:00+00:00,23.03,72.58,29.87,38.4,3.14,0.0,fused_om_nasa
2022-05-07 01:00:00+00:00,23.03,72.58,29.64,38.0,3.45,7.4,fused_om_nasa
2022-05-07 02:00:00+00:00,23.03,72.58,29.84,36.8,3.78,120.2,fused_om_nasa
2022-05-07 03:00:00+00:00,23.03,72.58,30.29,38.1,3.73,233.0,fused_om_nasa
2022-05-07 04:00:00+00:00,23.03,72.58,31.16,38.3,4.06,304.6,fused_om_nasa
2022-05-07 05:00:00+00:00,23.03,72.58,32.3,37.3,4.69,348.4,fused_om_nasa
2022-05-07 06:00:00+00:00,23.03,72.58,33.76,35.8,5.27,420.2,fused_om_nasa
2022-05-07 07:00:00+00:00,23.03,72.58,35.76,31.3,5.12,519.3,fused_om_nasa
2022-05-07 08:00:00+00:00,23.03,72.58,37.91,24.1,4.92,577.6,fused_om_nasa
2022-05-07 09:00:00+00:00,23.03,72.58,39.7,19.6,4.6,639.9,fused_om_nasa
2022-05-07 10:00:00+00:00,23.03,72.58,41.06,16.6,4.1,700.3,fused_om_nasa
2022-05-07 11:00:00+00:00,23.03,72.58,41.96,15.2,3.54,726.1,fused_om_nasa
2022-05-07 12:00:00+00:00,23.03,72.58,41.91,15.5,2.76,691.9,fused_om_nasa
2022-05-07 13:00:00+00:00,23.03,72.58,41.62,15.6,2.54,592.7,fused_om_nasa
2022-05-07 14:00:00+00:00,23.03,72.58,40.33,16.9,2.52,392.6,fused_om_nasa
2022-05-07 15:00:00+00:00,23.03,72.58,39.68,17.4,2.76,276.8,fused_om_nasa
2022-05-07 16:00:00+00:00,23.03,72.58,38.93,18.1,2.76,164.9,fused_om_nasa
2022-05-07 17:00:00+00:00,23.03,72.58,37.61,19.5,2.5,66.2,fused_om_nasa
2022-05-07 18:00:00+00:00,23.03,72.58,35.64,21.8,2.25,6.6,fused_om_nasa
2022-05-07 19:00:00+00:00,23.03,72.58,34.47,22.9,3.4,0.0,fused_om_nasa
2022-05-07 20:00:00+00:00,23.03,72.58,33.3,27.0,3.57,0.0,fused_om_nasa
2022-05-07 21:00:00+00:00,23.03,72.58,32.17,34.1,3.65,0.0,fused_om_nasa
2022-05-07 22:00:00+00:00,23.03,72.58,31.54,39.3,3.4,0.0,fused_om_nasa
2022-05-07 23:00:00+00:00,23.03,72.58,30.9,41.9,3.45,0.0,fused_om_nasa
2022-05-08 00:00:00+00:00,23.03,72.58,30.5,45.5,3.56,0.0,fused_om_nasa
2022-05-08 01:00:00+00:00,23.03,72.58,30.06,46.2,3.26,7.3,fused_om_nasa
2022-05-08 02:00:00+00:00,23.03,72.58,30.32,45.8,3.4,119.1,fused_om_nasa
2022-05-08 03:00:00+00:00,23.03,72.58,30.82,45.9,3.82,231.0,fused_om_nasa
2022-05-08 04:00:00+00:00,23.03,72.58,31.58,44.7,4.18,301.6,fused_om_nasa
2022-05-08 05:00:00+00:00,23.03,72.58,32.66,42.6,4.53,346.7,fused_om_nasa
2022-05-08 06:00:00+00:00,23.03,72.58,34.32,37.6,5.13,419.4,fused_om_nasa
2022-05-08 07:00:00+00:00,23.03,72.58,36.52,31.1,4.96,527.6,fused_om_nasa
2022-05-08 08:00:00+00:00,23.03,72.58,38.61,24.2,4.32,547.0,fused_om_nasa
2022-05-08 09:00:00+00:00,23.03,72.58,40.56,18.1,4.0,618.0,fused_om_nasa
2022-05-08 10:00:00+00:00,23.03,72.58,42.19,14.6,3.68,717.4,fused_om_nasa
2022-05-08 11:00:00+00:00,23.03,72.58,43.2,13.0,3.24,739.2,fused_om_nasa
2022-05-08 12:00:00+00:00,23.03,72.58,43.61,11.4,3.82,737.2,fused_om_nasa
2022-05-08 13:00:00+00:00,23.03,72.58,43.13,11.2,3.38,616.2,fused_om_nasa
2022-05-08 14:00:00+00:00,23.03,72.58,41.37,12.3,3.1,426.3,fused_om_nasa
2022-05-08 15:00:00+00:00,23.03,72.58,40.28,13.2,2.93,315.1,fused_om_nasa
2022-05-08 16:00:00+00:00,23.03,72.58,38.97,14.3,2.92,201.6,fused_om_nasa
2022-05-08 17:00:00+00:00,23.03,72.58,38.62,14.1,3.76,86.7,fused_om_nasa
2022-05-08 18:00:00+00:00,23.03,72.58,35.77,15.3,2.43,8.3,fused_om_nasa
2022-05-08 19:00:00+00:00,23.03,72.58,33.68,17.8,2.42,0.0,fused_om_nasa
2022-05-08 20:00:00+00:00,23.03,72.58,33.03,18.5,3.1,0.0,fused_om_nasa
2022-05-08 21:00:00+00:00,23.03,72.58,32.08,30.3,4.0,0.0,fused_om_nasa
2022-05-08 22:00:00+00:00,23.03,72.58,31.34,40.5,4.56,0.0,fused_om_nasa
2022-05-08 23:00:00+00:00,23.03,72.58,30.7,44.4,5.08,0.0,fused_om_nasa
2022-05-09 00:00:00+00:00,23.03,72.58,30.14,47.3,5.28,0.0,fused_om_nasa
2022-05-09 01:00:00+00:00,23.03,72.58,29.6,47.7,5.18,7.2,fused_om_nasa
2022-05-09 02:00:00+00:00,23.03,72.58,29.76,45.7,5.22,120.4,fused_om_nasa
2022-05-09 03:00:00+00:00,23.03,72.58,30.29,44.6,5.04,234.8,fused_om_nasa
2022-05-09 04:00:00+00:00,23.03,72.58,31.14,42.9,4.97,305.0,fused_om_nasa
2022-05-09 05:00:00+00:00,23.03,72.58,32.2,41.8,5.06,349.4,fused_om_nasa
2022-05-09 06:00:00+00:00,23.03,72.58,33.78,39.3,5.21,431.2,fused_om_nasa
2022-05-09 07:00:00+00:00,23.03,72.58,36.03,33.7,5.04,549.6,fused_om_nasa
2022-05-09 08:00:00+00:00,23.03,72.58,38.56,24.5,4.89,659.3,fused_om_nasa
2022-05-09 09:00:00+00:00,23.03,72.58,40.92,16.2,4.72,680.3,fused_om_nasa
2022-05-09 10:00:00+00:00,23.03,72.58,42.42,13.3,4.36,748.2,fused_om_nasa
2022-05-09 11:00:00+00:00,23.03,72.58,43.32,12.3,4.12,780.2,fused_om_nasa
2022-05-09 12:00:00+00:00,23.03,72.58,43.4,11.6,3.86,744.1,fused_om_nasa
2022-05-09 13:00:00+00:00,23.03,72.58,43.11,11.1,3.23,603.9,fused_om_nasa
2022-05-09 14:00:00+00:00,23.03,72.58,41.28,12.5,3.0,399.7,fused_om_nasa
2022-05-09 15:00:00+00:00,23.03,72.58,40.33,13.0,3.03,283.1,fused_om_nasa
2022-05-09 16:00:00+00:00,23.03,72.58,39.84,13.8,3.31,172.6,fused_om_nasa
2022-05-09 17:00:00+00:00,23.03,72.58,38.88,14.2,3.3,71.4,fused_om_nasa
2022-05-09 18:00:00+00:00,23.03,72.58,36.63,18.7,3.48,7.0,fused_om_nasa
2022-05-09 19:00:00+00:00,23.03,72.58,34.8,21.6,3.62,0.0,fused_om_nasa
2022-05-09 20:00:00+00:00,23.03,72.58,34.01,20.6,4.54,0.0,fused_om_nasa
2022-05-09 21:00:00+00:00,23.03,72.58,32.93,33.0,5.64,0.0,fused_om_nasa
2022-05-09 22:00:00+00:00,23.03,72.58,31.85,42.4,5.6,0.0,fused_om_nasa
2022-05-09 23:00:00+00:00,23.03,72.58,30.99,44.7,4.94,0.0,fused_om_nasa
2022-05-10 00:00:00+00:00,23.03,72.58,30.22,49.3,4.2,0.0,fused_om_nasa
2022-05-10 01:00:00+00:00,23.03,72.58,30.01,50.0,4.55,7.1,fused_om_nasa
2022-05-10 02:00:00+00:00,23.03,72.58,30.34,49.7,4.57,114.7,fused_om_nasa
2022-05-10 03:00:00+00:00,23.03,72.58,30.96,49.4,4.58,132.1,fused_om_nasa
2022-05-10 04:00:00+00:00,23.03,72.58,31.36,49.7,4.55,48.2,fused_om_nasa
2022-05-10 05:00:00+00:00,23.03,72.58,32.68,46.2,4.13,148.7,fused_om_nasa
2022-05-10 06:00:00+00:00,23.03,72.58,34.28,42.0,4.3,289.8,fused_om_nasa
2022-05-10 07:00:00+00:00,23.03,72.58,36.47,34.5,4.67,449.0,fused_om_nasa
2022-05-10 08:00:00+00:00,23.03,72.58,38.62,27.0,4.65,589.5,fused_om_nasa
2022-05-10 09:00:00+00:00,23.03,72.58,40.86,19.4,4.68,746.8,fused_om_nasa
2022-05-10 10:00:00+00:00,23.03,72.58,42.96,14.4,4.63,810.0,fused_om_nasa
2022-05-10 11:00:00+00:00,23.03,72.58,43.94,13.0,4.61,812.7,fused_om_nasa
2022-05-10 12:00:00+00:00,23.03,72.58,43.96,12.4,4.53,749.0,fused_om_nasa
2022-05-10 13:00:00+00:00,23.03,72.58,43.58,12.4,4.6,601.9,fused_om_nasa
2022-05-10 14:00:00+00:00,23.03,72.58,42.51,12.6,4.69,399.9,fused_om_nasa
2022-05-10 15:00:00+00:00,23.03,72.58,41.67,12.4,4.65,307.7,fused_om_nasa
2022-05-10 16:00:00+00:00,23.03,72.58,40.81,12.9,4.62,186.5,fused_om_nasa
2022-05-10 17:00:00+00:00,23.03,72.58,39.6,15.1,4.28,79.1,fused_om_nasa
2022-05-10 18:00:00+00:00,23.03,72.58,37.34,18.4,4.12,7.9,fused_om_nasa
2022-05-10 19:00:00+00:00,23.03,72.58,35.79,20.3,4.49,0.0,fused_om_nasa
2022-05-10 20:00:00+00:00,23.03,72.58,35.14,18.0,5.16,0.0,fused_om_nasa
2022-05-10 21:00:00+00:00,23.03,72.58,34.24,20.7,5.46,0.0,fused_om_nasa
2022-05-10 22:00:00+00:00,23.03,72.58,32.93,29.6,5.19,0.0,fused_om_nasa
2022-05-10 23:00:00+00:00,23.03,72.58,31.76,37.1,4.88,0.0,fused_om_nasa
2022-05-11 00:00:00+00:00,23.03,72.58,31.28,39.1,5.2,0.0,fused_om_nasa
2022-05-11 01:00:00+00:00,23.03,72.58,30.84,40.8,4.88,7.0,fused_om_nasa
2022-05-11 02:00:00+00:00,23.03,72.58,31.18,41.2,4.64,123.2,fused_om_nasa
2022-05-11 03:00:00+00:00,23.03,72.58,31.76,42.0,3.92,227.6,fused_om_nasa
2022-05-11 04:00:00+00:00,23.03,72.58,32.56,41.9,3.3,304.0,fused_om_nasa
2022-05-11 05:00:00+00:00,23.03,72.58,33.54,41.0,3.61,346.8,fused_om_nasa
2022-05-11 06:00:00+00:00,23.03,72.58,35.08,38.2,4.14,424.1,fused_om_nasa
2022-05-11 07:00:00+00:00,23.03,72.58,37.36,32.6,4.03,534.6,fused_om_nasa
2022-05-11 08:00:00+00:00,23.03,72.58,39.84,25.5,3.84,623.8,fused_om_nasa
2022-05-11 09:00:00+00:00,23.03,72.58,42.34,16.5,3.62,599.1,fused_om_nasa
2022-05-11 10:00:00+00:00,23.03,72.58,44.3,13.1,3.17,746.2,fused_om_nasa
2022-05-11 11:00:00+00:00,23.03,72.58,45.31,11.6,3.11,741.0,fused_om_nasa
2022-05-11 12:00:00+00:00,23.03,72.58,45.48,10.9,3.38,729.1,fused_om_nasa
2022-05-11 13:00:00+00:00,23.03,72.58,44.92,11.0,3.82,614.6,fused_om_nasa
2022-05-11 14:00:00+00:00,23.03,72.58,43.67,11.8,3.5,427.8,fused_om_nasa
2022-05-11 15:00:00+00:00,23.03,72.58,42.56,12.8,3.32,307.7,fused_om_nasa
2022-05-11 16:00:00+00:00,23.03,72.58,41.5,13.4,3.43,188.6,fused_om_nasa
2022-05-11 17:00:00+00:00,23.03,72.58,40.56,13.7,3.57,80.2,fused_om_nasa
2022-05-11 18:00:00+00:00,23.03,72.58,38.26,15.4,3.48,8.1,fused_om_nasa
2022-05-11 19:00:00+00:00,23.03,72.58,36.5,22.3,3.81,0.0,fused_om_nasa
2022-05-11 20:00:00+00:00,23.03,72.58,35.42,26.6,3.44,0.0,fused_om_nasa
2022-05-11 21:00:00+00:00,23.03,72.58,34.63,29.0,3.74,0.0,fused_om_nasa
2022-05-11 22:00:00+00:00,23.03,72.58,33.9,30.7,4.12,0.0,fused_om_nasa
2022-05-11 23:00:00+00:00,23.03,72.58,33.08,33.2,4.38,0.0,fused_om_nasa
2022-05-12 00:00:00+00:00,23.03,72.58,31.99,39.2,4.22,0.0,fused_om_nasa
2022-05-12 01:00:00+00:00,23.03,72.58,32.16,39.5,3.7,7.0,fused_om_nasa
2022-05-12 02:00:00+00:00,23.03,72.58,32.56,38.5,4.44,120.0,fused_om_nasa
2022-05-12 03:00:00+00:00,23.03,72.58,33.12,36.8,4.69,231.5,fused_om_nasa
2022-05-12 04:00:00+00:00,23.03,72.58,33.84,34.4,4.36,301.2,fused_om_nasa
2022-05-12 05:00:00+00:00,23.03,72.58,34.57,31.5,4.21,345.5,fused_om_nasa
2022-05-12 06:00:00+00:00,23.03,72.58,36.02,28.0,4.64,423.1,fused_om_nasa
2022-05-12 07:00:00+00:00,23.03,72.58,38.2,23.4,4.83,535.8,fused_om_nasa
2022-05-12 08:00:00+00:00,23.03,72.58,40.61,18.9,4.72,650.3,fused_om_nasa
2022-05-12 09:00:00+00:00,23.03,72.58,42.82,14.6,4.72,696.2,fused_om_nasa
2022-05-12 10:00:00+00:00,23.03,72.58,44.74,11.6,4.65,758.4,fused_om_nasa
2022-05-12 11:00:00+00:00,23.03,72.58,45.6,10.8,4.48,768.5,fused_om_nasa
2022-05-12 12:00:00+00:00,23.03,72.58,45.52,10.3,4.72,739.7,fused_om_nasa
2022-05-12 13:00:00+00:00,23.03,72.58,44.88,10.6,4.22,610.0,fused_om_nasa
2022-05-12 14:00:00+00:00,23.03,72.58,43.42,11.0,3.91,407.5,fused_om_nasa
2022-05-12 15:00:00+00:00,23.03,72.58,39.94,29.6,5.11,288.4,fused_om_nasa
2022-05-12 16:00:00+00:00,23.03,72.58,39.18,31.2,5.6,176.3,fused_om_nasa
2022-05-12 17:00:00+00:00,23.03,72.58,38.17,35.4,5.26,72.6,fused_om_nasa
2022-05-12 18:00:00+00:00,23.03,72.58,36.39,36.1,4.15,7.8,fused_om_nasa
2022-05-12 19:00:00+00:00,23.03,72.58,35.46,30.4,4.4,0.0,fused_om_nasa
2022-05-12 20:00:00+00:00,23.03,72.58,34.53,24.3,4.64,0.0,fused_om_nasa
2022-05-12 21:00:00+00:00,23.03,72.58,33.48,29.7,4.8,0.0,fused_om_nasa
2022-05-12 22:00:00+00:00,23.03,72.58,32.36,33.9,5.24,0.0,fused_om_nasa
2022-05-12 23:00:00+00:00,23.03,72.58,31.09,38.8,4.72,0.0,fused_om_nasa
2022-05-13 00:00:00+00:00,23.03,72.58,29.96,44.4,4.12,0.0,fused_om_nasa
2022-05-13 01:00:00+00:00,23.03,72.58,29.45,48.3,4.32,6.8,fused_om_nasa
2022-05-13 02:00:00+00:00,23.03,72.58,29.48,51.2,4.06,123.8,fused_om_nasa
2022-05-13 03:00:00+00:00,23.03,72.58,29.91,52.7,3.89,235.4,fused_om_nasa
2022-05-13 04:00:00+00:00,23.03,72.58,30.65,52.0,3.52,304.6,fused_om_nasa
2022-05-13 05:00:00+00:00,23.03,72.58,31.56,51.0,2.96,349.1,fused_om_nasa
2022-05-13 06:00:00+00:00,23.03,72.58,33.27,48.3,3.52,426.1,fused_om_nasa
2022-05-13 07:00:00+00:00,23.03,72.58,35.47,41.4,3.76,537.2,fused_om_nasa
2022-05-13 08:00:00+00:00,23.03,72.58,37.9,31.8,3.96,651.0,fused_om_nasa
2022-05-13 09:00:00+00:00,23.03,72.58,40.26,23.7,4.28,742.9,fused_om_nasa
2022-05-13 10:00:00+00:00,23.03,72.58,42.27,18.8,4.38,797.4,fused_om_nasa
2022-05-13 11:00:00+00:00,23.03,72.58,44.04,14.8,4.12,801.8,fused_om_nasa
2022-05-13 12:00:00+00:00,23.03,72.58,43.18,17.5,4.64,729.2,fused_om_nasa
2022-05-13 13:00:00+00:00,23.03,72.58,42.76,20.0,5.24,621.0,fused_om_nasa
2022-05-13 14:00:00+00:00,23.03,72.58,39.54,30.2,5.68,423.7,fused_om_nasa
2022-05-13 15:00:00+00:00,23.03,72.58,38.77,33.6,5.3,304.1,fused_om_nasa
2022-05-13 16:00:00+00:00,23.03,72.58,37.74,39.6,4.62,190.9,fused_om_nasa
2022-05-13 17:00:00+00:00,23.03,72.58,36.78,42.5,4.08,84.0,fused_om_nasa
2022-05-13 18:00:00+00:00,23.03,72.58,34.52,45.9,3.03,9.4,fused_om_nasa
2022-05-13 19:00:00+00:00,23.03,72.58,33.22,47.2,3.35,0.0,fused_om_nasa
2022-05-13 20:00:00+00:00,23.03,72.58,32.68,47.7,3.47,0.0,fused_om_nasa
2022-05-13 21:00:00+00:00,23.03,72.58,32.25,45.7,4.1,0.0,fused_om_nasa
2022-05-13 22:00:00+00:00,23.03,72.58,31.59,37.3,4.26,0.0,fused_om_nasa
2022-05-13 23:00:00+00:00,23.03,72.58,30.62,38.9,3.54,0.0,fused_om_nasa
2022-05-14 00:00:00+00:00,23.03,72.58,29.76,43.5,3.02,0.0,fused_om_nasa
2022-05-14 01:00:00+00:00,23.03,72.58,29.42,46.5,3.02,6.8,fused_om_nasa
2022-05-14 02:00:00+00:00,23.03,72.58,29.6,50.5,3.42,122.9,fused_om_nasa
2022-05-14 03:00:00+00:00,23.03,72.58,29.87,54.3,3.46,233.7,fused_om_nasa
2022-05-14 04:00:00+00:00,23.03,72.58,30.46,56.7,3.72,301.8,fused_om_nasa
2022-05-14 05:00:00+00:00,23.03,72.58,31.26,57.9,3.28,345.9,fused_om_nasa
2022-05-14 06:00:00+00:00,23.03,72.58,32.69,54.8,3.5,425.4,fused_om_nasa
2022-05-14 07:00:00+00:00,23.03,72.58,34.8,46.4,3.72,537.0,fused_om_nasa
2022-05-14 08:00:00+00:00,23.03,72.58,37.19,36.7,3.9,656.4,fused_om_nasa
2022-05-14 09:00:00+00:00,23.03,72.58,39.6,27.8,4.01,751.4,fused_om_nasa
2022-05-14 10:00:00+00:00,23.03,72.58,41.54,21.0,4.01,736.4,fused_om_nasa
2022-05-14 11:00:00+00:00,23.03,72.58,42.96,16.3,3.88,709.6,fused_om_nasa
2022-05-14 12:00:00+00:00,23.03,72.58,43.15,15.8,3.42,695.9,fused_om_nasa
2022-05-14 13:00:00+00:00,23.03,72.58,43.24,15.5,3.7,618.3,fused_om_nasa
2022-05-14 14:00:00+00:00,23.03,72.58,41.0,27.2,5.48,426.4,fused_om_nasa
2022-05-14 15:00:00+00:00,23.03,72.58,39.16,34.1,5.27,308.9,fused_om_nasa
2022-05-14 16:00:00+00:00,23.03,72.58,37.86,39.8,4.34,187.5,fused_om_nasa
2022-05-14 17:00:00+00:00,23.03,72.58,36.74,44.2,3.98,82.1,fused_om_nasa
2022-05-14 18:00:00+00:00,23.03,72.58,34.78,47.0,2.96,8.9,fused_om_nasa
2022-05-14 19:00:00+00:00,23.03,72.58,33.56,50.6,3.46,0.0,fused_om_nasa
2022-05-14 20:00:00+00:00,23.03,72.58,32.87,52.5,4.23,0.0,fused_om_nasa
2022-05-14 21:00:00+00:00,23.03,72.58,32.32,50.0,4.15,0.0,fused_om_nasa
2022-05-14 22:00:00+00:00,23.03,72.58,31.62,46.2,3.39,0.0,fused_om_nasa
2022-05-14 23:00:00+00:00,23.03,72.58,30.76,46.8,2.7,0.0,fused_om_nasa
2022-05-15 00:00:00+00:00,23.03,72.58,30.03,51.2,2.94,0.0,fused_om_nasa
2022-05-15 01:00:00+00:00,23.03,72.58,29.99,49.8,3.34,6.8,fused_om_nasa
2022-05-15 02:00:00+00:00,23.03,72.58,30.57,49.6,3.42,124.4,fused_om_nasa
2022-05-15 03:00:00+00:00,23.03,72.58,31.1,52.8,4.03,234.2,fused_om_nasa
2022-05-15 04:00:00+00:00,23.03,72.58,31.59,55.3,3.74,303.0,fused_om_nasa
2022-05-15 05:00:00+00:00,23.03,72.58,32.3,55.8,3.63,347.7,fused_om_nasa
2022-05-15 06:00:00+00:00,23.03,72.58,33.6,53.0,4.04,430.5,fused_om_nasa
2022-05-15 07:00:00+00:00,23.03,72.58,35.4,46.1,4.37,548.5,fused_om_nasa
2022-05-15 08:00:00+00:00,23.03,72.58,37.4,38.3,4.77,662.3,fused_om_nasa
2022-05-15 09:00:00+00:00,23.03,72.58,39.42,30.1,4.97,739.9,fused_om_nasa
2022-05-15 10:00:00+00:00,23.03,72.58,41.21,23.2,4.68,730.4,fused_om_nasa
2022-05-15 11:00:00+00:00,23.03,72.58,42.33,17.8,4.78,601.5,fused_om_nasa
2022-05-15 12:00:00+00:00,23.03,72.58,43.33,15.4,4.9,699.4,fused_om_nasa
2022-05-15 13:00:00+00:00,23.03,72.58,42.5,17.5,5.83,606.2,fused_om_nasa
2022-05-15 14:00:00+00:00,23.03,72.58,40.47,27.5,5.64,426.5,fused_om_nasa
2022-05-15 15:00:00+00:00,23.03,72.58,38.98,32.5,5.16,316.4,fused_om_nasa
2022-05-15 16:00:00+00:00,23.03,72.58,38.0,34.9,5.1,193.5,fused_om_nasa
2022-05-15 17:00:00+00:00,23.03,72.58,36.9,38.7,4.95,82.3,fused_om_nasa
2022-05-15 18:00:00+00:00,23.03,72.58,35.52,36.5,4.3,8.8,fused_om_nasa
2022-05-15 19:00:00+00:00,23.03,72.58,34.12,30.2,4.56,0.0,fused_om_nasa
2022-05-15 20:00:00+00:00,23.03,72.58,32.75,36.8,4.5,0.0,fused_om_nasa
2022-05-15 21:00:00+00:00,23.03,72.58,31.45,43.5,3.81,0.0,fused_om_nasa
2022-05-15 22:00:00+00:00,23.03,72.58,30.28,47.7,3.26,0.0,fused_om_nasa
2022-05-15 23:00:00+00:00,23.03,72.58,29.22,52.9,2.84,0.0,fused_om_nasa
2022-05-16 00:00:00+00:00,23.03,72.58,28.52,58.0,2.54,0.0,fused_om_nasa
2022-05-16 01:00:00+00:00,23.03,72.58,28.32,59.8,2.37,6.6,fused_om_nasa
2022-05-16 02:00:00+00:00,23.03,72.58,28.52,60.6,2.44,123.6,fused_om_nasa
2022-05-16 03:00:00+00:00,23.03,72.58,28.84,62.8,2.74,233.7,fused_om_nasa
2022-05-16 04:00:00+00:00,23.03,72.58,29.44,63.7,2.72,301.9,fused_om_nasa
2022-05-16 05:00:00+00:00,23.03,72.58,30.3,62.3,2.78,346.2,fused_om_nasa
2022-05-16 06:00:00+00:00,23.03,72.58,31.9,57.8,3.78,426.8,fused_om_nasa
2022-05-16 07:00:00+00:00,23.03,72.58,34.08,48.0,4.54,541.9,fused_om_nasa
2022-05-16 08:00:00+00:00,23.03,72.58,36.26,38.4,4.9,662.0,fused_om_nasa
2022-05-16 09:00:00+00:00,23.03,72.58,38.52,29.7,5.04,752.4,fused_om_nasa
2022-05-16 10:00:00+00:00,23.03,72.58,41.24,18.5,5.36,805.8,fused_om_nasa
2022-05-16 11:00:00+00:00,23.03,72.58,42.25,14.2,6.24,808.1,fused_om_nasa
2022-05-16 12:00:00+00:00,23.03,72.58,42.24,13.9,6.36,764.4,fused_om_nasa
2022-05-16 13:00:00+00:00,23.03,72.58,42.2,12.9,5.55,622.0,fused_om_nasa
2022-05-16 14:00:00+00:00,23.03,72.58,40.28,21.5,6.06,420.6,fused_om_nasa
2022-05-16 15:00:00+00:00,23.03,72.58,38.5,30.9,6.32,301.9,fused_om_nasa
2022-05-16 16:00:00+00:00,23.03,72.58,37.47,34.1,5.72,179.2,fused_om_nasa
2022-05-16 17:00:00+00:00,23.03,72.58,36.17,38.1,5.31,74.6,fused_om_nasa
2022-05-16 18:00:00+00:00,23.03,72.58,34.36,43.2,4.0,8.3,fused_om_nasa
2022-05-16 19:00:00+00:00,23.03,72.58,32.98,46.0,3.42,0.0,fused_om_nasa
2022-05-16 20:00:00+00:00,23.03,72.58,32.53,37.5,3.83,0.0,fused_om_nasa
2022-05-16 21:00:00+00:00,23.03,72.58,31.58,36.4,3.62,0.0,fused_om_nasa
2022-05-16 22:00:00+00:00,23.03,72.58,30.41,43.4,3.42,0.0,fused_om_nasa
2022-05-16 23:00:00+00:00,23.03,72.58,29.35,51.9,3.28,0.0,fused_om_nasa
2022-05-17 00:00:00+00:00,23.03,72.58,28.81,61.5,3.26,0.0,fused_om_nasa
2022-05-17 01:00:00+00:00,23.03,72.58,28.46,65.7,3.55,6.6,fused_om_nasa
2022-05-17 02:00:00+00:00,23.03,72.58,28.54,65.6,3.46,120.6,fused_om_nasa
2022-05-17 03:00:00+00:00,23.03,72.58,28.87,65.2,3.17,232.0,fused_om_nasa
2022-05-17 04:00:00+00:00,23.03,72.58,29.26,65.6,2.45,293.0,fused_om_nasa
2022-05-17 05:00:00+00:00,23.03,72.58,29.95,63.9,1.97,334.6,fused_om_nasa
2022-05-17 06:00:00+00:00,23.03,72.58,31.5,57.8,2.67,411.9,fused_om_nasa
2022-05-17 07:00:00+00:00,23.03,72.58,33.59,47.7,3.14,507.8,fused_om_nasa
2022-05-17 08:00:00+00:00,23.03,72.58,35.76,37.1,3.34,624.1,fused_om_nasa
2022-05-17 09:00:00+00:00,23.03,72.58,37.84,27.2,3.74,696.0,fused_om_nasa
2022-05-17 10:00:00+00:00,23.03,72.58,39.56,20.0,4.17,715.8,fused_om_nasa
2022-05-17 11:00:00+00:00,23.03,72.58,40.38,18.3,4.29,799.1,fused_om_nasa
2022-05-17 12:00:00+00:00,23.03,72.58,41.05,15.2,3.97,750.7,fused_om_nasa
2022-05-17 13:00:00+00:00,23.03,72.58,40.83,15.6,5.52,612.2,fused_om_nasa
2022-05-17 14:00:00+00:00,23.03,72.58,38.11,29.9,5.4,413.7,fused_om_nasa
2022-05-17 15:00:00+00:00,23.03,72.58,37.0,33.5,5.93,287.1,fused_om_nasa
2022-05-17 16:00:00+00:00,23.03,72.58,36.03,37.4,5.8,173.4,fused_om_nasa
2022-05-17 17:00:00+00:00,23.03,72.58,34.94,41.7,5.54,75.1,fused_om_nasa
2022-05-17 18:00:00+00:00,23.03,72.58,33.25,44.3,4.32,9.5,fused_om_nasa
2022-05-17 19:00:00+00:00,23.03,72.58,31.9,48.3,3.8,0.0,fused_om_nasa
2022-05-17 20:00:00+00:00,23.03,72.58,31.15,50.5,3.7,0.0,fused_om_nasa
2022-05-17 21:00:00+00:00,23.03,72.58,30.25,52.3,3.08,0.0,fused_om_nasa
2022-05-17 22:00:00+00:00,23.03,72.58,29.32,53.8,2.56,0.0,fused_om_nasa
2022-05-17 23:00:00+00:00,23.03,72.58,28.52,53.8,2.67,0.0,fused_om_nasa
2022-05-18 00:00:00+00:00,23.03,72.58,28.33,60.4,2.18,0.0,fused_om_nasa
2022-05-18 01:00:00+00:00,23.03,72.58,27.92,63.5,2.22,6.6,fused_om_nasa
2022-05-18 02:00:00+00:00,23.03,72.58,28.46,57.6,2.24,124.5,fused_om_nasa
2022-05-18 03:00:00+00:00,23.03,72.58,29.12,53.3,2.56,233.8,fused_om_nasa
2022-05-18 04:00:00+00:00,23.03,72.58,29.72,52.8,2.41,301.2,fused_om_nasa
2022-05-18 05:00:00+00:00,23.03,72.58,30.54,52.4,2.3,344.8,fused_om_nasa
2022-05-18 06:00:00+00:00,23.03,72.58,32.23,47.8,3.04,405.1,fused_om_nasa
2022-05-18 07:00:00+00:00,23.03,72.58,34.16,41.7,3.18,483.9,fused_om_nasa
2022-05-18 08:00:00+00:00,23.03,72.58,36.29,32.7,3.33,596.0,fused_om_nasa
2022-05-18 09:00:00+00:00,23.03,72.58,38.26,25.5,3.4,687.8,fused_om_nasa
2022-05-18 10:00:00+00:00,23.03,72.58,39.88,19.6,3.34,745.2,fused_om_nasa
2022-05-18 11:00:00+00:00,23.03,72.58,40.97,16.4,3.28,752.2,fused_om_nasa
2022-05-18 12:00:00+00:00,23.03,72.58,41.32,14.2,3.22,714.4,fused_om_nasa
2022-05-18 13:00:00+00:00,23.03,72.58,41.24,13.8,2.58,559.1,fused_om_nasa
2022-05-18 14:00:00+00:00,23.03,72.58,39.32,15.4,2.84,371.5,fused_om_nasa
2022-05-18 15:00:00+00:00,23.03,72.58,38.54,15.8,3.08,256.8,fused_om_nasa
2022-05-18 16:00:00+00:00,23.03,72.58,37.78,21.9,3.65,152.4,fused_om_nasa
2022-05-18 17:00:00+00:00,23.03,72.58,36.35,30.2,3.66,63.8,fused_om_nasa
2022-05-18 18:00:00+00:00,23.03,72.58,34.6,34.4,2.86,8.0,fused_om_nasa
2022-05-18 19:00:00+00:00,23.03,72.58,33.56,37.4,2.49,0.0,fused_om_nasa
2022-05-18 20:00:00+00:00,23.03,72.58,32.68,40.5,2.41,0.0,fused_om_nasa
2022-05-18 21:00:00+00:00,23.03,72.58,31.72,42.8,3.1,0.0,fused_om_nasa
2022-05-18 22:00:00+00:00,23.03,72.58,30.96,37.2,4.08,0.0,fused_om_nasa
2022-05-18 23:00:00+00:00,23.03,72.58,30.3,36.3,4.24,0.0,fused_om_nasa
2022-05-19 00:00:00+00:00,23.03,72.58,29.44,42.5,3.71,0.0,fused_om_nasa
2022-05-19 01:00:00+00:00,23.03,72.58,29.12,46.8,3.51,6.5,fused_om_nasa
2022-05-19 02:00:00+00:00,23.03,72.58,29.28,52.1,3.48,123.8,fused_om_nasa
2022-05-19 03:00:00+00:00,23.03,72.58,29.84,53.9,3.16,231.1,fused_om_nasa
2022-05-19 04:00:00+00:00,23.03,72.58,30.72,53.6,3.04,298.6,fused_om_nasa
2022-05-19 05:00:00+00:00,23.03,72.58,31.74,52.2,3.08,343.1,fused_om_nasa
2022-05-19 06:00:00+00:00,23.03,72.58,33.3,49.3,3.58,415.3,fused_om_nasa
2022-05-19 07:00:00+00:00,23.03,72.58,35.34,41.8,3.63,520.4,fused_om_nasa
2022-05-19 08:00:00+00:00,23.03,72.58,37.49,33.5,3.43,630.3,fused_om_nasa
2022-05-19 09:00:00+00:00,23.03,72.58,39.8,25.0,3.2,722.8,fused_om_nasa
2022-05-19 10:00:00+00:00,23.03,72.58,41.84,19.0,2.75,776.7,fused_om_nasa
2022-05-19 11:00:00+00:00,23.03,72.58,42.75,16.9,2.6,779.8,fused_om_nasa
2022-05-19 12:00:00+00:00,23.03,72.58,42.7,16.6,2.64,741.3,fused_om_nasa
2022-05-19 13:00:00+00:00,23.03,72.58,42.62,16.6,2.51,605.9,fused_om_nasa
2022-05-19 14:00:00+00:00,23.03,72.58,41.3,17.3,2.02,415.2,fused_om_nasa
2022-05-19 15:00:00+00:00,23.03,72.58,40.18,18.6,2.24,297.1,fused_om_nasa
2022-05-19 16:00:00+00:00,23.03,72.58,39.6,19.1,2.38,188.9,fused_om_nasa
2022-05-19 17:00:00+00:00,23.03,72.58,37.95,24.3,3.45,82.4,fused_om_nasa
2022-05-19 18:00:00+00:00,23.03,72.58,35.97,28.0,3.32,9.9,fused_om_nasa
2022-05-19 19:00:00+00:00,23.03,72.58,34.92,31.1,3.21,0.0,fused_om_nasa
2022-05-19 20:00:00+00:00,23.03,72.58,34.38,33.5,3.68,0.0,fused_om_nasa
2022-05-19 21:00:00+00:00,23.03,72.58,33.78,32.8,4.4,0.0,fused_om_nasa
2022-05-19 22:00:00+00:00,23.03,72.58,32.62,33.5,4.82,0.0,fused_om_nasa
2022-05-19 23:00:00+00:00,23.03,72.58,31.44,40.8,4.98,0.0,fused_om_nasa
2022-05-20 00:00:00+00:00,23.03,72.58,30.81,49.7,5.32,0.0,fused_om_nasa
2022-05-20 01:00:00+00:00,23.03,72.58,30.34,53.5,4.44,6.4,fused_om_nasa
2022-05-20 02:00:00+00:00,23.03,72.58,30.17,56.1,3.67,121.0,fused_om_nasa
2022-05-20 03:00:00+00:00,23.03,72.58,30.34,57.6,3.78,227.3,fused_om_nasa
2022-05-20 04:00:00+00:00,23.03,72.58,30.89,57.1,3.68,295.2,fused_om_nasa
2022-05-20 05:00:00+00:00,23.03,72.58,31.74,54.9,3.46,340.1,fused_om_nasa
2022-05-20 06:00:00+00:00,23.03,72.58,33.12,50.6,3.98,419.5,fused_om_nasa
2022-05-20 07:00:00+00:00,23.03,72.58,35.1,42.9,4.22,528.3,fused_om_nasa
2022-05-20 08:00:00+00:00,23.03,72.58,37.39,33.2,4.24,639.8,fused_om_nasa
2022-05-20 09:00:00+00:00,23.03,72.58,39.46,25.9,4.36,732.5,fused_om_nasa
2022-05-20 10:00:00+00:00,23.03,72.58,41.2,21.0,4.62,794.0,fused_om_nasa
2022-05-20 11:00:00+00:00,23.03,72.58,42.48,18.1,4.69,797.5,fused_om_nasa
2022-05-20 12:00:00+00:00,23.03,72.58,43.02,16.4,4.6,746.8,fused_om_nasa
2022-05-20 13:00:00+00:00,23.03,72.58,41.71,22.9,5.83,611.3,fused_om_nasa
2022-05-20 14:00:00+00:00,23.03,72.58,39.14,33.3,5.99,419.7,fused_om_nasa
2022-05-20 15:00:00+00:00,23.03,72.58,38.12,37.8,5.58,300.6,fused_om_nasa
2022-05-20 16:00:00+00:00,23.03,72.58,37.14,41.6,5.46,191.3,fused_om_nasa
2022-05-20 17:00:00+00:00,23.03,72.58,36.17,43.8,5.34,87.7,fused_om_nasa
2022-05-20 18:00:00+00:00,23.03,72.58,34.52,45.9,3.79,11.0,fused_om_nasa
2022-05-20 19:00:00+00:00,23.03,72.58,33.6,41.4,4.44,0.0,fused_om_nasa
2022-05-20 20:00:00+00:00,23.03,72.58,32.83,37.0,4.42,0.0,fused_om_nasa
2022-05-20 21:00:00+00:00,23.03,72.58,31.62,43.5,4.69,0.0,fused_om_nasa
2022-05-20 22:00:00+00:00,23.03,72.58,30.49,51.2,5.34,0.0,fused_om_nasa
2022-05-20 23:00:00+00:00,23.03,72.58,29.34,55.9,5.34,0.0,fused_om_nasa
2022-05-21 00:00:00+00:00,23.03,72.58,28.4,58.3,4.88,0.0,fused_om_nasa
2022-05-21 01:00:00+00:00,23.03,72.58,27.9,63.6,4.66,6.4,fused_om_nasa
2022-05-21 02:00:00+00:00,23.03,72.58,27.88,67.0,4.88,122.7,fused_om_nasa
2022-05-21 03:00:00+00:00,23.03,72.58,28.3,67.3,4.78,230.3,fused_om_nasa
2022-05-21 04:00:00+00:00,23.03,72.58,29.03,66.1,4.83,296.6,fused_om_nasa
2022-05-21 05:00:00+00:00,23.03,72.58,30.09,62.9,5.07,341.6,fused_om_nasa
2022-05-21 06:00:00+00:00,23.03,72.58,31.56,57.4,5.76,417.5,fused_om_nasa
2022-05-21 07:00:00+00:00,23.03,72.58,33.42,49.9,6.22,519.4,fused_om_nasa
2022-05-21 08:00:00+00:00,23.03,72.58,35.59,41.1,6.68,629.8,fused_om_nasa
2022-05-21 09:00:00+00:00,23.03,72.58,37.85,31.8,7.29,724.3,fused_om_nasa
2022-05-21 10:00:00+00:00,23.03,72.58,39.53,25.5,7.82,778.5,fused_om_nasa
2022-05-21 11:00:00+00:00,23.03,72.58,40.68,22.5,8.5,782.6,fused_om_nasa
2022-05-21 12:00:00+00:00,23.03,72.58,40.25,24.2,7.8,729.1,fused_om_nasa
2022-05-21 13:00:00+00:00,23.03,72.58,38.53,34.8,8.07,546.7,fused_om_nasa
2022-05-21 14:00:00+00:00,23.03,72.58,37.6,38.9,6.98,378.2,fused_om_nasa
2022-05-21 15:00:00+00:00,23.03,72.58,37.06,41.3,6.01,264.5,fused_om_nasa
2022-05-21 16:00:00+00:00,23.03,72.58,36.61,38.4,6.44,163.0,fused_om_nasa
2022-05-21 17:00:00+00:00,23.03,72.58,35.26,39.7,8.24,74.0,fused_om_nasa
2022-05-21 18:00:00+00:00,23.03,72.58,33.36,46.2,7.3,10.2,fused_om_nasa
2022-05-21 19:00:00+00:00,23.03,72.58,31.95,50.2,6.26,0.0,fused_om_nasa
2022-05-21 20:00:00+00:00,23.03,72.58,30.99,53.1,5.94,0.0,fused_om_nasa
2022-05-21 21:00:00+00:00,23.03,72.58,29.96,55.7,6.32,0.0,fused_om_nasa
2022-05-21 22:00:00+00:00,23.03,72.58,28.88,61.7,6.07,0.0,fused_om_nasa
2022-05-21 23:00:00+00:00,23.03,72.58,28.14,65.8,5.88,0.0,fused_om_nasa
2022-05-22 00:00:00+00:00,23.03,72.58,27.86,67.2,5.38,0.0,fused_om_nasa
2022-05-22 01:00:00+00:00,23.03,72.58,27.97,67.5,5.74,6.4,fused_om_nasa
2022-05-22 02:00:00+00:00,23.03,72.58,28.4,65.9,6.34,66.6,fused_om_nasa
2022-05-22 03:00:00+00:00,23.03,72.58,29.3,62.1,6.24,125.2,fused_om_nasa
2022-05-22 04:00:00+00:00,23.03,72.58,30.08,59.4,6.06,123.2,fused_om_nasa
2022-05-22 05:00:00+00:00,23.03,72.58,30.92,56.4,5.92,132.4,fused_om_nasa
2022-05-22 06:00:00+00:00,23.03,72.58,32.28,52.4,6.24,215.0,fused_om_nasa
2022-05-22 07:00:00+00:00,23.03,72.58,33.97,47.1,6.54,386.0,fused_om_nasa
2022-05-22 08:00:00+00:00,23.03,72.58,35.68,42.7,6.72,558.4,fused_om_nasa
2022-05-22 09:00:00+00:00,23.03,72.58,37.38,37.7,6.95,650.8,fused_om_nasa
2022-05-22 10:00:00+00:00,23.03,72.58,38.87,32.3,7.1,676.0,fused_om_nasa
2022-05-22 11:00:00+00:00,23.03,72.58,40.01,28.9,7.56,688.2,fused_om_nasa
2022-05-22 12:00:00+00:00,23.03,72.58,38.56,34.0,7.92,718.7,fused_om_nasa
2022-05-22 13:00:00+00:00,23.03,72.58,38.4,37.3,7.62,543.0,fused_om_nasa
2022-05-22 14:00:00+00:00,23.03,72.58,37.7,40.4,6.57,389.1,fused_om_nasa
2022-05-22 15:00:00+00:00,23.03,72.58,37.12,42.5,5.84,286.6,fused_om_nasa
2022-05-22 16:00:00+00:00,23.03,72.58,36.72,43.3,5.18,173.4,fused_om_nasa
2022-05-22 17:00:00+00:00,23.03,72.58,36.03,40.6,7.46,74.2,fused_om_nasa
2022-05-22 18:00:00+00:00,23.03,72.58,34.28,45.7,6.93,9.1,fused_om_nasa
2022-05-22 19:00:00+00:00,23.03,72.58,32.89,50.1,5.7,0.0,fused_om_nasa
2022-05-22 20:00:00+00:00,23.03,72.58,32.11,51.4,5.99,0.0,fused_om_nasa
2022-05-22 21:00:00+00:00,23.03,72.58,31.09,54.6,7.0,0.0,fused_om_nasa
2022-05-22 22:00:00+00:00,23.03,72.58,30.06,60.1,6.99,0.0,fused_om_nasa
2022-05-22 23:00:00+00:00,23.03,72.58,29.29,64.5,6.62,0.0,fused_om_nasa
2022-05-23 00:00:00+00:00,23.03,72.58,28.9,66.8,5.94,0.0,fused_om_nasa
2022-05-23 01:00:00+00:00,23.03,72.58,28.76,68.5,6.46,6.3,fused_om_nasa
2022-05-23 02:00:00+00:00,23.03,72.58,29.08,67.3,6.6,75.2,fused_om_nasa
2022-05-23 03:00:00+00:00,23.03,72.58,29.8,64.4,6.28,155.4,fused_om_nasa
2022-05-23 04:00:00+00:00,23.03,72.58,30.72,60.1,6.24,245.6,fused_om_nasa
2022-05-23 05:00:00+00:00,23.03,72.58,31.6,57.3,5.86,279.4,fused_om_nasa
2022-05-23 06:00:00+00:00,23.03,72.58,32.98,53.0,6.36,335.5,fused_om_nasa
2022-05-23 07:00:00+00:00,23.03,72.58,34.25,48.8,6.52,370.1,fused_om_nasa
2022-05-23 08:00:00+00:00,23.03,72.58,36.11,43.1,6.7,488.3,fused_om_nasa
2022-05-23 09:00:00+00:00,23.03,72.58,37.8,37.4,6.99,560.4,fused_om_nasa
2022-05-23 10:00:00+00:00,23.03,72.58,39.24,32.8,7.39,591.0,fused_om_nasa
2022-05-23 11:00:00+00:00,23.03,72.58,40.25,28.7,7.7,623.4,fused_om_nasa
2022-05-23 12:00:00+00:00,23.03,72.58,38.83,34.7,8.0,504.0,fused_om_nasa
2022-05-23 13:00:00+00:00,23.03,72.58,38.54,38.0,7.82,425.4,fused_om_nasa
2022-05-23 14:00:00+00:00,23.03,72.58,37.7,41.3,6.92,278.7,fused_om_nasa
2022-05-23 15:00:00+00:00,23.03,72.58,37.07,44.1,6.36,200.4,fused_om_nasa
2022-05-23 16:00:00+00:00,23.03,72.58,36.38,46.0,5.78,107.0,fused_om_nasa
2022-05-23 17:00:00+00:00,23.03,72.58,35.63,47.6,4.94,48.9,fused_om_nasa
2022-05-23 18:00:00+00:00,23.03,72.58,34.64,45.8,5.88,7.5,fused_om_nasa
2022-05-23 19:00:00+00:00,23.03,72.58,33.49,48.7,4.76,0.0,fused_om_nasa
2022-05-23 20:00:00+00:00,23.03,72.58,32.7,49.6,5.8,0.0,fused_om_nasa
2022-05-23 21:00:00+00:00,23.03,72.58,31.62,53.6,5.94,0.0,fused_om_nasa
2022-05-23 22:00:00+00:00,23.03,72.58,30.58,58.4,5.8,0.0,fused_om_nasa
2022-05-23 23:00:00+00:00,23.03,72.58,29.6,62.8,5.34,0.0,fused_om_nasa
2022-05-24 00:00:00+00:00,23.03,72.58,29.52,64.0,5.44,0.0,fused_om_nasa
2022-05-24 01:00:00+00:00,23.03,72.58,29.44,64.9,5.94,0.0,fused_om_nasa
2022-05-24 02:00:00+00:00,23.03,72.58,29.67,64.0,5.82,88.2,fused_om_nasa
2022-05-24 03:00:00+00:00,23.03,72.58,30.22,61.9,5.04,179.9,fused_om_nasa
2022-05-24 04:00:00+00:00,23.03,72.58,30.9,59.8,4.41,224.4,fused_om_nasa
2022-05-24 05:00:00+00:00,23.03,72.58,31.58,57.6,3.92,281.9,fused_om_nasa
2022-05-24 06:00:00+00:00,23.03,72.58,32.61,53.8,3.94,334.0,fused_om_nasa
2022-05-24 07:00:00+00:00,23.03,72.58,34.12,48.4,3.99,426.6,fused_om_nasa
2022-05-24 08:00:00+00:00,23.03,72.58,35.84,41.7,3.85,559.9,fused_om_nasa
2022-05-24 09:00:00+00:00,23.03,72.58,37.36,36.0,3.79,638.0,fused_om_nasa
2022-05-24 10:00:00+00:00,23.03,72.58,38.65,31.2,3.76,691.5,fused_om_nasa
2022-05-24 11:00:00+00:00,23.03,72.58,39.91,26.7,3.58,696.8,fused_om_nasa
2022-05-24 12:00:00+00:00,23.03,72.58,38.7,33.0,5.4,635.6,fused_om_nasa
2022-05-24 13:00:00+00:00,23.03,72.58,38.42,34.7,5.13,509.2,fused_om_nasa
2022-05-24 14:00:00+00:00,23.03,72.58,37.58,37.6,5.16,357.3,fused_om_nasa
2022-05-24 15:00:00+00:00,23.03,72.58,36.92,40.1,5.0,247.1,fused_om_nasa
2022-05-24 16:00:00+00:00,23.03,72.58,36.01,42.8,4.44,147.2,fused_om_nasa
2022-05-24 17:00:00+00:00,23.03,72.58,35.09,46.0,3.81,64.8,fused_om_nasa
2022-05-24 18:00:00+00:00,23.03,72.58,33.82,48.4,2.86,8.8,fused_om_nasa
2022-05-24 19:00:00+00:00,23.03,72.58,32.83,50.7,2.92,0.0,fused_om_nasa
2022-05-24 20:00:00+00:00,23.03,72.58,32.52,51.6,3.7,0.0,fused_om_nasa
2022-05-24 21:00:00+00:00,23.03,72.58,31.92,53.5,4.17,0.0,fused_om_nasa
2022-05-24 22:00:00+00:00,23.03,72.58,31.2,59.0,3.88,0.0,fused_om_nasa
2022-05-24 23:00:00+00:00,23.03,72.58,30.6,61.9,3.68,0.0,fused_om_nasa
2022-05-25 00:00:00+00:00,23.03,72.58,30.47,65.0,3.56,0.0,fused_om_nasa
2022-05-25 01:00:00+00:00,23.03,72.58,30.2,64.4,4.09,6.2,fused_om_nasa
2022-05-25 02:00:00+00:00,23.03,72.58,30.14,64.1,4.1,94.6,fused_om_nasa
2022-05-25 03:00:00+00:00,23.03,72.58,30.35,63.0,3.94,171.8,fused_om_nasa
2022-05-25 04:00:00+00:00,23.03,72.58,30.9,60.8,3.79,260.9,fused_om_nasa
2022-05-25 05:00:00+00:00,23.03,72.58,31.52,58.4,3.68,228.2,fused_om_nasa
2022-05-25 06:00:00+00:00,23.03,72.58,32.44,55.6,3.88,331.9,fused_om_nasa
2022-05-25 07:00:00+00:00,23.03,72.58,33.84,49.9,4.03,444.6,fused_om_nasa
2022-05-25 08:00:00+00:00,23.03,72.58,35.68,42.4,4.04,571.6,fused_om_nasa
2022-05-25 09:00:00+00:00,23.03,72.58,37.54,35.8,3.98,668.8,fused_om_nasa
2022-05-25 10:00:00+00:00,23.03,72.58,39.04,29.8,3.84,698.4,fused_om_nasa
2022-05-25 11:00:00+00:00,23.03,72.58,40.14,25.8,3.86,718.1,fused_om_nasa
2022-05-25 12:00:00+00:00,23.03,72.58,40.12,23.6,3.96,682.6,fused_om_nasa
2022-05-25 13:00:00+00:00,23.03,72.58,40.14,22.3,3.86,585.0,fused_om_nasa
2022-05-25 14:00:00+00:00,23.03,72.58,39.36,23.4,3.55,398.8,fused_om_nasa
2022-05-25 15:00:00+00:00,23.03,72.58,37.45,33.2,4.7,279.8,fused_om_nasa
2022-05-25 16:00:00+00:00,23.03,72.58,36.25,36.4,4.64,171.8,fused_om_nasa
2022-05-25 17:00:00+00:00,23.03,72.58,35.36,39.9,4.16,74.7,fused_om_nasa
2022-05-25 18:00:00+00:00,23.03,72.58,34.12,42.5,3.16,10.2,fused_om_nasa
2022-05-25 19:00:00+00:00,23.03,72.58,32.9,45.2,2.7,0.0,fused_om_nasa
2022-05-25 20:00:00+00:00,23.03,72.58,32.34,45.1,3.14,0.0,fused_om_nasa
2022-05-25 21:00:00+00:00,23.03,72.58,31.46,45.6,3.76,0.0,fused_om_nasa
2022-05-25 22:00:00+00:00,23.03,72.58,30.62,50.7,4.06,0.0,fused_om_nasa
2022-05-25 23:00:00+00:00,23.03,72.58,29.85,57.5,4.0,0.0,fused_om_nasa
2022-05-26 00:00:00+00:00,23.03,72.58,29.35,64.5,3.82,0.0,fused_om_nasa
2022-05-26 01:00:00+00:00,23.03,72.58,29.06,67.3,4.04,6.2,fused_om_nasa
2022-05-26 02:00:00+00:00,23.03,72.58,29.2,67.4,4.53,109.6,fused_om_nasa
2022-05-26 03:00:00+00:00,23.03,72.58,29.54,66.0,4.62,166.1,fused_om_nasa
2022-05-26 04:00:00+00:00,23.03,72.58,30.02,64.0,4.38,254.6,fused_om_nasa
2022-05-26 05:00:00+00:00,23.03,72.58,30.81,61.3,4.19,318.8,fused_om_nasa
2022-05-26 06:00:00+00:00,23.03,72.58,32.15,56.9,4.69,402.8,fused_om_nasa
2022-05-26 07:00:00+00:00,23.03,72.58,33.96,48.9,5.07,507.7,fused_om_nasa
2022-05-26 08:00:00+00:00,23.03,72.58,35.82,41.1,5.08,613.1,fused_om_nasa
2022-05-26 09:00:00+00:00,23.03,72.58,37.58,33.7,4.98,650.7,fused_om_nasa
2022-05-26 10:00:00+00:00,23.03,72.58,39.08,27.7,4.99,675.0,fused_om_nasa
2022-05-26 11:00:00+00:00,23.03,72.58,40.0,24.5,5.06,664.5,fused_om_nasa
2022-05-26 12:00:00+00:00,23.03,72.58,40.17,24.5,5.34,671.4,fused_om_nasa
2022-05-26 13:00:00+00:00,23.03,72.58,38.64,32.1,6.13,583.2,fused_om_nasa
2022-05-26 14:00:00+00:00,23.03,72.58,37.68,36.5,5.97,425.3,fused_om_nasa
2022-05-26 15:00:00+00:00,23.03,72.58,36.83,39.2,5.06,312.2,fused_om_nasa
2022-05-26 16:00:00+00:00,23.03,72.58,36.18,41.4,4.68,200.3,fused_om_nasa
2022-05-26 17:00:00+00:00,23.03,72.58,35.28,44.6,3.96,89.5,fused_om_nasa
2022-05-26 18:00:00+00:00,23.03,72.58,34.38,44.8,3.42,11.9,fused_om_nasa
2022-05-26 19:00:00+00:00,23.03,72.58,33.12,46.2,4.32,0.0,fused_om_nasa
2022-05-26 20:00:00+00:00,23.03,72.58,32.24,50.8,4.6,0.0,fused_om_nasa
2022-05-26 21:00:00+00:00,23.03,72.58,31.39,54.4,5.04,0.0,fused_om_nasa
2022-05-26 22:00:00+00:00,23.03,72.58,30.37,57.9,5.02,0.0,fused_om_nasa
2022-05-26 23:00:00+00:00,23.03,72.58,29.47,60.4,5.64,0.0,fused_om_nasa
2022-05-27 00:00:00+00:00,23.03,72.58,28.99,62.9,5.68,0.0,fused_om_nasa
2022-05-27 01:00:00+00:00,23.03,72.58,28.66,66.1,6.32,6.2,fused_om_nasa
2022-05-27 02:00:00+00:00,23.03,72.58,28.82,65.7,6.32,63.4,fused_om_nasa
2022-05-27 03:00:00+00:00,23.03,72.58,29.36,63.9,6.13,140.2,fused_om_nasa
2022-05-27 04:00:00+00:00,23.03,72.58,30.26,60.2,5.55,182.9,fused_om_nasa
2022-05-27 05:00:00+00:00,23.03,72.58,31.14,56.7,5.33,218.5,fused_om_nasa
2022-05-27 06:00:00+00:00,23.03,72.58,32.42,51.7,5.58,285.8,fused_om_nasa
2022-05-27 07:00:00+00:00,23.03,72.58,33.99,46.5,6.0,370.6,fused_om_nasa
2022-05-27 08:00:00+00:00,23.03,72.58,35.56,41.6,6.06,534.2,fused_om_nasa
2022-05-27 09:00:00+00:00,23.03,72.58,37.38,36.0,6.12,630.2,fused_om_nasa
2022-05-27 10:00:00+00:00,23.03,72.58,38.56,31.8,6.38,683.1,fused_om_nasa
2022-05-27 11:00:00+00:00,23.03,72.58,39.64,28.5,6.56,699.0,fused_om_nasa
2022-05-27 12:00:00+00:00,23.03,72.58,40.24,22.5,6.48,737.5,fused_om_nasa
2022-05-27 13:00:00+00:00,23.03,72.58,38.2,35.2,6.88,615.6,fused_om_nasa
2022-05-27 14:00:00+00:00,23.03,72.58,36.92,38.9,6.32,425.1,fused_om_nasa
2022-05-27 15:00:00+00:00,23.03,72.58,36.44,42.6,5.64,300.8,fused_om_nasa
2022-05-27 16:00:00+00:00,23.03,72.58,35.8,44.9,5.5,192.3,fused_om_nasa
2022-05-27 17:00:00+00:00,23.03,72.58,34.8,47.3,5.01,87.0,fused_om_nasa
2022-05-27 18:00:00+00:00,23.03,72.58,33.6,49.9,4.39,11.9,fused_om_nasa
2022-05-27 19:00:00+00:00,23.03,72.58,32.76,49.2,5.62,0.0,fused_om_nasa
2022-05-27 20:00:00+00:00,23.03,72.58,31.97,49.6,5.96,0.0,fused_om_nasa
2022-05-27 21:00:00+00:00,23.03,72.58,30.97,51.8,6.62,0.0,fused_om_nasa
2022-05-27 22:00:00+00:00,23.03,72.58,29.93,56.7,6.14,0.0,fused_om_nasa
2022-05-27 23:00:00+00:00,23.03,72.58,29.06,62.2,6.04,0.0,fused_om_nasa
2022-05-28 00:00:00+00:00,23.03,72.58,28.84,66.8,5.84,0.0,fused_om_nasa
2022-05-28 01:00:00+00:00,23.03,72.58,28.64,68.7,6.23,6.2,fused_om_nasa
2022-05-28 02:00:00+00:00,23.03,72.58,28.96,67.1,6.3,59.0,fused_om_nasa
2022-05-28 03:00:00+00:00,23.03,72.58,29.33,65.1,6.5,79.6,fused_om_nasa
2022-05-28 04:00:00+00:00,23.03,72.58,30.2,61.0,6.05,98.8,fused_om_nasa
2022-05-28 05:00:00+00:00,23.03,72.58,31.29,56.3,6.12,232.2,fused_om_nasa
2022-05-28 06:00:00+00:00,23.03,72.58,32.39,52.3,6.2,325.4,fused_om_nasa
2022-05-28 07:00:00+00:00,23.03,72.58,33.9,47.1,6.18,439.0,fused_om_nasa
2022-05-28 08:00:00+00:00,23.03,72.58,35.62,41.1,6.35,546.4,fused_om_nasa
2022-05-28 09:00:00+00:00,23.03,72.58,37.2,35.8,6.44,619.7,fused_om_nasa
2022-05-28 10:00:00+00:00,23.03,72.58,38.75,31.0,6.59,700.5,fused_om_nasa
2022-05-28 11:00:00+00:00,23.03,72.58,40.01,27.0,6.82,749.5,fused_om_nasa
2022-05-28 12:00:00+00:00,23.03,72.58,39.94,26.8,6.52,730.7,fused_om_nasa
2022-05-28 13:00:00+00:00,23.03,72.58,38.58,34.3,7.1,585.2,fused_om_nasa
2022-05-28 14:00:00+00:00,23.03,72.58,37.33,38.6,6.97,411.3,fused_om_nasa
2022-05-28 15:00:00+00:00,23.03,72.58,36.74,41.8,5.9,297.2,fused_om_nasa
2022-05-28 16:00:00+00:00,23.03,72.58,36.03,43.5,5.44,178.4,fused_om_nasa
2022-05-28 17:00:00+00:00,23.03,72.58,35.09,45.8,4.78,78.3,fused_om_nasa
2022-05-28 18:00:00+00:00,23.03,72.58,34.22,46.6,4.6,11.0,fused_om_nasa
2022-05-28 19:00:00+00:00,23.03,72.58,33.11,45.4,5.77,0.0,fused_om_nasa
2022-05-28 20:00:00+00:00,23.03,72.58,32.03,49.9,5.34,0.0,fused_om_nasa
2022-05-28 21:00:00+00:00,23.03,72.58,31.29,53.4,5.69,0.0,fused_om_nasa
2022-05-28 22:00:00+00:00,23.03,72.58,30.4,57.1,5.76,0.0,fused_om_nasa
2022-05-28 23:00:00+00:00,23.03,72.58,29.56,60.1,6.23,0.0,fused_om_nasa
2022-05-29 00:00:00+00:00,23.03,72.58,29.38,64.1,6.33,0.0,fused_om_nasa
2022-05-29 01:00:00+00:00,23.03,72.58,29.0,67.0,6.19,6.2,fused_om_nasa
2022-05-29 02:00:00+00:00,23.03,72.58,29.26,66.5,6.12,48.0,fused_om_nasa
2022-05-29 03:00:00+00:00,23.03,72.58,29.4,66.4,6.27,56.0,fused_om_nasa
2022-05-29 04:00:00+00:00,23.03,72.58,30.14,62.7,6.08,63.0,fused_om_nasa
2022-05-29 05:00:00+00:00,23.03,72.58,31.22,59.3,5.94,261.1,fused_om_nasa
2022-05-29 06:00:00+00:00,23.03,72.58,32.18,55.5,5.84,327.8,fused_om_nasa
2022-05-29 07:00:00+00:00,23.03,72.58,33.7,49.8,5.82,401.9,fused_om_nasa
2022-05-29 08:00:00+00:00,23.03,72.58,35.2,44.4,5.89,500.0,fused_om_nasa
2022-05-29 09:00:00+00:00,23.03,72.58,36.7,39.2,5.88,569.8,fused_om_nasa
2022-05-29 10:00:00+00:00,23.03,72.58,38.19,33.9,6.09,628.3,fused_om_nasa
2022-05-29 11:00:00+00:00,23.03,72.58,39.38,30.2,6.06,668.4,fused_om_nasa
2022-05-29 12:00:00+00:00,23.03,72.58,39.72,29.1,6.04,684.1,fused_om_nasa
2022-05-29 13:00:00+00:00,23.03,72.58,39.66,29.2,5.99,581.6,fused_om_nasa
2022-05-29 14:00:00+00:00,23.03,72.58,37.45,38.5,6.42,384.2,fused_om_nasa
2022-05-29 15:00:00+00:00,23.03,72.58,36.55,40.8,5.66,266.0,fused_om_nasa
2022-05-29 16:00:00+00:00,23.03,72.58,35.84,43.6,5.48,165.0,fused_om_nasa
2022-05-29 17:00:00+00:00,23.03,72.58,34.86,46.9,5.04,74.0,fused_om_nasa
2022-05-29 18:00:00+00:00,23.03,72.58,33.78,49.0,4.5,10.8,fused_om_nasa
2022-05-29 19:00:00+00:00,23.03,72.58,32.82,46.9,4.57,0.0,fused_om_nasa
2022-05-29 20:00:00+00:00,23.03,72.58,31.87,47.4,4.78,0.0,fused_om_nasa
2022-05-29 21:00:00+00:00,23.03,72.58,30.8,53.1,5.34,0.0,fused_om_nasa
2022-05-29 22:00:00+00:00,23.03,72.58,29.76,59.6,5.37,0.0,fused_om_nasa
2022-05-29 23:00:00+00:00,23.03,72.58,29.12,63.0,5.17,0.0,fused_om_nasa
2022-05-30 00:00:00+00:00,23.03,72.58,28.83,66.5,4.85,0.0,fused_om_nasa
2022-05-30 01:00:00+00:00,23.03,72.58,28.61,67.0,5.2,6.2,fused_om_nasa
2022-05-30 02:00:00+00:00,23.03,72.58,28.81,67.2,5.35,65.2,fused_om_nasa
2022-05-30 03:00:00+00:00,23.03,72.58,29.04,66.4,4.94,22.4,fused_om_nasa
2022-05-30 04:00:00+00:00,23.03,72.58,29.59,65.0,4.56,74.7,fused_om_nasa
2022-05-30 05:00:00+00:00,23.03,72.58,30.46,62.7,4.39,259.4,fused_om_nasa
2022-05-30 06:00:00+00:00,23.03,72.58,31.69,58.0,4.45,359.1,fused_om_nasa
2022-05-30 07:00:00+00:00,23.03,72.58,33.45,51.1,4.75,458.6,fused_om_nasa
2022-05-30 08:00:00+00:00,23.03,72.58,35.21,44.4,4.97,547.9,fused_om_nasa
2022-05-30 09:00:00+00:00,23.03,72.58,37.0,37.7,5.12,652.6,fused_om_nasa
2022-05-30 10:00:00+00:00,23.03,72.58,38.67,31.8,5.24,726.2,fused_om_nasa
2022-05-30 11:00:00+00:00,23.03,72.58,39.79,27.5,5.32,747.7,fused_om_nasa
2022-05-30 12:00:00+00:00,23.03,72.58,40.22,27.1,5.2,733.2,fused_om_nasa
2022-05-30 13:00:00+00:00,23.03,72.58,39.08,33.0,5.94,591.8,fused_om_nasa
2022-05-30 14:00:00+00:00,23.03,72.58,38.15,36.0,5.67,401.7,fused_om_nasa
2022-05-30 15:00:00+00:00,23.03,72.58,37.42,38.6,5.28,278.6,fused_om_nasa
2022-05-30 16:00:00+00:00,23.03,72.58,36.72,39.6,4.99,174.1,fused_om_nasa
2022-05-30 17:00:00+00:00,23.03,72.58,35.72,42.6,4.85,80.0,fused_om_nasa
2022-05-30 18:00:00+00:00,23.03,72.58,34.44,46.6,4.13,11.8,fused_om_nasa
2022-05-30 19:00:00+00:00,23.03,72.58,33.25,50.5,3.86,0.0,fused_om_nasa
2022-05-30 20:00:00+00:00,23.03,72.58,32.48,48.6,4.97,0.0,fused_om_nasa
2022-05-30 21:00:00+00:00,23.03,72.58,31.28,50.0,5.24,0.0,fused_om_nasa
2022-05-30 22:00:00+00:00,23.03,72.58,30.0,59.4,5.38,0.0,fused_om_nasa
2022-05-30 23:00:00+00:00,23.03,72.58,29.01,65.6,5.62,0.0,fused_om_nasa
2022-05-31 00:00:00+00:00,23.03,72.58,28.62,71.9,5.48,0.0,fused_om_nasa
2022-05-31 01:00:00+00:00,23.03,72.58,28.29,73.4,5.52,6.2,fused_om_nasa
2022-05-31 02:00:00+00:00,23.03,72.58,28.44,71.9,5.26,69.6,fused_om_nasa
2022-05-31 03:00:00+00:00,23.03,72.58,29.0,68.8,5.01,144.4,fused_om_nasa
2022-05-31 04:00:00+00:00,23.03,72.58,29.72,65.1,4.64,241.2,fused_om_nasa
2022-05-31 05:00:00+00:00,23.03,72.58,30.5,61.4,4.3,310.0,fused_om_nasa
2022-05-31 06:00:00+00:00,23.03,72.58,31.76,56.5,4.44,382.8,fused_om_nasa
2022-05-31 07:00:00+00:00,23.03,72.58,33.46,50.2,4.44,487.2,fused_om_nasa
2022-05-31 08:00:00+00:00,23.03,72.58,35.36,42.3,4.44,593.0,fused_om_nasa
2022-05-31 09:00:00+00:00,23.03,72.58,37.22,35.5,4.56,651.7,fused_om_nasa
2022-05-31 10:00:00+00:00,23.03,72.58,38.9,29.0,4.46,717.6,fused_om_nasa
2022-05-31 11:00:00+00:00,23.03,72.58,40.42,23.6,4.64,741.0,fused_om_nasa
2022-05-31 12:00:00+00:00,23.03,72.58,40.74,24.5,4.17,731.8,fused_om_nasa
2022-05-31 13:00:00+00:00,23.03,72.58,40.9,23.2,4.3,609.0,fused_om_nasa
2022-05-31 14:00:00+00:00,23.03,72.58,40.4,23.0,3.55,428.2,fused_om_nasa
2022-05-31 15:00:00+00:00,23.03,72.58,38.38,32.5,5.74,304.7,fused_om_nasa
2022-05-31 16:00:00+00:00,23.03,72.58,36.94,37.9,4.93,194.3,fused_om_nasa
2022-05-31 17:00:00+00:00,23.03,72.58,36.09,41.0,4.2,88.3,fused_om_nasa
2022-05-31 18:00:00+00:00,23.03,72.58,34.44,45.1,3.14,13.5,fused_om_nasa
2022-05-31 19:00:00+00:00,23.03,72.58,33.25,45.0,3.21,0.0,fused_om_nasa
2022-05-31 20:00:00+00:00,23.03,72.58,32.88,42.1,3.85,0.0,fused_om_nasa
2022-05-31 21:00:00+00:00,23.03,72.58,31.98,46.9,4.53,0.0,fused_om_nasa
2022-05-31 22:00:00+00:00,23.03,72.58,30.74,53.1,4.71,0.0,fused_om_nasa
2022-05-31 23:00:00+00:00,23.03,72.58,29.7,59.3,4.38,0.0,fused_om_nasa
2022-06-01 00:00:00+00:00,23.03,72.58,29.09,64.3,4.2,0.0,fused_om_nasa
2022-06-01 01:00:00+00:00,23.03,72.58,28.58,67.1,4.5,6.2,fused_om_nasa
2022-06-01 02:00:00+00:00,23.03,72.58,28.38,69.3,4.55,115.0,fused_om_nasa
2022-06-01 03:00:00+00:00,23.03,72.58,28.68,68.9,4.26,221.6,fused_om_nasa
2022-06-01 04:00:00+00:00,23.03,72.58,29.28,67.2,3.82,290.3,fused_om_nasa
2022-06-01 05:00:00+00:00,23.03,72.58,30.2,64.3,3.53,337.3,fused_om_nasa
2022-06-01 06:00:00+00:00,23.03,72.58,31.74,57.6,3.84,427.0,fused_om_nasa
2022-06-01 07:00:00+00:00,23.03,72.58,33.82,47.6,3.94,535.3,fused_om_nasa
2022-06-01 08:00:00+00:00,23.03,72.58,36.02,38.3,4.03,647.2,fused_om_nasa
2022-06-01 09:00:00+00:00,23.03,72.58,38.24,29.4,4.14,738.3,fused_om_nasa
2022-06-01 10:00:00+00:00,23.03,72.58,40.24,22.1,4.39,795.0,fused_om_nasa
2022-06-01 11:00:00+00:00,23.03,72.58,41.79,16.3,4.82,792.6,fused_om_nasa
2022-06-01 12:00:00+00:00,23.03,72.58,42.56,12.3,4.11,746.3,fused_om_nasa
2022-06-01 13:00:00+00:00,23.03,72.58,42.49,11.7,3.32,629.1,fused_om_nasa
2022-06-01 14:00:00+00:00,23.03,72.58,39.38,25.7,5.42,449.2,fused_om_nasa
2022-06-01 15:00:00+00:00,23.03,72.58,38.5,28.0,5.01,324.7,fused_om_nasa
2022-06-01 16:00:00+00:00,23.03,72.58,37.14,33.1,4.59,214.8,fused_om_nasa
2022-06-01 17:00:00+00:00,23.03,72.58,36.24,34.9,4.04,91.2,fused_om_nasa
2022-06-01 18:00:00+00:00,23.03,72.58,34.4,38.0,2.6,11.6,fused_om_nasa
2022-06-01 19:00:00+00:00,23.03,72.58,32.72,40.8,2.37,0.0,fused_om_nasa
2022-06-01 20:00:00+00:00,23.03,72.58,32.06,37.6,2.96,0.0,fused_om_nasa
2022-06-01 21:00:00+00:00,23.03,72.58,31.38,35.5,3.74,0.0,fused_om_nasa
2022-06-01 22:00:00+00:00,23.03,72.58,30.0,40.5,3.89,0.0,fused_om_nasa
2022-06-01 23:00:00+00:00,23.03,72.58,28.87,47.1,3.92,0.0,fused_om_nasa
2022-06-02 00:00:00+00:00,23.03,72.58,28.42,60.4,3.62,0.0,fused_om_nasa
2022-06-02 01:00:00+00:00,23.03,72.58,28.02,69.4,4.14,12.2,fused_om_nasa
2022-06-02 02:00:00+00:00,23.03,72.58,28.33,72.0,5.0,97.6,fused_om_nasa
2022-06-02 03:00:00+00:00,23.03,72.58,28.92,69.3,4.89,68.3,fused_om_nasa
2022-06-02 04:00:00+00:00,23.03,72.58,29.54,67.5,4.05,228.1,fused_om_nasa
2022-06-02 05:00:00+00:00,23.03,72.58,30.44,64.4,3.81,327.5,fused_om_nasa
2022-06-02 06:00:00+00:00,23.03,72.58,32.14,58.2,4.35,411.1,fused_om_nasa
2022-06-02 07:00:00+00:00,23.03,72.58,34.62,46.7,4.46,518.5,fused_om_nasa
2022-06-02 08:00:00+00:00,23.03,72.58,37.12,34.3,4.77,628.4,fused_om_nasa
2022-06-02 09:00:00+00:00,23.03,72.58,39.16,25.8,4.97,708.1,fused_om_nasa
2022-06-02 10:00:00+00:00,23.03,72.58,40.97,18.4,4.96,742.9,fused_om_nasa
2022-06-02 11:00:00+00:00,23.03,72.58,42.24,14.3,5.2,752.7,fused_om_nasa
2022-06-02 12:00:00+00:00,23.03,72.58,42.7,12.4,5.24,720.7,fused_om_nasa
2022-06-02 13:00:00+00:00,23.03,72.58,42.44,12.2,4.81,614.9,fused_om_nasa
2022-06-02 14:00:00+00:00,23.03,72.58,41.14,12.9,4.2,435.3,fused_om_nasa
2022-06-02 15:00:00+00:00,23.03,72.58,39.52,19.7,5.78,316.2,fused_om_nasa
2022-06-02 16:00:00+00:00,23.03,72.58,37.62,32.7,5.7,208.5,fused_om_nasa
2022-06-02 17:00:00+00:00,23.03,72.58,37.03,34.9,5.24,90.8,fused_om_nasa
2022-06-02 18:00:00+00:00,23.03,72.58,35.52,30.4,3.89,12.6,fused_om_nasa
2022-06-02 19:00:00+00:00,23.03,72.58,34.08,24.5,4.22,0.0,fused_om_nasa
2022-06-02 20:00:00+00:00,23.03,72.58,32.92,31.5,5.14,0.0,fused_om_nasa
2022-06-02 21:00:00+00:00,23.03,72.58,31.7,39.0,4.99,0.0,fused_om_nasa
2022-06-02 22:00:00+00:00,23.03,72.58,30.58,46.3,4.88,0.0,fused_om_nasa
2022-06-02 23:00:00+00:00,23.03,72.58,29.66,53.7,4.94,0.0,fused_om_nasa
2022-06-03 00:00:00+00:00,23.03,72.58,28.68,59.9,4.38,0.0,fused_om_nasa
2022-06-03 01:00:00+00:00,23.03,72.58,28.3,64.6,4.16,6.1,fused_om_nasa
2022-06-03 02:00:00+00:00,23.03,72.58,28.35,67.5,4.38,80.2,fused_om_nasa
2022-06-03 03:00:00+00:00,23.03,72.58,28.74,68.0,4.73,175.8,fused_om_nasa
2022-06-03 04:00:00+00:00,23.03,72.58,29.54,65.4,4.57,274.0,fused_om_nasa
2022-06-03 05:00:00+00:00,23.03,72.58,30.56,61.8,4.36,323.6,fused_om_nasa
2022-06-03 06:00:00+00:00,23.03,72.58,31.98,56.2,4.36,405.7,fused_om_nasa
2022-06-03 07:00:00+00:00,23.03,72.58,33.82,47.1,4.31,502.4,fused_om_nasa
2022-06-03 08:00:00+00:00,23.03,72.58,35.98,36.9,4.31,600.0,fused_om_nasa
2022-06-03 09:00:00+00:00,23.03,72.58,38.26,27.7,4.35,683.2,fused_om_nasa
2022-06-03 10:00:00+00:00,23.03,72.58,40.4,19.9,4.64,743.2,fused_om_nasa
2022-06-03 11:00:00+00:00,23.03,72.58,41.92,15.7,5.03,757.9,fused_om_nasa
2022-06-03 12:00:00+00:00,23.03,72.58,42.26,12.8,4.71,713.2,fused_om_nasa
2022-06-03 13:00:00+00:00,23.03,72.58,42.02,12.6,4.5,599.6,fused_om_nasa
2022-06-03 14:00:00+00:00,23.03,72.58,40.4,13.9,4.08,428.6,fused_om_nasa
2022-06-03 15:00:00+00:00,23.03,72.58,38.32,28.4,5.78,316.2,fused_om_nasa
2022-06-03 16:00:00+00:00,23.03,72.58,37.28,33.3,5.94,210.8,fused_om_nasa
2022-06-03 17:00:00+00:00,23.03,72.58,36.29,38.0,5.38,99.4,fused_om_nasa
2022-06-03 18:00:00+00:00,23.03,72.58,35.39,34.4,4.06,14.9,fused_om_nasa
2022-06-03 19:00:00+00:00,23.03,72.58,34.06,31.6,4.16,0.0,fused_om_nasa
2022-06-03 20:00:00+00:00,23.03,72.58,33.05,35.7,5.04,0.0,fused_om_nasa
2022-06-03 21:00:00+00:00,23.03,72.58,31.76,43.4,5.22,0.0,fused_om_nasa
2022-06-03 22:00:00+00:00,23.03,72.58,30.6,50.5,5.2,0.0,fused_om_nasa
2022-06-03 23:00:00+00:00,23.03,72.58,29.54,57.7,5.08,0.0,fused_om_nasa
2022-06-04 00:00:00+00:00,23.03,72.58,29.02,62.6,4.29,0.0,fused_om_nasa
2022-06-04 01:00:00+00:00,23.03,72.58,28.62,66.5,4.19,12.2,fused_om_nasa
2022-06-04 02:00:00+00:00,23.03,72.58,28.68,68.4,4.05,114.9,fused_om_nasa
2022-06-04 03:00:00+00:00,23.03,72.58,29.08,67.1,4.24,211.6,fused_om_nasa
2022-06-04 04:00:00+00:00,23.03,72.58,29.69,65.2,3.5,263.2,fused_om_nasa
2022-06-04 05:00:00+00:00,23.03,72.58,30.58,62.5,3.29,333.5,fused_om_nasa
2022-06-04 06:00:00+00:00,23.03,72.58,32.04,57.2,3.96,420.2,fused_om_nasa
2022-06-04 07:00:00+00:00,23.03,72.58,34.16,47.3,4.21,535.5,fused_om_nasa
2022-06-04 08:00:00+00:00,23.03,72.58,36.59,35.3,4.45,649.0,fused_om_nasa
2022-06-04 09:00:00+00:00,23.03,72.58,39.02,23.6,4.81,742.7,fused_om_nasa
2022-06-04 10:00:00+00:00,23.03,72.58,40.67,17.9,4.93,767.4,fused_om_nasa
2022-06-04 11:00:00+00:00,23.03,72.58,41.74,15.7,4.96,780.8,fused_om_nasa
2022-06-04 12:00:00+00:00,23.03,72.58,41.77,13.9,4.74,728.0,fused_om_nasa
2022-06-04 13:00:00+00:00,23.03,72.58,41.68,13.1,4.06,634.9,fused_om_nasa
2022-06-04 14:00:00+00:00,23.03,72.58,40.41,14.2,3.8,454.5,fused_om_nasa
2022-06-04 15:00:00+00:00,23.03,72.58,39.19,20.1,5.7,332.4,fused_om_nasa
2022-06-04 16:00:00+00:00,23.03,72.58,37.37,30.2,5.03,223.4,fused_om_nasa
2022-06-04 17:00:00+00:00,23.03,72.58,36.28,32.6,4.72,103.8,fused_om_nasa
2022-06-04 18:00:00+00:00,23.03,72.58,34.67,36.0,3.85,15.8,fused_om_nasa
2022-06-04 19:00:00+00:00,23.03,72.58,33.15,36.6,3.36,0.0,fused_om_nasa
2022-06-04 20:00:00+00:00,23.03,72.58,32.64,26.4,4.13,0.0,fused_om_nasa
2022-06-04 21:00:00+00:00,23.03,72.58,31.45,28.5,4.23,0.0,fused_om_nasa
2022-06-04 22:00:00+00:00,23.03,72.58,30.2,38.0,3.74,0.0,fused_om_nasa
2022-06-04 23:00:00+00:00,23.03,72.58,29.08,49.8,3.45,0.0,fused_om_nasa
2022-06-05 00:00:00+00:00,23.03,72.58,28.65,57.5,3.05,0.0,fused_om_nasa
2022-06-05 01:00:00+00:00,23.03,72.58,28.16,66.0,3.51,12.2,fused_om_nasa
2022-06-05 02:00:00+00:00,23.03,72.58,28.15,68.9,3.36,110.6,fused_om_nasa
2022-06-05 03:00:00+00:00,23.03,72.58,28.53,68.4,3.0,207.2,fused_om_nasa
2022-06-05 04:00:00+00:00,23.03,72.58,29.28,66.3,2.86,278.2,fused_om_nasa
2022-06-05 05:00:00+00:00,23.03,72.58,30.34,62.7,2.88,326.5,fused_om_nasa
2022-06-05 06:00:00+00:00,23.03,72.58,32.07,55.2,3.14,417.4,fused_om_nasa
2022-06-05 07:00:00+00:00,23.03,72.58,34.07,45.2,3.22,534.5,fused_om_nasa
2022-06-05 08:00:00+00:00,23.03,72.58,36.0,35.6,3.27,645.3,fused_om_nasa
2022-06-05 09:00:00+00:00,23.03,72.58,38.14,26.7,3.42,732.5,fused_om_nasa
2022-06-05 10:00:00+00:00,23.03,72.58,40.03,19.9,3.74,784.5,fused_om_nasa
2022-06-05 11:00:00+00:00,23.03,72.58,41.22,17.1,3.73,786.6,fused_om_nasa
2022-06-05 12:00:00+00:00,23.03,72.58,41.8,13.2,3.57,743.0,fused_om_nasa
2022-06-05 13:00:00+00:00,23.03,72.58,41.95,11.6,2.89,622.3,fused_om_nasa
2022-06-05 14:00:00+00:00,23.03,72.58,39.75,12.4,3.34,433.8,fused_om_nasa
2022-06-05 15:00:00+00:00,23.03,72.58,39.46,12.9,3.66,310.3,fused_om_nasa
2022-06-05 16:00:00+00:00,23.03,72.58,37.34,29.1,4.33,200.8,fused_om_nasa
2022-06-05 17:00:00+00:00,23.03,72.58,36.49,32.9,3.89,93.0,fused_om_nasa
2022-06-05 18:00:00+00:00,23.03,72.58,34.72,38.5,2.76,13.6,fused_om_nasa
2022-06-05 19:00:00+00:00,23.03,72.58,33.16,41.6,2.34,0.0,fused_om_nasa
2022-06-05 20:00:00+00:00,23.03,72.58,32.66,30.8,3.02,0.0,fused_om_nasa
2022-06-05 21:00:00+00:00,23.03,72.58,31.48,33.6,3.66,0.0,fused_om_nasa
2022-06-05 22:00:00+00:00,23.03,72.58,30.41,42.3,3.66,0.0,fused_om_nasa
2022-06-05 23:00:00+00:00,23.03,72.58,29.49,50.6,3.28,0.0,fused_om_nasa
2022-06-06 00:00:00+00:00,23.03,72.58,29.04,55.7,3.12,0.0,fused_om_nasa
2022-06-06 01:00:00+00:00,23.03,72.58,28.76,61.5,3.22,6.1,fused_om_nasa
2022-06-06 02:00:00+00:00,23.03,72.58,28.8,63.3,3.39,110.6,fused_om_nasa
2022-06-06 03:00:00+00:00,23.03,72.58,29.18,63.4,3.4,213.0,fused_om_nasa
2022-06-06 04:00:00+00:00,23.03,72.58,29.75,63.1,3.26,281.4,fused_om_nasa
2022-06-06 05:00:00+00:00,23.03,72.58,30.6,61.4,3.08,326.9,fused_om_nasa
2022-06-06 06:00:00+00:00,23.03,72.58,32.17,56.3,3.61,412.9,fused_om_nasa
2022-06-06 07:00:00+00:00,23.03,72.58,34.26,46.1,3.88,519.3,fused_om_nasa
2022-06-06 08:00:00+00:00,23.03,72.58,36.48,35.7,4.06,625.0,fused_om_nasa
2022-06-06 09:00:00+00:00,23.03,72.58,38.62,27.2,4.23,711.3,fused_om_nasa
2022-06-06 10:00:00+00:00,23.03,72.58,40.4,20.7,4.36,765.2,fused_om_nasa
2022-06-06 11:00:00+00:00,23.03,72.58,41.56,17.7,4.36,773.6,fused_om_nasa
2022-06-06 12:00:00+00:00,23.03,72.58,41.84,15.4,4.54,725.1,fused_om_nasa
2022-06-06 13:00:00+00:00,23.03,72.58,42.24,13.7,4.78,624.0,fused_om_nasa
2022-06-06 14:00:00+00:00,23.03,72.58,39.53,24.5,5.9,440.6,fused_om_nasa
2022-06-06 15:00:00+00:00,23.03,72.58,38.2,29.9,5.36,315.7,fused_om_nasa
2022-06-06 16:00:00+00:00,23.03,72.58,37.0,34.1,4.56,204.0,fused_om_nasa
2022-06-06 17:00:00+00:00,23.03,72.58,35.92,37.9,4.46,94.4,fused_om_nasa
2022-06-06 18:00:00+00:00,23.03,72.58,34.56,41.3,3.23,13.9,fused_om_nasa
2022-06-06 19:00:00+00:00,23.03,72.58,33.46,43.9,3.04,0.0,fused_om_nasa
2022-06-06 20:00:00+00:00,23.03,72.58,33.4,37.9,4.47,0.0,fused_om_nasa
2022-06-06 21:00:00+00:00,23.03,72.58,32.42,39.4,4.52,0.0,fused_om_nasa
2022-06-06 22:00:00+00:00,23.03,72.58,31.32,44.4,4.3,0.0,fused_om_nasa
2022-06-06 23:00:00+00:00,23.03,72.58,30.3,49.1,3.97,0.0,fused_om_nasa
2022-06-07 00:00:00+00:00,23.03,72.58,29.51,55.8,3.63,0.0,fused_om_nasa
2022-06-07 01:00:00+00:00,23.03,72.58,29.14,57.3,3.84,6.1,fused_om_nasa
2022-06-07 02:00:00+00:00,23.03,72.58,28.97,60.8,3.7,112.8,fused_om_nasa
2022-06-07 03:00:00+00:00,23.03,72.58,29.36,60.9,3.47,199.6,fused_om_nasa
2022-06-07 04:00:00+00:00,23.03,72.58,30.1,59.7,3.32,262.0,fused_om_nasa
2022-06-07 05:00:00+00:00,23.03,72.58,30.96,57.6,3.3,313.1,fused_om_nasa
2022-06-07 06:00:00+00:00,23.03,72.58,32.26,54.5,3.9,395.8,fused_om_nasa
2022-06-07 07:00:00+00:00,23.03,72.58,34.0,47.9,4.01,502.8,fused_om_nasa
2022-06-07 08:00:00+00:00,23.03,72.58,36.04,38.8,4.12,616.3,fused_om_nasa
2022-06-07 09:00:00+00:00,23.03,72.58,37.94,31.1,4.36,703.8,fused_om_nasa
2022-06-07 10:00:00+00:00,23.03,72.58,39.48,26.2,4.57,753.0,fused_om_nasa
2022-06-07 11:00:00+00:00,23.03,72.58,40.56,23.6,4.62,747.7,fused_om_nasa
2022-06-07 12:00:00+00:00,23.03,72.58,40.99,21.6,5.11,711.1,fused_om_nasa
2022-06-07 13:00:00+00:00,23.03,72.58,41.11,21.1,5.72,574.2,fused_om_nasa
2022-06-07 14:00:00+00:00,23.03,72.58,39.54,26.4,5.72,429.4,fused_om_nasa
2022-06-07 15:00:00+00:00,23.03,72.58,38.03,32.6,6.38,316.5,fused_om_nasa
2022-06-07 16:00:00+00:00,23.03,72.58,36.32,41.2,6.0,208.3,fused_om_nasa
2022-06-07 17:00:00+00:00,23.03,72.58,35.14,45.0,5.42,97.8,fused_om_nasa
2022-06-07 18:00:00+00:00,23.03,72.58,34.51,46.2,4.32,15.0,fused_om_nasa
2022-06-07 19:00:00+00:00,23.03,72.58,34.01,42.8,4.32,0.0,fused_om_nasa
2022-06-07 20:00:00+00:00,23.03,72.58,32.97,46.3,3.58,0.0,fused_om_nasa
2022-06-07 21:00:00+00:00,23.03,72.58,32.33,49.2,3.5,0.0,fused_om_nasa
2022-06-07 22:00:00+00:00,23.03,72.58,31.78,52.3,3.72,0.0,fused_om_nasa
2022-06-07 23:00:00+00:00,23.03,72.58,31.21,55.5,4.33,0.0,fused_om_nasa
2022-06-08 00:00:00+00:00,23.03,72.58,30.59,60.4,4.7,0.0,fused_om_nasa
2022-06-08 01:00:00+00:00,23.03,72.58,30.07,64.1,5.2,6.1,fused_om_nasa
2022-06-08 02:00:00+00:00,23.03,72.58,30.15,63.8,5.54,97.6,fused_om_nasa
2022-06-08 03:00:00+00:00,23.03,72.58,30.52,62.6,5.36,154.8,fused_om_nasa
2022-06-08 04:00:00+00:00,23.03,72.58,31.16,60.2,5.08,222.4,fused_om_nasa
2022-06-08 05:00:00+00:00,23.03,72.58,31.86,57.9,4.56,276.1,fused_om_nasa
2022-06-08 06:00:00+00:00,23.03,72.58,32.92,54.5,4.28,360.5,fused_om_nasa
2022-06-08 07:00:00+00:00,23.03,72.58,34.38,48.5,4.34,459.1,fused_om_nasa
2022-06-08 08:00:00+00:00,23.03,72.58,35.97,42.5,4.62,559.3,fused_om_nasa
2022-06-08 09:00:00+00:00,23.03,72.58,37.46,36.6,4.73,672.8,fused_om_nasa
2022-06-08 10:00:00+00:00,23.03,72.58,39.03,31.8,4.76,728.2,fused_om_nasa
2022-06-08 11:00:00+00:00,23.03,72.58,39.89,29.3,4.8,737.4,fused_om_nasa
2022-06-08 12:00:00+00:00,23.03,72.58,40.08,30.1,5.17,630.8,fused_om_nasa
2022-06-08 13:00:00+00:00,23.03,72.58,40.27,29.6,5.44,564.6,fused_om_nasa
2022-06-08 14:00:00+00:00,23.03,72.58,38.42,38.9,6.52,421.9,fused_om_nasa
2022-06-08 15:00:00+00:00,23.03,72.58,37.27,42.2,6.02,314.2,fused_om_nasa
2022-06-08 16:00:00+00:00,23.03,72.58,36.56,46.2,5.48,207.5,fused_om_nasa
2022-06-08 17:00:00+00:00,23.03,72.58,35.9,48.6,4.72,96.3,fused_om_nasa
2022-06-08 18:00:00+00:00,23.03,72.58,35.31,46.2,5.14,15.3,fused_om_nasa
2022-06-08 19:00:00+00:00,23.03,72.58,33.84,47.4,5.04,0.0,fused_om_nasa
2022-06-08 20:00:00+00:00,23.03,72.58,32.88,53.0,5.04,0.0,fused_om_nasa
2022-06-08 21:00:00+00:00,23.03,72.58,31.68,60.2,5.47,0.0,fused_om_nasa
2022-06-08 22:00:00+00:00,23.03,72.58,30.56,65.8,5.9,0.0,fused_om_nasa
2022-06-08 23:00:00+00:00,23.03,72.58,29.76,69.7,5.82,0.0,fused_om_nasa
2022-06-09 00:00:00+00:00,23.03,72.58,29.24,71.6,5.52,0.0,fused_om_nasa
2022-06-09 01:00:00+00:00,23.03,72.58,29.06,71.7,5.62,6.1,fused_om_nasa
2022-06-09 02:00:00+00:00,23.03,72.58,29.3,70.5,5.63,102.0,fused_om_nasa
2022-06-09 03:00:00+00:00,23.03,72.58,29.78,68.0,5.27,175.1,fused_om_nasa
2022-06-09 04:00:00+00:00,23.03,72.58,30.48,65.4,4.81,226.4,fused_om_nasa
2022-06-09 05:00:00+00:00,23.03,72.58,31.38,61.4,4.48,283.6,fused_om_nasa
2022-06-09 06:00:00+00:00,23.03,72.58,32.52,57.3,4.56,356.0,fused_om_nasa
2022-06-09 07:00:00+00:00,23.03,72.58,34.14,50.6,4.73,466.3,fused_om_nasa
2022-06-09 08:00:00+00:00,23.03,72.58,36.09,43.3,5.0,571.4,fused_om_nasa
2022-06-09 09:00:00+00:00,23.03,72.58,37.68,37.8,5.04,677.2,fused_om_nasa
2022-06-09 10:00:00+00:00,23.03,72.58,39.09,33.0,5.12,749.2,fused_om_nasa
2022-06-09 11:00:00+00:00,23.03,72.58,40.0,29.3,5.07,737.7,fused_om_nasa
2022-06-09 12:00:00+00:00,23.03,72.58,40.12,28.0,5.3,707.0,fused_om_nasa
2022-06-09 13:00:00+00:00,23.03,72.58,40.54,26.4,5.38,600.5,fused_om_nasa
2022-06-09 14:00:00+00:00,23.03,72.58,38.79,34.0,6.18,436.1,fused_om_nasa
2022-06-09 15:00:00+00:00,23.03,72.58,38.12,37.6,5.94,316.8,fused_om_nasa
2022-06-09 16:00:00+00:00,23.03,72.58,37.06,42.6,4.92,211.6,fused_om_nasa
2022-06-09 17:00:00+00:00,23.03,72.58,36.16,46.2,4.53,103.7,fused_om_nasa
2022-06-09 18:00:00+00:00,23.03,72.58,35.25,49.0,3.95,16.9,fused_om_nasa
2022-06-09 19:00:00+00:00,23.03,72.58,34.48,46.8,3.53,0.0,fused_om_nasa
2022-06-09 20:00:00+00:00,23.03,72.58,33.75,46.9,4.47,0.0,fused_om_nasa
2022-06-09 21:00:00+00:00,23.03,72.58,32.69,51.3,3.99,0.0,fused_om_nasa
2022-06-09 22:00:00+00:00,23.03,72.58,31.8,54.9,3.94,0.0,fused_om_nasa
2022-06-09 23:00:00+00:00,23.03,72.58,30.98,57.9,4.25,0.0,fused_om_nasa
2022-06-10 00:00:00+00:00,23.03,72.58,30.42,59.9,4.53,0.0,fused_om_nasa
2022-06-10 01:00:00+00:00,23.03,72.58,29.96,62.1,4.93,6.2,fused_om_nasa
2022-06-10 02:00:00+00:00,23.03,72.58,29.78,63.6,4.72,108.7,fused_om_nasa
2022-06-10 03:00:00+00:00,23.03,72.58,29.99,63.7,4.27,210.0,fused_om_nasa
2022-06-10 04:00:00+00:00,23.03,72.58,30.55,62.0,3.98,276.4,fused_om_nasa
2022-06-10 05:00:00+00:00,23.03,72.58,31.38,59.8,3.91,322.9,fused_om_nasa
2022-06-10 06:00:00+00:00,23.03,72.58,32.56,55.5,4.13,405.7,fused_om_nasa
2022-06-10 07:00:00+00:00,23.03,72.58,34.14,50.2,4.31,509.1,fused_om_nasa
2022-06-10 08:00:00+00:00,23.03,72.58,35.85,44.2,4.36,612.6,fused_om_nasa
2022-06-10 09:00:00+00:00,23.03,72.58,37.61,37.7,4.3,704.6,fused_om_nasa
2022-06-10 10:00:00+00:00,23.03,72.58,39.2,32.2,4.23,721.7,fused_om_nasa
2022-06-10 11:00:00+00:00,23.03,72.58,40.36,28.1,4.43,729.6,fused_om_nasa
2022-06-10 12:00:00+00:00,23.03,72.58,40.39,28.0,5.28,710.2,fused_om_nasa
2022-06-10 13:00:00+00:00,23.03,72.58,39.67,31.8,5.69,582.3,fused_om_nasa
2022-06-10 14:00:00+00:00,23.03,72.58,38.76,36.6,5.94,433.4,fused_om_nasa
2022-06-10 15:00:00+00:00,23.03,72.58,38.18,38.8,5.6,318.7,fused_om_nasa
2022-06-10 16:00:00+00:00,23.03,72.58,37.2,42.6,5.06,211.5,fused_om_nasa
2022-06-10 17:00:00+00:00,23.03,72.58,36.35,44.9,4.98,100.5,fused_om_nasa
2022-06-10 18:00:00+00:00,23.03,72.58,35.08,48.5,5.14,16.5,fused_om_nasa
2022-06-10 19:00:00+00:00,23.03,72.58,34.19,50.9,4.46,0.0,fused_om_nasa
2022-06-10 20:00:00+00:00,23.03,72.58,33.44,51.6,4.82,0.0,fused_om_nasa
2022-06-10 21:00:00+00:00,23.03,72.58,32.74,52.4,4.74,0.0,fused_om_nasa
2022-06-10 22:00:00+00:00,23.03,72.58,32.18,54.9,4.4,0.0,fused_om_nasa
2022-06-10 23:00:00+00:00,23.03,72.58,31.62,56.8,3.6,0.0,fused_om_nasa
2022-06-11 00:00:00+00:00,23.03,72.58,31.18,58.7,3.06,0.0,fused_om_nasa
2022-06-11 01:00:00+00:00,23.03,72.58,30.98,59.3,3.1,6.2,fused_om_nasa
2022-06-11 02:00:00+00:00,23.03,72.58,31.06,59.0,3.28,104.4,fused_om_nasa
2022-06-11 03:00:00+00:00,23.03,72.58,31.32,57.6,3.32,205.8,fused_om_nasa
2022-06-11 04:00:00+00:00,23.03,72.58,31.84,56.0,3.43,274.2,fused_om_nasa
2022-06-11 05:00:00+00:00,23.03,72.58,32.42,54.6,3.54,321.6,fused_om_nasa
2022-06-11 06:00:00+00:00,23.03,72.58,33.56,51.6,3.84,400.6,fused_om_nasa
2022-06-11 07:00:00+00:00,23.03,72.58,35.08,46.2,3.87,501.3,fused_om_nasa
2022-06-11 08:00:00+00:00,23.03,72.58,36.83,40.6,3.73,608.7,fused_om_nasa
2022-06-11 09:00:00+00:00,23.03,72.58,38.36,35.1,3.79,701.4,fused_om_nasa
2022-06-11 10:00:00+00:00,23.03,72.58,39.62,30.6,3.8,721.0,fused_om_nasa
2022-06-11 11:00:00+00:00,23.03,72.58,40.12,29.2,4.51,668.7,fused_om_nasa
2022-06-11 12:00:00+00:00,23.03,72.58,40.44,29.1,4.5,671.0,fused_om_nasa
2022-06-11 13:00:00+00:00,23.03,72.58,39.86,32.7,5.08,584.4,fused_om_nasa
2022-06-11 14:00:00+00:00,23.03,72.58,38.1,40.0,5.64,389.8,fused_om_nasa
2022-06-11 15:00:00+00:00,23.03,72.58,37.38,43.3,5.54,296.6,fused_om_nasa
2022-06-11 16:00:00+00:00,23.03,72.58,36.39,46.7,5.58,188.0,fused_om_nasa
2022-06-11 17:00:00+00:00,23.03,72.58,35.12,50.9,6.08,85.9,fused_om_nasa
2022-06-11 18:00:00+00:00,23.03,72.58,33.89,55.3,6.44,14.6,fused_om_nasa
2022-06-11 19:00:00+00:00,23.03,72.58,32.75,59.2,6.48,0.0,fused_om_nasa
2022-06-11 20:00:00+00:00,23.03,72.58,31.84,62.5,6.86,0.0,fused_om_nasa
2022-06-11 21:00:00+00:00,23.03,72.58,31.27,63.6,6.28,0.0,fused_om_nasa
2022-06-11 22:00:00+00:00,23.03,72.58,30.82,65.0,6.21,0.0,fused_om_nasa
2022-06-11 23:00:00+00:00,23.03,72.58,29.77,68.8,5.53,0.0,fused_om_nasa
2022-06-12 00:00:00+00:00,23.03,72.58,30.53,65.8,5.0,0.0,fused_om_nasa
2022-06-12 01:00:00+00:00,23.03,72.58,30.46,65.8,4.08,6.2,fused_om_nasa
2022-06-12 02:00:00+00:00,23.03,72.58,30.62,64.4,4.04,65.4,fused_om_nasa
2022-06-12 03:00:00+00:00,23.03,72.58,31.19,61.6,3.88,158.6,fused_om_nasa
2022-06-12 04:00:00+00:00,23.03,72.58,31.72,59.3,3.31,164.2,fused_om_nasa
2022-06-12 05:00:00+00:00,23.03,72.58,32.28,57.7,2.97,177.9,fused_om_nasa
2022-06-12 06:00:00+00:00,23.03,72.58,33.11,55.3,3.03,200.0,fused_om_nasa
2022-06-12 07:00:00+00:00,23.03,72.58,33.6,52.8,2.97,161.2,fused_om_nasa
2022-06-12 08:00:00+00:00,23.03,72.58,34.85,48.6,3.02,291.9,fused_om_nasa
2022-06-12 09:00:00+00:00,23.03,72.58,35.7,45.4,2.9,363.9,fused_om_nasa
2022-06-12 10:00:00+00:00,23.03,72.58,35.44,47.1,4.18,379.4,fused_om_nasa
2022-06-12 11:00:00+00:00,23.03,72.58,36.56,41.8,4.04,555.8,fused_om_nasa
2022-06-12 12:00:00+00:00,23.03,72.58,36.42,42.7,3.85,582.1,fused_om_nasa
2022-06-12 13:00:00+00:00,23.03,72.58,35.88,44.7,4.89,450.1,fused_om_nasa
2022-06-12 14:00:00+00:00,23.03,72.58,35.05,47.4,5.13,382.0,fused_om_nasa
2022-06-12 15:00:00+00:00,23.03,72.58,34.1,50.5,5.19,262.5,fused_om_nasa
2022-06-12 16:00:00+00:00,23.03,72.58,33.16,54.1,4.8,162.1,fused_om_nasa
2022-06-12 17:00:00+00:00,23.03,72.58,31.51,61.8,4.8,74.0,fused_om_nasa
2022-06-12 18:00:00+00:00,23.03,72.58,30.83,65.3,4.52,11.8,fused_om_nasa
2022-06-12 19:00:00+00:00,23.03,72.58,30.51,68.4,4.87,0.0,fused_om_nasa
2022-06-12 20:00:00+00:00,23.03,72.58,30.23,68.5,4.96,0.0,fused_om_nasa
2022-06-12 21:00:00+00:00,23.03,72.58,29.84,68.6,4.82,0.0,fused_om_nasa
2022-06-12 22:00:00+00:00,23.03,72.58,29.57,68.7,4.62,0.0,fused_om_nasa
2022-06-12 23:00:00+00:00,23.03,72.58,29.35,68.9,4.51,0.0,fused_om_nasa
2022-06-13 00:00:00+00:00,23.03,72.58,29.67,67.6,4.61,0.0,fused_om_nasa
2022-06-13 01:00:00+00:00,23.03,72.58,29.47,68.9,4.66,0.0,fused_om_nasa
2022-06-13 02:00:00+00:00,23.03,72.58,29.82,66.8,4.6,65.4,fused_om_nasa
2022-06-13 03:00:00+00:00,23.03,72.58,30.34,63.8,4.03,156.6,fused_om_nasa
2022-06-13 04:00:00+00:00,23.03,72.58,30.8,62.4,3.54,167.4,fused_om_nasa
2022-06-13 05:00:00+00:00,23.03,72.58,31.33,59.7,3.29,68.6,fused_om_nasa
2022-06-13 06:00:00+00:00,23.03,72.58,31.71,57.9,3.65,69.1,fused_om_nasa
2022-06-13 07:00:00+00:00,23.03,72.58,31.4,60.6,4.62,143.0,fused_om_nasa
2022-06-13 08:00:00+00:00,23.03,72.58,33.18,53.7,3.25,295.1,fused_om_nasa
2022-06-13 09:00:00+00:00,23.03,72.58,34.26,49.2,3.89,384.9,fused_om_nasa
2022-06-13 10:00:00+00:00,23.03,72.58,34.89,47.9,3.76,373.9,fused_om_nasa
2022-06-13 11:00:00+00:00,23.03,72.58,35.11,47.4,4.03,438.1,fused_om_nasa
2022-06-13 12:00:00+00:00,23.03,72.58,35.3,46.5,4.0,429.2,fused_om_nasa
2022-06-13 13:00:00+00:00,23.03,72.58,35.04,46.9,4.14,246.6,fused_om_nasa
2022-06-13 14:00:00+00:00,23.03,72.58,34.28,48.8,4.22,193.9,fused_om_nasa
2022-06-13 15:00:00+00:00,23.03,72.58,33.62,51.9,4.52,63.4,fused_om_nasa
2022-06-13 16:00:00+00:00,23.03,72.58,32.77,55.4,4.49,47.4,fused_om_nasa
2022-06-13 17:00:00+00:00,23.03,72.58,32.05,58.2,4.42,48.5,fused_om_nasa
2022-06-13 18:00:00+00:00,23.03,72.58,31.27,61.1,4.27,11.1,fused_om_nasa
2022-06-13 19:00:00+00:00,23.03,72.58,30.76,63.9,4.2,0.0,fused_om_nasa
2022-06-13 20:00:00+00:00,23.03,72.58,30.42,63.9,4.29,0.0,fused_om_nasa
2022-06-13 21:00:00+00:00,23.03,72.58,29.94,65.0,4.73,0.0,fused_om_nasa
2022-06-13 22:00:00+00:00,23.03,72.58,29.58,66.2,4.53,0.0,fused_om_nasa
2022-06-13 23:00:00+00:00,23.03,72.58,29.21,67.8,4.77,0.0,fused_om_nasa
2022-06-14 00:00:00+00:00,23.03,72.58,29.11,69.3,4.37,0.0,fused_om_nasa
2022-06-14 01:00:00+00:00,23.03,72.58,29.13,69.3,4.46,0.0,fused_om_nasa
2022-06-14 02:00:00+00:00,23.03,72.58,29.26,68.1,4.72,11.0,fused_om_nasa
2022-06-14 03:00:00+00:00,23.03,72.58,29.58,67.1,4.48,49.6,fused_om_nasa
2022-06-14 04:00:00+00:00,23.03,72.58,30.01,64.9,4.2,79.8,fused_om_nasa
2022-06-14 05:00:00+00:00,23.03,72.58,30.38,63.2,3.98,82.7,fused_om_nasa
2022-06-14 06:00:00+00:00,23.03,72.58,31.36,59.3,4.17,167.6,fused_om_nasa
2022-06-14 07:00:00+00:00,23.03,72.58,32.76,53.6,3.9,249.5,fused_om_nasa
2022-06-14 08:00:00+00:00,23.03,72.58,34.47,46.6,3.78,383.2,fused_om_nasa
2022-06-14 09:00:00+00:00,23.03,72.58,35.86,41.3,3.9,452.4,fused_om_nasa
2022-06-14 10:00:00+00:00,23.03,72.58,36.72,38.1,4.18,498.2,fused_om_nasa
2022-06-14 11:00:00+00:00,23.03,72.58,37.02,36.2,4.64,607.8,fused_om_nasa
2022-06-14 12:00:00+00:00,23.03,72.58,36.77,38.6,5.23,527.2,fused_om_nasa
2022-06-14 13:00:00+00:00,23.03,72.58,36.59,39.5,5.32,513.5,fused_om_nasa
2022-06-14 14:00:00+00:00,23.03,72.58,35.72,43.4,5.54,375.3,fused_om_nasa
2022-06-14 15:00:00+00:00,23.03,72.58,34.84,48.4,5.4,264.7,fused_om_nasa
2022-06-14 16:00:00+00:00,23.03,72.58,33.98,51.2,5.48,173.8,fused_om_nasa
2022-06-14 17:00:00+00:00,23.03,72.58,33.13,54.7,5.57,83.5,fused_om_nasa
2022-06-14 18:00:00+00:00,23.03,72.58,32.17,58.1,5.95,15.4,fused_om_nasa
2022-06-14 19:00:00+00:00,23.03,72.58,31.38,60.0,6.36,0.0,fused_om_nasa
2022-06-14 20:00:00+00:00,23.03,72.58,30.48,64.0,6.54,0.0,fused_om_nasa
2022-06-14 21:00:00+00:00,23.03,72.58,29.87,67.0,6.26,0.0,fused_om_nasa
2022-06-14 22:00:00+00:00,23.03,72.58,29.52,68.8,5.93,0.0,fused_om_nasa
2022-06-14 23:00:00+00:00,23.03,72.58,29.28,70.1,5.6,0.0,fused_om_nasa
2022-06-15 00:00:00+00:00,23.03,72.58,29.06,71.6,5.37,0.0,fused_om_nasa
2022-06-15 01:00:00+00:00,23.03,72.58,29.06,71.6,5.14,6.2,fused_om_nasa
2022-06-15 02:00:00+00:00,23.03,72.58,29.46,69.7,5.05,83.2,fused_om_nasa
2022-06-15 03:00:00+00:00,23.03,72.58,29.98,67.3,4.58,138.8,fused_om_nasa
2022-06-15 04:00:00+00:00,23.03,72.58,30.72,64.6,4.12,225.6,fused_om_nasa
2022-06-15 05:00:00+00:00,23.03,72.58,31.4,62.7,3.89,266.7,fused_om_nasa
2022-06-15 06:00:00+00:00,23.03,72.58,32.4,58.9,4.11,324.1,fused_om_nasa
2022-06-15 07:00:00+00:00,23.03,72.58,33.78,53.1,4.12,389.2,fused_om_nasa
2022-06-15 08:00:00+00:00,23.03,72.58,35.14,48.4,4.22,461.6,fused_om_nasa
2022-06-15 09:00:00+00:00,23.03,72.58,36.29,43.8,4.1,365.8,fused_om_nasa
2022-06-15 10:00:00+00:00,23.03,72.58,34.38,53.4,5.58,392.7,fused_om_nasa
2022-06-15 11:00:00+00:00,23.03,72.58,36.16,45.7,4.86,525.4,fused_om_nasa
2022-06-15 12:00:00+00:00,23.03,72.58,36.78,43.3,5.22,511.1,fused_om_nasa
2022-06-15 13:00:00+00:00,23.03,72.58,36.66,44.1,5.25,503.7,fused_om_nasa
2022-06-15 14:00:00+00:00,23.03,72.58,36.42,44.5,4.92,372.5,fused_om_nasa
2022-06-15 15:00:00+00:00,23.03,72.58,35.6,47.2,5.02,270.4,fused_om_nasa
2022-06-15 16:00:00+00:00,23.03,72.58,34.9,50.0,4.89,172.4,fused_om_nasa
2022-06-15 17:00:00+00:00,23.03,72.58,34.08,52.8,5.0,82.6,fused_om_nasa
2022-06-15 18:00:00+00:00,23.03,72.58,33.12,56.4,5.03,16.1,fused_om_nasa
2022-06-15 19:00:00+00:00,23.03,72.58,32.3,59.5,4.97,0.0,fused_om_nasa
2022-06-15 20:00:00+00:00,23.03,72.58,31.57,62.6,5.15,0.0,fused_om_nasa
2022-06-15 21:00:00+00:00,23.03,72.58,30.96,65.0,5.08,0.0,fused_om_nasa
2022-06-15 22:00:00+00:00,23.03,72.58,30.48,66.8,5.07,0.0,fused_om_nasa
2022-06-15 23:00:00+00:00,23.03,72.58,30.04,68.4,5.09,0.0,fused_om_nasa
2022-06-16 00:00:00+00:00,23.03,72.58,29.68,68.8,4.88,0.0,fused_om_nasa
2022-06-16 01:00:00+00:00,23.03,72.58,29.54,69.6,5.04,6.2,fused_om_nasa
2022-06-16 02:00:00+00:00,23.03,72.58,29.78,69.1,5.21,83.4,fused_om_nasa
2022-06-16 03:00:00+00:00,23.03,72.58,30.2,67.4,4.84,154.8,fused_om_nasa
2022-06-16 04:00:00+00:00,23.03,72.58,30.86,64.9,4.42,207.0,fused_om_nasa
2022-06-16 05:00:00+00:00,23.03,72.58,31.68,61.7,4.19,279.3,fused_om_nasa
2022-06-16 06:00:00+00:00,23.03,72.58,32.37,59.0,4.2,270.4,fused_om_nasa
2022-06-16 07:00:00+00:00,23.03,72.58,33.65,53.9,4.31,407.5,fused_om_nasa
2022-06-16 08:00:00+00:00,23.03,72.58,34.79,49.4,4.46,487.4,fused_om_nasa
2022-06-16 09:00:00+00:00,23.03,72.58,35.75,45.6,4.53,516.3,fused_om_nasa
2022-06-16 10:00:00+00:00,23.03,72.58,34.25,53.4,5.22,572.0,fused_om_nasa
2022-06-16 11:00:00+00:00,23.03,72.58,36.01,45.0,4.71,583.7,fused_om_nasa
2022-06-16 12:00:00+00:00,23.03,72.58,36.74,40.5,5.26,581.4,fused_om_nasa
2022-06-16 13:00:00+00:00,23.03,72.58,36.04,43.6,5.76,493.3,fused_om_nasa
2022-06-16 14:00:00+00:00,23.03,72.58,35.34,47.8,5.73,320.9,fused_om_nasa
2022-06-16 15:00:00+00:00,23.03,72.58,34.54,51.9,5.53,260.1,fused_om_nasa
2022-06-16 16:00:00+00:00,23.03,72.58,34.01,54.2,5.44,156.8,fused_om_nasa
2022-06-16 17:00:00+00:00,23.03,72.58,33.4,55.6,5.24,73.6,fused_om_nasa
2022-06-16 18:00:00+00:00,23.03,72.58,32.88,55.8,5.1,14.3,fused_om_nasa
2022-06-16 19:00:00+00:00,23.03,72.58,32.22,57.4,5.16,0.0,fused_om_nasa
2022-06-16 20:00:00+00:00,23.03,72.58,31.62,60.2,5.16,0.0,fused_om_nasa
2022-06-16 21:00:00+00:00,23.03,72.58,31.1,62.1,5.03,0.0,fused_om_nasa
2022-06-16 22:00:00+00:00,23.03,72.58,30.66,64.0,4.8,0.0,fused_om_nasa
2022-06-16 23:00:00+00:00,23.03,72.58,30.31,65.1,4.79,0.0,fused_om_nasa
2022-06-17 00:00:00+00:00,23.03,72.58,29.89,66.9,4.81,0.0,fused_om_nasa
2022-06-17 01:00:00+00:00,23.03,72.58,29.65,68.4,4.8,6.2,fused_om_nasa
2022-06-17 02:00:00+00:00,23.03,72.58,29.74,69.0,4.64,92.5,fused_om_nasa
2022-06-17 03:00:00+00:00,23.03,72.58,30.18,67.6,4.55,181.1,fused_om_nasa
2022-06-17 04:00:00+00:00,23.03,72.58,30.83,65.8,4.34,237.8,fused_om_nasa
2022-06-17 05:00:00+00:00,23.03,72.58,31.4,63.6,4.17,270.9,fused_om_nasa
2022-06-17 06:00:00+00:00,23.03,72.58,32.58,59.0,4.48,354.1,fused_om_nasa
2022-06-17 07:00:00+00:00,23.03,72.58,33.97,53.5,4.68,446.6,fused_om_nasa
2022-06-17 08:00:00+00:00,23.03,72.58,35.53,47.8,4.79,552.4,fused_om_nasa
2022-06-17 09:00:00+00:00,23.03,72.58,36.81,43.0,5.0,605.4,fused_om_nasa
2022-06-17 10:00:00+00:00,23.03,72.58,35.86,46.5,5.84,631.3,fused_om_nasa
2022-06-17 11:00:00+00:00,23.03,72.58,36.8,42.0,5.74,597.1,fused_om_nasa
2022-06-17 12:00:00+00:00,23.03,72.58,37.6,38.8,5.69,563.4,fused_om_nasa
2022-06-17 13:00:00+00:00,23.03,72.58,36.56,44.0,6.74,480.4,fused_om_nasa
2022-06-17 14:00:00+00:00,23.03,72.58,35.68,48.3,6.48,347.0,fused_om_nasa
2022-06-17 15:00:00+00:00,23.03,72.58,34.89,51.6,6.29,258.5,fused_om_nasa
2022-06-17 16:00:00+00:00,23.03,72.58,33.89,56.4,5.98,171.3,fused_om_nasa
2022-06-17 17:00:00+00:00,23.03,72.58,33.08,59.4,5.84,80.4,fused_om_nasa
2022-06-17 18:00:00+00:00,23.03,72.58,32.2,63.6,5.57,15.0,fused_om_nasa
2022-06-17 19:00:00+00:00,23.03,72.58,31.52,66.8,5.36,0.0,fused_om_nasa
2022-06-17 20:00:00+00:00,23.03,72.58,31.2,66.5,5.72,0.0,fused_om_nasa
2022-06-17 21:00:00+00:00,23.03,72.58,30.74,67.2,5.98,0.0,fused_om_nasa
2022-06-17 22:00:00+00:00,23.03,72.58,30.36,67.2,5.76,0.0,fused_om_nasa
2022-06-17 23:00:00+00:00,23.03,72.58,29.9,68.7,5.42,0.0,fused_om_nasa
2022-06-18 00:00:00+00:00,23.03,72.58,29.54,69.8,5.16,0.0,fused_om_nasa
2022-06-18 01:00:00+00:00,23.03,72.58,29.36,70.7,5.11,6.2,fused_om_nasa
2022-06-18 02:00:00+00:00,23.03,72.58,29.54,70.2,5.0,90.6,fused_om_nasa
2022-06-18 03:00:00+00:00,23.03,72.58,29.92,69.2,4.71,147.4,fused_om_nasa
2022-06-18 04:00:00+00:00,23.03,72.58,30.45,67.5,4.3,191.7,fused_om_nasa
2022-06-18 05:00:00+00:00,23.03,72.58,31.06,65.4,4.16,233.3,fused_om_nasa
2022-06-18 06:00:00+00:00,23.03,72.58,32.33,60.1,4.87,365.9,fused_om_nasa
2022-06-18 07:00:00+00:00,23.03,72.58,33.76,54.5,5.14,429.2,fused_om_nasa
2022-06-18 08:00:00+00:00,23.03,72.58,34.75,50.8,5.4,530.5,fused_om_nasa
2022-06-18 09:00:00+00:00,23.03,72.58,35.83,46.9,5.28,503.8,fused_om_nasa
2022-06-18 10:00:00+00:00,23.03,72.58,35.47,48.5,4.89,389.7,fused_om_nasa
2022-06-18 11:00:00+00:00,23.03,72.58,35.92,46.9,5.86,557.9,fused_om_nasa
2022-06-18 12:00:00+00:00,23.03,72.58,36.72,43.2,6.52,489.4,fused_om_nasa
2022-06-18 13:00:00+00:00,23.03,72.58,36.38,44.5,6.3,466.3,fused_om_nasa
2022-06-18 14:00:00+00:00,23.03,72.58,35.46,47.9,6.32,373.0,fused_om_nasa
2022-06-18 15:00:00+00:00,23.03,72.58,34.76,51.6,6.31,272.2,fused_om_nasa
2022-06-18 16:00:00+00:00,23.03,72.58,33.82,56.2,6.32,166.1,fused_om_nasa
2022-06-18 17:00:00+00:00,23.03,72.58,32.9,59.4,6.29,78.4,fused_om_nasa
2022-06-18 18:00:00+00:00,23.03,72.58,32.08,61.5,6.55,15.4,fused_om_nasa
2022-06-18 19:00:00+00:00,23.03,72.58,31.36,64.3,6.45,0.0,fused_om_nasa
2022-06-18 20:00:00+00:00,23.03,72.58,30.86,66.6,6.2,0.0,fused_om_nasa
2022-06-18 21:00:00+00:00,23.03,72.58,30.42,68.1,5.93,0.0,fused_om_nasa
2022-06-18 22:00:00+00:00,23.03,72.58,30.02,70.3,5.64,0.0,fused_om_nasa
2022-06-18 23:00:00+00:00,23.03,72.58,29.58,72.5,5.22,0.0,fused_om_nasa
2022-06-19 00:00:00+00:00,23.03,72.58,29.28,74.0,4.71,0.0,fused_om_nasa
2022-06-19 01:00:00+00:00,23.03,72.58,29.36,73.8,4.8,6.3,fused_om_nasa
2022-06-19 02:00:00+00:00,23.03,72.58,29.56,73.0,4.7,88.6,fused_om_nasa
2022-06-19 03:00:00+00:00,23.03,72.58,30.18,70.7,4.54,182.8,fused_om_nasa
2022-06-19 04:00:00+00:00,23.03,72.58,30.85,68.0,4.26,233.6,fused_om_nasa
2022-06-19 05:00:00+00:00,23.03,72.58,31.5,66.2,4.34,278.3,fused_om_nasa
2022-06-19 06:00:00+00:00,23.03,72.58,30.92,68.7,4.65,318.9,fused_om_nasa
2022-06-19 07:00:00+00:00,23.03,72.58,32.45,61.2,5.04,223.4,fused_om_nasa
2022-06-19 08:00:00+00:00,23.03,72.58,32.79,59.7,5.08,329.8,fused_om_nasa
2022-06-19 09:00:00+00:00,23.03,72.58,34.5,53.0,4.9,478.5,fused_om_nasa
2022-06-19 10:00:00+00:00,23.03,72.58,35.08,50.8,5.38,485.6,fused_om_nasa
2022-06-19 11:00:00+00:00,23.03,72.58,34.33,54.2,5.48,540.1,fused_om_nasa
2022-06-19 12:00:00+00:00,23.03,72.58,35.34,49.8,5.74,569.3,fused_om_nasa
2022-06-19 13:00:00+00:00,23.03,72.58,34.89,52.3,6.24,440.6,fused_om_nasa
2022-06-19 14:00:00+00:00,23.03,72.58,34.0,56.0,6.1,364.2,fused_om_nasa
2022-06-19 15:00:00+00:00,23.03,72.58,33.64,57.1,5.68,260.9,fused_om_nasa
2022-06-19 16:00:00+00:00,23.03,72.58,32.98,58.8,5.6,163.5,fused_om_nasa
2022-06-19 17:00:00+00:00,23.03,72.58,32.24,61.8,5.51,74.7,fused_om_nasa
2022-06-19 18:00:00+00:00,23.03,72.58,31.48,64.5,5.3,14.0,fused_om_nasa
2022-06-19 19:00:00+00:00,23.03,72.58,30.7,67.3,4.97,0.0,fused_om_nasa
2022-06-19 20:00:00+00:00,23.03,72.58,30.12,71.0,4.86,0.0,fused_om_nasa
2022-06-19 21:00:00+00:00,23.03,72.58,29.64,74.2,4.88,0.0,fused_om_nasa
2022-06-19 22:00:00+00:00,23.03,72.58,29.28,76.6,4.89,0.0,fused_om_nasa
2022-06-19 23:00:00+00:00,23.03,72.58,28.96,78.2,4.69,0.0,fused_om_nasa
2022-06-20 00:00:00+00:00,23.03,72.58,28.78,79.2,4.74,0.0,fused_om_nasa
2022-06-20 01:00:00+00:00,23.03,72.58,28.78,78.3,5.02,6.3,fused_om_nasa
2022-06-20 02:00:00+00:00,23.03,72.58,29.08,75.9,5.29,77.8,fused_om_nasa
2022-06-20 03:00:00+00:00,23.03,72.58,29.6,73.2,5.08,178.6,fused_om_nasa
2022-06-20 04:00:00+00:00,23.03,72.58,30.31,69.9,4.85,221.2,fused_om_nasa
2022-06-20 05:00:00+00:00,23.03,72.58,30.99,67.3,4.71,267.0,fused_om_nasa
2022-06-20 06:00:00+00:00,23.03,72.58,32.1,62.6,5.14,315.4,fused_om_nasa
2022-06-20 07:00:00+00:00,23.03,72.58,33.54,55.8,5.77,392.0,fused_om_nasa
2022-06-20 08:00:00+00:00,23.03,72.58,35.2,49.6,5.84,489.7,fused_om_nasa
2022-06-20 09:00:00+00:00,23.03,72.58,36.42,44.6,5.86,530.5,fused_om_nasa
2022-06-20 10:00:00+00:00,23.03,72.58,36.82,41.9,6.36,563.3,fused_om_nasa
2022-06-20 11:00:00+00:00,23.03,72.58,35.87,47.5,6.79,568.1,fused_om_nasa
2022-06-20 12:00:00+00:00,23.03,72.58,36.16,46.3,7.17,442.3,fused_om_nasa
2022-06-20 13:00:00+00:00,23.03,72.58,35.98,47.8,6.91,475.2,fused_om_nasa
2022-06-20 14:00:00+00:00,23.03,72.58,35.38,50.7,6.84,334.5,fused_om_nasa
2022-06-20 15:00:00+00:00,23.03,72.58,35.11,48.9,6.6,244.2,fused_om_nasa
2022-06-20 16:00:00+00:00,23.03,72.58,34.49,49.2,6.01,161.3,fused_om_nasa
2022-06-20 17:00:00+00:00,23.03,72.58,33.88,51.2,5.56,73.6,fused_om_nasa
2022-06-20 18:00:00+00:00,23.03,72.58,33.04,54.1,4.89,14.8,fused_om_nasa
2022-06-20 19:00:00+00:00,23.03,72.58,32.25,57.0,4.84,0.0,fused_om_nasa
2022-06-20 20:00:00+00:00,23.03,72.58,31.48,60.7,5.48,0.0,fused_om_nasa
2022-06-20 21:00:00+00:00,23.03,72.58,30.61,65.3,5.37,0.0,fused_om_nasa
2022-06-20 22:00:00+00:00,23.03,72.58,29.87,69.3,5.52,0.0,fused_om_nasa
2022-06-20 23:00:00+00:00,23.03,72.58,29.18,72.7,5.51,0.0,fused_om_nasa
2022-06-21 00:00:00+00:00,23.03,72.58,28.94,74.2,4.94,0.0,fused_om_nasa
2022-06-21 01:00:00+00:00,23.03,72.58,28.76,75.5,5.18,6.4,fused_om_nasa
2022-06-21 02:00:00+00:00,23.03,72.58,29.06,74.1,5.19,93.7,fused_om_nasa
2022-06-21 03:00:00+00:00,23.03,72.58,29.58,71.4,4.94,192.5,fused_om_nasa
2022-06-21 04:00:00+00:00,23.03,72.58,30.08,69.4,4.5,228.6,fused_om_nasa
2022-06-21 05:00:00+00:00,23.03,72.58,30.77,67.0,4.66,280.0,fused_om_nasa
2022-06-21 06:00:00+00:00,23.03,72.58,31.75,62.1,5.22,316.4,fused_om_nasa
2022-06-21 07:00:00+00:00,23.03,72.58,33.06,56.4,5.79,376.8,fused_om_nasa
2022-06-21 08:00:00+00:00,23.03,72.58,34.39,50.4,5.86,458.8,fused_om_nasa
2022-06-21 09:00:00+00:00,23.03,72.58,35.8,45.0,6.02,554.9,fused_om_nasa
2022-06-21 10:00:00+00:00,23.03,72.58,36.82,41.0,6.28,594.4,fused_om_nasa
2022-06-21 11:00:00+00:00,23.03,72.58,36.47,42.8,6.64,651.2,fused_om_nasa
2022-06-21 12:00:00+00:00,23.03,72.58,36.94,41.3,6.9,521.1,fused_om_nasa
2022-06-21 13:00:00+00:00,23.03,72.58,36.41,44.0,6.85,553.4,fused_om_nasa
2022-06-21 14:00:00+00:00,23.03,72.58,35.41,49.3,6.82,385.3,fused_om_nasa
2022-06-21 15:00:00+00:00,23.03,72.58,34.52,53.2,6.64,259.4,fused_om_nasa
2022-06-21 16:00:00+00:00,23.03,72.58,34.02,54.2,6.35,161.2,fused_om_nasa
2022-06-21 17:00:00+00:00,23.03,72.58,33.46,55.3,6.35,70.0,fused_om_nasa
2022-06-21 18:00:00+00:00,23.03,72.58,32.69,57.1,5.7,13.6,fused_om_nasa
2022-06-21 19:00:00+00:00,23.03,72.58,31.92,60.1,5.55,0.0,fused_om_nasa
2022-06-21 20:00:00+00:00,23.03,72.58,31.2,63.4,5.26,0.0,fused_om_nasa
2022-06-21 21:00:00+00:00,23.03,72.58,30.58,66.1,5.04,0.0,fused_om_nasa
2022-06-21 22:00:00+00:00,23.03,72.58,29.89,69.3,4.98,0.0,fused_om_nasa
2022-06-21 23:00:00+00:00,23.03,72.58,29.3,72.7,4.95,0.0,fused_om_nasa
2022-06-22 00:00:00+00:00,23.03,72.58,28.8,75.4,4.15,0.0,fused_om_nasa
2022-06-22 01:00:00+00:00,23.03,72.58,28.61,76.8,4.03,6.4,fused_om_nasa
2022-06-22 02:00:00+00:00,23.03,72.58,29.03,75.1,3.56,89.6,fused_om_nasa
2022-06-22 03:00:00+00:00,23.03,72.58,29.46,72.1,2.52,180.3,fused_om_nasa
2022-06-22 04:00:00+00:00,23.03,72.58,29.85,71.3,1.9,201.2,fused_om_nasa
2022-06-22 05:00:00+00:00,23.03,72.58,30.49,68.7,1.58,231.2,fused_om_nasa
2022-06-22 06:00:00+00:00,23.03,72.58,31.61,64.0,1.6,322.4,fused_om_nasa
2022-06-22 07:00:00+00:00,23.03,72.58,32.84,57.0,1.34,379.9,fused_om_nasa
2022-06-22 08:00:00+00:00,23.03,72.58,34.28,50.9,1.32,470.4,fused_om_nasa
2022-06-22 09:00:00+00:00,23.03,72.58,35.64,45.2,1.4,544.0,fused_om_nasa
2022-06-22 10:00:00+00:00,23.03,72.58,36.72,41.0,1.39,629.0,fused_om_nasa
2022-06-22 11:00:00+00:00,23.03,72.58,37.46,38.0,1.42,643.0,fused_om_nasa
2022-06-22 12:00:00+00:00,23.03,72.58,37.8,35.7,1.56,635.7,fused_om_nasa
2022-06-22 13:00:00+00:00,23.03,72.58,37.31,36.6,3.46,464.8,fused_om_nasa
2022-06-22 14:00:00+00:00,23.03,72.58,36.48,38.9,2.02,370.8,fused_om_nasa
2022-06-22 15:00:00+00:00,23.03,72.58,36.08,39.7,1.89,255.6,fused_om_nasa
2022-06-22 16:00:00+00:00,23.03,72.58,35.74,41.4,2.56,161.9,fused_om_nasa
2022-06-22 17:00:00+00:00,23.03,72.58,32.07,57.6,3.9,71.8,fused_om_nasa
2022-06-22 18:00:00+00:00,23.03,72.58,31.52,59.2,2.34,14.8,fused_om_nasa
2022-06-22 19:00:00+00:00,23.03,72.58,30.86,62.7,2.9,0.0,fused_om_nasa
2022-06-22 20:00:00+00:00,23.03,72.58,30.54,64.3,3.29,0.0,fused_om_nasa
2022-06-22 21:00:00+00:00,23.03,72.58,30.04,67.9,3.44,0.0,fused_om_nasa
2022-06-22 22:00:00+00:00,23.03,72.58,29.55,71.7,3.38,0.0,fused_om_nasa
2022-06-22 23:00:00+00:00,23.03,72.58,29.21,74.1,3.24,0.0,fused_om_nasa
2022-06-23 00:00:00+00:00,23.03,72.58,28.88,76.2,3.87,0.0,fused_om_nasa
2022-06-23 01:00:00+00:00,23.03,72.58,28.68,77.6,3.5,6.4,fused_om_nasa
2022-06-23 02:00:00+00:00,23.03,72.58,29.02,76.7,2.85,92.2,fused_om_nasa
2022-06-23 03:00:00+00:00,23.03,72.58,29.75,72.9,2.54,191.0,fused_om_nasa
2022-06-23 04:00:00+00:00,23.03,72.58,30.51,69.5,2.38,252.8,fused_om_nasa
2022-06-23 05:00:00+00:00,23.03,72.58,31.34,65.3,2.16,290.0,fused_om_nasa
2022-06-23 06:00:00+00:00,23.03,72.58,32.29,61.7,2.42,355.9,fused_om_nasa
2022-06-23 07:00:00+00:00,23.03,72.58,33.14,57.8,2.6,415.3,fused_om_nasa
2022-06-23 08:00:00+00:00,23.03,72.58,33.92,54.4,2.44,459.8,fused_om_nasa
2022-06-23 09:00:00+00:00,23.03,72.58,35.24,49.0,1.86,539.0,fused_om_nasa
2022-06-23 10:00:00+00:00,23.03,72.58,35.96,46.0,1.94,555.4,fused_om_nasa
2022-06-23 11:00:00+00:00,23.03,72.58,35.83,47.4,2.74,592.7,fused_om_nasa
2022-06-23 12:00:00+00:00,23.03,72.58,36.72,41.6,2.4,512.8,fused_om_nasa
2022-06-23 13:00:00+00:00,23.03,72.58,36.08,43.7,3.03,370.7,fused_om_nasa
2022-06-23 14:00:00+00:00,23.03,72.58,35.06,48.3,3.66,300.3,fused_om_nasa
2022-06-23 15:00:00+00:00,23.03,72.58,34.47,50.1,3.5,202.6,fused_om_nasa
2022-06-23 16:00:00+00:00,23.03,72.58,32.93,55.1,3.92,121.8,fused_om_nasa
2022-06-23 17:00:00+00:00,23.03,72.58,31.98,59.4,3.75,56.5,fused_om_nasa
2022-06-23 18:00:00+00:00,23.03,72.58,31.44,63.2,2.38,11.1,fused_om_nasa
2022-06-23 19:00:00+00:00,23.03,72.58,31.04,65.1,1.87,0.0,fused_om_nasa
2022-06-23 20:00:00+00:00,23.03,72.58,30.8,65.6,1.97,0.0,fused_om_nasa
2022-06-23 21:00:00+00:00,23.03,72.58,30.44,66.8,1.78,0.0,fused_om_nasa
2022-06-23 22:00:00+00:00,23.03,72.58,30.06,69.0,1.78,0.0,fused_om_nasa
2022-06-23 23:00:00+00:00,23.03,72.58,29.65,71.3,2.24,0.0,fused_om_nasa
2022-06-24 00:00:00+00:00,23.03,72.58,28.59,77.8,2.41,0.0,fused_om_nasa
2022-06-24 01:00:00+00:00,23.03,72.58,28.68,77.3,2.46,6.4,fused_om_nasa
2022-06-24 02:00:00+00:00,23.03,72.58,29.1,75.8,3.35,81.3,fused_om_nasa
2022-06-24 03:00:00+00:00,23.03,72.58,29.92,71.0,2.46,179.8,fused_om_nasa
2022-06-24 04:00:00+00:00,23.03,72.58,30.43,68.0,2.05,70.4,fused_om_nasa
2022-06-24 05:00:00+00:00,23.03,72.58,31.13,64.4,1.92,31.0,fused_om_nasa
2022-06-24 06:00:00+00:00,23.03,72.58,31.87,60.8,2.35,73.2,fused_om_nasa
2022-06-24 07:00:00+00:00,23.03,72.58,33.23,55.6,2.78,208.2,fused_om_nasa
2022-06-24 08:00:00+00:00,23.03,72.58,34.9,49.8,2.66,493.5,fused_om_nasa
2022-06-24 09:00:00+00:00,23.03,72.58,36.15,44.8,2.34,548.3,fused_om_nasa
2022-06-24 10:00:00+00:00,23.03,72.58,37.3,40.3,2.14,654.4,fused_om_nasa
2022-06-24 11:00:00+00:00,23.03,72.58,37.82,36.9,1.74,621.3,fused_om_nasa
2022-06-24 12:00:00+00:00,23.03,72.58,38.6,31.3,2.26,580.6,fused_om_nasa
2022-06-24 13:00:00+00:00,23.03,72.58,38.58,31.2,3.13,549.2,fused_om_nasa
2022-06-24 14:00:00+00:00,23.03,72.58,35.11,50.8,4.74,384.2,fused_om_nasa
2022-06-24 15:00:00+00:00,23.03,72.58,34.62,52.4,5.0,267.8,fused_om_nasa
2022-06-24 16:00:00+00:00,23.03,72.58,33.88,55.8,5.01,168.7,fused_om_nasa
2022-06-24 17:00:00+00:00,23.03,72.58,32.89,59.2,5.24,78.5,fused_om_nasa
2022-06-24 18:00:00+00:00,23.03,72.58,31.82,63.4,5.36,16.2,fused_om_nasa
2022-06-24 19:00:00+00:00,23.03,72.58,31.03,66.0,5.4,0.0,fused_om_nasa
2022-06-24 20:00:00+00:00,23.03,72.58,30.37,68.0,5.12,0.0,fused_om_nasa
2022-06-24 21:00:00+00:00,23.03,72.58,29.84,70.3,4.46,0.0,fused_om_nasa
2022-06-24 22:00:00+00:00,23.03,72.58,29.44,73.2,4.04,0.0,fused_om_nasa
2022-06-24 23:00:00+00:00,23.03,72.58,29.02,75.6,3.66,0.0,fused_om_nasa
2022-06-25 00:00:00+00:00,23.03,72.58,28.6,75.6,2.89,0.0,fused_om_nasa
2022-06-25 01:00:00+00:00,23.03,72.58,28.89,75.1,3.46,6.5,fused_om_nasa
2022-06-25 02:00:00+00:00,23.03,72.58,29.46,72.5,3.45,97.5,fused_om_nasa
2022-06-25 03:00:00+00:00,23.03,72.58,30.28,69.4,3.03,195.2,fused_om_nasa
2022-06-25 04:00:00+00:00,23.03,72.58,31.14,66.2,2.75,263.6,fused_om_nasa
2022-06-25 05:00:00+00:00,23.03,72.58,32.09,62.9,2.89,310.9,fused_om_nasa
2022-06-25 06:00:00+00:00,23.03,72.58,33.42,58.0,3.16,385.0,fused_om_nasa
2022-06-25 07:00:00+00:00,23.03,72.58,35.14,50.3,3.47,487.4,fused_om_nasa
2022-06-25 08:00:00+00:00,23.03,72.58,36.7,43.0,3.5,575.3,fused_om_nasa
2022-06-25 09:00:00+00:00,23.03,72.58,37.84,38.0,3.26,646.8,fused_om_nasa
2022-06-25 10:00:00+00:00,23.03,72.58,38.8,35.0,3.1,690.6,fused_om_nasa
2022-06-25 11:00:00+00:00,23.03,72.58,39.34,32.7,2.84,722.7,fused_om_nasa
2022-06-25 12:00:00+00:00,23.03,72.58,39.71,29.7,2.35,694.1,fused_om_nasa
2022-06-25 13:00:00+00:00,23.03,72.58,39.7,29.0,2.22,578.5,fused_om_nasa
2022-06-25 14:00:00+00:00,23.03,72.58,38.72,31.6,2.76,415.6,fused_om_nasa
2022-06-25 15:00:00+00:00,23.03,72.58,38.05,33.9,3.12,295.2,fused_om_nasa
2022-06-25 16:00:00+00:00,23.03,72.58,36.88,39.7,4.24,189.8,fused_om_nasa
2022-06-25 17:00:00+00:00,23.03,72.58,35.72,44.0,4.58,88.5,fused_om_nasa
2022-06-25 18:00:00+00:00,23.03,72.58,34.52,48.2,4.78,16.7,fused_om_nasa
2022-06-25 19:00:00+00:00,23.03,72.58,33.54,50.7,5.56,0.0,fused_om_nasa
2022-06-25 20:00:00+00:00,23.03,72.58,32.73,54.1,5.86,0.0,fused_om_nasa
2022-06-25 21:00:00+00:00,23.03,72.58,32.0,57.7,5.52,0.0,fused_om_nasa
2022-06-25 22:00:00+00:00,23.03,72.58,31.46,60.2,5.14,0.0,fused_om_nasa
2022-06-25 23:00:00+00:00,23.03,72.58,30.94,62.1,4.93,0.0,fused_om_nasa
2022-06-26 00:00:00+00:00,23.03,72.58,30.86,63.1,4.13,0.0,fused_om_nasa
2022-06-26 01:00:00+00:00,23.03,72.58,30.95,63.9,3.47,6.6,fused_om_nasa
2022-06-26 02:00:00+00:00,23.03,72.58,31.32,63.5,3.31,88.8,fused_om_nasa
2022-06-26 03:00:00+00:00,23.03,72.58,31.94,62.8,2.94,192.1,fused_om_nasa
2022-06-26 04:00:00+00:00,23.03,72.58,32.67,61.1,2.44,258.4,fused_om_nasa
2022-06-26 05:00:00+00:00,23.03,72.58,33.6,58.1,2.03,305.2,fused_om_nasa
2022-06-26 06:00:00+00:00,23.03,72.58,34.74,53.9,2.06,376.7,fused_om_nasa
2022-06-26 07:00:00+00:00,23.03,72.58,36.07,49.2,2.0,469.4,fused_om_nasa
2022-06-26 08:00:00+00:00,23.03,72.58,37.24,45.2,2.45,541.6,fused_om_nasa
2022-06-26 09:00:00+00:00,23.03,72.58,37.92,42.3,2.6,585.0,fused_om_nasa
2022-06-26 10:00:00+00:00,23.03,72.58,38.38,40.2,2.5,623.2,fused_om_nasa
2022-06-26 11:00:00+00:00,23.03,72.58,38.8,37.9,2.43,607.9,fused_om_nasa
2022-06-26 12:00:00+00:00,23.03,72.58,38.86,36.1,2.27,546.1,fused_om_nasa
2022-06-26 13:00:00+00:00,23.03,72.58,39.02,34.0,2.65,494.6,fused_om_nasa
2022-06-26 14:00:00+00:00,23.03,72.58,35.88,47.0,3.51,326.0,fused_om_nasa
2022-06-26 15:00:00+00:00,23.03,72.58,34.1,57.8,2.73,191.1,fused_om_nasa
2022-06-26 16:00:00+00:00,23.03,72.58,33.2,62.2,3.83,118.1,fused_om_nasa
2022-06-26 17:00:00+00:00,23.03,72.58,32.9,60.9,5.76,56.2,fused_om_nasa
2022-06-26 18:00:00+00:00,23.03,72.58,32.07,62.7,5.84,11.4,fused_om_nasa
2022-06-26 19:00:00+00:00,23.03,72.58,31.36,64.4,6.62,0.0,fused_om_nasa
2022-06-26 20:00:00+00:00,23.03,72.58,30.58,67.6,6.54,0.0,fused_om_nasa
2022-06-26 21:00:00+00:00,23.03,72.58,29.99,71.0,6.08,0.0,fused_om_nasa
2022-06-26 22:00:00+00:00,23.03,72.58,29.48,73.3,5.48,0.0,fused_om_nasa
2022-06-26 23:00:00+00:00,23.03,72.58,29.16,75.1,4.97,0.0,fused_om_nasa
2022-06-27 00:00:00+00:00,23.03,72.58,28.72,77.2,3.63,0.0,fused_om_nasa
2022-06-27 01:00:00+00:00,23.03,72.58,28.76,76.0,3.81,6.6,fused_om_nasa
2022-06-27 02:00:00+00:00,23.03,72.58,29.12,74.7,4.47,71.0,fused_om_nasa
2022-06-27 03:00:00+00:00,23.03,72.58,29.78,71.0,4.44,134.8,fused_om_nasa
2022-06-27 04:00:00+00:00,23.03,72.58,30.4,68.9,4.08,142.8,fused_om_nasa
2022-06-27 05:00:00+00:00,23.03,72.58,30.08,70.3,3.74,3.5,fused_om_nasa
2022-06-27 06:00:00+00:00,23.03,72.58,31.23,65.7,3.42,127.0,fused_om_nasa
2022-06-27 07:00:00+00:00,23.03,72.58,32.75,59.1,3.16,377.8,fused_om_nasa
2022-06-27 08:00:00+00:00,23.03,72.58,33.81,55.1,3.26,432.6,fused_om_nasa
2022-06-27 09:00:00+00:00,23.03,72.58,35.14,50.6,3.7,474.5,fused_om_nasa
2022-06-27 10:00:00+00:00,23.03,72.58,35.87,48.8,4.34,522.6,fused_om_nasa
2022-06-27 11:00:00+00:00,23.03,72.58,36.1,47.0,4.21,375.0,fused_om_nasa
2022-06-27 12:00:00+00:00,23.03,72.58,35.9,48.8,4.46,402.3,fused_om_nasa
2022-06-27 13:00:00+00:00,23.03,72.58,35.5,50.8,4.7,374.4,fused_om_nasa
2022-06-27 14:00:00+00:00,23.03,72.58,34.42,55.2,4.85,234.6,fused_om_nasa
2022-06-27 15:00:00+00:00,23.03,72.58,33.6,57.9,5.12,186.8,fused_om_nasa
2022-06-27 16:00:00+00:00,23.03,72.58,32.77,59.8,5.0,110.9,fused_om_nasa
2022-06-27 17:00:00+00:00,23.03,72.58,32.1,61.7,5.25,47.5,fused_om_nasa
2022-06-27 18:00:00+00:00,23.03,72.58,31.33,65.0,5.15,11.1,fused_om_nasa
2022-06-27 19:00:00+00:00,23.03,72.58,30.7,67.5,4.96,0.0,fused_om_nasa
2022-06-27 20:00:00+00:00,23.03,72.58,30.36,68.0,5.02,0.0,fused_om_nasa
2022-06-27 21:00:00+00:00,23.03,72.58,29.96,68.6,5.22,0.0,fused_om_nasa
2022-06-27 22:00:00+00:00,23.03,72.58,29.64,70.0,4.94,0.0,fused_om_nasa
2022-06-27 23:00:00+00:00,23.03,72.58,29.28,71.5,4.77,0.0,fused_om_nasa
2022-06-28 00:00:00+00:00,23.03,72.58,29.06,75.3,4.57,0.0,fused_om_nasa
2022-06-28 01:00:00+00:00,23.03,72.58,28.95,75.9,4.72,0.0,fused_om_nasa
2022-06-28 02:00:00+00:00,23.03,72.58,29.12,75.1,4.97,55.2,fused_om_nasa
2022-06-28 03:00:00+00:00,23.03,72.58,29.59,73.5,4.79,151.3,fused_om_nasa
2022-06-28 04:00:00+00:00,23.03,72.58,30.4,69.5,4.54,224.0,fused_om_nasa
2022-06-28 05:00:00+00:00,23.03,72.58,30.95,67.4,4.41,216.0,fused_om_nasa
2022-06-28 06:00:00+00:00,23.03,72.58,31.7,63.5,4.61,228.3,fused_om_nasa
2022-06-28 07:00:00+00:00,23.03,72.58,32.82,59.2,4.46,332.5,fused_om_nasa
2022-06-28 08:00:00+00:00,23.03,72.58,33.48,56.4,4.41,380.9,fused_om_nasa
2022-06-28 09:00:00+00:00,23.03,72.58,34.31,53.1,4.46,418.3,fused_om_nasa
2022-06-28 10:00:00+00:00,23.03,72.58,32.52,59.4,5.4,372.1,fused_om_nasa
2022-06-28 11:00:00+00:00,23.03,72.58,34.16,50.7,4.65,399.7,fused_om_nasa
2022-06-28 12:00:00+00:00,23.03,72.58,34.86,49.2,4.0,306.4,fused_om_nasa
2022-06-28 13:00:00+00:00,23.03,72.58,35.04,47.9,4.19,274.9,fused_om_nasa
2022-06-28 14:00:00+00:00,23.03,72.58,33.66,52.4,4.78,261.7,fused_om_nasa
2022-06-28 15:00:00+00:00,23.03,72.58,33.16,54.9,4.34,191.8,fused_om_nasa
2022-06-28 16:00:00+00:00,23.03,72.58,32.75,56.5,4.63,128.4,fused_om_nasa
2022-06-28 17:00:00+00:00,23.03,72.58,32.31,58.3,4.61,57.8,fused_om_nasa
2022-06-28 18:00:00+00:00,23.03,72.58,31.8,59.3,4.77,13.2,fused_om_nasa
2022-06-28 19:00:00+00:00,23.03,72.58,31.34,59.9,4.92,0.0,fused_om_nasa
2022-06-28 20:00:00+00:00,23.03,72.58,30.94,62.0,4.93,0.0,fused_om_nasa
2022-06-28 21:00:00+00:00,23.03,72.58,30.58,64.2,5.18,0.0,fused_om_nasa
2022-06-28 22:00:00+00:00,23.03,72.58,30.11,66.1,5.2,0.0,fused_om_nasa
2022-06-28 23:00:00+00:00,23.03,72.58,29.58,68.3,5.2,0.0,fused_om_nasa
2022-06-29 00:00:00+00:00,23.03,72.58,29.1,71.2,5.28,0.0,fused_om_nasa
2022-06-29 01:00:00+00:00,23.03,72.58,28.86,72.5,5.22,0.0,fused_om_nasa
2022-06-29 02:00:00+00:00,23.03,72.58,28.86,72.6,4.86,0.0,fused_om_nasa
2022-06-29 03:00:00+00:00,23.03,72.58,29.22,71.5,4.51,24.3,fused_om_nasa
2022-06-29 04:00:00+00:00,23.03,72.58,29.9,68.9,4.48,98.6,fused_om_nasa
2022-06-29 05:00:00+00:00,23.03,72.58,30.58,66.3,4.44,104.4,fused_om_nasa
2022-06-29 06:00:00+00:00,23.03,72.58,31.68,62.2,4.66,201.4,fused_om_nasa
2022-06-29 07:00:00+00:00,23.03,72.58,33.12,55.8,4.89,252.4,fused_om_nasa
2022-06-29 08:00:00+00:00,23.03,72.58,34.64,49.5,4.68,321.2,fused_om_nasa
2022-06-29 09:00:00+00:00,23.03,72.58,35.96,44.7,4.6,394.7,fused_om_nasa
2022-06-29 10:00:00+00:00,23.03,72.58,36.54,42.1,4.7,467.1,fused_om_nasa
2022-06-29 11:00:00+00:00,23.03,72.58,36.85,41.4,4.72,519.9,fused_om_nasa
2022-06-29 12:00:00+00:00,23.03,72.58,35.33,49.2,5.4,452.2,fused_om_nasa
2022-06-29 13:00:00+00:00,23.03,72.58,35.42,47.6,5.26,352.0,fused_om_nasa
2022-06-29 14:00:00+00:00,23.03,72.58,34.43,52.6,5.46,292.4,fused_om_nasa
2022-06-29 15:00:00+00:00,23.03,72.58,34.02,55.6,5.12,206.9,fused_om_nasa
2022-06-29 16:00:00+00:00,23.03,72.58,33.63,58.9,4.56,137.4,fused_om_nasa
2022-06-29 17:00:00+00:00,23.03,72.58,33.41,59.8,4.36,67.9,fused_om_nasa
2022-06-29 18:00:00+00:00,23.03,72.58,33.09,58.9,3.97,15.6,fused_om_nasa
2022-06-29 19:00:00+00:00,23.03,72.58,32.54,59.8,3.87,0.0,fused_om_nasa
2022-06-29 20:00:00+00:00,23.03,72.58,32.01,61.8,4.49,0.0,fused_om_nasa
2022-06-29 21:00:00+00:00,23.03,72.58,31.48,63.9,5.09,0.0,fused_om_nasa
2022-06-29 22:00:00+00:00,23.03,72.58,30.88,65.8,5.62,0.0,fused_om_nasa
2022-06-29 23:00:00+00:00,23.03,72.58,30.22,68.3,5.62,0.0,fused_om_nasa
2022-06-30 00:00:00+00:00,23.03,72.58,29.84,69.3,5.32,0.0,fused_om_nasa
2022-06-30 01:00:00+00:00,23.03,72.58,29.52,71.6,5.16,0.0,fused_om_nasa
2022-06-30 02:00:00+00:00,23.03,72.58,29.58,72.1,5.0,51.0,fused_om_nasa
2022-06-30 03:00:00+00:00,23.03,72.58,30.0,70.8,4.76,117.2,fused_om_nasa
2022-06-30 04:00:00+00:00,23.03,72.58,30.48,69.2,4.68,165.6,fused_om_nasa
2022-06-30 05:00:00+00:00,23.03,72.58,31.15,66.9,4.62,212.8,fused_om_nasa
2022-06-30 06:00:00+00:00,23.03,72.58,32.19,62.3,4.84,266.7,fused_om_nasa
2022-06-30 07:00:00+00:00,23.03,72.58,33.22,56.4,5.12,263.7,fused_om_nasa
2022-06-30 08:00:00+00:00,23.03,72.58,34.53,50.9,5.12,325.0,fused_om_nasa
2022-06-30 09:00:00+00:00,23.03,72.58,35.44,47.3,5.28,317.4,fused_om_nasa
2022-06-30 10:00:00+00:00,23.03,72.58,36.23,43.7,5.56,349.2,fused_om_nasa
2022-06-30 11:00:00+00:00,23.03,72.58,35.2,48.8,6.14,389.9,fused_om_nasa
2022-06-30 12:00:00+00:00,23.03,72.58,35.67,46.9,5.82,379.1,fused_om_nasa
2022-06-30 13:00:00+00:00,23.03,72.58,35.76,47.0,5.52,360.5,fused_om_nasa
2022-06-30 14:00:00+00:00,23.03,72.58,34.15,54.1,5.38,325.0,fused_om_nasa
2022-06-30 15:00:00+00:00,23.03,72.58,33.3,59.2,5.29,246.9,fused_om_nasa
2022-06-30 16:00:00+00:00,23.03,72.58,32.6,63.2,4.76,154.1,fused_om_nasa
2022-06-30 17:00:00+00:00,23.03,72.58,31.98,65.6,4.9,74.3,fused_om_nasa
2022-06-30 18:00:00+00:00,23.03,72.58,30.88,68.5,4.68,14.7,fused_om_nasa
2022-06-30 19:00:00+00:00,23.03,72.58,29.93,74.0,4.51,0.0,fused_om_nasa
2022-06-30 20:00:00+00:00,23.03,72.58,28.68,83.0,4.94,0.0,fused_om_nasa
2022-06-30 21:00:00+00:00,23.03,72.58,28.04,86.9,4.49,0.0,fused_om_nasa
2022-06-30 22:00:00+00:00,23.03,72.58,27.89,85.4,4.56,0.0,fused_om_nasa
2022-06-30 23:00:00+00:00,23.03,72.58,27.73,87.0,3.95,0.0,fused_om_nasa
2023-04-01 00:00:00+00:00,23.03,72.58,23.63,65.5,2.8,0.0,fused_om_nasa
2023-04-01 01:00:00+00:00,23.03,72.58,23.45,68.0,2.85,0.0,fused_om_nasa
2023-04-01 02:00:00+00:00,23.03,72.58,23.36,71.5,2.7,68.4,fused_om_nasa
2023-04-01 03:00:00+00:00,23.03,72.58,24.08,71.4,2.92,221.6,fused_om_nasa
2023-04-01 04:00:00+00:00,23.03,72.58,24.87,68.2,2.8,312.0,fused_om_nasa
2023-04-01 05:00:00+00:00,23.03,72.58,25.69,66.3,2.48,361.6,fused_om_nasa
2023-04-01 06:00:00+00:00,23.03,72.58,27.0,61.2,2.94,410.9,fused_om_nasa
2023-04-01 07:00:00+00:00,23.03,72.58,28.88,51.3,3.82,495.1,fused_om_nasa
2023-04-01 08:00:00+00:00,23.03,72.58,30.94,38.7,3.94,610.4,fused_om_nasa
2023-04-01 09:00:00+00:00,23.03,72.58,32.76,30.0,3.69,729.2,fused_om_nasa
2023-04-01 10:00:00+00:00,23.03,72.58,33.98,25.7,3.52,792.8,fused_om_nasa
2023-04-01 11:00:00+00:00,23.03,72.58,34.82,22.9,3.26,799.4,fused_om_nasa
2023-04-01 12:00:00+00:00,23.03,72.58,34.9,22.3,3.0,761.2,fused_om_nasa
2023-04-01 13:00:00+00:00,23.03,72.58,33.86,29.4,2.78,612.4,fused_om_nasa
2023-04-01 14:00:00+00:00,23.03,72.58,34.22,22.8,2.44,399.4,fused_om_nasa
2023-04-01 15:00:00+00:00,23.03,72.58,32.89,25.1,2.31,290.5,fused_om_nasa
2023-04-01 16:00:00+00:00,23.03,72.58,30.98,28.7,2.89,172.2,fused_om_nasa
2023-04-01 17:00:00+00:00,23.03,72.58,29.48,29.7,2.78,59.8,fused_om_nasa
2023-04-01 18:00:00+00:00,23.03,72.58,27.24,36.8,2.37,2.5,fused_om_nasa
2023-04-01 19:00:00+00:00,23.03,72.58,26.78,38.3,2.04,0.0,fused_om_nasa
2023-04-01 20:00:00+00:00,23.03,72.58,26.32,39.3,1.9,0.0,fused_om_nasa
2023-04-01 21:00:00+00:00,23.03,72.58,25.94,39.5,2.36,0.0,fused_om_nasa
2023-04-01 22:00:00+00:00,23.03,72.58,24.69,41.4,2.6,0.0,fused_om_nasa
2023-04-01 23:00:00+00:00,23.03,72.58,23.6,47.5,2.84,0.0,fused_om_nasa
2023-04-02 00:00:00+00:00,23.03,72.58,23.26,54.0,3.18,0.0,fused_om_nasa
2023-04-02 01:00:00+00:00,23.03,72.58,22.9,56.3,3.18,0.0,fused_om_nasa
2023-04-02 02:00:00+00:00,23.03,72.58,23.01,57.2,3.44,75.0,fused_om_nasa
2023-04-02 03:00:00+00:00,23.03,72.58,23.78,57.4,3.15,223.6,fused_om_nasa
2023-04-02 04:00:00+00:00,23.03,72.58,24.56,59.0,3.1,314.7,fused_om_nasa
2023-04-02 05:00:00+00:00,23.03,72.58,25.4,57.9,2.88,364.2,fused_om_nasa
2023-04-02 06:00:00+00:00,23.03,72.58,26.63,54.9,3.13,413.9,fused_om_nasa
2023-04-02 07:00:00+00:00,23.03,72.58,28.6,47.9,3.56,523.5,fused_om_nasa
2023-04-02 08:00:00+00:00,23.03,72.58,30.66,37.9,3.38,640.9,fused_om_nasa
2023-04-02 09:00:00+00:00,23.03,72.58,32.74,28.9,2.97,736.4,fused_om_nasa
2023-04-02 10:00:00+00:00,23.03,72.58,34.13,24.9,2.59,790.6,fused_om_nasa
2023-04-02 11:00:00+00:00,23.03,72.58,34.89,22.9,2.48,742.2,fused_om_nasa
2023-04-02 12:00:00+00:00,23.03,72.58,34.96,21.7,2.34,633.4,fused_om_nasa
2023-04-02 13:00:00+00:00,23.03,72.58,34.44,22.5,2.46,592.4,fused_om_nasa
2023-04-02 14:00:00+00:00,23.03,72.58,33.55,23.7,2.48,407.0,fused_om_nasa
2023-04-02 15:00:00+00:00,23.03,72.58,32.28,25.6,2.5,298.0,fused_om_nasa
2023-04-02 16:00:00+00:00,23.03,72.58,31.46,27.4,2.56,179.7,fused_om_nasa
2023-04-02 17:00:00+00:00,23.03,72.58,30.06,29.6,1.94,65.4,fused_om_nasa
2023-04-02 18:00:00+00:00,23.03,72.58,28.32,33.2,1.58,2.8,fused_om_nasa
2023-04-02 19:00:00+00:00,23.03,72.58,28.0,36.9,1.6,0.0,fused_om_nasa
2023-04-02 20:00:00+00:00,23.03,72.58,27.64,38.7,2.1,0.0,fused_om_nasa
2023-04-02 21:00:00+00:00,23.03,72.58,26.52,38.1,2.22,0.0,fused_om_nasa
2023-04-02 22:00:00+00:00,23.03,72.58,25.18,38.5,2.55,0.0,fused_om_nasa
2023-04-02 23:00:00+00:00,23.03,72.58,24.11,44.8,2.74,0.0,fused_om_nasa
2023-04-03 00:00:00+00:00,23.03,72.58,23.79,51.7,2.84,0.0,fused_om_nasa
2023-04-03 01:00:00+00:00,23.03,72.58,23.26,57.9,2.82,0.0,fused_om_nasa
2023-04-03 02:00:00+00:00,23.03,72.58,23.27,61.9,3.26,77.6,fused_om_nasa
2023-04-03 03:00:00+00:00,23.03,72.58,23.58,67.1,3.74,202.0,fused_om_nasa
2023-04-03 04:00:00+00:00,23.03,72.58,24.42,65.4,3.38,282.8,fused_om_nasa
2023-04-03 05:00:00+00:00,23.03,72.58,25.28,63.5,2.9,351.0,fused_om_nasa
2023-04-03 06:00:00+00:00,23.03,72.58,26.64,58.4,2.82,412.2,fused_om_nasa
2023-04-03 07:00:00+00:00,23.03,72.58,28.93,46.9,3.37,523.8,fused_om_nasa
2023-04-03 08:00:00+00:00,23.03,72.58,31.24,34.6,3.66,641.3,fused_om_nasa
2023-04-03 09:00:00+00:00,23.03,72.58,33.44,25.6,3.91,738.2,fused_om_nasa
2023-04-03 10:00:00+00:00,23.03,72.58,35.02,22.0,4.08,800.5,fused_om_nasa
2023-04-03 11:00:00+00:00,23.03,72.58,35.92,19.5,4.44,804.8,fused_om_nasa
2023-04-03 12:00:00+00:00,23.03,72.58,36.1,18.6,4.38,749.4,fused_om_nasa
2023-04-03 13:00:00+00:00,23.03,72.58,35.9,18.8,4.26,601.9,fused_om_nasa
2023-04-03 14:00:00+00:00,23.03,72.58,34.92,19.2,4.67,406.9,fused_om_nasa
2023-04-03 15:00:00+00:00,23.03,72.58,34.5,19.4,4.44,300.6,fused_om_nasa
2023-04-03 16:00:00+00:00,23.03,72.58,32.9,22.5,4.22,185.9,fused_om_nasa
2023-04-03 17:00:00+00:00,23.03,72.58,31.28,31.7,4.38,68.0,fused_om_nasa
2023-04-03 18:00:00+00:00,23.03,72.58,29.1,37.5,3.16,2.8,fused_om_nasa
2023-04-03 19:00:00+00:00,23.03,72.58,28.06,40.2,2.98,0.0,fused_om_nasa
2023-04-03 20:00:00+00:00,23.03,72.58,27.44,37.2,3.12,0.0,fused_om_nasa
2023-04-03 21:00:00+00:00,23.03,72.58,26.7,32.8,3.28,0.0,fused_om_nasa
2023-04-03 22:00:00+00:00,23.03,72.58,25.68,35.9,3.28,0.0,fused_om_nasa
2023-04-03 23:00:00+00:00,23.03,72.58,24.98,43.1,3.11,0.0,fused_om_nasa
2023-04-04 00:00:00+00:00,23.03,72.58,23.78,52.5,2.64,0.0,fused_om_nasa
2023-04-04 01:00:00+00:00,23.03,72.58,23.35,61.6,2.46,0.0,fused_om_nasa
2023-04-04 02:00:00+00:00,23.03,72.58,23.44,69.1,2.5,73.0,fused_om_nasa
2023-04-04 03:00:00+00:00,23.03,72.58,24.04,73.0,2.36,220.4,fused_om_nasa
2023-04-04 04:00:00+00:00,23.03,72.58,24.93,72.0,2.22,306.4,fused_om_nasa
2023-04-04 05:00:00+00:00,23.03,72.58,25.8,69.4,2.28,350.2,fused_om_nasa
2023-04-04 06:00:00+00:00,23.03,72.58,27.02,64.6,2.75,393.8,fused_om_nasa
2023-04-04 07:00:00+00:00,23.03,72.58,28.87,57.0,3.16,489.8,fused_om_nasa
2023-04-04 08:00:00+00:00,23.03,72.58,30.71,46.4,3.12,582.8,fused_om_nasa
2023-04-04 09:00:00+00:00,23.03,72.58,32.6,36.6,2.9,662.6,fused_om_nasa
2023-04-04 10:00:00+00:00,23.03,72.58,34.16,30.5,3.16,751.8,fused_om_nasa
2023-04-04 11:00:00+00:00,23.03,72.58,35.08,26.7,3.64,774.1,fused_om_nasa
2023-04-04 12:00:00+00:00,23.03,72.58,35.54,24.7,3.68,726.6,fused_om_nasa
2023-04-04 13:00:00+00:00,23.03,72.58,35.39,24.3,4.07,571.2,fused_om_nasa
2023-04-04 14:00:00+00:00,23.03,72.58,34.06,30.3,4.84,404.0,fused_om_nasa
2023-04-04 15:00:00+00:00,23.03,72.58,33.34,31.6,3.57,293.4,fused_om_nasa
2023-04-04 16:00:00+00:00,23.03,72.58,31.87,35.2,3.5,177.6,fused_om_nasa
2023-04-04 17:00:00+00:00,23.03,72.58,31.31,34.7,3.14,63.1,fused_om_nasa
2023-04-04 18:00:00+00:00,23.03,72.58,29.69,34.1,3.08,2.7,fused_om_nasa
2023-04-04 19:00:00+00:00,23.03,72.58,28.61,37.8,2.9,0.0,fused_om_nasa
2023-04-04 20:00:00+00:00,23.03,72.58,27.83,40.4,2.48,0.0,fused_om_nasa
2023-04-04 21:00:00+00:00,23.03,72.58,26.93,40.4,2.29,0.0,fused_om_nasa
2023-04-04 22:00:00+00:00,23.03,72.58,26.24,40.9,2.24,0.0,fused_om_nasa
2023-04-04 23:00:00+00:00,23.03,72.58,25.57,43.0,2.01,0.0,fused_om_nasa
2023-04-05 00:00:00+00:00,23.03,72.58,25.5,49.7,2.03,0.0,fused_om_nasa
2023-04-05 01:00:00+00:00,23.03,72.58,24.66,54.0,2.08,0.0,fused_om_nasa
2023-04-05 02:00:00+00:00,23.03,72.58,24.84,55.3,2.22,72.0,fused_om_nasa
2023-04-05 03:00:00+00:00,23.03,72.58,25.49,54.9,2.34,222.6,fused_om_nasa
2023-04-05 04:00:00+00:00,23.03,72.58,26.32,49.8,2.5,297.5,fused_om_nasa
2023-04-05 05:00:00+00:00,23.03,72.58,27.0,46.0,2.38,295.0,fused_om_nasa
2023-04-05 06:00:00+00:00,23.03,72.58,28.28,42.2,2.39,399.8,fused_om_nasa
2023-04-05 07:00:00+00:00,23.03,72.58,30.18,37.0,2.39,454.7,fused_om_nasa
2023-04-05 08:00:00+00:00,23.03,72.58,32.41,30.7,2.71,618.8,fused_om_nasa
2023-04-05 09:00:00+00:00,23.03,72.58,34.34,25.0,2.62,724.2,fused_om_nasa
2023-04-05 10:00:00+00:00,23.03,72.58,35.66,21.7,2.99,774.3,fused_om_nasa
2023-04-05 11:00:00+00:00,23.03,72.58,36.05,20.3,3.46,681.0,fused_om_nasa
2023-04-05 12:00:00+00:00,23.03,72.58,36.22,19.4,3.62,616.3,fused_om_nasa
2023-04-05 13:00:00+00:00,23.03,72.58,35.76,20.8,3.14,560.7,fused_om_nasa
2023-04-05 14:00:00+00:00,23.03,72.58,34.86,21.9,3.09,392.8,fused_om_nasa
2023-04-05 15:00:00+00:00,23.03,72.58,33.64,23.8,2.74,290.0,fused_om_nasa
2023-04-05 16:00:00+00:00,23.03,72.58,33.06,24.9,2.6,167.6,fused_om_nasa
2023-04-05 17:00:00+00:00,23.03,72.58,31.6,26.6,2.29,55.8,fused_om_nasa
2023-04-05 18:00:00+00:00,23.03,72.58,29.8,31.8,2.13,2.6,fused_om_nasa
2023-04-05 19:00:00+00:00,23.03,72.58,29.25,35.4,1.86,0.0,fused_om_nasa
2023-04-05 20:00:00+00:00,23.03,72.58,28.58,32.1,2.28,0.0,fused_om_nasa
2023-04-05 21:00:00+00:00,23.03,72.58,27.59,32.7,2.74,0.0,fused_om_nasa
2023-04-05 22:00:00+00:00,23.03,72.58,26.22,35.2,2.95,0.0,fused_om_nasa
2023-04-05 23:00:00+00:00,23.03,72.58,25.22,38.0,3.22,0.0,fused_om_nasa
2023-04-06 00:00:00+00:00,23.03,72.58,24.75,43.0,3.36,0.0,fused_om_nasa
2023-04-06 01:00:00+00:00,23.03,72.58,24.4,44.0,3.64,0.0,fused_om_nasa
2023-04-06 02:00:00+00:00,23.03,72.58,24.58,44.2,3.91,85.4,fused_om_nasa
2023-04-06 03:00:00+00:00,23.03,72.58,25.33,44.9,3.87,233.4,fused_om_nasa
2023-04-06 04:00:00+00:00,23.03,72.58,26.23,46.3,3.66,317.3,fused_om_nasa
2023-04-06 05:00:00+00:00,23.03,72.58,27.1,46.4,3.08,365.9,fused_om_nasa
2023-04-06 06:00:00+00:00,23.03,72.58,28.17,44.2,2.86,417.5,fused_om_nasa
2023-04-06 07:00:00+00:00,23.03,72.58,30.06,36.4,2.6,526.5,fused_om_nasa
2023-04-06 08:00:00+00:00,23.03,72.58,32.53,25.4,2.23,625.4,fused_om_nasa
2023-04-06 09:00:00+00:00,23.03,72.58,34.66,18.7,1.67,739.8,fused_om_nasa
2023-04-06 10:00:00+00:00,23.03,72.58,36.11,15.3,1.56,819.9,fused_om_nasa
2023-04-06 11:00:00+00:00,23.03,72.58,37.08,13.3,2.06,828.4,fused_om_nasa
2023-04-06 12:00:00+00:00,23.03,72.58,37.06,13.0,2.81,770.7,fused_om_nasa
2023-04-06 13:00:00+00:00,23.03,72.58,36.36,13.7,2.83,612.6,fused_om_nasa
2023-04-06 14:00:00+00:00,23.03,72.58,34.34,15.5,2.88,404.4,fused_om_nasa
2023-04-06 15:00:00+00:00,23.03,72.58,33.76,15.6,2.86,302.4,fused_om_nasa
2023-04-06 16:00:00+00:00,23.03,72.58,32.92,15.9,2.91,176.3,fused_om_nasa
2023-04-06 17:00:00+00:00,23.03,72.58,31.4,17.6,2.68,61.1,fused_om_nasa
2023-04-06 18:00:00+00:00,23.03,72.58,29.3,19.7,2.12,2.7,fused_om_nasa
2023-04-06 19:00:00+00:00,23.03,72.58,28.31,20.7,2.3,0.0,fused_om_nasa
2023-04-06 20:00:00+00:00,23.03,72.58,28.02,20.5,2.58,0.0,fused_om_nasa
2023-04-06 21:00:00+00:00,23.03,72.58,27.42,21.4,2.92,0.0,fused_om_nasa
2023-04-06 22:00:00+00:00,23.03,72.58,27.38,20.6,3.51,0.0,fused_om_nasa
2023-04-06 23:00:00+00:00,23.03,72.58,26.56,25.5,3.08,0.0,fused_om_nasa
2023-04-07 00:00:00+00:00,23.03,72.58,25.84,30.6,1.9,0.0,fused_om_nasa
2023-04-07 01:00:00+00:00,23.03,72.58,25.12,31.5,1.85,0.0,fused_om_nasa
2023-04-07 02:00:00+00:00,23.03,72.58,25.07,32.0,2.13,56.2,fused_om_nasa
2023-04-07 03:00:00+00:00,23.03,72.58,25.98,29.4,2.78,87.0,fused_om_nasa
2023-04-07 04:00:00+00:00,23.03,72.58,26.91,28.3,2.65,138.7,fused_om_nasa
2023-04-07 05:00:00+00:00,23.03,72.58,26.75,31.4,3.76,195.4,fused_om_nasa
2023-04-07 06:00:00+00:00,23.03,72.58,27.63,32.2,2.15,283.4,fused_om_nasa
2023-04-07 07:00:00+00:00,23.03,72.58,29.56,27.6,1.88,270.7,fused_om_nasa
2023-04-07 08:00:00+00:00,23.03,72.58,32.72,21.0,0.73,430.3,fused_om_nasa
2023-04-07 09:00:00+00:00,23.03,72.58,35.32,16.6,1.22,533.2,fused_om_nasa
2023-04-07 10:00:00+00:00,23.03,72.58,36.73,15.5,2.58,572.1,fused_om_nasa
2023-04-07 11:00:00+00:00,23.03,72.58,36.41,15.4,4.73,581.2,fused_om_nasa
2023-04-07 12:00:00+00:00,23.03,72.58,36.3,18.4,2.9,449.4,fused_om_nasa
2023-04-07 13:00:00+00:00,23.03,72.58,35.84,21.1,2.56,322.7,fused_om_nasa
2023-04-07 14:00:00+00:00,23.03,72.58,35.16,20.5,2.58,252.2,fused_om_nasa
2023-04-07 15:00:00+00:00,23.03,72.58,34.47,20.0,3.02,196.6,fused_om_nasa
2023-04-07 16:00:00+00:00,23.03,72.58,33.59,19.1,3.04,113.5,fused_om_nasa
2023-04-07 17:00:00+00:00,23.03,72.58,32.16,20.2,2.59,43.1,fused_om_nasa
2023-04-07 18:00:00+00:00,23.03,72.58,29.78,23.9,2.76,2.3,fused_om_nasa
2023-04-07 19:00:00+00:00,23.03,72.58,28.96,25.9,2.66,0.0,fused_om_nasa
2023-04-07 20:00:00+00:00,23.03,72.58,27.77,28.9,2.48,0.0,fused_om_nasa
2023-04-07 21:00:00+00:00,23.03,72.58,27.17,31.3,2.45,0.0,fused_om_nasa
2023-04-07 22:00:00+00:00,23.03,72.58,27.08,31.5,2.09,0.0,fused_om_nasa
2023-04-07 23:00:00+00:00,23.03,72.58,26.22,32.8,2.92,0.0,fused_om_nasa
2023-04-08 00:00:00+00:00,23.03,72.58,25.92,33.2,2.28,0.0,fused_om_nasa
2023-04-08 01:00:00+00:00,23.03,72.58,26.03,34.0,1.63,0.0,fused_om_nasa
2023-04-08 02:00:00+00:00,23.03,72.58,26.88,32.5,1.54,86.8,fused_om_nasa
2023-04-08 03:00:00+00:00,23.03,72.58,27.95,30.6,1.42,226.2,fused_om_nasa
2023-04-08 04:00:00+00:00,23.03,72.58,28.56,29.9,1.86,306.8,fused_om_nasa
2023-04-08 05:00:00+00:00,23.03,72.58,28.98,29.9,1.7,359.2,fused_om_nasa
2023-04-08 06:00:00+00:00,23.03,72.58,29.76,28.0,1.6,347.6,fused_om_nasa
2023-04-08 07:00:00+00:00,23.03,72.58,31.96,23.2,1.94,499.0,fused_om_nasa
2023-04-08 08:00:00+00:00,23.03,72.58,34.58,20.1,1.01,606.7,fused_om_nasa
2023-04-08 09:00:00+00:00,23.03,72.58,36.16,19.3,0.92,600.8,fused_om_nasa
2023-04-08 10:00:00+00:00,23.03,72.58,37.07,18.6,1.7,710.9,fused_om_nasa
2023-04-08 11:00:00+00:00,23.03,72.58,37.48,17.9,2.37,650.5,fused_om_nasa
2023-04-08 12:00:00+00:00,23.03,72.58,38.06,14.5,1.71,620.6,fused_om_nasa
2023-04-08 13:00:00+00:00,23.03,72.58,37.72,17.3,2.07,575.7,fused_om_nasa
2023-04-08 14:00:00+00:00,23.03,72.58,37.16,15.7,1.65,408.7,fused_om_nasa
2023-04-08 15:00:00+00:00,23.03,72.58,35.54,18.3,2.3,303.3,fused_om_nasa
2023-04-08 16:00:00+00:00,23.03,72.58,35.18,17.0,2.19,177.8,fused_om_nasa
2023-04-08 17:00:00+00:00,23.03,72.58,32.26,22.2,2.12,65.9,fused_om_nasa
2023-04-08 18:00:00+00:00,23.03,72.58,29.64,26.9,2.02,3.2,fused_om_nasa
2023-04-08 19:00:00+00:00,23.03,72.58,29.32,26.7,1.82,0.0,fused_om_nasa
2023-04-08 20:00:00+00:00,23.03,72.58,28.78,28.4,2.15,0.0,fused_om_nasa
2023-04-08 21:00:00+00:00,23.03,72.58,28.92,26.1,1.88,0.0,fused_om_nasa
2023-04-08 22:00:00+00:00,23.03,72.58,28.28,27.3,2.11,0.0,fused_om_nasa
2023-04-08 23:00:00+00:00,23.03,72.58,28.02,25.1,2.42,0.0,fused_om_nasa
2023-04-09 00:00:00+00:00,23.03,72.58,26.42,30.5,2.11,0.0,fused_om_nasa
2023-04-09 01:00:00+00:00,23.03,72.58,25.62,31.4,2.7,0.0,fused_om_nasa
2023-04-09 02:00:00+00:00,23.03,72.58,26.04,31.3,3.02,89.2,fused_om_nasa
2023-04-09 03:00:00+00:00,23.03,72.58,27.12,30.7,2.37,231.2,fused_om_nasa
2023-04-09 04:00:00+00:00,23.03,72.58,27.98,30.0,1.98,311.4,fused_om_nasa
2023-04-09 05:00:00+00:00,23.03,72.58,29.14,29.1,1.34,360.0,fused_om_nasa
2023-04-09 06:00:00+00:00,23.03,72.58,30.78,26.0,0.85,416.3,fused_om_nasa
2023-04-09 07:00:00+00:00,23.03,72.58,32.67,20.9,1.22,462.3,fused_om_nasa
2023-04-09 08:00:00+00:00,23.03,72.58,34.64,17.4,1.0,536.8,fused_om_nasa
2023-04-09 09:00:00+00:00,23.03,72.58,36.7,15.4,1.18,723.8,fused_om_nasa
2023-04-09 10:00:00+00:00,23.03,72.58,37.66,14.7,1.66,797.0,fused_om_nasa
2023-04-09 11:00:00+00:00,23.03,72.58,38.18,14.5,1.91,817.2,fused_om_nasa
2023-04-09 12:00:00+00:00,23.03,72.58,38.18,14.4,2.54,766.2,fused_om_nasa
2023-04-09 13:00:00+00:00,23.03,72.58,37.73,15.2,2.64,577.5,fused_om_nasa
2023-04-09 14:00:00+00:00,23.03,72.58,36.82,16.3,3.02,374.8,fused_om_nasa
2023-04-09 15:00:00+00:00,23.03,72.58,35.96,17.1,2.64,261.5,fused_om_nasa
2023-04-09 16:00:00+00:00,23.03,72.58,34.45,20.0,2.53,154.9,fused_om_nasa
2023-04-09 17:00:00+00:00,23.03,72.58,32.97,21.8,2.06,57.2,fused_om_nasa
2023-04-09 18:00:00+00:00,23.03,72.58,31.32,23.0,1.92,3.4,fused_om_nasa
2023-04-09 19:00:00+00:00,23.03,72.58,30.5,24.0,2.63,0.0,fused_om_nasa
2023-04-09 20:00:00+00:00,23.03,72.58,29.5,24.8,2.02,0.0,fused_om_nasa
2023-04-09 21:00:00+00:00,23.03,72.58,28.24,28.0,1.89,0.0,fused_om_nasa
2023-04-09 22:00:00+00:00,23.03,72.58,28.12,27.7,1.96,0.0,fused_om_nasa
2023-04-09 23:00:00+00:00,23.03,72.58,27.94,27.5,2.52,0.0,fused_om_nasa
2023-04-10 00:00:00+00:00,23.03,72.58,27.7,31.7,3.16,0.0,fused_om_nasa
2023-04-10 01:00:00+00:00,23.03,72.58,26.94,33.0,3.37,0.0,fused_om_nasa
2023-04-10 02:00:00+00:00,23.03,72.58,26.84,33.3,3.11,91.6,fused_om_nasa
2023-04-10 03:00:00+00:00,23.03,72.58,27.44,32.5,2.6,230.6,fused_om_nasa
2023-04-10 04:00:00+00:00,23.03,72.58,28.18,32.0,2.28,313.4,fused_om_nasa
2023-04-10 05:00:00+00:00,23.03,72.58,28.94,31.8,2.38,360.8,fused_om_nasa
2023-04-10 06:00:00+00:00,23.03,72.58,30.18,30.3,2.34,409.4,fused_om_nasa
2023-04-10 07:00:00+00:00,23.03,72.58,32.22,26.7,1.71,513.5,fused_om_nasa
2023-04-10 08:00:00+00:00,23.03,72.58,34.7,21.0,1.4,634.3,fused_om_nasa
2023-04-10 09:00:00+00:00,23.03,72.58,37.33,16.8,1.08,690.1,fused_om_nasa
2023-04-10 10:00:00+00:00,23.03,72.58,38.66,15.7,1.33,788.2,fused_om_nasa
2023-04-10 11:00:00+00:00,23.03,72.58,39.38,14.6,1.34,801.0,fused_om_nasa
2023-04-10 12:00:00+00:00,23.03,72.58,39.51,14.2,2.44,718.1,fused_om_nasa
2023-04-10 13:00:00+00:00,23.03,72.58,38.92,14.9,2.23,563.5,fused_om_nasa
2023-04-10 14:00:00+00:00,23.03,72.58,37.34,16.4,2.13,365.2,fused_om_nasa
2023-04-10 15:00:00+00:00,23.03,72.58,36.42,18.0,2.06,285.6,fused_om_nasa
2023-04-10 16:00:00+00:00,23.03,72.58,36.36,17.4,1.74,168.4,fused_om_nasa
2023-04-10 17:00:00+00:00,23.03,72.58,35.74,17.6,1.03,62.2,fused_om_nasa
2023-04-10 18:00:00+00:00,23.03,72.58,33.34,20.9,1.77,3.5,fused_om_nasa
2023-04-10 19:00:00+00:00,23.03,72.58,31.97,21.9,2.22,0.0,fused_om_nasa
2023-04-10 20:00:00+00:00,23.03,72.58,29.96,26.5,2.24,0.0,fused_om_nasa
2023-04-10 21:00:00+00:00,23.03,72.58,30.04,26.3,1.16,0.0,fused_om_nasa
2023-04-10 22:00:00+00:00,23.03,72.58,29.72,26.9,1.52,0.0,fused_om_nasa
2023-04-10 23:00:00+00:00,23.03,72.58,28.89,28.2,2.74,0.0,fused_om_nasa
2023-04-11 00:00:00+00:00,23.03,72.58,28.24,32.0,2.9,0.0,fused_om_nasa
2023-04-11 01:00:00+00:00,23.03,72.58,27.58,36.2,2.95,0.0,fused_om_nasa
2023-04-11 02:00:00+00:00,23.03,72.58,27.68,37.4,3.2,80.6,fused_om_nasa
2023-04-11 03:00:00+00:00,23.03,72.58,28.37,35.8,3.22,220.2,fused_om_nasa
2023-04-11 04:00:00+00:00,23.03,72.58,29.53,33.1,2.82,300.5,fused_om_nasa
2023-04-11 05:00:00+00:00,23.03,72.58,30.57,30.3,2.62,342.2,fused_om_nasa
2023-04-11 06:00:00+00:00,23.03,72.58,31.7,27.8,2.94,405.5,fused_om_nasa
2023-04-11 07:00:00+00:00,23.03,72.58,33.58,24.4,3.18,519.9,fused_om_nasa
2023-04-11 08:00:00+00:00,23.03,72.58,35.77,20.8,2.68,587.1,fused_om_nasa
2023-04-11 09:00:00+00:00,23.03,72.58,38.14,17.6,2.45,688.0,fused_om_nasa
2023-04-11 10:00:00+00:00,23.03,72.58,39.39,16.1,2.84,738.0,fused_om_nasa
2023-04-11 11:00:00+00:00,23.03,72.58,39.94,15.6,2.94,719.1,fused_om_nasa
2023-04-11 12:00:00+00:00,23.03,72.58,39.94,15.4,3.2,728.6,fused_om_nasa
2023-04-11 13:00:00+00:00,23.03,72.58,38.52,21.2,2.95,514.0,fused_om_nasa
2023-04-11 14:00:00+00:00,23.03,72.58,37.32,18.7,2.98,384.5,fused_om_nasa
2023-04-11 15:00:00+00:00,23.03,72.58,37.42,17.9,2.27,275.8,fused_om_nasa
2023-04-11 16:00:00+00:00,23.03,72.58,36.5,18.2,2.14,161.3,fused_om_nasa
2023-04-11 17:00:00+00:00,23.03,72.58,34.37,21.0,2.05,59.9,fused_om_nasa
2023-04-11 18:00:00+00:00,23.03,72.58,32.53,23.0,1.76,3.4,fused_om_nasa
2023-04-11 19:00:00+00:00,23.03,72.58,31.59,24.5,1.88,0.0,fused_om_nasa
2023-04-11 20:00:00+00:00,23.03,72.58,30.78,26.8,2.06,0.0,fused_om_nasa
2023-04-11 21:00:00+00:00,23.03,72.58,29.64,29.8,1.9,0.0,fused_om_nasa
2023-04-11 22:00:00+00:00,23.03,72.58,28.77,32.9,2.33,0.0,fused_om_nasa
2023-04-11 23:00:00+00:00,23.03,72.58,28.02,33.4,2.68,0.0,fused_om_nasa
2023-04-12 00:00:00+00:00,23.03,72.58,27.53,37.6,2.9,0.0,fused_om_nasa
2023-04-12 01:00:00+00:00,23.03,72.58,27.1,37.7,3.04,0.0,fused_om_nasa
2023-04-12 02:00:00+00:00,23.03,72.58,27.25,37.6,3.38,89.6,fused_om_nasa
2023-04-12 03:00:00+00:00,23.03,72.58,27.72,37.9,3.62,228.0,fused_om_nasa
2023-04-12 04:00:00+00:00,23.03,72.58,28.55,37.1,3.49,285.2,fused_om_nasa
2023-04-12 05:00:00+00:00,23.03,72.58,29.48,36.0,3.32,331.1,fused_om_nasa
2023-04-12 06:00:00+00:00,23.03,72.58,30.66,34.4,3.62,409.6,fused_om_nasa
2023-04-12 07:00:00+00:00,23.03,72.58,32.56,31.2,3.62,515.1,fused_om_nasa
2023-04-12 08:00:00+00:00,23.03,72.58,35.06,24.5,3.57,630.6,fused_om_nasa
2023-04-12 09:00:00+00:00,23.03,72.58,37.39,19.6,3.42,719.6,fused_om_nasa
2023-04-12 10:00:00+00:00,23.03,72.58,38.52,17.8,3.92,744.8,fused_om_nasa
2023-04-12 11:00:00+00:00,23.03,72.58,39.18,17.3,4.18,746.4,fused_om_nasa
2023-04-12 12:00:00+00:00,23.03,72.58,39.05,18.6,3.76,642.0,fused_om_nasa
2023-04-12 13:00:00+00:00,23.03,72.58,38.84,18.3,3.51,610.8,fused_om_nasa
2023-04-12 14:00:00+00:00,23.03,72.58,37.35,19.1,3.36,399.4,fused_om_nasa
2023-04-12 15:00:00+00:00,23.03,72.58,37.34,18.2,3.38,293.5,fused_om_nasa
2023-04-12 16:00:00+00:00,23.03,72.58,35.08,19.5,3.76,177.4,fused_om_nasa
2023-04-12 17:00:00+00:00,23.03,72.58,34.91,17.4,2.9,67.8,fused_om_nasa
2023-04-12 18:00:00+00:00,23.03,72.58,32.65,19.7,1.96,3.7,fused_om_nasa
2023-04-12 19:00:00+00:00,23.03,72.58,30.71,22.9,2.5,0.0,fused_om_nasa
2023-04-12 20:00:00+00:00,23.03,72.58,29.21,26.0,2.83,0.0,fused_om_nasa
2023-04-12 21:00:00+00:00,23.03,72.58,28.72,26.3,2.57,0.0,fused_om_nasa
2023-04-12 22:00:00+00:00,23.03,72.58,28.2,29.9,2.56,0.0,fused_om_nasa
2023-04-12 23:00:00+00:00,23.03,72.58,27.78,36.1,2.78,0.0,fused_om_nasa
2023-04-13 00:00:00+00:00,23.03,72.58,27.61,44.3,3.06,0.0,fused_om_nasa
2023-04-13 01:00:00+00:00,23.03,72.58,27.3,46.2,2.84,0.0,fused_om_nasa
2023-04-13 02:00:00+00:00,23.03,72.58,27.65,46.2,3.07,26.3,fused_om_nasa
2023-04-13 03:00:00+00:00,23.03,72.58,28.7,42.3,3.44,121.8,fused_om_nasa
2023-04-13 04:00:00+00:00,23.03,72.58,29.63,39.1,3.54,207.9,fused_om_nasa
2023-04-13 05:00:00+00:00,23.03,72.58,30.48,37.5,3.2,236.6,fused_om_nasa
2023-04-13 06:00:00+00:00,23.03,72.58,31.56,35.2,3.3,263.0,fused_om_nasa
2023-04-13 07:00:00+00:00,23.03,72.58,32.94,31.4,3.3,356.5,fused_om_nasa
2023-04-13 08:00:00+00:00,23.03,72.58,34.77,26.7,3.31,568.3,fused_om_nasa
2023-04-13 09:00:00+00:00,23.03,72.58,36.58,21.9,3.24,555.8,fused_om_nasa
2023-04-13 10:00:00+00:00,23.03,72.58,37.6,19.9,3.22,528.0,fused_om_nasa
2023-04-13 11:00:00+00:00,23.03,72.58,37.86,18.3,3.49,410.5,fused_om_nasa
2023-04-13 12:00:00+00:00,23.03,72.58,37.74,18.1,3.18,425.8,fused_om_nasa
2023-04-13 13:00:00+00:00,23.03,72.58,37.36,17.8,2.96,328.3,fused_om_nasa
2023-04-13 14:00:00+00:00,23.03,72.58,36.18,18.8,3.12,275.5,fused_om_nasa
2023-04-13 15:00:00+00:00,23.03,72.58,35.26,19.1,2.9,188.9,fused_om_nasa
2023-04-13 16:00:00+00:00,23.03,72.58,34.18,20.6,3.18,114.3,fused_om_nasa
2023-04-13 17:00:00+00:00,23.03,72.58,32.89,22.0,2.26,46.0,fused_om_nasa
2023-04-13 18:00:00+00:00,23.03,72.58,31.16,24.6,2.17,3.2,fused_om_nasa
2023-04-13 19:00:00+00:00,23.03,72.58,30.84,24.9,1.62,0.0,fused_om_nasa
2023-04-13 20:00:00+00:00,23.03,72.58,29.98,26.0,2.01,0.0,fused_om_nasa
2023-04-13 21:00:00+00:00,23.03,72.58,28.8,28.4,2.04,0.0,fused_om_nasa
2023-04-13 22:00:00+00:00,23.03,72.58,27.78,31.0,2.29,0.0,fused_om_nasa
2023-04-13 23:00:00+00:00,23.03,72.58,26.92,33.6,2.66,0.0,fused_om_nasa
2023-04-14 00:00:00+00:00,23.03,72.58,26.8,39.2,2.9,0.0,fused_om_nasa
2023-04-14 01:00:00+00:00,23.03,72.58,26.59,43.0,3.3,0.0,fused_om_nasa
2023-04-14 02:00:00+00:00,23.03,72.58,26.94,43.8,3.58,91.0,fused_om_nasa
2023-04-14 03:00:00+00:00,23.03,72.58,27.71,43.1,3.74,234.9,fused_om_nasa
2023-04-14 04:00:00+00:00,23.03,72.58,28.58,43.5,3.41,316.8,fused_om_nasa
2023-04-14 05:00:00+00:00,23.03,72.58,29.62,42.6,3.27,365.3,fused_om_nasa
2023-04-14 06:00:00+00:00,23.03,72.58,30.88,40.8,3.6,416.7,fused_om_nasa
2023-04-14 07:00:00+00:00,23.03,72.58,32.66,36.5,3.54,511.6,fused_om_nasa
2023-04-14 08:00:00+00:00,23.03,72.58,35.16,27.8,4.0,607.6,fused_om_nasa
2023-04-14 09:00:00+00:00,23.03,72.58,37.29,21.4,3.8,697.4,fused_om_nasa
2023-04-14 10:00:00+00:00,23.03,72.58,38.72,18.0,3.61,758.0,fused_om_nasa
2023-04-14 11:00:00+00:00,23.03,72.58,39.51,16.2,3.66,772.4,fused_om_nasa
2023-04-14 12:00:00+00:00,23.03,72.58,39.26,15.5,3.58,745.7,fused_om_nasa
2023-04-14 13:00:00+00:00,23.03,72.58,38.72,16.3,2.62,633.0,fused_om_nasa
2023-04-14 14:00:00+00:00,23.03,72.58,38.78,15.5,2.92,409.2,fused_om_nasa
2023-04-14 15:00:00+00:00,23.03,72.58,37.17,17.4,3.16,301.5,fused_om_nasa
2023-04-14 16:00:00+00:00,23.03,72.58,35.26,19.4,3.18,184.5,fused_om_nasa
2023-04-14 17:00:00+00:00,23.03,72.58,33.97,20.9,2.94,71.2,fused_om_nasa
2023-04-14 18:00:00+00:00,23.03,72.58,31.89,21.5,2.64,4.1,fused_om_nasa
2023-04-14 19:00:00+00:00,23.03,72.58,30.95,22.2,2.75,0.0,fused_om_nasa
2023-04-14 20:00:00+00:00,23.03,72.58,30.02,23.9,2.87,0.0,fused_om_nasa
2023-04-14 21:00:00+00:00,23.03,72.58,28.99,26.7,2.91,0.0,fused_om_nasa
2023-04-14 22:00:00+00:00,23.03,72.58,27.69,30.3,2.56,0.0,fused_om_nasa
2023-04-14 23:00:00+00:00,23.03,72.58,26.67,34.3,2.59,0.0,fused_om_nasa
2023-04-15 00:00:00+00:00,23.03,72.58,26.38,38.1,2.91,0.0,fused_om_nasa
2023-04-15 01:00:00+00:00,23.03,72.58,25.92,44.3,3.08,0.0,fused_om_nasa
2023-04-15 02:00:00+00:00,23.03,72.58,26.16,49.9,3.23,106.2,fused_om_nasa
2023-04-15 03:00:00+00:00,23.03,72.58,26.72,56.0,2.32,238.3,fused_om_nasa
2023-04-15 04:00:00+00:00,23.03,72.58,27.44,58.6,2.18,317.9,fused_om_nasa
2023-04-15 05:00:00+00:00,23.03,72.58,28.44,57.8,2.08,362.9,fused_om_nasa
2023-04-15 06:00:00+00:00,23.03,72.58,30.02,51.4,2.39,426.5,fused_om_nasa
2023-04-15 07:00:00+00:00,23.03,72.58,32.26,42.9,2.64,540.3,fused_om_nasa
2023-04-15 08:00:00+00:00,23.03,72.58,35.03,31.2,2.58,657.8,fused_om_nasa
2023-04-15 09:00:00+00:00,23.03,72.58,37.48,21.4,2.76,735.3,fused_om_nasa
2023-04-15 10:00:00+00:00,23.03,72.58,38.68,18.1,3.4,805.4,fused_om_nasa
2023-04-15 11:00:00+00:00,23.03,72.58,39.41,16.0,3.46,816.4,fused_om_nasa
2023-04-15 12:00:00+00:00,23.03,72.58,39.31,15.4,3.29,764.4,fused_om_nasa
2023-04-15 13:00:00+00:00,23.03,72.58,38.4,21.3,3.0,631.0,fused_om_nasa
2023-04-15 14:00:00+00:00,23.03,72.58,37.45,15.4,3.49,414.8,fused_om_nasa
2023-04-15 15:00:00+00:00,23.03,72.58,36.62,16.2,3.47,302.2,fused_om_nasa
2023-04-15 16:00:00+00:00,23.03,72.58,34.99,18.3,3.13,186.1,fused_om_nasa
2023-04-15 17:00:00+00:00,23.03,72.58,34.34,19.8,3.66,72.4,fused_om_nasa
2023-04-15 18:00:00+00:00,23.03,72.58,31.76,21.3,3.14,4.2,fused_om_nasa
2023-04-15 19:00:00+00:00,23.03,72.58,30.36,25.2,2.83,0.0,fused_om_nasa
2023-04-15 20:00:00+00:00,23.03,72.58,28.84,31.0,2.58,0.0,fused_om_nasa
2023-04-15 21:00:00+00:00,23.03,72.58,28.04,34.1,2.94,0.0,fused_om_nasa
2023-04-15 22:00:00+00:00,23.03,72.58,27.42,34.3,3.32,0.0,fused_om_nasa
2023-04-15 23:00:00+00:00,23.03,72.58,26.68,37.7,2.94,0.0,fused_om_nasa
2023-04-16 00:00:00+00:00,23.03,72.58,26.46,42.1,2.62,0.0,fused_om_nasa
2023-04-16 01:00:00+00:00,23.03,72.58,25.61,47.7,2.62,0.0,fused_om_nasa
2023-04-16 02:00:00+00:00,23.03,72.58,26.23,48.1,2.4,108.4,fused_om_nasa
2023-04-16 03:00:00+00:00,23.03,72.58,26.6,51.1,1.94,237.8,fused_om_nasa
2023-04-16 04:00:00+00:00,23.03,72.58,27.21,51.9,1.78,318.2,fused_om_nasa
2023-04-16 05:00:00+00:00,23.03,72.58,28.08,50.9,1.68,363.1,fused_om_nasa
2023-04-16 06:00:00+00:00,23.03,72.58,29.75,47.0,1.61,429.2,fused_om_nasa
2023-04-16 07:00:00+00:00,23.03,72.58,32.09,38.7,2.28,545.4,fused_om_nasa
2023-04-16 08:00:00+00:00,23.03,72.58,34.99,25.7,2.76,663.5,fused_om_nasa
2023-04-16 09:00:00+00:00,23.03,72.58,37.12,18.4,3.18,753.3,fused_om_nasa
2023-04-16 10:00:00+00:00,23.03,72.58,38.38,15.6,3.44,813.6,fused_om_nasa
2023-04-16 11:00:00+00:00,23.03,72.58,39.06,14.3,3.54,826.1,fused_om_nasa
2023-04-16 12:00:00+00:00,23.03,72.58,39.06,14.5,3.13,783.7,fused_om_nasa
2023-04-16 13:00:00+00:00,23.03,72.58,38.58,18.4,2.74,639.7,fused_om_nasa
2023-04-16 14:00:00+00:00,23.03,72.58,36.96,17.1,3.16,433.1,fused_om_nasa
2023-04-16 15:00:00+00:00,23.03,72.58,36.12,17.0,3.12,316.6,fused_om_nasa
2023-04-16 16:00:00+00:00,23.03,72.58,35.66,17.7,3.02,195.3,fused_om_nasa
2023-04-16 17:00:00+00:00,23.03,72.58,34.21,18.7,3.32,76.8,fused_om_nasa
2023-04-16 18:00:00+00:00,23.03,72.58,31.87,23.7,2.51,4.5,fused_om_nasa
2023-04-16 19:00:00+00:00,23.03,72.58,30.04,28.3,2.4,0.0,fused_om_nasa
2023-04-16 20:00:00+00:00,23.03,72.58,29.18,29.7,2.58,0.0,fused_om_nasa
2023-04-16 21:00:00+00:00,23.03,72.58,28.35,30.0,2.77,0.0,fused_om_nasa
2023-04-16 22:00:00+00:00,23.03,72.58,27.77,33.2,3.06,0.0,fused_om_nasa
2023-04-16 23:00:00+00:00,23.03,72.58,27.05,40.0,2.89,0.0,fused_om_nasa
2023-04-17 00:00:00+00:00,23.03,72.58,26.62,48.4,2.84,0.0,fused_om_nasa
2023-04-17 01:00:00+00:00,23.03,72.58,26.23,53.3,2.46,0.0,fused_om_nasa
2023-04-17 02:00:00+00:00,23.03,72.58,26.56,55.8,2.3,110.4,fused_om_nasa
2023-04-17 03:00:00+00:00,23.03,72.58,27.35,56.2,2.23,238.6,fused_om_nasa
2023-04-17 04:00:00+00:00,23.03,72.58,28.22,55.1,2.07,318.4,fused_om_nasa
2023-04-17 05:00:00+00:00,23.03,72.58,29.06,53.0,1.91,362.0,fused_om_nasa
2023-04-17 06:00:00+00:00,23.03,72.58,30.71,47.8,2.02,424.6,fused_om_nasa
2023-04-17 07:00:00+00:00,23.03,72.58,33.04,38.0,2.14,529.5,fused_om_nasa
2023-04-17 08:00:00+00:00,23.03,72.58,35.97,24.8,2.26,607.6,fused_om_nasa
2023-04-17 09:00:00+00:00,23.03,72.58,38.1,18.1,2.54,667.9,fused_om_nasa
2023-04-17 10:00:00+00:00,23.03,72.58,39.43,15.2,3.31,770.5,fused_om_nasa
2023-04-17 11:00:00+00:00,23.03,72.58,40.08,13.7,3.89,777.7,fused_om_nasa
2023-04-17 12:00:00+00:00,23.03,72.58,40.29,12.8,3.74,746.2,fused_om_nasa
2023-04-17 13:00:00+00:00,23.03,72.58,39.61,13.2,3.71,641.0,fused_om_nasa
2023-04-17 14:00:00+00:00,23.03,72.58,38.53,13.8,3.7,417.0,fused_om_nasa
2023-04-17 15:00:00+00:00,23.03,72.58,38.21,13.2,3.69,300.6,fused_om_nasa
2023-04-17 16:00:00+00:00,23.03,72.58,38.04,12.9,2.96,183.7,fused_om_nasa
2023-04-17 17:00:00+00:00,23.03,72.58,35.26,16.6,4.01,70.7,fused_om_nasa
2023-04-17 18:00:00+00:00,23.03,72.58,33.35,20.1,3.08,4.1,fused_om_nasa
2023-04-17 19:00:00+00:00,23.03,72.58,31.98,23.5,2.1,0.0,fused_om_nasa
2023-04-17 20:00:00+00:00,23.03,72.58,30.52,26.0,2.17,0.0,fused_om_nasa
2023-04-17 21:00:00+00:00,23.03,72.58,29.42,27.0,2.24,0.0,fused_om_nasa
2023-04-17 22:00:00+00:00,23.03,72.58,28.58,29.2,2.67,0.0,fused_om_nasa
2023-04-17 23:00:00+00:00,23.03,72.58,28.0,34.6,2.93,0.0,fused_om_nasa
2023-04-18 00:00:00+00:00,23.03,72.58,27.36,42.5,2.58,0.0,fused_om_nasa
2023-04-18 01:00:00+00:00,23.03,72.58,26.98,46.3,2.5,0.0,fused_om_nasa
2023-04-18 02:00:00+00:00,23.03,72.58,27.57,46.8,2.98,109.4,fused_om_nasa
2023-04-18 03:00:00+00:00,23.03,72.58,28.6,45.9,3.37,235.4,fused_om_nasa
2023-04-18 04:00:00+00:00,23.03,72.58,29.72,43.3,3.52,314.6,fused_om_nasa
2023-04-18 05:00:00+00:00,23.03,72.58,30.55,41.7,3.3,359.0,fused_om_nasa
2023-04-18 06:00:00+00:00,23.03,72.58,32.08,37.3,3.38,418.2,fused_om_nasa
2023-04-18 07:00:00+00:00,23.03,72.58,34.24,31.4,3.0,512.0,fused_om_nasa
2023-04-18 08:00:00+00:00,23.03,72.58,36.94,24.2,3.48,553.2,fused_om_nasa
2023-04-18 09:00:00+00:00,23.03,72.58,38.84,18.4,3.59,608.6,fused_om_nasa
2023-04-18 10:00:00+00:00,23.03,72.58,40.17,15.0,3.78,686.2,fused_om_nasa
2023-04-18 11:00:00+00:00,23.03,72.58,40.8,13.2,4.24,773.1,fused_om_nasa
2023-04-18 12:00:00+00:00,23.03,72.58,40.7,12.6,4.56,721.6,fused_om_nasa
2023-04-18 13:00:00+00:00,23.03,72.58,39.95,13.9,3.7,624.5,fused_om_nasa
2023-04-18 14:00:00+00:00,23.03,72.58,39.4,13.9,3.53,399.7,fused_om_nasa
2023-04-18 15:00:00+00:00,23.03,72.58,38.58,14.6,3.2,281.5,fused_om_nasa
2023-04-18 16:00:00+00:00,23.03,72.58,36.35,17.0,4.03,169.0,fused_om_nasa
2023-04-18 17:00:00+00:00,23.03,72.58,34.03,20.1,3.96,68.6,fused_om_nasa
2023-04-18 18:00:00+00:00,23.03,72.58,33.28,19.5,1.71,4.4,fused_om_nasa
2023-04-18 19:00:00+00:00,23.03,72.58,31.49,21.9,2.98,0.0,fused_om_nasa
2023-04-18 20:00:00+00:00,23.03,72.58,31.72,21.2,2.84,0.0,fused_om_nasa
2023-04-18 21:00:00+00:00,23.03,72.58,31.3,22.6,1.97,0.0,fused_om_nasa
2023-04-18 22:00:00+00:00,23.03,72.58,30.58,25.4,1.76,0.0,fused_om_nasa
2023-04-18 23:00:00+00:00,23.03,72.58,29.84,30.2,2.06,0.0,fused_om_nasa
2023-04-19 00:00:00+00:00,23.03,72.58,29.06,37.3,2.38,0.0,fused_om_nasa
2023-04-19 01:00:00+00:00,23.03,72.58,28.28,38.4,2.5,0.0,fused_om_nasa
2023-04-19 02:00:00+00:00,23.03,72.58,28.5,37.1,2.86,108.4,fused_om_nasa
2023-04-19 03:00:00+00:00,23.03,72.58,29.56,35.4,2.76,238.9,fused_om_nasa
2023-04-19 04:00:00+00:00,23.03,72.58,30.66,34.7,2.82,309.0,fused_om_nasa
2023-04-19 05:00:00+00:00,23.03,72.58,31.36,33.8,3.13,358.8,fused_om_nasa
2023-04-19 06:00:00+00:00,23.03,72.58,32.6,30.6,3.64,424.2,fused_om_nasa
2023-04-19 07:00:00+00:00,23.03,72.58,34.34,26.6,3.55,532.6,fused_om_nasa
2023-04-19 08:00:00+00:00,23.03,72.58,37.06,21.1,4.14,616.7,fused_om_nasa
2023-04-19 09:00:00+00:00,23.03,72.58,38.56,18.1,4.19,703.1,fused_om_nasa
2023-04-19 10:00:00+00:00,23.03,72.58,39.39,16.7,4.69,735.7,fused_om_nasa
2023-04-19 11:00:00+00:00,23.03,72.58,39.74,15.7,4.84,788.7,fused_om_nasa
2023-04-19 12:00:00+00:00,23.03,72.58,39.64,16.0,4.98,678.1,fused_om_nasa
2023-04-19 13:00:00+00:00,23.03,72.58,39.42,15.6,4.28,537.2,fused_om_nasa
2023-04-19 14:00:00+00:00,23.03,72.58,37.72,17.0,4.03,358.2,fused_om_nasa
2023-04-19 15:00:00+00:00,23.03,72.58,36.53,17.4,4.1,246.7,fused_om_nasa
2023-04-19 16:00:00+00:00,23.03,72.58,35.52,17.9,4.66,150.0,fused_om_nasa
2023-04-19 17:00:00+00:00,23.03,72.58,34.78,18.8,5.04,62.0,fused_om_nasa
2023-04-19 18:00:00+00:00,23.03,72.58,32.84,22.9,4.22,4.9,fused_om_nasa
2023-04-19 19:00:00+00:00,23.03,72.58,31.32,25.7,3.49,0.0,fused_om_nasa
2023-04-19 20:00:00+00:00,23.03,72.58,30.37,28.5,3.04,0.0,fused_om_nasa
2023-04-19 21:00:00+00:00,23.03,72.58,29.61,30.9,2.78,0.0,fused_om_nasa
2023-04-19 22:00:00+00:00,23.03,72.58,28.9,33.8,2.77,0.0,fused_om_nasa
2023-04-19 23:00:00+00:00,23.03,72.58,28.26,35.9,2.96,0.0,fused_om_nasa
2023-04-20 00:00:00+00:00,23.03,72.58,27.82,40.6,3.46,0.0,fused_om_nasa
2023-04-20 01:00:00+00:00,23.03,72.58,27.42,42.2,3.4,0.0,fused_om_nasa
2023-04-20 02:00:00+00:00,23.03,72.58,27.62,41.3,3.35,116.6,fused_om_nasa
2023-04-20 03:00:00+00:00,23.03,72.58,28.22,41.0,3.99,242.3,fused_om_nasa
2023-04-20 04:00:00+00:00,23.03,72.58,28.86,41.4,3.88,319.5,fused_om_nasa
2023-04-20 05:00:00+00:00,23.03,72.58,29.54,40.7,3.33,362.3,fused_om_nasa
2023-04-20 06:00:00+00:00,23.03,72.58,30.74,38.4,3.64,424.3,fused_om_nasa
2023-04-20 07:00:00+00:00,23.03,72.58,32.61,32.9,4.58,509.3,fused_om_nasa
2023-04-20 08:00:00+00:00,23.03,72.58,34.4,25.8,5.07,576.4,fused_om_nasa
2023-04-20 09:00:00+00:00,23.03,72.58,35.5,22.4,4.86,633.5,fused_om_nasa
2023-04-20 10:00:00+00:00,23.03,72.58,36.14,21.1,4.36,571.2,fused_om_nasa
2023-04-20 11:00:00+00:00,23.03,72.58,36.93,19.4,4.4,597.5,fused_om_nasa
2023-04-20 12:00:00+00:00,23.03,72.58,37.32,18.5,4.81,597.6,fused_om_nasa
2023-04-20 13:00:00+00:00,23.03,72.58,37.02,17.4,4.92,498.9,fused_om_nasa
2023-04-20 14:00:00+00:00,23.03,72.58,36.12,17.7,4.74,290.1,fused_om_nasa
2023-04-20 15:00:00+00:00,23.03,72.58,35.54,17.9,4.74,252.4,fused_om_nasa
2023-04-20 16:00:00+00:00,23.03,72.58,34.67,18.7,4.43,156.6,fused_om_nasa
2023-04-20 17:00:00+00:00,23.03,72.58,33.22,20.3,4.06,60.8,fused_om_nasa
2023-04-20 18:00:00+00:00,23.03,72.58,30.78,25.4,2.81,4.4,fused_om_nasa
2023-04-20 19:00:00+00:00,23.03,72.58,29.34,30.6,2.52,0.0,fused_om_nasa
2023-04-20 20:00:00+00:00,23.03,72.58,28.45,31.3,2.56,0.0,fused_om_nasa
2023-04-20 21:00:00+00:00,23.03,72.58,27.78,34.6,2.65,0.0,fused_om_nasa
2023-04-20 22:00:00+00:00,23.03,72.58,27.26,41.1,3.01,0.0,fused_om_nasa
2023-04-20 23:00:00+00:00,23.03,72.58,26.62,45.7,3.42,0.0,fused_om_nasa
2023-04-21 00:00:00+00:00,23.03,72.58,26.43,52.9,4.15,0.0,fused_om_nasa
2023-04-21 01:00:00+00:00,23.03,72.58,26.1,58.8,4.41,0.0,fused_om_nasa
2023-04-21 02:00:00+00:00,23.03,72.58,25.96,64.1,3.94,85.2,fused_om_nasa
2023-04-21 03:00:00+00:00,23.03,72.58,26.52,64.4,3.62,221.6,fused_om_nasa
2023-04-21 04:00:00+00:00,23.03,72.58,27.54,60.7,3.18,305.0,fused_om_nasa
2023-04-21 05:00:00+00:00,23.03,72.58,28.64,54.7,2.83,355.6,fused_om_nasa
2023-04-21 06:00:00+00:00,23.03,72.58,30.06,47.9,3.18,425.4,fused_om_nasa
2023-04-21 07:00:00+00:00,23.03,72.58,31.89,39.2,3.15,528.2,fused_om_nasa
2023-04-21 08:00:00+00:00,23.03,72.58,34.18,27.4,3.11,647.1,fused_om_nasa
2023-04-21 09:00:00+00:00,23.03,72.58,35.98,20.9,2.99,743.3,fused_om_nasa
2023-04-21 10:00:00+00:00,23.03,72.58,37.05,18.3,2.86,797.8,fused_om_nasa
2023-04-21 11:00:00+00:00,23.03,72.58,37.69,17.3,2.96,792.9,fused_om_nasa
2023-04-21 12:00:00+00:00,23.03,72.58,37.41,17.5,3.22,737.5,fused_om_nasa
2023-04-21 13:00:00+00:00,23.03,72.58,37.14,17.6,3.14,613.8,fused_om_nasa
2023-04-21 14:00:00+00:00,23.03,72.58,36.42,18.9,3.04,410.0,fused_om_nasa
2023-04-21 15:00:00+00:00,23.03,72.58,35.1,21.0,2.99,299.3,fused_om_nasa
2023-04-21 16:00:00+00:00,23.03,72.58,34.08,22.3,3.02,176.9,fused_om_nasa
2023-04-21 17:00:00+00:00,23.03,72.58,33.27,23.4,3.7,72.1,fused_om_nasa
2023-04-21 18:00:00+00:00,23.03,72.58,31.27,27.6,2.37,4.8,fused_om_nasa
2023-04-21 19:00:00+00:00,23.03,72.58,29.99,31.2,2.77,0.0,fused_om_nasa
2023-04-21 20:00:00+00:00,23.03,72.58,29.49,32.2,2.5,0.0,fused_om_nasa
2023-04-21 21:00:00+00:00,23.03,72.58,28.66,32.9,2.32,0.0,fused_om_nasa
2023-04-21 22:00:00+00:00,23.03,72.58,28.3,32.3,2.92,0.0,fused_om_nasa
2023-04-21 23:00:00+00:00,23.03,72.58,27.52,36.0,3.2,0.0,fused_om_nasa
2023-04-22 00:00:00+00:00,23.03,72.58,27.18,48.3,3.62,0.0,fused_om_nasa
2023-04-22 01:00:00+00:00,23.03,72.58,26.87,52.5,3.84,0.0,fused_om_nasa
2023-04-22 02:00:00+00:00,23.03,72.58,26.98,54.8,4.12,83.8,fused_om_nasa
2023-04-22 03:00:00+00:00,23.03,72.58,27.55,55.2,4.51,188.4,fused_om_nasa
2023-04-22 04:00:00+00:00,23.03,72.58,28.28,54.2,4.66,281.4,fused_om_nasa
2023-04-22 05:00:00+00:00,23.03,72.58,29.22,51.9,4.61,354.0,fused_om_nasa
2023-04-22 06:00:00+00:00,23.03,72.58,30.56,47.3,4.74,429.5,fused_om_nasa
2023-04-22 07:00:00+00:00,23.03,72.58,32.53,36.9,4.66,515.9,fused_om_nasa
2023-04-22 08:00:00+00:00,23.03,72.58,34.66,24.0,4.92,596.1,fused_om_nasa
2023-04-22 09:00:00+00:00,23.03,72.58,36.52,18.3,4.64,717.7,fused_om_nasa
2023-04-22 10:00:00+00:00,23.03,72.58,37.75,16.3,4.52,803.9,fused_om_nasa
2023-04-22 11:00:00+00:00,23.03,72.58,38.38,15.0,4.12,817.5,fused_om_nasa
2023-04-22 12:00:00+00:00,23.03,72.58,38.48,14.0,3.48,766.8,fused_om_nasa
2023-04-22 13:00:00+00:00,23.03,72.58,37.96,13.8,2.75,625.8,fused_om_nasa
2023-04-22 14:00:00+00:00,23.03,72.58,36.11,14.3,2.84,405.9,fused_om_nasa
2023-04-22 15:00:00+00:00,23.03,72.58,34.99,14.9,3.32,317.5,fused_om_nasa
2023-04-22 16:00:00+00:00,23.03,72.58,33.87,14.8,3.5,196.8,fused_om_nasa
2023-04-22 17:00:00+00:00,23.03,72.58,33.09,15.4,2.38,78.0,fused_om_nasa
2023-04-22 18:00:00+00:00,23.03,72.58,30.6,25.8,3.2,4.8,fused_om_nasa
2023-04-22 19:00:00+00:00,23.03,72.58,30.08,24.0,3.78,0.0,fused_om_nasa
2023-04-22 20:00:00+00:00,23.03,72.58,28.94,24.4,3.18,0.0,fused_om_nasa
2023-04-22 21:00:00+00:00,23.03,72.58,27.9,28.5,2.88,0.0,fused_om_nasa
2023-04-22 22:00:00+00:00,23.03,72.58,27.12,34.4,3.03,0.0,fused_om_nasa
2023-04-22 23:00:00+00:00,23.03,72.58,26.31,39.6,3.04,0.0,fused_om_nasa
2023-04-23 00:00:00+00:00,23.03,72.58,26.28,41.3,3.51,0.0,fused_om_nasa
2023-04-23 01:00:00+00:00,23.03,72.58,25.84,41.4,3.98,0.0,fused_om_nasa
2023-04-23 02:00:00+00:00,23.03,72.58,26.04,43.3,4.28,117.8,fused_om_nasa
2023-04-23 03:00:00+00:00,23.03,72.58,26.77,45.8,5.12,243.8,fused_om_nasa
2023-04-23 04:00:00+00:00,23.03,72.58,27.82,46.1,5.28,324.2,fused_om_nasa
2023-04-23 05:00:00+00:00,23.03,72.58,29.0,45.1,5.16,368.0,fused_om_nasa
2023-04-23 06:00:00+00:00,23.03,72.58,30.6,41.4,5.48,434.8,fused_om_nasa
2023-04-23 07:00:00+00:00,23.03,72.58,32.94,33.4,5.55,523.3,fused_om_nasa
2023-04-23 08:00:00+00:00,23.03,72.58,35.32,23.9,5.56,584.8,fused_om_nasa
2023-04-23 09:00:00+00:00,23.03,72.58,37.64,16.7,5.59,676.5,fused_om_nasa
2023-04-23 10:00:00+00:00,23.03,72.58,38.5,14.0,5.72,680.1,fused_om_nasa
2023-04-23 11:00:00+00:00,23.03,72.58,39.11,12.2,5.18,792.0,fused_om_nasa
2023-04-23 12:00:00+00:00,23.03,72.58,39.29,11.0,4.2,806.0,fused_om_nasa
2023-04-23 13:00:00+00:00,23.03,72.58,38.86,10.7,4.06,615.3,fused_om_nasa
2023-04-23 14:00:00+00:00,23.03,72.58,37.8,10.7,4.62,407.5,fused_om_nasa
2023-04-23 15:00:00+00:00,23.03,72.58,36.83,10.3,4.2,321.7,fused_om_nasa
2023-04-23 16:00:00+00:00,23.03,72.58,34.32,12.8,3.94,190.6,fused_om_nasa
2023-04-23 17:00:00+00:00,23.03,72.58,32.75,13.5,3.5,74.8,fused_om_nasa
2023-04-23 18:00:00+00:00,23.03,72.58,30.26,14.9,2.72,4.7,fused_om_nasa
2023-04-23 19:00:00+00:00,23.03,72.58,30.4,13.4,2.41,0.0,fused_om_nasa
2023-04-23 20:00:00+00:00,23.03,72.58,29.13,13.9,2.15,0.0,fused_om_nasa
2023-04-23 21:00:00+00:00,23.03,72.58,26.88,16.2,2.52,0.0,fused_om_nasa
2023-04-23 22:00:00+00:00,23.03,72.58,25.52,17.2,2.84,0.0,fused_om_nasa
2023-04-23 23:00:00+00:00,23.03,72.58,24.52,18.3,2.7,0.0,fused_om_nasa
2023-04-24 00:00:00+00:00,23.03,72.58,24.58,21.7,2.59,0.0,fused_om_nasa
2023-04-24 01:00:00+00:00,23.03,72.58,24.32,28.4,2.38,0.0,fused_om_nasa
2023-04-24 02:00:00+00:00,23.03,72.58,25.09,26.5,2.6,124.5,fused_om_nasa
2023-04-24 03:00:00+00:00,23.03,72.58,26.51,19.4,2.0,237.2,fused_om_nasa
2023-04-24 04:00:00+00:00,23.03,72.58,27.92,19.5,1.77,313.2,fused_om_nasa
2023-04-24 05:00:00+00:00,23.03,72.58,28.8,18.9,1.33,342.1,fused_om_nasa
2023-04-24 06:00:00+00:00,23.03,72.58,30.29,16.2,1.6,417.2,fused_om_nasa
2023-04-24 07:00:00+00:00,23.03,72.58,32.1,13.8,2.04,520.5,fused_om_nasa
2023-04-24 08:00:00+00:00,23.03,72.58,34.58,10.5,2.29,589.3,fused_om_nasa
2023-04-24 09:00:00+00:00,23.03,72.58,36.92,8.5,2.89,723.8,fused_om_nasa
2023-04-24 10:00:00+00:00,23.03,72.58,38.06,7.8,2.69,774.3,fused_om_nasa
2023-04-24 11:00:00+00:00,23.03,72.58,38.52,8.1,3.12,730.8,fused_om_nasa
2023-04-24 12:00:00+00:00,23.03,72.58,37.97,8.1,3.24,615.6,fused_om_nasa
2023-04-24 13:00:00+00:00,23.03,72.58,37.17,9.2,3.31,449.0,fused_om_nasa
2023-04-24 14:00:00+00:00,23.03,72.58,36.16,10.2,3.25,329.4,fused_om_nasa
2023-04-24 15:00:00+00:00,23.03,72.58,34.66,11.7,3.1,242.1,fused_om_nasa
2023-04-24 16:00:00+00:00,23.03,72.58,34.33,11.4,3.56,142.6,fused_om_nasa
2023-04-24 17:00:00+00:00,23.03,72.58,33.04,12.0,2.69,58.2,fused_om_nasa
2023-04-24 18:00:00+00:00,23.03,72.58,31.34,12.9,3.12,4.9,fused_om_nasa
2023-04-24 19:00:00+00:00,23.03,72.58,30.32,13.7,3.56,0.0,fused_om_nasa
2023-04-24 20:00:00+00:00,23.03,72.58,29.25,14.9,3.33,0.0,fused_om_nasa
2023-04-24 21:00:00+00:00,23.03,72.58,27.63,16.6,2.72,0.0,fused_om_nasa
2023-04-24 22:00:00+00:00,23.03,72.58,27.6,16.3,2.29,0.0,fused_om_nasa
2023-04-24 23:00:00+00:00,23.03,72.58,27.01,16.5,1.87,0.0,fused_om_nasa
2023-04-25 00:00:00+00:00,23.03,72.58,25.52,19.8,2.45,0.0,fused_om_nasa
2023-04-25 01:00:00+00:00,23.03,72.58,25.57,19.7,2.54,0.0,fused_om_nasa
2023-04-25 02:00:00+00:00,23.03,72.58,26.3,20.5,2.96,122.6,fused_om_nasa
2023-04-25 03:00:00+00:00,23.03,72.58,27.53,19.7,3.3,248.2,fused_om_nasa
2023-04-25 04:00:00+00:00,23.03,72.58,28.72,19.6,3.38,325.2,fused_om_nasa
2023-04-25 05:00:00+00:00,23.03,72.58,29.62,19.6,3.17,368.3,fused_om_nasa
2023-04-25 06:00:00+00:00,23.03,72.58,31.46,17.7,2.78,437.0,fused_om_nasa
2023-04-25 07:00:00+00:00,23.03,72.58,33.42,15.6,2.72,547.6,fused_om_nasa
2023-04-25 08:00:00+00:00,23.03,72.58,36.22,12.5,2.24,663.6,fused_om_nasa
2023-04-25 09:00:00+00:00,23.03,72.58,37.89,11.4,1.82,782.3,fused_om_nasa
2023-04-25 10:00:00+00:00,23.03,72.58,38.89,10.5,1.23,829.7,fused_om_nasa
2023-04-25 11:00:00+00:00,23.03,72.58,39.58,10.1,1.14,824.0,fused_om_nasa
2023-04-25 12:00:00+00:00,23.03,72.58,39.62,10.4,1.22,768.0,fused_om_nasa
2023-04-25 13:00:00+00:00,23.03,72.58,38.38,16.6,1.29,552.8,fused_om_nasa
2023-04-25 14:00:00+00:00,23.03,72.58,36.94,13.6,1.26,380.9,fused_om_nasa
2023-04-25 15:00:00+00:00,23.03,72.58,36.51,13.3,1.15,279.1,fused_om_nasa
2023-04-25 16:00:00+00:00,23.03,72.58,34.34,15.0,2.01,169.4,fused_om_nasa
2023-04-25 17:00:00+00:00,23.03,72.58,32.89,16.7,2.06,67.5,fused_om_nasa
2023-04-25 18:00:00+00:00,23.03,72.58,31.67,17.4,2.33,5.1,fused_om_nasa
2023-04-25 19:00:00+00:00,23.03,72.58,30.87,18.5,2.43,0.0,fused_om_nasa
2023-04-25 20:00:00+00:00,23.03,72.58,29.64,20.9,2.47,0.0,fused_om_nasa
2023-04-25 21:00:00+00:00,23.03,72.58,29.27,23.2,2.72,0.0,fused_om_nasa
2023-04-25 22:00:00+00:00,23.03,72.58,28.88,25.6,2.26,0.0,fused_om_nasa
2023-04-25 23:00:00+00:00,23.03,72.58,28.86,26.4,2.04,0.0,fused_om_nasa
2023-04-26 00:00:00+00:00,23.03,72.58,28.88,22.4,2.84,0.0,fused_om_nasa
2023-04-26 01:00:00+00:00,23.03,72.58,28.26,23.4,2.47,0.0,fused_om_nasa
2023-04-26 02:00:00+00:00,23.03,72.58,28.55,24.5,2.73,25.2,fused_om_nasa
2023-04-26 03:00:00+00:00,23.03,72.58,29.16,24.0,3.02,77.8,fused_om_nasa
2023-04-26 04:00:00+00:00,23.03,72.58,30.17,28.4,3.54,253.8,fused_om_nasa
2023-04-26 05:00:00+00:00,23.03,72.58,30.79,28.7,3.34,206.2,fused_om_nasa
2023-04-26 06:00:00+00:00,23.03,72.58,32.58,23.7,3.14,396.2,fused_om_nasa
2023-04-26 07:00:00+00:00,23.03,72.58,34.22,19.6,3.6,476.0,fused_om_nasa
2023-04-26 08:00:00+00:00,23.03,72.58,35.86,17.4,3.97,530.2,fused_om_nasa
2023-04-26 09:00:00+00:00,23.03,72.58,36.12,17.4,4.36,529.4,fused_om_nasa
2023-04-26 10:00:00+00:00,23.03,72.58,37.87,14.4,3.02,651.1,fused_om_nasa
2023-04-26 11:00:00+00:00,23.03,72.58,38.07,14.5,4.04,694.7,fused_om_nasa
2023-04-26 12:00:00+00:00,23.03,72.58,38.05,15.4,3.39,440.5,fused_om_nasa
2023-04-26 13:00:00+00:00,23.03,72.58,37.36,18.4,3.96,480.0,fused_om_nasa
2023-04-26 14:00:00+00:00,23.03,72.58,36.39,23.0,3.26,315.8,fused_om_nasa
2023-04-26 15:00:00+00:00,23.03,72.58,35.35,25.4,3.56,105.5,fused_om_nasa
2023-04-26 16:00:00+00:00,23.03,72.58,34.2,28.4,3.52,58.8,fused_om_nasa
2023-04-26 17:00:00+00:00,23.03,72.58,33.01,32.7,3.34,24.8,fused_om_nasa
2023-04-26 18:00:00+00:00,23.03,72.58,31.24,37.1,3.0,3.6,fused_om_nasa
2023-04-26 19:00:00+00:00,23.03,72.58,30.06,39.8,3.0,0.0,fused_om_nasa
2023-04-26 20:00:00+00:00,23.03,72.58,28.97,43.0,2.92,0.0,fused_om_nasa
2023-04-26 21:00:00+00:00,23.03,72.58,28.41,45.3,3.63,0.0,fused_om_nasa
2023-04-26 22:00:00+00:00,23.03,72.58,27.35,50.4,3.75,0.0,fused_om_nasa
2023-04-26 23:00:00+00:00,23.03,72.58,26.18,58.8,3.1,0.0,fused_om_nasa
2023-04-27 00:00:00+00:00,23.03,72.58,25.8,65.1,3.12,0.0,fused_om_nasa
2023-04-27 01:00:00+00:00,23.03,72.58,25.46,69.2,2.82,0.0,fused_om_nasa
2023-04-27 02:00:00+00:00,23.03,72.58,25.86,69.2,2.48,113.4,fused_om_nasa
2023-04-27 03:00:00+00:00,23.03,72.58,26.61,65.1,2.24,230.7,fused_om_nasa
2023-04-27 04:00:00+00:00,23.03,72.58,27.43,60.6,2.01,305.2,fused_om_nasa
2023-04-27 05:00:00+00:00,23.03,72.58,28.38,57.5,2.0,346.3,fused_om_nasa
2023-04-27 06:00:00+00:00,23.03,72.58,30.0,51.8,2.7,414.9,fused_om_nasa
2023-04-27 07:00:00+00:00,23.03,72.58,32.2,38.4,2.49,454.5,fused_om_nasa
2023-04-27 08:00:00+00:00,23.03,72.58,34.61,28.1,2.52,583.0,fused_om_nasa
2023-04-27 09:00:00+00:00,23.03,72.58,36.22,23.9,2.72,640.4,fused_om_nasa
2023-04-27 10:00:00+00:00,23.03,72.58,37.35,21.5,2.9,683.0,fused_om_nasa
2023-04-27 11:00:00+00:00,23.03,72.58,38.04,20.2,2.86,719.9,fused_om_nasa
2023-04-27 12:00:00+00:00,23.03,72.58,37.87,21.1,2.52,702.3,fused_om_nasa
2023-04-27 13:00:00+00:00,23.03,72.58,37.28,21.7,3.0,458.2,fused_om_nasa
2023-04-27 14:00:00+00:00,23.03,72.58,36.4,22.4,2.64,353.8,fused_om_nasa
2023-04-27 15:00:00+00:00,23.03,72.58,35.33,24.2,2.62,271.1,fused_om_nasa
2023-04-27 16:00:00+00:00,23.03,72.58,34.22,26.1,2.68,159.5,fused_om_nasa
2023-04-27 17:00:00+00:00,23.03,72.58,33.54,27.2,2.9,61.7,fused_om_nasa
2023-04-27 18:00:00+00:00,23.03,72.58,31.8,30.4,2.37,4.3,fused_om_nasa
2023-04-27 19:00:00+00:00,23.03,72.58,30.85,34.4,2.18,0.0,fused_om_nasa
2023-04-27 20:00:00+00:00,23.03,72.58,29.87,41.0,1.95,0.0,fused_om_nasa
2023-04-27 21:00:00+00:00,23.03,72.58,29.64,38.4,2.38,0.0,fused_om_nasa
2023-04-27 22:00:00+00:00,23.03,72.58,28.94,39.4,2.94,0.0,fused_om_nasa
2023-04-27 23:00:00+00:00,23.03,72.58,28.38,44.3,3.1,0.0,fused_om_nasa
2023-04-28 00:00:00+00:00,23.03,72.58,27.8,44.6,2.55,0.0,fused_om_nasa
2023-04-28 01:00:00+00:00,23.03,72.58,27.82,51.6,1.94,0.0,fused_om_nasa
2023-04-28 02:00:00+00:00,23.03,72.58,28.31,46.6,1.72,90.0,fused_om_nasa
2023-04-28 03:00:00+00:00,23.03,72.58,28.86,44.8,2.64,170.9,fused_om_nasa
2023-04-28 04:00:00+00:00,23.03,72.58,29.46,44.6,2.86,280.7,fused_om_nasa
2023-04-28 05:00:00+00:00,23.03,72.58,30.02,44.0,2.4,344.4,fused_om_nasa
2023-04-28 06:00:00+00:00,23.03,72.58,31.14,41.9,2.2,360.3,fused_om_nasa
2023-04-28 07:00:00+00:00,23.03,72.58,32.72,38.2,2.36,468.4,fused_om_nasa
2023-04-28 08:00:00+00:00,23.03,72.58,34.22,32.9,2.2,604.6,fused_om_nasa
2023-04-28 09:00:00+00:00,23.03,72.58,35.72,28.3,2.08,698.0,fused_om_nasa
2023-04-28 10:00:00+00:00,23.03,72.58,36.79,25.2,3.17,736.2,fused_om_nasa
2023-04-28 11:00:00+00:00,23.03,72.58,37.0,24.5,3.36,685.4,fused_om_nasa
2023-04-28 12:00:00+00:00,23.03,72.58,36.63,24.8,3.44,464.0,fused_om_nasa
2023-04-28 13:00:00+00:00,23.03,72.58,36.4,25.1,2.73,303.1,fused_om_nasa
2023-04-28 14:00:00+00:00,23.03,72.58,35.3,26.8,4.4,203.7,fused_om_nasa
2023-04-28 15:00:00+00:00,23.03,72.58,33.48,32.9,3.22,163.5,fused_om_nasa
2023-04-28 16:00:00+00:00,23.03,72.58,32.98,34.0,2.82,100.0,fused_om_nasa
2023-04-28 17:00:00+00:00,23.03,72.58,32.35,34.9,2.79,46.6,fused_om_nasa
2023-04-28 18:00:00+00:00,23.03,72.58,31.34,38.2,2.64,4.2,fused_om_nasa
2023-04-28 19:00:00+00:00,23.03,72.58,30.47,41.7,2.26,0.0,fused_om_nasa
2023-04-28 20:00:00+00:00,23.03,72.58,29.93,45.9,2.15,0.0,fused_om_nasa
2023-04-28 21:00:00+00:00,23.03,72.58,29.1,48.3,2.41,0.0,fused_om_nasa
2023-04-28 22:00:00+00:00,23.03,72.58,28.65,48.0,1.86,0.0,fused_om_nasa
2023-04-28 23:00:00+00:00,23.03,72.58,27.9,50.2,1.4,0.0,fused_om_nasa
2023-04-29 00:00:00+00:00,23.03,72.58,26.89,58.2,1.67,0.0,fused_om_nasa
2023-04-29 01:00:00+00:00,23.03,72.58,26.56,58.9,1.42,0.0,fused_om_nasa
2023-04-29 02:00:00+00:00,23.03,72.58,26.6,59.0,1.72,13.4,fused_om_nasa
2023-04-29 03:00:00+00:00,23.03,72.58,26.69,58.6,2.21,24.3,fused_om_nasa
2023-04-29 04:00:00+00:00,23.03,72.58,26.62,60.1,2.37,6.5,fused_om_nasa
2023-04-29 05:00:00+00:00,23.03,72.58,27.48,56.5,2.26,81.3,fused_om_nasa
2023-04-29 06:00:00+00:00,23.03,72.58,28.3,52.6,2.21,115.4,fused_om_nasa
2023-04-29 07:00:00+00:00,23.03,72.58,30.03,45.6,2.56,394.1,fused_om_nasa
2023-04-29 08:00:00+00:00,23.03,72.58,31.14,41.4,2.84,443.6,fused_om_nasa
2023-04-29 09:00:00+00:00,23.03,72.58,31.8,39.3,2.72,402.8,fused_om_nasa
2023-04-29 10:00:00+00:00,23.03,72.58,32.36,38.1,2.54,412.7,fused_om_nasa
2023-04-29 11:00:00+00:00,23.03,72.58,32.6,36.9,3.24,287.4,fused_om_nasa
2023-04-29 12:00:00+00:00,23.03,72.58,31.48,39.1,2.48,228.4,fused_om_nasa
2023-04-29 13:00:00+00:00,23.03,72.58,31.3,40.0,2.78,194.3,fused_om_nasa
2023-04-29 14:00:00+00:00,23.03,72.58,29.49,49.7,3.78,133.0,fused_om_nasa
2023-04-29 15:00:00+00:00,23.03,72.58,28.7,55.2,2.77,129.2,fused_om_nasa
2023-04-29 16:00:00+00:00,23.03,72.58,28.33,56.7,2.37,75.3,fused_om_nasa
2023-04-29 17:00:00+00:00,23.03,72.58,28.13,56.3,1.94,36.5,fused_om_nasa
2023-04-29 18:00:00+00:00,23.03,72.58,27.62,57.6,1.42,3.1,fused_om_nasa
2023-04-29 19:00:00+00:00,23.03,72.58,27.06,60.5,1.52,0.0,fused_om_nasa
2023-04-29 20:00:00+00:00,23.03,72.58,26.69,62.8,1.32,0.0,fused_om_nasa
2023-04-29 21:00:00+00:00,23.03,72.58,26.04,66.0,0.72,0.0,fused_om_nasa
2023-04-29 22:00:00+00:00,23.03,72.58,25.5,68.8,2.34,0.0,fused_om_nasa
2023-04-29 23:00:00+00:00,23.03,72.58,24.08,73.8,2.06,0.0,fused_om_nasa
2023-04-30 00:00:00+00:00,23.03,72.58,24.82,67.8,1.48,0.0,fused_om_nasa
2023-04-30 01:00:00+00:00,23.03,72.58,24.84,67.9,0.66,0.0,fused_om_nasa
2023-04-30 02:00:00+00:00,23.03,72.58,23.09,76.5,1.72,74.4,fused_om_nasa
2023-04-30 03:00:00+00:00,23.03,72.58,23.4,74.7,1.51,44.7,fused_om_nasa
2023-04-30 04:00:00+00:00,23.03,72.58,24.58,69.0,1.99,190.1,fused_om_nasa
2023-04-30 05:00:00+00:00,23.03,72.58,25.73,64.6,2.16,260.0,fused_om_nasa
2023-04-30 06:00:00+00:00,23.03,72.58,27.24,59.5,2.32,353.1,fused_om_nasa
2023-04-30 07:00:00+00:00,23.03,72.58,29.1,52.2,2.5,484.2,fused_om_nasa
2023-04-30 08:00:00+00:00,23.03,72.58,30.74,46.7,2.59,628.0,fused_om_nasa
2023-04-30 09:00:00+00:00,23.03,72.58,31.73,43.3,2.9,695.5,fused_om_nasa
2023-04-30 10:00:00+00:00,23.03,72.58,32.48,40.6,3.36,711.8,fused_om_nasa
2023-04-30 11:00:00+00:00,23.03,72.58,33.2,37.3,3.91,680.7,fused_om_nasa
2023-04-30 12:00:00+00:00,23.03,72.58,33.18,34.3,4.89,593.7,fused_om_nasa
2023-04-30 13:00:00+00:00,23.03,72.58,32.01,40.4,5.79,414.8,fused_om_nasa
2023-04-30 14:00:00+00:00,23.03,72.58,30.93,44.3,4.46,331.2,fused_om_nasa
2023-04-30 15:00:00+00:00,23.03,72.58,30.84,43.7,4.06,226.7,fused_om_nasa
2023-04-30 16:00:00+00:00,23.03,72.58,30.56,42.8,3.69,128.4,fused_om_nasa
2023-04-30 17:00:00+00:00,23.03,72.58,29.56,44.5,3.11,47.7,fused_om_nasa
2023-04-30 18:00:00+00:00,23.03,72.58,27.65,52.3,1.86,3.7,fused_om_nasa
2023-04-30 19:00:00+00:00,23.03,72.58,26.52,56.6,1.78,0.0,fused_om_nasa
2023-04-30 20:00:00+00:00,23.03,72.58,25.97,58.4,2.03,0.0,fused_om_nasa
2023-04-30 21:00:00+00:00,23.03,72.58,25.38,60.8,1.95,0.0,fused_om_nasa
2023-04-30 22:00:00+00:00,23.03,72.58,24.78,63.2,2.02,0.0,fused_om_nasa
2023-04-30 23:00:00+00:00,23.03,72.58,24.28,64.3,2.41,0.0,fused_om_nasa
2023-05-01 00:00:00+00:00,23.03,72.58,24.06,66.3,2.52,0.0,fused_om_nasa
2023-05-01 01:00:00+00:00,23.03,72.58,24.2,65.1,2.1,0.0,fused_om_nasa
2023-05-01 02:00:00+00:00,23.03,72.58,24.66,63.5,1.62,110.2,fused_om_nasa
2023-05-01 03:00:00+00:00,23.03,72.58,25.3,61.6,1.76,221.2,fused_om_nasa
2023-05-01 04:00:00+00:00,23.03,72.58,25.96,59.6,1.72,296.1,fused_om_nasa
2023-05-01 05:00:00+00:00,23.03,72.58,26.46,57.5,1.62,302.5,fused_om_nasa
2023-05-01 06:00:00+00:00,23.03,72.58,28.06,52.5,1.92,376.0,fused_om_nasa
2023-05-01 07:00:00+00:00,23.03,72.58,30.31,43.5,2.6,514.0,fused_om_nasa
2023-05-01 08:00:00+00:00,23.03,72.58,32.01,35.8,2.85,632.3,fused_om_nasa
2023-05-01 09:00:00+00:00,23.03,72.58,33.18,31.7,3.38,701.2,fused_om_nasa
2023-05-01 10:00:00+00:00,23.03,72.58,33.85,29.8,4.34,711.9,fused_om_nasa
2023-05-01 11:00:00+00:00,23.03,72.58,34.25,28.7,4.56,655.5,fused_om_nasa
2023-05-01 12:00:00+00:00,23.03,72.58,34.22,28.2,5.05,558.0,fused_om_nasa
2023-05-01 13:00:00+00:00,23.03,72.58,32.8,36.3,4.83,417.2,fused_om_nasa
2023-05-01 14:00:00+00:00,23.03,72.58,32.58,36.8,4.42,302.1,fused_om_nasa
2023-05-01 15:00:00+00:00,23.03,72.58,31.77,39.4,4.03,229.4,fused_om_nasa
2023-05-01 16:00:00+00:00,23.03,72.58,31.06,41.1,3.71,124.9,fused_om_nasa
2023-05-01 17:00:00+00:00,23.03,72.58,30.14,45.1,3.86,53.3,fused_om_nasa
2023-05-01 18:00:00+00:00,23.03,72.58,28.9,50.5,2.96,4.8,fused_om_nasa
2023-05-01 19:00:00+00:00,23.03,72.58,28.0,53.7,2.84,0.0,fused_om_nasa
2023-05-01 20:00:00+00:00,23.03,72.58,27.27,56.0,2.57,0.0,fused_om_nasa
2023-05-01 21:00:00+00:00,23.03,72.58,26.62,59.1,2.38,0.0,fused_om_nasa
2023-05-01 22:00:00+00:00,23.03,72.58,26.04,62.1,2.27,0.0,fused_om_nasa
2023-05-01 23:00:00+00:00,23.03,72.58,25.52,64.9,2.14,0.0,fused_om_nasa
2023-05-02 00:00:00+00:00,23.03,72.58,25.81,64.6,2.86,0.0,fused_om_nasa
2023-05-02 01:00:00+00:00,23.03,72.58,25.68,66.0,2.68,0.0,fused_om_nasa
2023-05-02 02:00:00+00:00,23.03,72.58,25.83,66.4,2.22,67.4,fused_om_nasa
2023-05-02 03:00:00+00:00,23.03,72.58,26.12,65.2,2.5,120.9,fused_om_nasa
2023-05-02 04:00:00+00:00,23.03,72.58,26.74,62.2,2.29,198.0,fused_om_nasa
2023-05-02 05:00:00+00:00,23.03,72.58,27.13,60.5,1.55,260.2,fused_om_nasa
2023-05-02 06:00:00+00:00,23.03,72.58,28.42,56.2,2.16,334.6,fused_om_nasa
2023-05-02 07:00:00+00:00,23.03,72.58,30.46,48.2,2.32,495.4,fused_om_nasa
2023-05-02 08:00:00+00:00,23.03,72.58,32.02,42.4,1.76,531.0,fused_om_nasa
2023-05-02 09:00:00+00:00,23.03,72.58,33.2,38.0,1.56,538.6,fused_om_nasa
2023-05-02 10:00:00+00:00,23.03,72.58,34.29,34.8,1.84,645.7,fused_om_nasa
2023-05-02 11:00:00+00:00,23.03,72.58,34.39,33.4,2.49,517.1,fused_om_nasa
2023-05-02 12:00:00+00:00,23.03,72.58,31.89,43.6,2.36,523.6,fused_om_nasa
2023-05-02 13:00:00+00:00,23.03,72.58,32.65,41.8,2.06,440.9,fused_om_nasa
2023-05-02 14:00:00+00:00,23.03,72.58,32.71,42.3,1.73,252.5,fused_om_nasa
2023-05-02 15:00:00+00:00,23.03,72.58,32.15,44.3,1.66,153.8,fused_om_nasa
2023-05-02 16:00:00+00:00,23.03,72.58,31.52,45.6,2.13,89.0,fused_om_nasa
2023-05-02 17:00:00+00:00,23.03,72.58,30.86,46.9,2.74,38.8,fused_om_nasa
2023-05-02 18:00:00+00:00,23.03,72.58,29.65,50.0,2.0,3.8,fused_om_nasa
2023-05-02 19:00:00+00:00,23.03,72.58,28.76,52.3,1.79,0.0,fused_om_nasa
2023-05-02 20:00:00+00:00,23.03,72.58,28.3,53.4,1.64,0.0,fused_om_nasa
2023-05-02 21:00:00+00:00,23.03,72.58,27.66,55.6,1.88,0.0,fused_om_nasa
2023-05-02 22:00:00+00:00,23.03,72.58,26.96,59.0,2.08,0.0,fused_om_nasa
2023-05-02 23:00:00+00:00,23.03,72.58,26.12,62.8,2.42,0.0,fused_om_nasa
2023-05-03 00:00:00+00:00,23.03,72.58,26.15,62.2,2.4,0.0,fused_om_nasa
2023-05-03 01:00:00+00:00,23.03,72.58,26.08,67.8,1.82,0.0,fused_om_nasa
2023-05-03 02:00:00+00:00,23.03,72.58,26.64,63.5,1.31,107.7,fused_om_nasa
2023-05-03 03:00:00+00:00,23.03,72.58,27.38,63.0,1.17,199.0,fused_om_nasa
2023-05-03 04:00:00+00:00,23.03,72.58,28.02,61.8,1.36,268.2,fused_om_nasa
2023-05-03 05:00:00+00:00,23.03,72.58,28.4,60.2,1.25,313.0,fused_om_nasa
2023-05-03 06:00:00+00:00,23.03,72.58,29.79,54.3,1.42,350.8,fused_om_nasa
2023-05-03 07:00:00+00:00,23.03,72.58,31.78,43.0,1.55,191.1,fused_om_nasa
2023-05-03 08:00:00+00:00,23.03,72.58,33.13,36.1,1.25,241.7,fused_om_nasa
2023-05-03 09:00:00+00:00,23.03,72.58,33.39,36.0,2.28,354.6,fused_om_nasa
2023-05-03 10:00:00+00:00,23.03,72.58,34.66,32.9,2.18,667.8,fused_om_nasa
2023-05-03 11:00:00+00:00,23.03,72.58,35.74,29.0,1.77,709.1,fused_om_nasa
2023-05-03 12:00:00+00:00,23.03,72.58,36.16,28.0,1.31,699.7,fused_om_nasa
2023-05-03 13:00:00+00:00,23.03,72.58,36.2,28.0,1.64,513.6,fused_om_nasa
2023-05-03 14:00:00+00:00,23.03,72.58,35.1,31.4,1.96,351.3,fused_om_nasa
2023-05-03 15:00:00+00:00,23.03,72.58,34.35,33.1,2.25,272.0,fused_om_nasa
2023-05-03 16:00:00+00:00,23.03,72.58,33.7,34.2,2.16,164.0,fused_om_nasa
2023-05-03 17:00:00+00:00,23.03,72.58,32.28,38.1,3.47,71.1,fused_om_nasa
2023-05-03 18:00:00+00:00,23.03,72.58,31.17,43.1,2.13,6.2,fused_om_nasa
2023-05-03 19:00:00+00:00,23.03,72.58,30.08,48.1,1.34,0.0,fused_om_nasa
2023-05-03 20:00:00+00:00,23.03,72.58,29.68,48.8,1.54,0.0,fused_om_nasa
2023-05-03 21:00:00+00:00,23.03,72.58,29.34,49.0,1.69,0.0,fused_om_nasa
2023-05-03 22:00:00+00:00,23.03,72.58,28.65,51.3,1.19,0.0,fused_om_nasa
2023-05-03 23:00:00+00:00,23.03,72.58,27.96,54.9,1.27,0.0,fused_om_nasa
2023-05-04 00:00:00+00:00,23.03,72.58,28.22,54.4,1.44,0.0,fused_om_nasa
2023-05-04 01:00:00+00:00,23.03,72.58,28.08,54.1,1.7,0.0,fused_om_nasa
2023-05-04 02:00:00+00:00,23.03,72.58,28.42,53.1,1.86,96.4,fused_om_nasa
2023-05-04 03:00:00+00:00,23.03,72.58,29.1,51.4,2.01,205.2,fused_om_nasa
2023-05-04 04:00:00+00:00,23.03,72.58,29.66,50.8,1.55,287.5,fused_om_nasa
2023-05-04 05:00:00+00:00,23.03,72.58,30.26,49.0,1.66,336.2,fused_om_nasa
2023-05-04 06:00:00+00:00,23.03,72.58,31.62,45.1,1.56,377.9,fused_om_nasa
2023-05-04 07:00:00+00:00,23.03,72.58,33.76,36.5,1.88,441.7,fused_om_nasa
2023-05-04 08:00:00+00:00,23.03,72.58,35.65,30.1,2.04,487.4,fused_om_nasa
2023-05-04 09:00:00+00:00,23.03,72.58,36.58,27.2,2.02,474.6,fused_om_nasa
2023-05-04 10:00:00+00:00,23.03,72.58,37.03,25.3,2.22,518.7,fused_om_nasa
2023-05-04 11:00:00+00:00,23.03,72.58,37.35,24.2,1.22,540.0,fused_om_nasa
2023-05-04 12:00:00+00:00,23.03,72.58,37.58,24.3,0.94,656.1,fused_om_nasa
2023-05-04 13:00:00+00:00,23.03,72.58,37.57,24.2,0.6,554.0,fused_om_nasa
2023-05-04 14:00:00+00:00,23.03,72.58,36.04,27.3,1.09,368.6,fused_om_nasa
2023-05-04 15:00:00+00:00,23.03,72.58,35.74,26.9,1.85,266.7,fused_om_nasa
2023-05-04 16:00:00+00:00,23.03,72.58,34.8,32.3,2.38,162.4,fused_om_nasa
2023-05-04 17:00:00+00:00,23.03,72.58,33.86,35.5,1.81,70.0,fused_om_nasa
2023-05-04 18:00:00+00:00,23.03,72.58,32.78,38.6,1.72,6.4,fused_om_nasa
2023-05-04 19:00:00+00:00,23.03,72.58,31.94,41.2,2.28,0.0,fused_om_nasa
2023-05-04 20:00:00+00:00,23.03,72.58,31.14,42.7,2.87,0.0,fused_om_nasa
2023-05-04 21:00:00+00:00,23.03,72.58,30.12,45.3,2.81,0.0,fused_om_nasa
2023-05-04 22:00:00+00:00,23.03,72.58,29.01,49.3,2.69,0.0,fused_om_nasa
2023-05-04 23:00:00+00:00,23.03,72.58,28.18,53.1,2.64,0.0,fused_om_nasa
2023-05-05 00:00:00+00:00,23.03,72.58,27.98,55.4,2.99,0.0,fused_om_nasa
2023-05-05 01:00:00+00:00,23.03,72.58,27.7,58.2,3.19,0.0,fused_om_nasa
2023-05-05 02:00:00+00:00,23.03,72.58,28.04,59.4,2.82,107.8,fused_om_nasa
2023-05-05 03:00:00+00:00,23.03,72.58,28.66,59.4,2.24,224.4,fused_om_nasa
2023-05-05 04:00:00+00:00,23.03,72.58,29.32,57.9,1.79,294.0,fused_om_nasa
2023-05-05 05:00:00+00:00,23.03,72.58,30.1,54.9,1.55,339.7,fused_om_nasa
2023-05-05 06:00:00+00:00,23.03,72.58,31.3,49.1,1.74,376.7,fused_om_nasa
2023-05-05 07:00:00+00:00,23.03,72.58,33.66,37.7,1.47,466.4,fused_om_nasa
2023-05-05 08:00:00+00:00,23.03,72.58,35.52,30.6,1.08,575.2,fused_om_nasa
2023-05-05 09:00:00+00:00,23.03,72.58,36.89,26.7,1.43,646.7,fused_om_nasa
2023-05-05 10:00:00+00:00,23.03,72.58,37.66,24.9,1.55,581.0,fused_om_nasa
2023-05-05 11:00:00+00:00,23.03,72.58,37.57,24.7,3.08,482.4,fused_om_nasa
2023-05-05 12:00:00+00:00,23.03,72.58,37.07,27.9,3.36,496.4,fused_om_nasa
2023-05-05 13:00:00+00:00,23.03,72.58,36.88,27.0,2.42,566.2,fused_om_nasa
2023-05-05 14:00:00+00:00,23.03,72.58,36.04,29.4,2.89,338.7,fused_om_nasa
2023-05-05 15:00:00+00:00,23.03,72.58,35.2,32.4,2.3,242.9,fused_om_nasa
2023-05-05 16:00:00+00:00,23.03,72.58,34.3,34.4,1.96,140.1,fused_om_nasa
2023-05-05 17:00:00+00:00,23.03,72.58,33.52,35.6,2.42,55.0,fused_om_nasa
2023-05-05 18:00:00+00:00,23.03,72.58,32.84,36.6,2.58,5.4,fused_om_nasa
2023-05-05 19:00:00+00:00,23.03,72.58,31.96,39.1,2.35,0.0,fused_om_nasa
2023-05-05 20:00:00+00:00,23.03,72.58,31.49,39.8,3.14,0.0,fused_om_nasa
2023-05-05 21:00:00+00:00,23.03,72.58,31.12,40.6,3.45,0.0,fused_om_nasa
2023-05-05 22:00:00+00:00,23.03,72.58,30.41,45.6,3.37,0.0,fused_om_nasa
2023-05-05 23:00:00+00:00,23.03,72.58,29.78,49.6,3.44,0.0,fused_om_nasa
2023-05-06 00:00:00+00:00,23.03,72.58,28.18,65.1,2.83,0.0,fused_om_nasa
2023-05-06 01:00:00+00:00,23.03,72.58,28.6,65.6,3.24,0.0,fused_om_nasa
2023-05-06 02:00:00+00:00,23.03,72.58,28.66,64.2,2.66,89.4,fused_om_nasa
2023-05-06 03:00:00+00:00,23.03,72.58,28.92,62.4,3.46,80.0,fused_om_nasa
2023-05-06 04:00:00+00:00,23.03,72.58,29.72,56.5,2.9,63.8,fused_om_nasa
2023-05-06 05:00:00+00:00,23.03,72.58,30.46,52.6,2.47,172.3,fused_om_nasa
2023-05-06 06:00:00+00:00,23.03,72.58,31.84,47.5,3.35,195.4,fused_om_nasa
2023-05-06 07:00:00+00:00,23.03,72.58,32.67,40.7,4.08,274.8,fused_om_nasa
2023-05-06 08:00:00+00:00,23.03,72.58,34.0,35.7,3.35,254.0,fused_om_nasa
2023-05-06 09:00:00+00:00,23.03,72.58,36.11,30.0,2.44,486.8,fused_om_nasa
2023-05-06 10:00:00+00:00,23.03,72.58,37.7,26.9,2.24,625.0,fused_om_nasa
2023-05-06 11:00:00+00:00,23.03,72.58,38.38,25.3,2.01,680.4,fused_om_nasa
2023-05-06 12:00:00+00:00,23.03,72.58,39.19,22.6,2.82,643.3,fused_om_nasa
2023-05-06 13:00:00+00:00,23.03,72.58,39.1,21.6,2.9,460.4,fused_om_nasa
2023-05-06 14:00:00+00:00,23.03,72.58,38.05,22.8,3.5,327.8,fused_om_nasa
2023-05-06 15:00:00+00:00,23.03,72.58,37.66,24.4,2.13,257.0,fused_om_nasa
2023-05-06 16:00:00+00:00,23.03,72.58,36.48,27.2,3.52,159.6,fused_om_nasa
2023-05-06 17:00:00+00:00,23.03,72.58,35.35,29.9,3.4,69.9,fused_om_nasa
2023-05-06 18:00:00+00:00,23.03,72.58,34.2,32.5,2.6,6.7,fused_om_nasa
2023-05-06 19:00:00+00:00,23.03,72.58,33.2,36.5,2.88,0.0,fused_om_nasa
2023-05-06 20:00:00+00:00,23.03,72.58,32.76,39.9,3.38,0.0,fused_om_nasa
2023-05-06 21:00:00+00:00,23.03,72.58,32.28,38.8,3.28,0.0,fused_om_nasa
2023-05-06 22:00:00+00:00,23.03,72.58,31.48,41.0,3.12,0.0,fused_om_nasa
2023-05-06 23:00:00+00:00,23.03,72.58,30.78,44.6,3.12,0.0,fused_om_nasa
2023-05-07 00:00:00+00:00,23.03,72.58,30.02,50.5,3.35,0.0,fused_om_nasa
2023-05-07 01:00:00+00:00,23.03,72.58,29.6,53.1,3.32,0.0,fused_om_nasa
2023-05-07 02:00:00+00:00,23.03,72.58,29.74,53.2,4.14,108.2,fused_om_nasa
2023-05-07 03:00:00+00:00,23.03,72.58,30.22,51.1,4.28,140.6,fused_om_nasa
2023-05-07 04:00:00+00:00,23.03,72.58,30.8,50.0,3.38,178.2,fused_om_nasa
2023-05-07 05:00:00+00:00,23.03,72.58,31.74,48.0,2.96,312.0,fused_om_nasa
2023-05-07 06:00:00+00:00,23.03,72.58,33.02,44.9,3.42,385.7,fused_om_nasa
2023-05-07 07:00:00+00:00,23.03,72.58,34.73,38.7,3.28,479.7,fused_om_nasa
2023-05-07 08:00:00+00:00,23.03,72.58,36.68,31.1,3.01,522.3,fused_om_nasa
2023-05-07 09:00:00+00:00,23.03,72.58,38.36,26.1,2.88,676.8,fused_om_nasa
2023-05-07 10:00:00+00:00,23.03,72.58,39.34,23.8,2.7,725.0,fused_om_nasa
2023-05-07 11:00:00+00:00,23.03,72.58,39.98,22.4,2.54,742.3,fused_om_nasa
2023-05-07 12:00:00+00:00,23.03,72.58,40.28,20.5,2.53,690.6,fused_om_nasa
2023-05-07 13:00:00+00:00,23.03,72.58,39.97,19.9,2.38,568.4,fused_om_nasa
2023-05-07 14:00:00+00:00,23.03,72.58,38.76,21.6,2.44,388.2,fused_om_nasa
2023-05-07 15:00:00+00:00,23.03,72.58,37.73,24.0,2.56,277.7,fused_om_nasa
2023-05-07 16:00:00+00:00,23.03,72.58,36.76,28.7,3.51,163.2,fused_om_nasa
2023-05-07 17:00:00+00:00,23.03,72.58,36.02,29.8,4.18,70.7,fused_om_nasa
2023-05-07 18:00:00+00:00,23.03,72.58,34.44,34.4,3.28,6.3,fused_om_nasa
2023-05-07 19:00:00+00:00,23.03,72.58,33.22,37.8,2.76,0.0,fused_om_nasa
2023-05-07 20:00:00+00:00,23.03,72.58,32.38,37.9,2.28,0.0,fused_om_nasa
2023-05-07 21:00:00+00:00,23.03,72.58,31.58,37.1,2.32,0.0,fused_om_nasa
2023-05-07 22:00:00+00:00,23.03,72.58,30.72,36.1,2.43,0.0,fused_om_nasa
2023-05-07 23:00:00+00:00,23.03,72.58,30.04,37.2,2.85,0.0,fused_om_nasa
2023-05-08 00:00:00+00:00,23.03,72.58,29.59,41.4,3.16,0.0,fused_om_nasa
2023-05-08 01:00:00+00:00,23.03,72.58,29.34,45.7,3.76,7.4,fused_om_nasa
2023-05-08 02:00:00+00:00,23.03,72.58,29.5,49.6,3.97,116.9,fused_om_nasa
2023-05-08 03:00:00+00:00,23.03,72.58,29.92,50.8,3.88,228.8,fused_om_nasa
2023-05-08 04:00:00+00:00,23.03,72.58,30.74,48.6,3.7,300.2,fused_om_nasa
2023-05-08 05:00:00+00:00,23.03,72.58,31.58,45.7,3.62,344.6,fused_om_nasa
2023-05-08 06:00:00+00:00,23.03,72.58,33.02,41.2,3.9,426.7,fused_om_nasa
2023-05-08 07:00:00+00:00,23.03,72.58,35.38,32.6,3.79,543.2,fused_om_nasa
2023-05-08 08:00:00+00:00,23.03,72.58,37.97,23.0,4.11,567.1,fused_om_nasa
2023-05-08 09:00:00+00:00,23.03,72.58,39.42,19.0,4.0,637.2,fused_om_nasa
2023-05-08 10:00:00+00:00,23.03,72.58,40.2,17.9,3.93,674.1,fused_om_nasa
2023-05-08 11:00:00+00:00,23.03,72.58,40.72,17.0,3.63,719.4,fused_om_nasa
2023-05-08 12:00:00+00:00,23.03,72.58,40.92,16.3,3.74,711.1,fused_om_nasa
2023-05-08 13:00:00+00:00,23.03,72.58,40.68,16.3,3.44,609.2,fused_om_nasa
2023-05-08 14:00:00+00:00,23.03,72.58,39.94,17.0,3.35,415.1,fused_om_nasa
2023-05-08 15:00:00+00:00,23.03,72.58,37.88,19.8,3.78,296.2,fused_om_nasa
2023-05-08 16:00:00+00:00,23.03,72.58,36.92,25.4,3.86,184.4,fused_om_nasa
2023-05-08 17:00:00+00:00,23.03,72.58,35.63,28.2,3.41,79.3,fused_om_nasa
2023-05-08 18:00:00+00:00,23.03,72.58,33.58,31.0,2.8,7.6,fused_om_nasa
2023-05-08 19:00:00+00:00,23.03,72.58,32.16,35.7,3.13,0.0,fused_om_nasa
2023-05-08 20:00:00+00:00,23.03,72.58,31.27,38.5,3.02,0.0,fused_om_nasa
2023-05-08 21:00:00+00:00,23.03,72.58,30.36,41.4,2.62,0.0,fused_om_nasa
2023-05-08 22:00:00+00:00,23.03,72.58,29.26,43.0,3.23,0.0,fused_om_nasa
2023-05-08 23:00:00+00:00,23.03,72.58,28.64,39.4,3.12,0.0,fused_om_nasa
2023-05-09 00:00:00+00:00,23.03,72.58,28.38,41.1,3.42,0.0,fused_om_nasa
2023-05-09 01:00:00+00:00,23.03,72.58,28.05,46.0,3.43,7.2,fused_om_nasa
2023-05-09 02:00:00+00:00,23.03,72.58,28.48,49.7,3.2,120.7,fused_om_nasa
2023-05-09 03:00:00+00:00,23.03,72.58,29.21,50.3,3.1,233.8,fused_om_nasa
2023-05-09 04:00:00+00:00,23.03,72.58,30.23,48.1,3.03,304.4,fused_om_nasa
2023-05-09 05:00:00+00:00,23.03,72.58,31.26,46.0,2.93,348.2,fused_om_nasa
2023-05-09 06:00:00+00:00,23.03,72.58,33.15,40.1,2.78,432.3,fused_om_nasa
2023-05-09 07:00:00+00:00,23.03,72.58,35.46,31.9,1.86,539.5,fused_om_nasa
2023-05-09 08:00:00+00:00,23.03,72.58,38.28,22.3,1.67,588.4,fused_om_nasa
2023-05-09 09:00:00+00:00,23.03,72.58,40.84,16.3,1.98,697.8,fused_om_nasa
2023-05-09 10:00:00+00:00,23.03,72.58,42.04,15.0,2.7,792.0,fused_om_nasa
2023-05-09 11:00:00+00:00,23.03,72.58,42.62,14.6,3.37,784.0,fused_om_nasa
2023-05-09 12:00:00+00:00,23.03,72.58,42.46,14.2,3.31,764.3,fused_om_nasa
2023-05-09 13:00:00+00:00,23.03,72.58,41.86,14.4,3.72,639.3,fused_om_nasa
2023-05-09 14:00:00+00:00,23.03,72.58,40.38,15.2,3.72,422.5,fused_om_nasa
2023-05-09 15:00:00+00:00,23.03,72.58,39.69,15.6,4.12,301.6,fused_om_nasa
2023-05-09 16:00:00+00:00,23.03,72.58,38.62,16.2,3.67,187.6,fused_om_nasa
2023-05-09 17:00:00+00:00,23.03,72.58,37.04,17.6,3.71,80.1,fused_om_nasa
2023-05-09 18:00:00+00:00,23.03,72.58,34.58,19.6,2.57,7.4,fused_om_nasa
2023-05-09 19:00:00+00:00,23.03,72.58,32.26,22.5,2.6,0.0,fused_om_nasa
2023-05-09 20:00:00+00:00,23.03,72.58,32.48,21.6,1.88,0.0,fused_om_nasa
2023-05-09 21:00:00+00:00,23.03,72.58,30.52,24.2,2.58,0.0,fused_om_nasa
2023-05-09 22:00:00+00:00,23.03,72.58,29.72,25.3,2.8,0.0,fused_om_nasa
2023-05-09 23:00:00+00:00,23.03,72.58,29.4,26.2,3.1,0.0,fused_om_nasa
2023-05-10 00:00:00+00:00,23.03,72.58,28.98,30.2,2.88,0.0,fused_om_nasa
2023-05-10 01:00:00+00:00,23.03,72.58,28.33,33.4,2.67,7.2,fused_om_nasa
2023-05-10 02:00:00+00:00,23.03,72.58,28.85,34.3,3.0,126.8,fused_om_nasa
2023-05-10 03:00:00+00:00,23.03,72.58,29.94,33.8,3.16,243.5,fused_om_nasa
2023-05-10 04:00:00+00:00,23.03,72.58,30.83,35.8,3.41,314.8,fused_om_nasa
2023-05-10 05:00:00+00:00,23.03,72.58,31.86,36.3,3.53,359.4,fused_om_nasa
2023-05-10 06:00:00+00:00,23.03,72.58,33.86,31.5,4.26,447.6,fused_om_nasa
2023-05-10 07:00:00+00:00,23.03,72.58,35.9,25.5,3.83,570.0,fused_om_nasa
2023-05-10 08:00:00+00:00,23.03,72.58,38.6,17.6,3.7,686.1,fused_om_nasa
2023-05-10 09:00:00+00:00,23.03,72.58,41.48,10.9,3.46,776.8,fused_om_nasa
2023-05-10 10:00:00+00:00,23.03,72.58,42.72,8.7,3.5,830.5,fused_om_nasa
2023-05-10 11:00:00+00:00,23.03,72.58,43.09,8.1,3.66,834.8,fused_om_nasa
2023-05-10 12:00:00+00:00,23.03,72.58,42.94,8.2,3.5,790.1,fused_om_nasa
2023-05-10 13:00:00+00:00,23.03,72.58,42.26,8.4,2.9,650.3,fused_om_nasa
2023-05-10 14:00:00+00:00,23.03,72.58,39.7,10.9,2.92,442.5,fused_om_nasa
2023-05-10 15:00:00+00:00,23.03,72.58,38.52,11.4,3.04,318.1,fused_om_nasa
2023-05-10 16:00:00+00:00,23.03,72.58,37.3,13.1,3.26,199.9,fused_om_nasa
2023-05-10 17:00:00+00:00,23.03,72.58,36.08,13.5,3.07,86.1,fused_om_nasa
2023-05-10 18:00:00+00:00,23.03,72.58,33.49,16.0,2.41,8.7,fused_om_nasa
2023-05-10 19:00:00+00:00,23.03,72.58,31.52,17.8,2.86,0.0,fused_om_nasa
2023-05-10 20:00:00+00:00,23.03,72.58,30.66,18.8,2.7,0.0,fused_om_nasa
2023-05-10 21:00:00+00:00,23.03,72.58,30.07,18.9,2.82,0.0,fused_om_nasa
2023-05-10 22:00:00+00:00,23.03,72.58,29.62,18.9,2.9,0.0,fused_om_nasa
2023-05-10 23:00:00+00:00,23.03,72.58,29.74,18.3,2.42,0.0,fused_om_nasa
2023-05-11 00:00:00+00:00,23.03,72.58,28.94,21.8,2.82,0.0,fused_om_nasa
2023-05-11 01:00:00+00:00,23.03,72.58,28.04,25.4,2.66,7.0,fused_om_nasa
2023-05-11 02:00:00+00:00,23.03,72.58,29.16,25.1,3.17,128.2,fused_om_nasa
2023-05-11 03:00:00+00:00,23.03,72.58,30.28,25.2,3.03,242.8,fused_om_nasa
2023-05-11 04:00:00+00:00,23.03,72.58,31.36,25.5,3.16,313.6,fused_om_nasa
2023-05-11 05:00:00+00:00,23.03,72.58,32.54,24.7,3.65,357.6,fused_om_nasa
2023-05-11 06:00:00+00:00,23.03,72.58,34.29,23.4,5.04,441.4,fused_om_nasa
2023-05-11 07:00:00+00:00,23.03,72.58,36.22,21.7,4.51,553.0,fused_om_nasa
2023-05-11 08:00:00+00:00,23.03,72.58,39.16,16.4,4.16,663.8,fused_om_nasa
2023-05-11 09:00:00+00:00,23.03,72.58,41.91,10.7,4.01,753.5,fused_om_nasa
2023-05-11 10:00:00+00:00,23.03,72.58,42.94,9.7,3.5,809.8,fused_om_nasa
2023-05-11 11:00:00+00:00,23.03,72.58,43.45,9.4,2.95,819.3,fused_om_nasa
2023-05-11 12:00:00+00:00,23.03,72.58,43.44,9.6,2.84,779.6,fused_om_nasa
2023-05-11 13:00:00+00:00,23.03,72.58,42.29,12.0,2.19,649.0,fused_om_nasa
2023-05-11 14:00:00+00:00,23.03,72.58,40.22,12.9,2.91,444.6,fused_om_nasa
2023-05-11 15:00:00+00:00,23.03,72.58,39.71,12.4,2.84,322.8,fused_om_nasa
2023-05-11 16:00:00+00:00,23.03,72.58,38.31,13.0,3.28,206.0,fused_om_nasa
2023-05-11 17:00:00+00:00,23.03,72.58,37.24,13.3,3.21,90.3,fused_om_nasa
2023-05-11 18:00:00+00:00,23.03,72.58,34.34,15.5,2.73,9.1,fused_om_nasa
2023-05-11 19:00:00+00:00,23.03,72.58,33.2,15.8,2.94,0.0,fused_om_nasa
2023-05-11 20:00:00+00:00,23.03,72.58,32.22,16.6,2.79,0.0,fused_om_nasa
2023-05-11 21:00:00+00:00,23.03,72.58,31.28,19.5,3.07,0.0,fused_om_nasa
2023-05-11 22:00:00+00:00,23.03,72.58,30.52,23.4,3.06,0.0,fused_om_nasa
2023-05-11 23:00:00+00:00,23.03,72.58,29.74,27.0,3.16,0.0,fused_om_nasa
2023-05-12 00:00:00+00:00,23.03,72.58,29.52,30.3,3.5,0.0,fused_om_nasa
2023-05-12 01:00:00+00:00,23.03,72.58,29.22,33.4,3.8,7.0,fused_om_nasa
2023-05-12 02:00:00+00:00,23.03,72.58,29.66,34.7,3.86,124.8,fused_om_nasa
2023-05-12 03:00:00+00:00,23.03,72.58,30.44,34.0,4.27,238.6,fused_om_nasa
2023-05-12 04:00:00+00:00,23.03,72.58,31.33,32.7,4.37,310.6,fused_om_nasa
2023-05-12 05:00:00+00:00,23.03,72.58,32.47,31.1,4.66,355.8,fused_om_nasa
2023-05-12 06:00:00+00:00,23.03,72.58,34.17,27.6,5.35,444.5,fused_om_nasa
2023-05-12 07:00:00+00:00,23.03,72.58,36.39,23.4,4.95,563.5,fused_om_nasa
2023-05-12 08:00:00+00:00,23.03,72.58,39.47,16.0,4.24,677.2,fused_om_nasa
2023-05-12 09:00:00+00:00,23.03,72.58,41.96,10.9,3.64,769.1,fused_om_nasa
2023-05-12 10:00:00+00:00,23.03,72.58,43.08,9.5,2.81,825.0,fused_om_nasa
2023-05-12 11:00:00+00:00,23.03,72.58,43.58,8.9,2.46,833.1,fused_om_nasa
2023-05-12 12:00:00+00:00,23.03,72.58,43.32,9.1,2.81,786.0,fused_om_nasa
2023-05-12 13:00:00+00:00,23.03,72.58,42.74,8.8,2.77,643.3,fused_om_nasa
2023-05-12 14:00:00+00:00,23.03,72.58,41.41,9.7,2.5,443.1,fused_om_nasa
2023-05-12 15:00:00+00:00,23.03,72.58,39.8,10.7,2.5,324.4,fused_om_nasa
2023-05-12 16:00:00+00:00,23.03,72.58,39.13,11.3,2.62,206.9,fused_om_nasa
2023-05-12 17:00:00+00:00,23.03,72.58,36.99,13.1,2.73,89.5,fused_om_nasa
2023-05-12 18:00:00+00:00,23.03,72.58,35.35,15.2,2.56,8.6,fused_om_nasa
2023-05-12 19:00:00+00:00,23.03,72.58,33.83,19.7,2.8,0.0,fused_om_nasa
2023-05-12 20:00:00+00:00,23.03,72.58,32.78,22.1,2.8,0.0,fused_om_nasa
2023-05-12 21:00:00+00:00,23.03,72.58,31.76,24.3,3.08,0.0,fused_om_nasa
2023-05-12 22:00:00+00:00,23.03,72.58,30.56,28.3,3.12,0.0,fused_om_nasa
2023-05-12 23:00:00+00:00,23.03,72.58,29.63,32.4,3.22,0.0,fused_om_nasa
2023-05-13 00:00:00+00:00,23.03,72.58,29.35,37.4,3.14,0.0,fused_om_nasa
2023-05-13 01:00:00+00:00,23.03,72.58,28.96,41.7,3.36,6.9,fused_om_nasa
2023-05-13 02:00:00+00:00,23.03,72.58,29.37,44.2,3.28,121.6,fused_om_nasa
2023-05-13 03:00:00+00:00,23.03,72.58,30.16,43.6,3.61,233.2,fused_om_nasa
2023-05-13 04:00:00+00:00,23.03,72.58,31.14,41.0,3.8,303.1,fused_om_nasa
2023-05-13 05:00:00+00:00,23.03,72.58,32.24,38.3,4.04,348.0,fused_om_nasa
2023-05-13 06:00:00+00:00,23.03,72.58,34.16,31.5,4.84,432.5,fused_om_nasa
2023-05-13 07:00:00+00:00,23.03,72.58,36.7,24.4,4.66,550.0,fused_om_nasa
2023-05-13 08:00:00+00:00,23.03,72.58,39.88,16.2,4.44,665.2,fused_om_nasa
2023-05-13 09:00:00+00:00,23.03,72.58,42.09,12.4,4.08,757.8,fused_om_nasa
2023-05-13 10:00:00+00:00,23.03,72.58,43.22,11.4,3.52,812.8,fused_om_nasa
2023-05-13 11:00:00+00:00,23.03,72.58,43.65,11.0,3.18,819.1,fused_om_nasa
2023-05-13 12:00:00+00:00,23.03,72.58,43.7,11.4,3.4,769.4,fused_om_nasa
2023-05-13 13:00:00+00:00,23.03,72.58,43.02,11.9,2.88,633.5,fused_om_nasa
2023-05-13 14:00:00+00:00,23.03,72.58,41.32,12.9,3.18,442.9,fused_om_nasa
2023-05-13 15:00:00+00:00,23.03,72.58,40.36,13.9,3.52,313.8,fused_om_nasa
2023-05-13 16:00:00+00:00,23.03,72.58,38.93,19.5,4.2,195.2,fused_om_nasa
2023-05-13 17:00:00+00:00,23.03,72.58,37.75,23.9,3.74,84.4,fused_om_nasa
2023-05-13 18:00:00+00:00,23.03,72.58,35.39,26.5,3.1,8.8,fused_om_nasa
2023-05-13 19:00:00+00:00,23.03,72.58,33.86,23.8,3.51,0.0,fused_om_nasa
2023-05-13 20:00:00+00:00,23.03,72.58,32.83,29.1,3.73,0.0,fused_om_nasa
2023-05-13 21:00:00+00:00,23.03,72.58,31.96,35.7,3.77,0.0,fused_om_nasa
2023-05-13 22:00:00+00:00,23.03,72.58,31.19,41.4,4.36,0.0,fused_om_nasa
2023-05-13 23:00:00+00:00,23.03,72.58,30.14,46.6,3.93,0.0,fused_om_nasa
2023-05-14 00:00:00+00:00,23.03,72.58,29.6,52.8,4.23,0.0,fused_om_nasa
2023-05-14 01:00:00+00:00,23.03,72.58,29.06,56.7,4.2,6.8,fused_om_nasa
2023-05-14 02:00:00+00:00,23.03,72.58,29.22,58.4,3.81,120.7,fused_om_nasa
2023-05-14 03:00:00+00:00,23.03,72.58,29.7,58.5,3.28,232.6,fused_om_nasa
2023-05-14 04:00:00+00:00,23.03,72.58,30.44,57.8,2.96,301.9,fused_om_nasa
2023-05-14 05:00:00+00:00,23.03,72.58,31.37,56.3,3.2,345.3,fused_om_nasa
2023-05-14 06:00:00+00:00,23.03,72.58,33.2,50.2,4.19,425.0,fused_om_nasa
2023-05-14 07:00:00+00:00,23.03,72.58,35.54,40.9,4.76,536.9,fused_om_nasa
2023-05-14 08:00:00+00:00,23.03,72.58,38.05,29.9,4.98,650.2,fused_om_nasa
2023-05-14 09:00:00+00:00,23.03,72.58,40.34,21.4,4.9,727.6,fused_om_nasa
2023-05-14 10:00:00+00:00,23.03,72.58,41.76,17.5,5.18,739.7,fused_om_nasa
2023-05-14 11:00:00+00:00,23.03,72.58,42.54,15.3,5.49,743.9,fused_om_nasa
2023-05-14 12:00:00+00:00,23.03,72.58,42.84,14.2,5.7,707.8,fused_om_nasa
2023-05-14 13:00:00+00:00,23.03,72.58,42.4,14.1,5.16,609.8,fused_om_nasa
2023-05-14 14:00:00+00:00,23.03,72.58,40.99,15.3,4.28,435.8,fused_om_nasa
2023-05-14 15:00:00+00:00,23.03,72.58,39.25,25.3,5.68,320.7,fused_om_nasa
2023-05-14 16:00:00+00:00,23.03,72.58,37.99,31.8,5.21,206.7,fused_om_nasa
2023-05-14 17:00:00+00:00,23.03,72.58,37.25,27.7,4.72,92.4,fused_om_nasa
2023-05-14 18:00:00+00:00,23.03,72.58,35.7,27.7,4.04,9.2,fused_om_nasa
2023-05-14 19:00:00+00:00,23.03,72.58,34.1,34.5,4.18,0.0,fused_om_nasa
2023-05-14 20:00:00+00:00,23.03,72.58,32.97,41.4,4.84,0.0,fused_om_nasa
2023-05-14 21:00:00+00:00,23.03,72.58,31.66,47.2,4.99,0.0,fused_om_nasa
2023-05-14 22:00:00+00:00,23.03,72.58,30.55,53.5,4.8,0.0,fused_om_nasa
2023-05-14 23:00:00+00:00,23.03,72.58,29.62,59.3,4.61,0.0,fused_om_nasa
2023-05-15 00:00:00+00:00,23.03,72.58,29.06,64.5,3.77,0.0,fused_om_nasa
2023-05-15 01:00:00+00:00,23.03,72.58,29.0,66.4,4.24,6.8,fused_om_nasa
2023-05-15 02:00:00+00:00,23.03,72.58,29.19,66.5,4.42,110.6,fused_om_nasa
2023-05-15 03:00:00+00:00,23.03,72.58,29.75,64.8,4.64,212.6,fused_om_nasa
2023-05-15 04:00:00+00:00,23.03,72.58,30.3,64.1,4.14,281.8,fused_om_nasa
2023-05-15 05:00:00+00:00,23.03,72.58,31.09,62.3,3.72,335.0,fused_om_nasa
2023-05-15 06:00:00+00:00,23.03,72.58,32.47,58.4,4.31,410.8,fused_om_nasa
2023-05-15 07:00:00+00:00,23.03,72.58,34.58,47.8,5.14,502.4,fused_om_nasa
2023-05-15 08:00:00+00:00,23.03,72.58,36.82,35.6,5.48,600.9,fused_om_nasa
2023-05-15 09:00:00+00:00,23.03,72.58,38.74,27.1,5.4,658.5,fused_om_nasa
2023-05-15 10:00:00+00:00,23.03,72.58,40.16,21.9,5.32,753.0,fused_om_nasa
2023-05-15 11:00:00+00:00,23.03,72.58,41.03,19.6,5.76,723.7,fused_om_nasa
2023-05-15 12:00:00+00:00,23.03,72.58,40.44,20.6,6.22,647.3,fused_om_nasa
2023-05-15 13:00:00+00:00,23.03,72.58,39.61,25.7,5.86,581.3,fused_om_nasa
2023-05-15 14:00:00+00:00,23.03,72.58,38.2,32.8,5.93,387.7,fused_om_nasa
2023-05-15 15:00:00+00:00,23.03,72.58,37.24,36.3,5.8,277.4,fused_om_nasa
2023-05-15 16:00:00+00:00,23.03,72.58,36.27,40.3,5.03,177.4,fused_om_nasa
2023-05-15 17:00:00+00:00,23.03,72.58,35.34,44.4,4.68,79.2,fused_om_nasa
2023-05-15 18:00:00+00:00,23.03,72.58,34.12,47.2,4.03,8.8,fused_om_nasa
2023-05-15 19:00:00+00:00,23.03,72.58,33.35,41.6,4.56,0.0,fused_om_nasa
2023-05-15 20:00:00+00:00,23.03,72.58,32.31,46.4,5.08,0.0,fused_om_nasa
2023-05-15 21:00:00+00:00,23.03,72.58,31.43,50.9,4.8,0.0,fused_om_nasa
2023-05-15 22:00:00+00:00,23.03,72.58,30.76,53.9,4.67,0.0,fused_om_nasa
2023-05-15 23:00:00+00:00,23.03,72.58,30.08,56.3,4.26,0.0,fused_om_nasa
2023-05-16 00:00:00+00:00,23.03,72.58,29.76,58.6,3.69,0.0,fused_om_nasa
2023-05-16 01:00:00+00:00,23.03,72.58,29.48,60.6,3.53,6.6,fused_om_nasa
2023-05-16 02:00:00+00:00,23.03,72.58,29.48,61.5,3.88,84.8,fused_om_nasa
2023-05-16 03:00:00+00:00,23.03,72.58,29.8,61.1,3.4,158.5,fused_om_nasa
2023-05-16 04:00:00+00:00,23.03,72.58,30.26,60.8,2.92,252.5,fused_om_nasa
2023-05-16 05:00:00+00:00,23.03,72.58,30.85,60.2,2.78,292.8,fused_om_nasa
2023-05-16 06:00:00+00:00,23.03,72.58,32.08,57.6,3.6,373.6,fused_om_nasa
2023-05-16 07:00:00+00:00,23.03,72.58,33.84,51.7,4.06,471.8,fused_om_nasa
2023-05-16 08:00:00+00:00,23.03,72.58,35.82,42.6,4.39,595.4,fused_om_nasa
2023-05-16 09:00:00+00:00,23.03,72.58,37.68,34.5,4.61,659.4,fused_om_nasa
2023-05-16 10:00:00+00:00,23.03,72.58,39.34,28.3,4.84,760.4,fused_om_nasa
2023-05-16 11:00:00+00:00,23.03,72.58,40.55,22.6,5.45,747.1,fused_om_nasa
2023-05-16 12:00:00+00:00,23.03,72.58,40.6,21.8,4.98,675.6,fused_om_nasa
2023-05-16 13:00:00+00:00,23.03,72.58,40.4,21.7,5.51,555.0,fused_om_nasa
2023-05-16 14:00:00+00:00,23.03,72.58,37.75,38.0,6.06,391.1,fused_om_nasa
2023-05-16 15:00:00+00:00,23.03,72.58,36.77,42.0,5.61,272.5,fused_om_nasa
2023-05-16 16:00:00+00:00,23.03,72.58,36.03,43.5,5.62,168.2,fused_om_nasa
2023-05-16 17:00:00+00:00,23.03,72.58,35.08,47.4,5.33,75.7,fused_om_nasa
2023-05-16 18:00:00+00:00,23.03,72.58,33.84,50.1,4.48,7.9,fused_om_nasa
2023-05-16 19:00:00+00:00,23.03,72.58,33.2,41.8,4.83,0.0,fused_om_nasa
2023-05-16 20:00:00+00:00,23.03,72.58,32.07,48.7,5.34,0.0,fused_om_nasa
2023-05-16 21:00:00+00:00,23.03,72.58,30.94,55.3,4.99,0.0,fused_om_nasa
2023-05-16 22:00:00+00:00,23.03,72.58,29.85,61.8,4.92,0.0,fused_om_nasa
2023-05-16 23:00:00+00:00,23.03,72.58,28.93,67.8,4.44,0.0,fused_om_nasa
2023-05-17 00:00:00+00:00,23.03,72.58,28.45,73.7,4.99,0.0,fused_om_nasa
2023-05-17 01:00:00+00:00,23.03,72.58,28.32,75.3,5.07,6.6,fused_om_nasa
2023-05-17 02:00:00+00:00,23.03,72.58,28.52,74.7,4.47,86.6,fused_om_nasa
2023-05-17 03:00:00+00:00,23.03,72.58,29.04,72.2,3.78,186.6,fused_om_nasa
2023-05-17 04:00:00+00:00,23.03,72.58,29.67,69.3,3.45,274.2,fused_om_nasa
2023-05-17 05:00:00+00:00,23.03,72.58,30.48,66.1,3.38,317.6,fused_om_nasa
2023-05-17 06:00:00+00:00,23.03,72.58,31.9,59.2,3.81,415.2,fused_om_nasa
2023-05-17 07:00:00+00:00,23.03,72.58,33.81,50.4,4.05,541.9,fused_om_nasa
2023-05-17 08:00:00+00:00,23.03,72.58,35.85,39.7,4.12,654.6,fused_om_nasa
2023-05-17 09:00:00+00:00,23.03,72.58,37.74,31.5,4.05,742.2,fused_om_nasa
2023-05-17 10:00:00+00:00,23.03,72.58,39.38,25.2,3.82,769.4,fused_om_nasa
2023-05-17 11:00:00+00:00,23.03,72.58,40.39,22.1,3.91,752.6,fused_om_nasa
2023-05-17 12:00:00+00:00,23.03,72.58,40.84,20.1,4.1,735.1,fused_om_nasa
2023-05-17 13:00:00+00:00,23.03,72.58,40.75,18.8,4.32,600.1,fused_om_nasa
2023-05-17 14:00:00+00:00,23.03,72.58,40.03,17.4,4.78,431.6,fused_om_nasa
2023-05-17 15:00:00+00:00,23.03,72.58,37.7,30.6,5.4,320.6,fused_om_nasa
2023-05-17 16:00:00+00:00,23.03,72.58,36.17,41.1,5.19,208.7,fused_om_nasa
2023-05-17 17:00:00+00:00,23.03,72.58,35.31,43.4,4.95,96.3,fused_om_nasa
2023-05-17 18:00:00+00:00,23.03,72.58,34.0,47.2,3.89,10.7,fused_om_nasa
2023-05-17 19:00:00+00:00,23.03,72.58,32.97,42.9,3.83,0.0,fused_om_nasa
2023-05-17 20:00:00+00:00,23.03,72.58,32.26,38.1,4.55,0.0,fused_om_nasa
2023-05-17 21:00:00+00:00,23.03,72.58,30.9,50.4,4.66,0.0,fused_om_nasa
2023-05-17 22:00:00+00:00,23.03,72.58,29.96,59.0,4.62,0.0,fused_om_nasa
2023-05-17 23:00:00+00:00,23.03,72.58,29.19,64.8,4.11,0.0,fused_om_nasa
2023-05-18 00:00:00+00:00,23.03,72.58,28.6,68.6,3.54,0.0,fused_om_nasa
2023-05-18 01:00:00+00:00,23.03,72.58,28.44,70.3,3.55,6.6,fused_om_nasa
2023-05-18 02:00:00+00:00,23.03,72.58,28.69,70.2,3.68,29.4,fused_om_nasa
2023-05-18 03:00:00+00:00,23.03,72.58,28.88,69.4,3.09,37.4,fused_om_nasa
2023-05-18 04:00:00+00:00,23.03,72.58,29.52,67.1,2.5,204.2,fused_om_nasa
2023-05-18 05:00:00+00:00,23.03,72.58,30.11,64.9,2.0,289.2,fused_om_nasa
2023-05-18 06:00:00+00:00,23.03,72.58,31.55,60.5,2.56,402.2,fused_om_nasa
2023-05-18 07:00:00+00:00,23.03,72.58,33.64,50.4,3.16,522.7,fused_om_nasa
2023-05-18 08:00:00+00:00,23.03,72.58,35.85,38.9,3.61,589.9,fused_om_nasa
2023-05-18 09:00:00+00:00,23.03,72.58,37.91,29.7,4.08,696.7,fused_om_nasa
2023-05-18 10:00:00+00:00,23.03,72.58,39.34,24.9,4.36,718.2,fused_om_nasa
2023-05-18 11:00:00+00:00,23.03,72.58,40.39,21.9,4.46,726.8,fused_om_nasa
2023-05-18 12:00:00+00:00,23.03,72.58,41.04,18.7,5.38,709.5,fused_om_nasa
2023-05-18 13:00:00+00:00,23.03,72.58,40.98,17.5,5.42,612.8,fused_om_nasa
2023-05-18 14:00:00+00:00,23.03,72.58,39.89,18.1,5.42,426.5,fused_om_nasa
2023-05-18 15:00:00+00:00,23.03,72.58,39.11,18.1,5.42,321.6,fused_om_nasa
2023-05-18 16:00:00+00:00,23.03,72.58,37.77,20.0,4.55,207.1,fused_om_nasa
2023-05-18 17:00:00+00:00,23.03,72.58,36.16,28.4,4.8,93.3,fused_om_nasa
2023-05-18 18:00:00+00:00,23.03,72.58,34.71,33.1,3.98,10.7,fused_om_nasa
2023-05-18 19:00:00+00:00,23.03,72.58,33.58,34.6,3.89,0.0,fused_om_nasa
2023-05-18 20:00:00+00:00,23.03,72.58,32.84,37.4,4.36,0.0,fused_om_nasa
2023-05-18 21:00:00+00:00,23.03,72.58,31.83,44.3,4.42,0.0,fused_om_nasa
2023-05-18 22:00:00+00:00,23.03,72.58,30.9,52.0,4.45,0.0,fused_om_nasa
2023-05-18 23:00:00+00:00,23.03,72.58,30.09,56.6,4.42,0.0,fused_om_nasa
2023-05-19 00:00:00+00:00,23.03,72.58,29.82,61.6,3.99,0.0,fused_om_nasa
2023-05-19 01:00:00+00:00,23.03,72.58,29.39,64.1,3.94,6.5,fused_om_nasa
2023-05-19 02:00:00+00:00,23.03,72.58,29.5,65.2,3.86,112.7,fused_om_nasa
2023-05-19 03:00:00+00:00,23.03,72.58,30.08,63.9,3.54,217.6,fused_om_nasa
2023-05-19 04:00:00+00:00,23.03,72.58,30.94,62.2,3.12,286.9,fused_om_nasa
2023-05-19 05:00:00+00:00,23.03,72.58,31.88,59.4,2.67,332.4,fused_om_nasa
2023-05-19 06:00:00+00:00,23.03,72.58,33.28,53.8,2.96,398.5,fused_om_nasa
2023-05-19 07:00:00+00:00,23.03,72.58,35.3,43.8,3.07,517.8,fused_om_nasa
2023-05-19 08:00:00+00:00,23.03,72.58,37.52,34.1,2.88,639.6,fused_om_nasa
2023-05-19 09:00:00+00:00,23.03,72.58,39.42,27.6,2.83,731.5,fused_om_nasa
2023-05-19 10:00:00+00:00,23.03,72.58,40.64,23.8,2.91,781.1,fused_om_nasa
2023-05-19 11:00:00+00:00,23.03,72.58,41.3,22.0,3.0,755.8,fused_om_nasa
2023-05-19 12:00:00+00:00,23.03,72.58,41.39,20.8,3.22,706.6,fused_om_nasa
2023-05-19 13:00:00+00:00,23.03,72.58,41.24,20.0,3.26,578.1,fused_om_nasa
2023-05-19 14:00:00+00:00,23.03,72.58,40.33,20.5,3.2,424.7,fused_om_nasa
2023-05-19 15:00:00+00:00,23.03,72.58,39.06,21.7,2.36,312.2,fused_om_nasa
2023-05-19 16:00:00+00:00,23.03,72.58,38.13,25.1,3.42,195.3,fused_om_nasa
2023-05-19 17:00:00+00:00,23.03,72.58,36.83,32.3,3.68,87.2,fused_om_nasa
2023-05-19 18:00:00+00:00,23.03,72.58,35.28,36.7,3.07,9.6,fused_om_nasa
2023-05-19 19:00:00+00:00,23.03,72.58,33.86,40.7,2.6,0.0,fused_om_nasa
2023-05-19 20:00:00+00:00,23.03,72.58,33.24,38.8,2.92,0.0,fused_om_nasa
2023-05-19 21:00:00+00:00,23.03,72.58,32.4,37.9,3.16,0.0,fused_om_nasa
2023-05-19 22:00:00+00:00,23.03,72.58,31.58,44.4,3.43,0.0,fused_om_nasa
2023-05-19 23:00:00+00:00,23.03,72.58,30.88,50.5,3.78,0.0,fused_om_nasa
2023-05-20 00:00:00+00:00,23.03,72.58,30.67,55.1,4.02,0.0,fused_om_nasa
2023-05-20 01:00:00+00:00,23.03,72.58,30.15,59.1,3.94,6.4,fused_om_nasa
2023-05-20 02:00:00+00:00,23.03,72.58,30.08,61.2,4.0,114.4,fused_om_nasa
2023-05-20 03:00:00+00:00,23.03,72.58,30.48,60.6,3.85,220.6,fused_om_nasa
2023-05-20 04:00:00+00:00,23.03,72.58,31.15,59.4,3.7,289.0,fused_om_nasa
2023-05-20 05:00:00+00:00,23.03,72.58,31.94,56.6,3.7,334.4,fused_om_nasa
2023-05-20 06:00:00+00:00,23.03,72.58,33.34,51.7,4.04,410.1,fused_om_nasa
2023-05-20 07:00:00+00:00,23.03,72.58,35.39,42.6,4.42,512.5,fused_om_nasa
2023-05-20 08:00:00+00:00,23.03,72.58,37.48,33.6,4.34,598.7,fused_om_nasa
2023-05-20 09:00:00+00:00,23.03,72.58,39.32,27.1,3.79,704.0,fused_om_nasa
2023-05-20 10:00:00+00:00,23.03,72.58,40.75,22.7,3.49,736.4,fused_om_nasa
2023-05-20 11:00:00+00:00,23.03,72.58,41.75,19.8,3.19,721.6,fused_om_nasa
2023-05-20 12:00:00+00:00,23.03,72.58,41.6,18.4,3.28,685.2,fused_om_nasa
2023-05-20 13:00:00+00:00,23.03,72.58,41.41,18.5,2.84,568.2,fused_om_nasa
2023-05-20 14:00:00+00:00,23.03,72.58,39.9,19.5,2.39,416.0,fused_om_nasa
2023-05-20 15:00:00+00:00,23.03,72.58,39.03,20.4,2.55,305.6,fused_om_nasa
2023-05-20 16:00:00+00:00,23.03,72.58,37.98,28.1,3.82,186.8,fused_om_nasa
2023-05-20 17:00:00+00:00,23.03,72.58,36.73,32.0,3.3,78.1,fused_om_nasa
2023-05-20 18:00:00+00:00,23.03,72.58,35.16,34.0,2.65,8.9,fused_om_nasa
2023-05-20 19:00:00+00:00,23.03,72.58,33.88,37.5,2.68,0.0,fused_om_nasa
2023-05-20 20:00:00+00:00,23.03,72.58,33.29,33.7,3.31,0.0,fused_om_nasa
2023-05-20 21:00:00+00:00,23.03,72.58,32.14,41.2,3.68,0.0,fused_om_nasa
2023-05-20 22:00:00+00:00,23.03,72.58,31.34,48.2,3.81,0.0,fused_om_nasa
2023-05-20 23:00:00+00:00,23.03,72.58,30.53,52.5,3.6,0.0,fused_om_nasa
2023-05-21 00:00:00+00:00,23.03,72.58,30.4,55.4,3.21,0.0,fused_om_nasa
2023-05-21 01:00:00+00:00,23.03,72.58,29.92,58.6,3.72,6.4,fused_om_nasa
2023-05-21 02:00:00+00:00,23.03,72.58,29.83,59.8,4.17,113.9,fused_om_nasa
2023-05-21 03:00:00+00:00,23.03,72.58,30.13,59.5,4.18,213.4,fused_om_nasa
2023-05-21 04:00:00+00:00,23.03,72.58,30.69,57.4,3.91,281.8,fused_om_nasa
2023-05-21 05:00:00+00:00,23.03,72.58,31.6,53.7,3.63,334.8,fused_om_nasa
2023-05-21 06:00:00+00:00,23.03,72.58,33.15,48.1,3.88,413.6,fused_om_nasa
2023-05-21 07:00:00+00:00,23.03,72.58,35.16,39.2,4.12,519.4,fused_om_nasa
2023-05-21 08:00:00+00:00,23.03,72.58,37.3,30.3,4.12,587.7,fused_om_nasa
2023-05-21 09:00:00+00:00,23.03,72.58,38.97,25.3,3.82,659.8,fused_om_nasa
2023-05-21 10:00:00+00:00,23.03,72.58,40.4,22.1,3.78,737.1,fused_om_nasa
2023-05-21 11:00:00+00:00,23.03,72.58,41.22,20.8,3.92,741.2,fused_om_nasa
2023-05-21 12:00:00+00:00,23.03,72.58,41.42,19.2,4.36,698.8,fused_om_nasa
2023-05-21 13:00:00+00:00,23.03,72.58,41.28,18.8,4.26,579.0,fused_om_nasa
2023-05-21 14:00:00+00:00,23.03,72.58,40.41,19.5,3.75,429.7,fused_om_nasa
2023-05-21 15:00:00+00:00,23.03,72.58,39.4,21.9,4.36,320.1,fused_om_nasa
2023-05-21 16:00:00+00:00,23.03,72.58,37.55,31.2,4.5,205.4,fused_om_nasa
2023-05-21 17:00:00+00:00,23.03,72.58,36.33,36.0,4.76,92.6,fused_om_nasa
2023-05-21 18:00:00+00:00,23.03,72.58,34.6,40.4,3.51,10.3,fused_om_nasa
2023-05-21 19:00:00+00:00,23.03,72.58,33.38,34.2,3.35,0.0,fused_om_nasa
2023-05-21 20:00:00+00:00,23.03,72.58,32.44,33.1,3.71,0.0,fused_om_nasa
2023-05-21 21:00:00+00:00,23.03,72.58,31.28,42.1,4.12,0.0,fused_om_nasa
2023-05-21 22:00:00+00:00,23.03,72.58,30.39,51.3,4.41,0.0,fused_om_nasa
2023-05-21 23:00:00+00:00,23.03,72.58,29.55,58.5,4.08,0.0,fused_om_nasa
2023-05-22 00:00:00+00:00,23.03,72.58,29.48,62.6,3.78,0.0,fused_om_nasa
2023-05-22 01:00:00+00:00,23.03,72.58,29.11,66.3,3.88,6.4,fused_om_nasa
2023-05-22 02:00:00+00:00,23.03,72.58,29.07,67.2,3.82,104.6,fused_om_nasa
2023-05-22 03:00:00+00:00,23.03,72.58,29.38,67.6,3.76,200.8,fused_om_nasa
2023-05-22 04:00:00+00:00,23.03,72.58,29.96,66.5,3.69,282.4,fused_om_nasa
2023-05-22 05:00:00+00:00,23.03,72.58,30.77,64.2,3.59,329.0,fused_om_nasa
2023-05-22 06:00:00+00:00,23.03,72.58,32.16,58.4,3.94,418.6,fused_om_nasa
2023-05-22 07:00:00+00:00,23.03,72.58,34.27,47.1,4.36,526.7,fused_om_nasa
2023-05-22 08:00:00+00:00,23.03,72.58,36.31,35.6,4.44,606.1,fused_om_nasa
2023-05-22 09:00:00+00:00,23.03,72.58,38.22,28.0,4.45,704.9,fused_om_nasa
2023-05-22 10:00:00+00:00,23.03,72.58,39.72,22.1,4.51,767.4,fused_om_nasa
2023-05-22 11:00:00+00:00,23.03,72.58,40.64,18.8,4.66,785.6,fused_om_nasa
2023-05-22 12:00:00+00:00,23.03,72.58,40.78,18.4,4.58,754.4,fused_om_nasa
2023-05-22 13:00:00+00:00,23.03,72.58,40.75,17.3,4.85,625.3,fused_om_nasa
2023-05-22 14:00:00+00:00,23.03,72.58,38.53,26.2,5.62,441.1,fused_om_nasa
2023-05-22 15:00:00+00:00,23.03,72.58,37.46,31.6,5.12,323.9,fused_om_nasa
2023-05-22 16:00:00+00:00,23.03,72.58,36.38,38.9,4.54,211.8,fused_om_nasa
2023-05-22 17:00:00+00:00,23.03,72.58,35.37,43.8,3.74,96.6,fused_om_nasa
2023-05-22 18:00:00+00:00,23.03,72.58,33.73,47.8,2.7,11.6,fused_om_nasa
2023-05-22 19:00:00+00:00,23.03,72.58,32.29,51.4,2.33,0.0,fused_om_nasa
2023-05-22 20:00:00+00:00,23.03,72.58,31.69,53.1,2.22,0.0,fused_om_nasa
2023-05-22 21:00:00+00:00,23.03,72.58,31.26,51.9,2.49,0.0,fused_om_nasa
2023-05-22 22:00:00+00:00,23.03,72.58,30.96,50.7,3.18,0.0,fused_om_nasa
2023-05-22 23:00:00+00:00,23.03,72.58,30.24,56.9,3.58,0.0,fused_om_nasa
2023-05-23 00:00:00+00:00,23.03,72.58,29.83,61.2,3.61,0.0,fused_om_nasa
2023-05-23 01:00:00+00:00,23.03,72.58,29.36,63.4,3.74,6.4,fused_om_nasa
2023-05-23 02:00:00+00:00,23.03,72.58,29.24,64.6,3.64,113.0,fused_om_nasa
2023-05-23 03:00:00+00:00,23.03,72.58,29.58,64.3,3.32,224.1,fused_om_nasa
2023-05-23 04:00:00+00:00,23.03,72.58,30.34,61.8,3.28,295.5,fused_om_nasa
2023-05-23 05:00:00+00:00,23.03,72.58,31.2,58.9,3.15,340.5,fused_om_nasa
2023-05-23 06:00:00+00:00,23.03,72.58,32.52,53.7,3.56,434.0,fused_om_nasa
2023-05-23 07:00:00+00:00,23.03,72.58,34.3,45.4,3.84,548.1,fused_om_nasa
2023-05-23 08:00:00+00:00,23.03,72.58,36.3,36.7,3.98,664.0,fused_om_nasa
2023-05-23 09:00:00+00:00,23.03,72.58,38.09,29.9,4.35,757.7,fused_om_nasa
2023-05-23 10:00:00+00:00,23.03,72.58,39.52,24.8,4.96,807.0,fused_om_nasa
2023-05-23 11:00:00+00:00,23.03,72.58,40.58,20.6,5.83,800.7,fused_om_nasa
2023-05-23 12:00:00+00:00,23.03,72.58,41.13,18.7,5.48,748.3,fused_om_nasa
2023-05-23 13:00:00+00:00,23.03,72.58,40.4,22.2,5.96,604.7,fused_om_nasa
2023-05-23 14:00:00+00:00,23.03,72.58,39.02,26.8,6.08,435.4,fused_om_nasa
2023-05-23 15:00:00+00:00,23.03,72.58,37.58,32.1,5.72,325.9,fused_om_nasa
2023-05-23 16:00:00+00:00,23.03,72.58,36.64,34.9,5.46,211.5,fused_om_nasa
2023-05-23 17:00:00+00:00,23.03,72.58,35.68,39.6,5.14,97.2,fused_om_nasa
2023-05-23 18:00:00+00:00,23.03,72.58,34.41,43.3,3.88,12.1,fused_om_nasa
2023-05-23 19:00:00+00:00,23.03,72.58,33.54,39.4,4.12,0.0,fused_om_nasa
2023-05-23 20:00:00+00:00,23.03,72.58,32.7,42.0,4.73,0.0,fused_om_nasa
2023-05-23 21:00:00+00:00,23.03,72.58,31.6,50.4,4.8,0.0,fused_om_nasa
2023-05-23 22:00:00+00:00,23.03,72.58,30.66,57.4,4.53,0.0,fused_om_nasa
2023-05-23 23:00:00+00:00,23.03,72.58,29.84,62.7,4.29,0.0,fused_om_nasa
2023-05-24 00:00:00+00:00,23.03,72.58,29.24,68.2,4.16,0.0,fused_om_nasa
2023-05-24 01:00:00+00:00,23.03,72.58,28.8,71.5,4.38,6.3,fused_om_nasa
2023-05-24 02:00:00+00:00,23.03,72.58,28.9,72.1,4.65,117.0,fused_om_nasa
2023-05-24 03:00:00+00:00,23.03,72.58,29.38,70.8,4.49,222.8,fused_om_nasa
2023-05-24 04:00:00+00:00,23.03,72.58,30.24,67.8,4.2,289.9,fused_om_nasa
2023-05-24 05:00:00+00:00,23.03,72.58,31.28,63.4,4.14,334.3,fused_om_nasa
2023-05-24 06:00:00+00:00,23.03,72.58,32.82,56.5,4.7,418.8,fused_om_nasa
2023-05-24 07:00:00+00:00,23.03,72.58,34.66,47.6,5.26,517.9,fused_om_nasa
2023-05-24 08:00:00+00:00,23.03,72.58,36.41,40.5,5.44,615.4,fused_om_nasa
2023-05-24 09:00:00+00:00,23.03,72.58,38.14,33.9,5.54,701.5,fused_om_nasa
2023-05-24 10:00:00+00:00,23.03,72.58,39.47,28.3,5.96,770.0,fused_om_nasa
2023-05-24 11:00:00+00:00,23.03,72.58,39.94,25.3,6.37,727.2,fused_om_nasa
2023-05-24 12:00:00+00:00,23.03,72.58,40.88,22.3,6.43,711.8,fused_om_nasa
2023-05-24 13:00:00+00:00,23.03,72.58,40.35,23.5,5.52,533.6,fused_om_nasa
2023-05-24 14:00:00+00:00,23.03,72.58,38.76,32.0,5.11,428.8,fused_om_nasa
2023-05-24 15:00:00+00:00,23.03,72.58,37.79,38.1,5.19,310.5,fused_om_nasa
2023-05-24 16:00:00+00:00,23.03,72.58,36.6,41.6,5.3,200.0,fused_om_nasa
2023-05-24 17:00:00+00:00,23.03,72.58,35.72,42.0,5.36,92.7,fused_om_nasa
2023-05-24 18:00:00+00:00,23.03,72.58,35.0,34.4,5.72,12.1,fused_om_nasa
2023-05-24 19:00:00+00:00,23.03,72.58,33.45,36.9,6.27,0.0,fused_om_nasa
2023-05-24 20:00:00+00:00,23.03,72.58,32.0,43.6,6.43,0.0,fused_om_nasa
2023-05-24 21:00:00+00:00,23.03,72.58,30.82,51.6,6.18,0.0,fused_om_nasa
2023-05-24 22:00:00+00:00,23.03,72.58,30.01,58.1,5.66,0.0,fused_om_nasa
2023-05-24 23:00:00+00:00,23.03,72.58,29.37,62.2,5.24,0.0,fused_om_nasa
2023-05-25 00:00:00+00:00,23.03,72.58,29.4,66.2,5.06,0.0,fused_om_nasa
2023-05-25 01:00:00+00:00,23.03,72.58,29.04,70.3,5.04,6.2,fused_om_nasa
2023-05-25 02:00:00+00:00,23.03,72.58,29.2,71.4,4.68,110.1,fused_om_nasa
2023-05-25 03:00:00+00:00,23.03,72.58,29.7,69.7,4.44,205.6,fused_om_nasa
2023-05-25 04:00:00+00:00,23.03,72.58,30.44,66.5,4.33,250.8,fused_om_nasa
2023-05-25 05:00:00+00:00,23.03,72.58,31.4,63.0,4.61,319.1,fused_om_nasa
2023-05-25 06:00:00+00:00,23.03,72.58,32.76,56.5,5.57,392.6,fused_om_nasa
2023-05-25 07:00:00+00:00,23.03,72.58,34.42,48.4,6.09,456.3,fused_om_nasa
2023-05-25 08:00:00+00:00,23.03,72.58,36.38,37.9,6.32,573.0,fused_om_nasa
2023-05-25 09:00:00+00:00,23.03,72.58,37.83,30.3,6.82,571.8,fused_om_nasa
2023-05-25 10:00:00+00:00,23.03,72.58,39.4,24.9,6.78,691.8,fused_om_nasa
2023-05-25 11:00:00+00:00,23.03,72.58,40.51,21.9,7.08,722.8,fused_om_nasa
2023-05-25 12:00:00+00:00,23.03,72.58,41.12,19.8,7.33,639.6,fused_om_nasa
2023-05-25 13:00:00+00:00,23.03,72.58,39.78,26.8,6.74,572.0,fused_om_nasa
2023-05-25 14:00:00+00:00,23.03,72.58,37.92,37.0,6.61,400.2,fused_om_nasa
2023-05-25 15:00:00+00:00,23.03,72.58,37.12,40.6,5.98,288.1,fused_om_nasa
2023-05-25 16:00:00+00:00,23.03,72.58,36.36,43.7,5.23,178.2,fused_om_nasa
2023-05-25 17:00:00+00:00,23.03,72.58,35.6,41.4,5.54,78.2,fused_om_nasa
2023-05-25 18:00:00+00:00,23.03,72.58,34.56,36.3,5.54,10.1,fused_om_nasa
2023-05-25 19:00:00+00:00,23.03,72.58,33.4,40.1,5.67,0.0,fused_om_nasa
2023-05-25 20:00:00+00:00,23.03,72.58,32.39,43.5,5.98,0.0,fused_om_nasa
2023-05-25 21:00:00+00:00,23.03,72.58,31.26,48.4,6.29,0.0,fused_om_nasa
2023-05-25 22:00:00+00:00,23.03,72.58,30.12,56.2,6.12,0.0,fused_om_nasa
2023-05-25 23:00:00+00:00,23.03,72.58,29.28,63.0,5.78,0.0,fused_om_nasa
2023-05-26 00:00:00+00:00,23.03,72.58,28.75,68.6,5.58,0.0,fused_om_nasa
2023-05-26 01:00:00+00:00,23.03,72.58,28.58,72.1,5.36,6.2,fused_om_nasa
2023-05-26 02:00:00+00:00,23.03,72.58,28.86,72.0,6.04,85.6,fused_om_nasa
2023-05-26 03:00:00+00:00,23.03,72.58,29.48,69.4,5.8,142.6,fused_om_nasa
2023-05-26 04:00:00+00:00,23.03,72.58,30.28,65.6,5.58,232.0,fused_om_nasa
2023-05-26 05:00:00+00:00,23.03,72.58,31.22,62.0,5.78,294.7,fused_om_nasa
2023-05-26 06:00:00+00:00,23.03,72.58,32.43,56.9,6.1,311.8,fused_om_nasa
2023-05-26 07:00:00+00:00,23.03,72.58,33.74,49.7,6.32,385.2,fused_om_nasa
2023-05-26 08:00:00+00:00,23.03,72.58,35.58,41.8,6.65,525.9,fused_om_nasa
2023-05-26 09:00:00+00:00,23.03,72.58,37.66,34.1,7.07,614.2,fused_om_nasa
2023-05-26 10:00:00+00:00,23.03,72.58,39.28,29.4,7.46,651.3,fused_om_nasa
2023-05-26 11:00:00+00:00,23.03,72.58,39.97,26.3,7.5,644.9,fused_om_nasa
2023-05-26 12:00:00+00:00,23.03,72.58,39.19,31.6,7.65,601.9,fused_om_nasa
2023-05-26 13:00:00+00:00,23.03,72.58,38.74,34.1,7.8,498.6,fused_om_nasa
2023-05-26 14:00:00+00:00,23.03,72.58,37.72,38.9,7.32,386.9,fused_om_nasa
2023-05-26 15:00:00+00:00,23.03,72.58,36.84,42.7,6.36,271.3,fused_om_nasa
2023-05-26 16:00:00+00:00,23.03,72.58,36.06,44.7,5.85,163.4,fused_om_nasa
2023-05-26 17:00:00+00:00,23.03,72.58,35.47,42.9,6.0,70.7,fused_om_nasa
2023-05-26 18:00:00+00:00,23.03,72.58,34.22,45.0,6.59,9.6,fused_om_nasa
2023-05-26 19:00:00+00:00,23.03,72.58,33.0,49.2,5.4,0.0,fused_om_nasa
2023-05-26 20:00:00+00:00,23.03,72.58,32.19,51.4,5.41,0.0,fused_om_nasa
2023-05-26 21:00:00+00:00,23.03,72.58,31.28,54.8,5.42,0.0,fused_om_nasa
2023-05-26 22:00:00+00:00,23.03,72.58,30.44,58.2,5.3,0.0,fused_om_nasa
2023-05-26 23:00:00+00:00,23.03,72.58,29.66,62.3,5.12,0.0,fused_om_nasa
2023-05-27 00:00:00+00:00,23.03,72.58,29.39,65.5,5.1,0.0,fused_om_nasa
2023-05-27 01:00:00+00:00,23.03,72.58,29.07,68.5,5.53,6.2,fused_om_nasa
2023-05-27 02:00:00+00:00,23.03,72.58,29.25,69.1,6.38,109.5,fused_om_nasa
2023-05-27 03:00:00+00:00,23.03,72.58,29.66,68.4,5.96,135.8,fused_om_nasa
2023-05-27 04:00:00+00:00,23.03,72.58,30.46,65.2,5.88,195.4,fused_om_nasa
2023-05-27 05:00:00+00:00,23.03,72.58,31.43,62.2,5.83,240.4,fused_om_nasa
2023-05-27 06:00:00+00:00,23.03,72.58,32.49,58.1,5.94,334.9,fused_om_nasa
2023-05-27 07:00:00+00:00,23.03,72.58,34.26,50.5,5.97,467.6,fused_om_nasa
2023-05-27 08:00:00+00:00,23.03,72.58,36.2,42.5,6.3,563.6,fused_om_nasa
2023-05-27 09:00:00+00:00,23.03,72.58,38.0,36.0,6.74,638.8,fused_om_nasa
2023-05-27 10:00:00+00:00,23.03,72.58,39.24,31.6,6.76,737.8,fused_om_nasa
2023-05-27 11:00:00+00:00,23.03,72.58,40.56,27.2,6.76,725.6,fused_om_nasa
2023-05-27 12:00:00+00:00,23.03,72.58,38.89,34.6,7.32,682.4,fused_om_nasa
2023-05-27 13:00:00+00:00,23.03,72.58,38.23,37.6,7.24,514.4,fused_om_nasa
2023-05-27 14:00:00+00:00,23.03,72.58,37.5,40.9,6.12,406.5,fused_om_nasa
2023-05-27 15:00:00+00:00,23.03,72.58,36.86,43.6,5.64,308.7,fused_om_nasa
2023-05-27 16:00:00+00:00,23.03,72.58,36.06,46.5,5.74,194.5,fused_om_nasa
2023-05-27 17:00:00+00:00,23.03,72.58,35.22,45.1,5.54,86.2,fused_om_nasa
2023-05-27 18:00:00+00:00,23.03,72.58,34.34,37.7,5.79,11.0,fused_om_nasa
2023-05-27 19:00:00+00:00,23.03,72.58,33.06,44.0,5.72,0.0,fused_om_nasa
2023-05-27 20:00:00+00:00,23.03,72.58,32.03,50.2,5.74,0.0,fused_om_nasa
2023-05-27 21:00:00+00:00,23.03,72.58,31.09,54.7,4.85,0.0,fused_om_nasa
2023-05-27 22:00:00+00:00,23.03,72.58,30.4,57.8,4.66,0.0,fused_om_nasa
2023-05-27 23:00:00+00:00,23.03,72.58,29.74,61.9,4.51,0.0,fused_om_nasa
2023-05-28 00:00:00+00:00,23.03,72.58,29.34,65.7,4.23,0.0,fused_om_nasa
2023-05-28 01:00:00+00:00,23.03,72.58,29.4,68.3,5.0,6.2,fused_om_nasa
2023-05-28 02:00:00+00:00,23.03,72.58,29.49,69.4,5.21,24.0,fused_om_nasa
2023-05-28 03:00:00+00:00,23.03,72.58,30.18,66.6,5.17,103.2,fused_om_nasa
2023-05-28 04:00:00+00:00,23.03,72.58,31.02,63.6,4.9,137.8,fused_om_nasa
2023-05-28 05:00:00+00:00,23.03,72.58,31.69,61.0,4.28,130.6,fused_om_nasa
2023-05-28 06:00:00+00:00,23.03,72.58,32.89,56.9,4.12,288.3,fused_om_nasa
2023-05-28 07:00:00+00:00,23.03,72.58,34.01,52.3,3.77,386.5,fused_om_nasa
2023-05-28 08:00:00+00:00,23.03,72.58,35.06,47.6,3.52,479.4,fused_om_nasa
2023-05-28 09:00:00+00:00,23.03,72.58,36.56,42.7,3.41,503.2,fused_om_nasa
2023-05-28 10:00:00+00:00,23.03,72.58,37.03,37.5,4.53,481.8,fused_om_nasa
2023-05-28 11:00:00+00:00,23.03,72.58,36.83,35.4,3.15,391.1,fused_om_nasa
2023-05-28 12:00:00+00:00,23.03,72.58,37.83,31.5,5.14,417.4,fused_om_nasa
2023-05-28 13:00:00+00:00,23.03,72.58,37.69,33.0,3.97,486.1,fused_om_nasa
2023-05-28 14:00:00+00:00,23.03,72.58,36.4,41.0,3.08,359.0,fused_om_nasa
2023-05-28 15:00:00+00:00,23.03,72.58,35.68,45.0,2.38,259.6,fused_om_nasa
2023-05-28 16:00:00+00:00,23.03,72.58,35.05,46.8,2.01,154.1,fused_om_nasa
2023-05-28 17:00:00+00:00,23.03,72.58,34.01,50.4,1.67,68.2,fused_om_nasa
2023-05-28 18:00:00+00:00,23.03,72.58,32.8,54.6,1.98,6.8,fused_om_nasa
2023-05-28 19:00:00+00:00,23.03,72.58,31.51,57.7,2.2,0.0,fused_om_nasa
2023-05-28 20:00:00+00:00,23.03,72.58,30.78,61.7,2.3,0.0,fused_om_nasa
2023-05-28 21:00:00+00:00,23.03,72.58,30.02,67.5,3.0,0.0,fused_om_nasa
2023-05-28 22:00:00+00:00,23.03,72.58,29.38,69.7,2.69,0.0,fused_om_nasa
2023-05-28 23:00:00+00:00,23.03,72.58,28.66,73.4,2.41,0.0,fused_om_nasa
2023-05-29 00:00:00+00:00,23.03,72.58,26.48,77.8,2.51,0.0,fused_om_nasa
2023-05-29 01:00:00+00:00,23.03,72.58,26.29,79.8,2.48,6.2,fused_om_nasa
2023-05-29 02:00:00+00:00,23.03,72.58,26.91,80.0,2.13,113.4,fused_om_nasa
2023-05-29 03:00:00+00:00,23.03,72.58,27.7,80.0,2.64,217.4,fused_om_nasa
2023-05-29 04:00:00+00:00,23.03,72.58,28.62,74.8,2.36,285.6,fused_om_nasa
2023-05-29 05:00:00+00:00,23.03,72.58,29.51,69.9,2.34,328.6,fused_om_nasa
2023-05-29 06:00:00+00:00,23.03,72.58,30.82,64.0,3.0,400.0,fused_om_nasa
2023-05-29 07:00:00+00:00,23.03,72.58,32.3,56.7,3.63,490.6,fused_om_nasa
2023-05-29 08:00:00+00:00,23.03,72.58,33.01,50.0,4.61,582.7,fused_om_nasa
2023-05-29 09:00:00+00:00,23.03,72.58,33.39,47.5,3.63,476.2,fused_om_nasa
2023-05-29 10:00:00+00:00,23.03,72.58,34.11,45.3,4.16,519.8,fused_om_nasa
2023-05-29 11:00:00+00:00,23.03,72.58,34.89,43.2,3.46,677.5,fused_om_nasa
2023-05-29 12:00:00+00:00,23.03,72.58,33.98,43.3,5.32,687.4,fused_om_nasa
2023-05-29 13:00:00+00:00,23.03,72.58,33.7,44.5,4.13,466.0,fused_om_nasa
2023-05-29 14:00:00+00:00,23.03,72.58,33.15,46.7,3.44,371.9,fused_om_nasa
2023-05-29 15:00:00+00:00,23.03,72.58,32.83,47.9,2.52,269.0,fused_om_nasa
2023-05-29 16:00:00+00:00,23.03,72.58,32.35,50.5,2.54,158.1,fused_om_nasa
2023-05-29 17:00:00+00:00,23.03,72.58,31.88,50.7,2.1,74.4,fused_om_nasa
2023-05-29 18:00:00+00:00,23.03,72.58,30.2,59.5,1.4,9.1,fused_om_nasa
2023-05-29 19:00:00+00:00,23.03,72.58,29.31,63.5,1.32,0.0,fused_om_nasa
2023-05-29 20:00:00+00:00,23.03,72.58,29.05,63.0,1.7,0.0,fused_om_nasa
2023-05-29 21:00:00+00:00,23.03,72.58,28.68,63.3,1.52,0.0,fused_om_nasa
2023-05-29 22:00:00+00:00,23.03,72.58,28.12,65.3,1.36,0.0,fused_om_nasa
2023-05-29 23:00:00+00:00,23.03,72.58,27.44,68.2,1.91,0.0,fused_om_nasa
2023-05-30 00:00:00+00:00,23.03,72.58,28.22,63.5,1.84,0.0,fused_om_nasa
2023-05-30 01:00:00+00:00,23.03,72.58,28.2,63.9,2.09,6.2,fused_om_nasa
2023-05-30 02:00:00+00:00,23.03,72.58,28.94,62.0,2.52,108.8,fused_om_nasa
2023-05-30 03:00:00+00:00,23.03,72.58,29.51,64.3,2.74,209.4,fused_om_nasa
2023-05-30 04:00:00+00:00,23.03,72.58,30.21,62.9,2.39,276.3,fused_om_nasa
2023-05-30 05:00:00+00:00,23.03,72.58,30.38,61.9,1.89,320.6,fused_om_nasa
2023-05-30 06:00:00+00:00,23.03,72.58,31.59,57.0,1.64,327.0,fused_om_nasa
2023-05-30 07:00:00+00:00,23.03,72.58,33.62,48.1,2.14,460.9,fused_om_nasa
2023-05-30 08:00:00+00:00,23.03,72.58,35.95,37.2,3.44,534.7,fused_om_nasa
2023-05-30 09:00:00+00:00,23.03,72.58,36.4,35.4,4.46,497.5,fused_om_nasa
2023-05-30 10:00:00+00:00,23.03,72.58,33.76,45.6,6.56,529.0,fused_om_nasa
2023-05-30 11:00:00+00:00,23.03,72.58,33.51,49.6,3.81,454.6,fused_om_nasa
2023-05-30 12:00:00+00:00,23.03,72.58,37.57,31.2,4.15,591.2,fused_om_nasa
2023-05-30 13:00:00+00:00,23.03,72.58,37.38,30.1,4.28,606.4,fused_om_nasa
2023-05-30 14:00:00+00:00,23.03,72.58,36.56,31.4,3.56,432.4,fused_om_nasa
2023-05-30 15:00:00+00:00,23.03,72.58,35.7,35.0,3.72,320.0,fused_om_nasa
2023-05-30 16:00:00+00:00,23.03,72.58,34.89,38.7,3.85,199.7,fused_om_nasa
2023-05-30 17:00:00+00:00,23.03,72.58,33.59,43.0,3.3,88.2,fused_om_nasa
2023-05-30 18:00:00+00:00,23.03,72.58,31.58,49.4,2.5,12.4,fused_om_nasa
2023-05-30 19:00:00+00:00,23.03,72.58,30.22,53.9,2.2,0.0,fused_om_nasa
2023-05-30 20:00:00+00:00,23.03,72.58,29.62,56.0,1.92,0.0,fused_om_nasa
2023-05-30 21:00:00+00:00,23.03,72.58,28.9,57.9,1.82,0.0,fused_om_nasa
2023-05-30 22:00:00+00:00,23.03,72.58,28.6,58.0,1.58,0.0,fused_om_nasa
2023-05-30 23:00:00+00:00,23.03,72.58,28.24,57.7,1.42,0.0,fused_om_nasa
2023-05-31 00:00:00+00:00,23.03,72.58,27.8,54.8,2.08,0.0,fused_om_nasa
2023-05-31 01:00:00+00:00,23.03,72.58,28.04,54.2,2.54,6.2,fused_om_nasa
2023-05-31 02:00:00+00:00,23.03,72.58,28.7,54.0,2.64,110.8,fused_om_nasa
2023-05-31 03:00:00+00:00,23.03,72.58,29.23,56.2,3.24,215.0,fused_om_nasa
2023-05-31 04:00:00+00:00,23.03,72.58,29.98,55.0,3.15,282.5,fused_om_nasa
2023-05-31 05:00:00+00:00,23.03,72.58,30.79,51.2,3.05,329.6,fused_om_nasa
2023-05-31 06:00:00+00:00,23.03,72.58,32.02,46.9,3.62,404.2,fused_om_nasa
2023-05-31 07:00:00+00:00,23.03,72.58,34.17,39.1,4.68,502.2,fused_om_nasa
2023-05-31 08:00:00+00:00,23.03,72.58,36.31,31.3,5.7,605.4,fused_om_nasa
2023-05-31 09:00:00+00:00,23.03,72.58,37.46,27.0,6.14,665.6,fused_om_nasa
2023-05-31 10:00:00+00:00,23.03,72.58,38.08,26.0,6.22,690.8,fused_om_nasa
2023-05-31 11:00:00+00:00,23.03,72.58,38.42,26.5,6.14,744.7,fused_om_nasa
2023-05-31 12:00:00+00:00,23.03,72.58,39.53,20.7,5.18,673.8,fused_om_nasa
2023-05-31 13:00:00+00:00,23.03,72.58,38.84,20.8,6.03,586.0,fused_om_nasa
2023-05-31 14:00:00+00:00,23.03,72.58,37.92,23.3,5.39,429.7,fused_om_nasa
2023-05-31 15:00:00+00:00,23.03,72.58,37.1,25.7,5.11,308.5,fused_om_nasa
2023-05-31 16:00:00+00:00,23.03,72.58,36.22,27.5,4.68,198.2,fused_om_nasa
2023-05-31 17:00:00+00:00,23.03,72.58,35.61,26.0,5.38,90.6,fused_om_nasa
2023-05-31 18:00:00+00:00,23.03,72.58,33.8,28.8,4.51,12.8,fused_om_nasa
2023-05-31 19:00:00+00:00,23.03,72.58,31.94,36.3,4.16,0.0,fused_om_nasa
2023-05-31 20:00:00+00:00,23.03,72.58,31.0,44.5,4.54,0.0,fused_om_nasa
2023-05-31 21:00:00+00:00,23.03,72.58,29.96,54.4,4.94,0.0,fused_om_nasa
2023-05-31 22:00:00+00:00,23.03,72.58,28.94,61.6,4.65,0.0,fused_om_nasa
2023-05-31 23:00:00+00:00,23.03,72.58,28.11,66.5,4.12,0.0,fused_om_nasa
2023-06-01 00:00:00+00:00,23.03,72.58,28.04,67.2,3.57,0.0,fused_om_nasa
2023-06-01 01:00:00+00:00,23.03,72.58,27.88,69.4,3.0,12.2,fused_om_nasa
2023-06-01 02:00:00+00:00,23.03,72.58,28.08,69.4,2.64,117.2,fused_om_nasa
2023-06-01 03:00:00+00:00,23.03,72.58,28.6,68.0,2.49,221.7,fused_om_nasa
2023-06-01 04:00:00+00:00,23.03,72.58,29.48,63.5,2.28,288.8,fused_om_nasa
2023-06-01 05:00:00+00:00,23.03,72.58,30.7,57.0,2.3,334.5,fused_om_nasa
2023-06-01 06:00:00+00:00,23.03,72.58,32.74,48.2,3.28,415.5,fused_om_nasa
2023-06-01 07:00:00+00:00,23.03,72.58,34.81,38.0,4.11,523.3,fused_om_nasa
2023-06-01 08:00:00+00:00,23.03,72.58,36.58,31.4,4.44,627.8,fused_om_nasa
2023-06-01 09:00:00+00:00,23.03,72.58,38.13,26.2,4.51,711.0,fused_om_nasa
2023-06-01 10:00:00+00:00,23.03,72.58,39.2,24.1,5.36,759.3,fused_om_nasa
2023-06-01 11:00:00+00:00,23.03,72.58,39.71,22.8,6.0,758.7,fused_om_nasa
2023-06-01 12:00:00+00:00,23.03,72.58,39.76,22.4,6.0,723.1,fused_om_nasa
2023-06-01 13:00:00+00:00,23.03,72.58,39.46,22.6,6.48,578.3,fused_om_nasa
2023-06-01 14:00:00+00:00,23.03,72.58,38.73,23.3,6.17,408.4,fused_om_nasa
2023-06-01 15:00:00+00:00,23.03,72.58,37.86,26.5,5.16,296.7,fused_om_nasa
2023-06-01 16:00:00+00:00,23.03,72.58,36.8,31.0,5.6,195.8,fused_om_nasa
2023-06-01 17:00:00+00:00,23.03,72.58,35.55,35.7,5.87,81.4,fused_om_nasa
2023-06-01 18:00:00+00:00,23.03,72.58,33.94,40.9,5.45,10.3,fused_om_nasa
2023-06-01 19:00:00+00:00,23.03,72.58,32.42,47.4,5.47,0.0,fused_om_nasa
2023-06-01 20:00:00+00:00,23.03,72.58,31.32,53.3,5.19,0.0,fused_om_nasa
2023-06-01 21:00:00+00:00,23.03,72.58,30.4,58.1,4.92,0.0,fused_om_nasa
2023-06-01 22:00:00+00:00,23.03,72.58,29.8,62.2,4.68,0.0,fused_om_nasa
2023-06-01 23:00:00+00:00,23.03,72.58,29.28,65.9,4.53,0.0,fused_om_nasa
2023-06-02 00:00:00+00:00,23.03,72.58,29.36,67.9,4.05,0.0,fused_om_nasa
2023-06-02 01:00:00+00:00,23.03,72.58,29.26,69.8,4.04,6.1,fused_om_nasa
2023-06-02 02:00:00+00:00,23.03,72.58,29.56,70.2,4.2,89.0,fused_om_nasa
2023-06-02 03:00:00+00:00,23.03,72.58,30.02,68.9,4.17,162.4,fused_om_nasa
2023-06-02 04:00:00+00:00,23.03,72.58,30.64,67.2,4.04,242.1,fused_om_nasa
2023-06-02 05:00:00+00:00,23.03,72.58,31.33,64.7,3.94,266.9,fused_om_nasa
2023-06-02 06:00:00+00:00,23.03,72.58,32.47,59.8,4.32,344.4,fused_om_nasa
2023-06-02 07:00:00+00:00,23.03,72.58,33.94,52.6,4.64,424.0,fused_om_nasa
2023-06-02 08:00:00+00:00,23.03,72.58,35.28,45.9,4.94,515.5,fused_om_nasa
2023-06-02 09:00:00+00:00,23.03,72.58,36.75,39.8,4.79,586.4,fused_om_nasa
2023-06-02 10:00:00+00:00,23.03,72.58,38.04,34.9,4.99,593.8,fused_om_nasa
2023-06-02 11:00:00+00:00,23.03,72.58,38.82,32.6,5.26,577.9,fused_om_nasa
2023-06-02 12:00:00+00:00,23.03,72.58,38.72,33.0,5.14,559.8,fused_om_nasa
2023-06-02 13:00:00+00:00,23.03,72.58,37.95,34.8,4.82,523.1,fused_om_nasa
2023-06-02 14:00:00+00:00,23.03,72.58,36.84,37.6,4.9,411.7,fused_om_nasa
2023-06-02 15:00:00+00:00,23.03,72.58,35.12,47.7,5.4,302.9,fused_om_nasa
2023-06-02 16:00:00+00:00,23.03,72.58,34.19,52.1,4.61,196.6,fused_om_nasa
2023-06-02 17:00:00+00:00,23.03,72.58,33.38,55.5,4.42,86.1,fused_om_nasa
2023-06-02 18:00:00+00:00,23.03,72.58,32.51,59.9,3.96,12.1,fused_om_nasa
2023-06-02 19:00:00+00:00,23.03,72.58,31.8,63.1,3.18,0.0,fused_om_nasa
2023-06-02 20:00:00+00:00,23.03,72.58,31.54,60.4,3.31,0.0,fused_om_nasa
2023-06-02 21:00:00+00:00,23.03,72.58,31.12,58.5,3.44,0.0,fused_om_nasa
2023-06-02 22:00:00+00:00,23.03,72.58,30.5,62.5,3.9,0.0,fused_om_nasa
2023-06-02 23:00:00+00:00,23.03,72.58,29.84,67.8,4.25,0.0,fused_om_nasa
2023-06-03 00:00:00+00:00,23.03,72.58,29.98,70.4,4.39,0.0,fused_om_nasa
2023-06-03 01:00:00+00:00,23.03,72.58,29.71,71.3,4.46,6.1,fused_om_nasa
2023-06-03 02:00:00+00:00,23.03,72.58,29.92,70.8,4.66,104.0,fused_om_nasa
2023-06-03 03:00:00+00:00,23.03,72.58,29.6,72.1,3.98,163.4,fused_om_nasa
2023-06-03 04:00:00+00:00,23.03,72.58,29.69,73.0,2.94,143.2,fused_om_nasa
2023-06-03 05:00:00+00:00,23.03,72.58,29.4,73.2,2.7,155.1,fused_om_nasa
2023-06-03 06:00:00+00:00,23.03,72.58,31.03,67.7,3.28,268.2,fused_om_nasa
2023-06-03 07:00:00+00:00,23.03,72.58,32.6,61.4,3.1,429.5,fused_om_nasa
2023-06-03 08:00:00+00:00,23.03,72.58,34.06,54.8,2.56,463.8,fused_om_nasa
2023-06-03 09:00:00+00:00,23.03,72.58,34.99,50.5,2.64,451.2,fused_om_nasa
2023-06-03 10:00:00+00:00,23.03,72.58,33.58,55.3,4.88,560.2,fused_om_nasa
2023-06-03 11:00:00+00:00,23.03,72.58,34.14,50.7,2.5,544.6,fused_om_nasa
2023-06-03 12:00:00+00:00,23.03,72.58,37.67,38.2,2.74,590.6,fused_om_nasa
2023-06-03 13:00:00+00:00,23.03,72.58,37.48,36.5,2.94,524.6,fused_om_nasa
2023-06-03 14:00:00+00:00,23.03,72.58,36.89,35.5,2.9,386.8,fused_om_nasa
2023-06-03 15:00:00+00:00,23.03,72.58,35.64,41.8,2.89,292.8,fused_om_nasa
2023-06-03 16:00:00+00:00,23.03,72.58,34.33,50.6,2.72,190.6,fused_om_nasa
2023-06-03 17:00:00+00:00,23.03,72.58,33.75,53.2,2.4,81.8,fused_om_nasa
2023-06-03 18:00:00+00:00,23.03,72.58,32.7,60.5,2.3,10.9,fused_om_nasa
2023-06-03 19:00:00+00:00,23.03,72.58,31.7,65.4,2.32,0.0,fused_om_nasa
2023-06-03 20:00:00+00:00,23.03,72.58,30.97,68.2,2.42,0.0,fused_om_nasa
2023-06-03 21:00:00+00:00,23.03,72.58,30.31,70.9,2.54,0.0,fused_om_nasa
2023-06-03 22:00:00+00:00,23.03,72.58,29.74,73.7,2.41,0.0,fused_om_nasa
2023-06-03 23:00:00+00:00,23.03,72.58,29.28,76.4,2.35,0.0,fused_om_nasa
2023-06-04 00:00:00+00:00,23.03,72.58,29.31,77.8,2.28,0.0,fused_om_nasa
2023-06-04 01:00:00+00:00,23.03,72.58,28.74,77.0,3.34,6.1,fused_om_nasa
2023-06-04 02:00:00+00:00,23.03,72.58,28.6,75.5,2.94,82.4,fused_om_nasa
2023-06-04 03:00:00+00:00,23.03,72.58,28.8,74.6,1.7,117.6,fused_om_nasa
2023-06-04 04:00:00+00:00,23.03,72.58,30.06,68.4,2.28,256.2,fused_om_nasa
2023-06-04 05:00:00+00:00,23.03,72.58,30.79,65.2,2.04,308.1,fused_om_nasa
2023-06-04 06:00:00+00:00,23.03,72.58,32.13,58.9,2.68,379.7,fused_om_nasa
2023-06-04 07:00:00+00:00,23.03,72.58,33.64,52.2,2.96,434.7,fused_om_nasa
2023-06-04 08:00:00+00:00,23.03,72.58,35.2,44.3,3.18,491.2,fused_om_nasa
2023-06-04 09:00:00+00:00,23.03,72.58,36.44,38.8,3.6,602.0,fused_om_nasa
2023-06-04 10:00:00+00:00,23.03,72.58,37.47,35.3,3.7,634.1,fused_om_nasa
2023-06-04 11:00:00+00:00,23.03,72.58,38.27,32.8,3.36,673.9,fused_om_nasa
2023-06-04 12:00:00+00:00,23.03,72.58,37.14,34.7,3.89,693.6,fused_om_nasa
2023-06-04 13:00:00+00:00,23.03,72.58,36.88,35.9,3.22,508.0,fused_om_nasa
2023-06-04 14:00:00+00:00,23.03,72.58,36.49,36.8,2.42,429.5,fused_om_nasa
2023-06-04 15:00:00+00:00,23.03,72.58,35.94,38.2,2.05,316.0,fused_om_nasa
2023-06-04 16:00:00+00:00,23.03,72.58,35.24,39.0,1.78,203.5,fused_om_nasa
2023-06-04 17:00:00+00:00,23.03,72.58,34.22,45.4,3.22,89.8,fused_om_nasa
2023-06-04 18:00:00+00:00,23.03,72.58,32.64,56.6,2.34,11.9,fused_om_nasa
2023-06-04 19:00:00+00:00,23.03,72.58,31.65,59.7,2.12,0.0,fused_om_nasa
2023-06-04 20:00:00+00:00,23.03,72.58,31.01,60.4,2.2,0.0,fused_om_nasa
2023-06-04 21:00:00+00:00,23.03,72.58,30.43,60.8,2.82,0.0,fused_om_nasa
2023-06-04 22:00:00+00:00,23.03,72.58,29.82,64.6,3.18,0.0,fused_om_nasa
2023-06-04 23:00:00+00:00,23.03,72.58,29.34,67.4,3.28,0.0,fused_om_nasa
2023-06-05 00:00:00+00:00,23.03,72.58,29.58,67.2,3.92,0.0,fused_om_nasa
2023-06-05 01:00:00+00:00,23.03,72.58,29.38,69.8,4.26,6.1,fused_om_nasa
2023-06-05 02:00:00+00:00,23.03,72.58,29.59,70.1,4.31,104.0,fused_om_nasa
2023-06-05 03:00:00+00:00,23.03,72.58,30.16,66.6,3.84,198.2,fused_om_nasa
2023-06-05 04:00:00+00:00,23.03,72.58,30.96,63.0,3.42,243.8,fused_om_nasa
2023-06-05 05:00:00+00:00,23.03,72.58,31.58,62.2,3.14,262.7,fused_om_nasa
2023-06-05 06:00:00+00:00,23.03,72.58,32.8,58.7,3.49,364.2,fused_om_nasa
2023-06-05 07:00:00+00:00,23.03,72.58,33.95,54.8,3.52,430.3,fused_om_nasa
2023-06-05 08:00:00+00:00,23.03,72.58,35.22,48.3,3.4,539.8,fused_om_nasa
2023-06-05 09:00:00+00:00,23.03,72.58,36.83,41.3,3.04,674.0,fused_om_nasa
2023-06-05 10:00:00+00:00,23.03,72.58,38.12,36.1,2.92,728.3,fused_om_nasa
2023-06-05 11:00:00+00:00,23.03,72.58,38.89,33.2,3.28,735.7,fused_om_nasa
2023-06-05 12:00:00+00:00,23.03,72.58,38.64,32.6,2.65,650.8,fused_om_nasa
2023-06-05 13:00:00+00:00,23.03,72.58,38.72,31.5,2.38,575.5,fused_om_nasa
2023-06-05 14:00:00+00:00,23.03,72.58,37.44,36.1,3.2,427.4,fused_om_nasa
2023-06-05 15:00:00+00:00,23.03,72.58,36.28,41.5,3.3,316.1,fused_om_nasa
2023-06-05 16:00:00+00:00,23.03,72.58,34.98,46.3,3.47,198.8,fused_om_nasa
2023-06-05 17:00:00+00:00,23.03,72.58,34.06,50.7,3.0,94.3,fused_om_nasa
2023-06-05 18:00:00+00:00,23.03,72.58,32.8,57.0,2.64,13.6,fused_om_nasa
2023-06-05 19:00:00+00:00,23.03,72.58,31.64,61.3,2.92,0.0,fused_om_nasa
2023-06-05 20:00:00+00:00,23.03,72.58,31.06,63.4,3.1,0.0,fused_om_nasa
2023-06-05 21:00:00+00:00,23.03,72.58,30.4,66.1,3.03,0.0,fused_om_nasa
2023-06-05 22:00:00+00:00,23.03,72.58,29.88,65.4,3.04,0.0,fused_om_nasa
2023-06-05 23:00:00+00:00,23.03,72.58,29.58,60.2,3.0,0.0,fused_om_nasa
2023-06-06 00:00:00+00:00,23.03,72.58,29.44,70.5,2.7,0.0,fused_om_nasa
2023-06-06 01:00:00+00:00,23.03,72.58,29.49,65.1,2.79,6.1,fused_om_nasa
2023-06-06 02:00:00+00:00,23.03,72.58,29.52,69.1,2.94,104.0,fused_om_nasa
2023-06-06 03:00:00+00:00,23.03,72.58,29.92,68.4,2.8,180.4,fused_om_nasa
2023-06-06 04:00:00+00:00,23.03,72.58,30.58,65.4,2.78,254.8,fused_om_nasa
2023-06-06 05:00:00+00:00,23.03,72.58,31.4,62.0,2.8,308.9,fused_om_nasa
2023-06-06 06:00:00+00:00,23.03,72.58,32.74,56.0,3.43,398.1,fused_om_nasa
2023-06-06 07:00:00+00:00,23.03,72.58,34.34,49.2,3.58,501.0,fused_om_nasa
2023-06-06 08:00:00+00:00,23.03,72.58,36.06,40.8,3.54,610.2,fused_om_nasa
2023-06-06 09:00:00+00:00,23.03,72.58,37.75,33.1,3.7,698.2,fused_om_nasa
2023-06-06 10:00:00+00:00,23.03,72.58,38.88,28.7,4.07,747.6,fused_om_nasa
2023-06-06 11:00:00+00:00,23.03,72.58,39.48,26.3,4.3,750.0,fused_om_nasa
2023-06-06 12:00:00+00:00,23.03,72.58,39.02,27.8,3.39,714.1,fused_om_nasa
2023-06-06 13:00:00+00:00,23.03,72.58,39.42,26.2,3.36,569.6,fused_om_nasa
2023-06-06 14:00:00+00:00,23.03,72.58,36.63,40.3,4.52,412.1,fused_om_nasa
2023-06-06 15:00:00+00:00,23.03,72.58,36.44,39.0,3.88,288.1,fused_om_nasa
2023-06-06 16:00:00+00:00,23.03,72.58,35.39,44.1,3.04,185.2,fused_om_nasa
2023-06-06 17:00:00+00:00,23.03,72.58,34.64,47.9,2.6,87.5,fused_om_nasa
2023-06-06 18:00:00+00:00,23.03,72.58,33.18,54.5,2.26,13.7,fused_om_nasa
2023-06-06 19:00:00+00:00,23.03,72.58,32.17,56.9,2.2,0.0,fused_om_nasa
2023-06-06 20:00:00+00:00,23.03,72.58,31.62,58.3,2.31,0.0,fused_om_nasa
2023-06-06 21:00:00+00:00,23.03,72.58,31.1,61.1,2.51,0.0,fused_om_nasa
2023-06-06 22:00:00+00:00,23.03,72.58,30.49,63.8,2.4,0.0,fused_om_nasa
2023-06-06 23:00:00+00:00,23.03,72.58,29.96,65.2,2.31,0.0,fused_om_nasa
2023-06-07 00:00:00+00:00,23.03,72.58,29.91,63.4,2.26,0.0,fused_om_nasa
2023-06-07 01:00:00+00:00,23.03,72.58,29.92,63.5,2.62,6.1,fused_om_nasa
2023-06-07 02:00:00+00:00,23.03,72.58,30.04,65.5,2.65,101.8,fused_om_nasa
2023-06-07 03:00:00+00:00,23.03,72.58,30.38,64.4,2.29,210.6,fused_om_nasa
2023-06-07 04:00:00+00:00,23.03,72.58,30.94,62.4,2.22,272.0,fused_om_nasa
2023-06-07 05:00:00+00:00,23.03,72.58,31.72,60.2,2.39,315.1,fused_om_nasa
2023-06-07 06:00:00+00:00,23.03,72.58,33.17,55.5,3.18,403.3,fused_om_nasa
2023-06-07 07:00:00+00:00,23.03,72.58,34.87,48.6,3.62,517.3,fused_om_nasa
2023-06-07 08:00:00+00:00,23.03,72.58,36.51,40.7,3.76,631.9,fused_om_nasa
2023-06-07 09:00:00+00:00,23.03,72.58,38.14,34.3,3.96,706.9,fused_om_nasa
2023-06-07 10:00:00+00:00,23.03,72.58,39.26,30.4,4.13,763.3,fused_om_nasa
2023-06-07 11:00:00+00:00,23.03,72.58,39.96,27.8,4.2,765.3,fused_om_nasa
2023-06-07 12:00:00+00:00,23.03,72.58,39.17,30.7,4.0,725.6,fused_om_nasa
2023-06-07 13:00:00+00:00,23.03,72.58,38.9,32.3,4.4,579.6,fused_om_nasa
2023-06-07 14:00:00+00:00,23.03,72.58,38.1,34.8,5.04,404.1,fused_om_nasa
2023-06-07 15:00:00+00:00,23.03,72.58,36.43,41.1,4.84,284.4,fused_om_nasa
2023-06-07 16:00:00+00:00,23.03,72.58,35.68,43.8,4.56,182.2,fused_om_nasa
2023-06-07 17:00:00+00:00,23.03,72.58,34.9,45.6,3.59,88.7,fused_om_nasa
2023-06-07 18:00:00+00:00,23.03,72.58,33.4,53.9,2.56,13.0,fused_om_nasa
2023-06-07 19:00:00+00:00,23.03,72.58,32.34,57.8,2.38,0.0,fused_om_nasa
2023-06-07 20:00:00+00:00,23.03,72.58,31.96,58.9,2.96,0.0,fused_om_nasa
2023-06-07 21:00:00+00:00,23.03,72.58,31.8,58.8,3.09,0.0,fused_om_nasa
2023-06-07 22:00:00+00:00,23.03,72.58,31.64,59.2,3.28,0.0,fused_om_nasa
2023-06-07 23:00:00+00:00,23.03,72.58,31.28,58.5,3.72,0.0,fused_om_nasa
2023-06-08 00:00:00+00:00,23.03,72.58,30.87,61.3,3.77,0.0,fused_om_nasa
2023-06-08 01:00:00+00:00,23.03,72.58,30.4,65.5,3.86,6.1,fused_om_nasa
2023-06-08 02:00:00+00:00,23.03,72.58,30.36,66.5,3.68,106.2,fused_om_nasa
2023-06-08 03:00:00+00:00,23.03,72.58,30.79,65.8,3.54,208.5,fused_om_nasa
2023-06-08 04:00:00+00:00,23.03,72.58,31.32,63.5,3.27,265.9,fused_om_nasa
2023-06-08 05:00:00+00:00,23.03,72.58,31.96,60.8,2.94,311.4,fused_om_nasa
2023-06-08 06:00:00+00:00,23.03,72.58,33.2,56.4,3.62,396.2,fused_om_nasa
2023-06-08 07:00:00+00:00,23.03,72.58,34.82,49.1,3.77,516.8,fused_om_nasa
2023-06-08 08:00:00+00:00,23.03,72.58,36.49,41.4,3.66,623.9,fused_om_nasa
2023-06-08 09:00:00+00:00,23.03,72.58,38.17,34.4,3.66,705.7,fused_om_nasa
2023-06-08 10:00:00+00:00,23.03,72.58,39.52,28.9,3.68,739.1,fused_om_nasa
2023-06-08 11:00:00+00:00,23.03,72.58,40.32,26.5,3.59,722.5,fused_om_nasa
2023-06-08 12:00:00+00:00,23.03,72.58,40.75,24.2,3.6,693.1,fused_om_nasa
2023-06-08 13:00:00+00:00,23.03,72.58,40.16,26.4,3.78,566.7,fused_om_nasa
2023-06-08 14:00:00+00:00,23.03,72.58,38.76,33.3,4.79,398.8,fused_om_nasa
2023-06-08 15:00:00+00:00,23.03,72.58,37.63,36.1,4.62,278.9,fused_om_nasa
2023-06-08 16:00:00+00:00,23.03,72.58,36.47,38.8,4.37,177.1,fused_om_nasa
2023-06-08 17:00:00+00:00,23.03,72.58,35.47,40.9,4.4,83.4,fused_om_nasa
2023-06-08 18:00:00+00:00,23.03,72.58,33.67,49.5,3.24,13.1,fused_om_nasa
2023-06-08 19:00:00+00:00,23.03,72.58,32.68,52.7,2.93,0.0,fused_om_nasa
2023-06-08 20:00:00+00:00,23.03,72.58,32.26,52.6,2.9,0.0,fused_om_nasa
2023-06-08 21:00:00+00:00,23.03,72.58,31.85,49.7,3.76,0.0,fused_om_nasa
2023-06-08 22:00:00+00:00,23.03,72.58,31.01,53.9,3.66,0.0,fused_om_nasa
2023-06-08 23:00:00+00:00,23.03,72.58,30.28,57.7,3.1,0.0,fused_om_nasa
2023-06-09 00:00:00+00:00,23.03,72.58,29.77,59.1,2.88,0.0,fused_om_nasa
2023-06-09 01:00:00+00:00,23.03,72.58,30.17,59.3,2.68,6.1,fused_om_nasa
2023-06-09 02:00:00+00:00,23.03,72.58,30.16,59.5,2.88,106.2,fused_om_nasa
2023-06-09 03:00:00+00:00,23.03,72.58,30.55,58.1,3.04,207.5,fused_om_nasa
2023-06-09 04:00:00+00:00,23.03,72.58,31.19,56.4,3.17,248.0,fused_om_nasa
2023-06-09 05:00:00+00:00,23.03,72.58,31.64,54.5,3.27,284.8,fused_om_nasa
2023-06-09 06:00:00+00:00,23.03,72.58,33.22,50.2,4.22,405.3,fused_om_nasa
2023-06-09 07:00:00+00:00,23.03,72.58,35.14,44.2,4.72,522.8,fused_om_nasa
2023-06-09 08:00:00+00:00,23.03,72.58,37.18,36.2,4.93,635.0,fused_om_nasa
2023-06-09 09:00:00+00:00,23.03,72.58,38.9,29.9,4.56,708.3,fused_om_nasa
2023-06-09 10:00:00+00:00,23.03,72.58,40.03,25.6,4.25,697.0,fused_om_nasa
2023-06-09 11:00:00+00:00,23.03,72.58,40.87,23.2,3.94,729.0,fused_om_nasa
2023-06-09 12:00:00+00:00,23.03,72.58,41.16,21.8,3.72,691.0,fused_om_nasa
2023-06-09 13:00:00+00:00,23.03,72.58,40.44,26.5,4.2,598.3,fused_om_nasa
2023-06-09 14:00:00+00:00,23.03,72.58,38.9,32.7,5.34,441.2,fused_om_nasa
2023-06-09 15:00:00+00:00,23.03,72.58,37.72,35.0,5.04,318.0,fused_om_nasa
2023-06-09 16:00:00+00:00,23.03,72.58,36.61,39.7,4.76,206.3,fused_om_nasa
2023-06-09 17:00:00+00:00,23.03,72.58,35.7,43.6,4.46,97.6,fused_om_nasa
2023-06-09 18:00:00+00:00,23.03,72.58,34.26,46.8,4.93,15.3,fused_om_nasa
2023-06-09 19:00:00+00:00,23.03,72.58,33.22,47.5,4.98,0.0,fused_om_nasa
2023-06-09 20:00:00+00:00,23.03,72.58,32.45,51.7,5.1,0.0,fused_om_nasa
2023-06-09 21:00:00+00:00,23.03,72.58,31.6,56.8,5.34,0.0,fused_om_nasa
2023-06-09 22:00:00+00:00,23.03,72.58,31.0,61.0,5.56,0.0,fused_om_nasa
2023-06-09 23:00:00+00:00,23.03,72.58,30.56,62.6,5.32,0.0,fused_om_nasa
2023-06-10 00:00:00+00:00,23.03,72.58,30.46,64.4,4.75,0.0,fused_om_nasa
2023-06-10 01:00:00+00:00,23.03,72.58,30.22,66.4,4.12,6.1,fused_om_nasa
2023-06-10 02:00:00+00:00,23.03,72.58,30.44,66.7,3.93,106.4,fused_om_nasa
2023-06-10 03:00:00+00:00,23.03,72.58,31.03,65.0,4.16,203.2,fused_om_nasa
2023-06-10 04:00:00+00:00,23.03,72.58,31.58,64.0,3.86,176.4,fused_om_nasa
2023-06-10 05:00:00+00:00,23.03,72.58,32.09,62.9,3.62,214.4,fused_om_nasa
2023-06-10 06:00:00+00:00,23.03,72.58,33.76,56.4,4.54,380.2,fused_om_nasa
2023-06-10 07:00:00+00:00,23.03,72.58,35.29,49.6,5.05,520.3,fused_om_nasa
2023-06-10 08:00:00+00:00,23.03,72.58,36.84,43.2,5.06,632.0,fused_om_nasa
2023-06-10 09:00:00+00:00,23.03,72.58,37.84,38.3,5.42,671.5,fused_om_nasa
2023-06-10 10:00:00+00:00,23.03,72.58,38.2,36.3,5.9,713.5,fused_om_nasa
2023-06-10 11:00:00+00:00,23.03,72.58,38.29,36.3,5.8,760.8,fused_om_nasa
2023-06-10 12:00:00+00:00,23.03,72.58,37.69,37.1,5.54,720.6,fused_om_nasa
2023-06-10 13:00:00+00:00,23.03,72.58,36.81,39.9,5.94,590.8,fused_om_nasa
2023-06-10 14:00:00+00:00,23.03,72.58,35.61,43.1,6.09,437.9,fused_om_nasa
2023-06-10 15:00:00+00:00,23.03,72.58,34.56,49.4,6.23,326.2,fused_om_nasa
2023-06-10 16:00:00+00:00,23.03,72.58,33.75,52.0,6.04,228.2,fused_om_nasa
2023-06-10 17:00:00+00:00,23.03,72.58,32.94,56.2,6.12,103.6,fused_om_nasa
2023-06-10 18:00:00+00:00,23.03,72.58,32.03,59.9,5.98,15.4,fused_om_nasa
2023-06-10 19:00:00+00:00,23.03,72.58,31.22,61.3,5.9,0.0,fused_om_nasa
2023-06-10 20:00:00+00:00,23.03,72.58,30.54,64.1,5.62,0.0,fused_om_nasa
2023-06-10 21:00:00+00:00,23.03,72.58,30.01,67.7,5.09,0.0,fused_om_nasa
2023-06-10 22:00:00+00:00,23.03,72.58,29.59,70.8,4.73,0.0,fused_om_nasa
2023-06-10 23:00:00+00:00,23.03,72.58,29.36,73.9,4.36,0.0,fused_om_nasa
2023-06-11 00:00:00+00:00,23.03,72.58,29.48,76.5,3.98,0.0,fused_om_nasa
2023-06-11 01:00:00+00:00,23.03,72.58,29.62,76.9,3.74,6.2,fused_om_nasa
2023-06-11 02:00:00+00:00,23.03,72.58,30.07,75.5,4.01,97.8,fused_om_nasa
2023-06-11 03:00:00+00:00,23.03,72.58,30.73,72.8,3.66,177.5,fused_om_nasa
2023-06-11 04:00:00+00:00,23.03,72.58,31.48,69.1,3.37,249.2,fused_om_nasa
2023-06-11 05:00:00+00:00,23.03,72.58,32.19,67.1,3.41,279.5,fused_om_nasa
2023-06-11 06:00:00+00:00,23.03,72.58,33.64,59.8,4.66,366.0,fused_om_nasa
2023-06-11 07:00:00+00:00,23.03,72.58,35.18,51.9,5.32,464.9,fused_om_nasa
2023-06-11 08:00:00+00:00,23.03,72.58,36.52,45.6,5.6,582.8,fused_om_nasa
2023-06-11 09:00:00+00:00,23.03,72.58,37.12,42.3,5.56,678.4,fused_om_nasa
2023-06-11 10:00:00+00:00,23.03,72.58,37.83,38.9,5.88,622.2,fused_om_nasa
2023-06-11 11:00:00+00:00,23.03,72.58,37.82,38.1,6.72,743.1,fused_om_nasa
2023-06-11 12:00:00+00:00,23.03,72.58,37.42,38.4,6.94,664.4,fused_om_nasa
2023-06-11 13:00:00+00:00,23.03,72.58,36.77,40.2,6.92,570.4,fused_om_nasa
2023-06-11 14:00:00+00:00,23.03,72.58,35.94,42.9,6.94,423.3,fused_om_nasa
2023-06-11 15:00:00+00:00,23.03,72.58,35.04,46.5,6.81,320.0,fused_om_nasa
2023-06-11 16:00:00+00:00,23.03,72.58,34.03,50.0,6.27,218.2,fused_om_nasa
2023-06-11 17:00:00+00:00,23.03,72.58,33.08,54.1,5.54,103.6,fused_om_nasa
2023-06-11 18:00:00+00:00,23.03,72.58,32.04,57.9,5.29,17.1,fused_om_nasa
2023-06-11 19:00:00+00:00,23.03,72.58,31.35,57.2,5.34,0.0,fused_om_nasa
2023-06-11 20:00:00+00:00,23.03,72.58,30.79,60.3,5.24,0.0,fused_om_nasa
2023-06-11 21:00:00+00:00,23.03,72.58,30.33,63.4,5.35,0.0,fused_om_nasa
2023-06-11 22:00:00+00:00,23.03,72.58,29.84,68.0,4.87,0.0,fused_om_nasa
2023-06-11 23:00:00+00:00,23.03,72.58,29.47,70.8,4.32,0.0,fused_om_nasa
2023-06-12 00:00:00+00:00,23.03,72.58,29.74,71.9,4.68,0.0,fused_om_nasa
2023-06-12 01:00:00+00:00,23.03,72.58,29.55,73.0,5.09,6.2,fused_om_nasa
2023-06-12 02:00:00+00:00,23.03,72.58,29.86,70.5,4.97,91.4,fused_om_nasa
2023-06-12 03:00:00+00:00,23.03,72.58,30.52,67.2,4.96,196.8,fused_om_nasa
2023-06-12 04:00:00+00:00,23.03,72.58,31.36,63.7,5.24,255.6,fused_om_nasa
2023-06-12 05:00:00+00:00,23.03,72.58,32.34,59.9,5.16,288.7,fused_om_nasa
2023-06-12 06:00:00+00:00,23.03,72.58,33.92,53.2,6.06,389.5,fused_om_nasa
2023-06-12 07:00:00+00:00,23.03,72.58,35.57,46.7,6.62,475.4,fused_om_nasa
2023-06-12 08:00:00+00:00,23.03,72.58,36.58,42.0,7.76,614.3,fused_om_nasa
2023-06-12 09:00:00+00:00,23.03,72.58,36.68,42.4,8.36,633.2,fused_om_nasa
2023-06-12 10:00:00+00:00,23.03,72.58,36.36,41.2,8.88,680.8,fused_om_nasa
2023-06-12 11:00:00+00:00,23.03,72.58,35.8,44.4,8.56,670.0,fused_om_nasa
2023-06-12 12:00:00+00:00,23.03,72.58,35.1,45.1,8.27,681.7,fused_om_nasa
2023-06-12 13:00:00+00:00,23.03,72.58,34.02,50.8,7.87,559.1,fused_om_nasa
2023-06-12 14:00:00+00:00,23.03,72.58,33.28,54.4,6.91,413.1,fused_om_nasa
2023-06-12 15:00:00+00:00,23.03,72.58,32.86,57.6,6.5,303.5,fused_om_nasa
2023-06-12 16:00:00+00:00,23.03,72.58,32.46,61.0,6.31,200.9,fused_om_nasa
2023-06-12 17:00:00+00:00,23.03,72.58,32.25,59.5,6.35,99.1,fused_om_nasa
2023-06-12 18:00:00+00:00,23.03,72.58,31.71,60.3,6.64,17.5,fused_om_nasa
2023-06-12 19:00:00+00:00,23.03,72.58,31.15,62.1,6.28,0.0,fused_om_nasa
2023-06-12 20:00:00+00:00,23.03,72.58,30.64,64.3,6.1,0.0,fused_om_nasa
2023-06-12 21:00:00+00:00,23.03,72.58,30.18,68.4,5.86,0.0,fused_om_nasa
2023-06-12 22:00:00+00:00,23.03,72.58,29.7,70.7,5.59,0.0,fused_om_nasa
2023-06-12 23:00:00+00:00,23.03,72.58,29.43,72.5,5.72,0.0,fused_om_nasa
2023-06-13 00:00:00+00:00,23.03,72.58,29.78,72.8,5.96,0.0,fused_om_nasa
2023-06-13 01:00:00+00:00,23.03,72.58,29.75,72.1,6.15,6.2,fused_om_nasa
2023-06-13 02:00:00+00:00,23.03,72.58,30.14,70.0,6.71,96.0,fused_om_nasa
2023-06-13 03:00:00+00:00,23.03,72.58,30.73,67.6,7.02,157.6,fused_om_nasa
2023-06-13 04:00:00+00:00,23.03,72.58,31.3,64.6,7.17,174.4,fused_om_nasa
2023-06-13 05:00:00+00:00,23.03,72.58,32.28,61.1,7.01,273.1,fused_om_nasa
2023-06-13 06:00:00+00:00,23.03,72.58,33.67,55.2,8.16,372.9,fused_om_nasa
2023-06-13 07:00:00+00:00,23.03,72.58,34.53,51.3,8.92,453.2,fused_om_nasa
2023-06-13 08:00:00+00:00,23.03,72.58,35.32,48.8,9.29,507.6,fused_om_nasa
2023-06-13 09:00:00+00:00,23.03,72.58,35.24,49.2,9.59,555.2,fused_om_nasa
2023-06-13 10:00:00+00:00,23.03,72.58,36.17,45.0,9.57,594.7,fused_om_nasa
2023-06-13 11:00:00+00:00,23.03,72.58,36.17,45.9,9.6,645.4,fused_om_nasa
2023-06-13 12:00:00+00:00,23.03,72.58,36.16,45.0,9.56,562.8,fused_om_nasa
2023-06-13 13:00:00+00:00,23.03,72.58,35.4,48.6,9.57,516.8,fused_om_nasa
2023-06-13 14:00:00+00:00,23.03,72.58,34.6,52.7,9.16,387.8,fused_om_nasa
2023-06-13 15:00:00+00:00,23.03,72.58,33.89,55.7,9.12,282.2,fused_om_nasa
2023-06-13 16:00:00+00:00,23.03,72.58,32.86,57.4,8.28,187.5,fused_om_nasa
2023-06-13 17:00:00+00:00,23.03,72.58,31.92,61.1,8.28,88.0,fused_om_nasa
2023-06-13 18:00:00+00:00,23.03,72.58,30.92,65.1,7.94,15.0,fused_om_nasa
2023-06-13 19:00:00+00:00,23.03,72.58,30.08,68.7,7.28,0.0,fused_om_nasa
2023-06-13 20:00:00+00:00,23.03,72.58,29.48,72.1,7.18,0.0,fused_om_nasa
2023-06-13 21:00:00+00:00,23.03,72.58,28.98,74.8,7.01,0.0,fused_om_nasa
2023-06-13 22:00:00+00:00,23.03,72.58,28.41,77.6,6.71,0.0,fused_om_nasa
2023-06-13 23:00:00+00:00,23.03,72.58,28.32,77.8,6.86,0.0,fused_om_nasa
2023-06-14 00:00:00+00:00,23.03,72.58,27.74,79.6,6.94,0.0,fused_om_nasa
2023-06-14 01:00:00+00:00,23.03,72.58,28.44,76.0,7.24,6.2,fused_om_nasa
2023-06-14 02:00:00+00:00,23.03,72.58,28.99,73.4,6.83,54.6,fused_om_nasa
2023-06-14 03:00:00+00:00,23.03,72.58,30.0,69.7,7.33,157.8,fused_om_nasa
2023-06-14 04:00:00+00:00,23.03,72.58,30.84,66.2,6.74,209.0,fused_om_nasa
2023-06-14 05:00:00+00:00,23.03,72.58,31.54,63.5,7.25,289.7,fused_om_nasa
2023-06-14 06:00:00+00:00,23.03,72.58,32.23,60.6,7.86,303.0,fused_om_nasa
2023-06-14 07:00:00+00:00,23.03,72.58,33.93,53.6,8.32,368.7,fused_om_nasa
2023-06-14 08:00:00+00:00,23.03,72.58,34.76,50.2,8.58,514.0,fused_om_nasa
2023-06-14 09:00:00+00:00,23.03,72.58,35.14,48.2,8.92,544.5,fused_om_nasa
2023-06-14 10:00:00+00:00,23.03,72.58,36.05,45.2,9.09,638.6,fused_om_nasa
2023-06-14 11:00:00+00:00,23.03,72.58,36.4,44.8,8.98,667.9,fused_om_nasa
2023-06-14 12:00:00+00:00,23.03,72.58,35.96,45.1,9.75,611.2,fused_om_nasa
2023-06-14 13:00:00+00:00,23.03,72.58,35.16,49.2,9.49,487.8,fused_om_nasa
2023-06-14 14:00:00+00:00,23.03,72.58,34.47,51.2,9.22,344.4,fused_om_nasa
2023-06-14 15:00:00+00:00,23.03,72.58,33.72,54.5,8.75,270.8,fused_om_nasa
2023-06-14 16:00:00+00:00,23.03,72.58,33.05,55.6,8.48,172.3,fused_om_nasa
2023-06-14 17:00:00+00:00,23.03,72.58,32.18,58.7,7.92,80.3,fused_om_nasa
2023-06-14 18:00:00+00:00,23.03,72.58,31.31,62.5,7.22,14.4,fused_om_nasa
2023-06-14 19:00:00+00:00,23.03,72.58,30.67,65.9,7.04,0.0,fused_om_nasa
2023-06-14 20:00:00+00:00,23.03,72.58,30.12,69.3,6.94,0.0,fused_om_nasa
2023-06-14 21:00:00+00:00,23.03,72.58,29.72,70.8,7.24,0.0,fused_om_nasa
2023-06-14 22:00:00+00:00,23.03,72.58,29.22,73.3,6.88,0.0,fused_om_nasa
2023-06-14 23:00:00+00:00,23.03,72.58,28.69,75.4,6.8,0.0,fused_om_nasa
2023-06-15 00:00:00+00:00,23.03,72.58,27.68,82.9,6.31,0.0,fused_om_nasa
2023-06-15 01:00:00+00:00,23.03,72.58,27.98,81.6,5.95,0.0,fused_om_nasa
2023-06-15 02:00:00+00:00,23.03,72.58,28.65,76.9,6.28,70.1,fused_om_nasa
2023-06-15 03:00:00+00:00,23.03,72.58,29.02,74.9,6.06,132.0,fused_om_nasa
2023-06-15 04:00:00+00:00,23.03,72.58,28.1,80.5,5.98,123.0,fused_om_nasa
2023-06-15 05:00:00+00:00,23.03,72.58,29.78,72.7,7.24,239.6,fused_om_nasa
2023-06-15 06:00:00+00:00,23.03,72.58,30.74,67.5,8.52,239.1,fused_om_nasa
2023-06-15 07:00:00+00:00,23.03,72.58,31.7,60.7,9.83,301.2,fused_om_nasa
2023-06-15 08:00:00+00:00,23.03,72.58,32.58,57.1,9.0,256.4,fused_om_nasa
2023-06-15 09:00:00+00:00,23.03,72.58,34.34,49.9,10.24,501.2,fused_om_nasa
2023-06-15 10:00:00+00:00,23.03,72.58,34.39,50.9,10.84,517.6,fused_om_nasa
2023-06-15 11:00:00+00:00,23.03,72.58,34.35,50.7,9.85,466.1,fused_om_nasa
2023-06-15 12:00:00+00:00,23.03,72.58,34.07,53.1,10.44,463.5,fused_om_nasa
2023-06-15 13:00:00+00:00,23.03,72.58,33.54,57.5,9.82,264.3,fused_om_nasa
2023-06-15 14:00:00+00:00,23.03,72.58,32.78,59.3,9.54,203.9,fused_om_nasa
2023-06-15 15:00:00+00:00,23.03,72.58,32.37,61.1,9.96,187.1,fused_om_nasa
2023-06-15 16:00:00+00:00,23.03,72.58,31.4,64.0,9.18,124.1,fused_om_nasa
2023-06-15 17:00:00+00:00,23.03,72.58,30.48,67.2,8.82,58.1,fused_om_nasa
2023-06-15 18:00:00+00:00,23.03,72.58,29.72,70.6,8.86,11.9,fused_om_nasa
2023-06-15 19:00:00+00:00,23.03,72.58,28.96,74.8,8.5,0.0,fused_om_nasa
2023-06-15 20:00:00+00:00,23.03,72.58,28.54,78.1,7.94,0.0,fused_om_nasa
2023-06-15 21:00:00+00:00,23.03,72.58,28.28,79.6,8.26,0.0,fused_om_nasa
2023-06-15 22:00:00+00:00,23.03,72.58,27.99,82.0,8.16,0.0,fused_om_nasa
2023-06-15 23:00:00+00:00,23.03,72.58,27.77,83.4,7.9,0.0,fused_om_nasa
2023-06-16 00:00:00+00:00,23.03,72.58,27.47,86.1,8.22,0.0,fused_om_nasa
2023-06-16 01:00:00+00:00,23.03,72.58,28.07,83.3,8.5,6.2,fused_om_nasa
2023-06-16 02:00:00+00:00,23.03,72.58,28.7,79.0,9.0,59.3,fused_om_nasa
2023-06-16 03:00:00+00:00,23.03,72.58,29.3,75.6,9.96,58.8,fused_om_nasa
2023-06-16 04:00:00+00:00,23.03,72.58,30.02,71.7,10.53,179.6,fused_om_nasa
2023-06-16 05:00:00+00:00,23.03,72.58,30.19,73.2,10.09,144.4,fused_om_nasa
2023-06-16 06:00:00+00:00,23.03,72.58,31.23,67.3,10.9,243.1,fused_om_nasa
2023-06-16 07:00:00+00:00,23.03,72.58,32.56,62.0,11.4,314.7,fused_om_nasa
2023-06-16 08:00:00+00:00,23.03,72.58,31.78,61.1,11.57,344.6,fused_om_nasa
2023-06-16 09:00:00+00:00,23.03,72.58,31.36,65.2,11.5,204.0,fused_om_nasa
2023-06-16 10:00:00+00:00,23.03,72.58,31.2,66.9,11.57,147.2,fused_om_nasa
2023-06-16 11:00:00+00:00,23.03,72.58,33.56,53.1,12.34,138.4,fused_om_nasa
2023-06-16 12:00:00+00:00,23.03,72.58,31.72,68.3,11.2,96.3,fused_om_nasa
2023-06-16 13:00:00+00:00,23.03,72.58,31.72,67.4,11.38,116.3,fused_om_nasa
2023-06-16 14:00:00+00:00,23.03,72.58,32.1,64.8,11.32,109.1,fused_om_nasa
2023-06-16 15:00:00+00:00,23.03,72.58,32.06,62.4,10.4,92.4,fused_om_nasa
2023-06-16 16:00:00+00:00,23.03,72.58,31.78,60.7,10.04,54.4,fused_om_nasa
2023-06-16 17:00:00+00:00,23.03,72.58,31.08,63.1,9.26,30.0,fused_om_nasa
2023-06-16 18:00:00+00:00,23.03,72.58,30.1,67.2,8.67,6.8,fused_om_nasa
2023-06-16 19:00:00+00:00,23.03,72.58,29.22,72.2,8.32,0.0,fused_om_nasa
2023-06-16 20:00:00+00:00,23.03,72.58,28.86,74.7,8.56,0.0,fused_om_nasa
2023-06-16 21:00:00+00:00,23.03,72.58,28.62,76.9,9.28,0.0,fused_om_nasa
2023-06-16 22:00:00+00:00,23.03,72.58,28.38,79.0,9.52,0.0,fused_om_nasa
2023-06-16 23:00:00+00:00,23.03,72.58,28.12,80.3,9.95,0.0,fused_om_nasa
2023-06-17 00:00:00+00:00,23.03,72.58,27.46,86.4,10.78,0.0,fused_om_nasa
2023-06-17 01:00:00+00:00,23.03,72.58,27.3,86.6,10.56,0.0,fused_om_nasa
2023-06-17 02:00:00+00:00,23.03,72.58,27.15,87.6,10.14,4.4,fused_om_nasa
2023-06-17 03:00:00+00:00,23.03,72.58,27.62,85.2,10.63,3.4,fused_om_nasa
2023-06-17 04:00:00+00:00,23.03,72.58,28.44,80.8,10.77,80.8,fused_om_nasa
2023-06-17 05:00:00+00:00,23.03,72.58,28.64,79.8,9.92,58.2,fused_om_nasa
2023-06-17 06:00:00+00:00,23.03,72.58,29.39,74.6,10.47,78.4,fused_om_nasa
2023-06-17 07:00:00+00:00,23.03,72.58,30.8,69.3,10.34,231.3,fused_om_nasa
2023-06-17 08:00:00+00:00,23.03,72.58,31.4,67.4,9.66,212.7,fused_om_nasa
2023-06-17 09:00:00+00:00,23.03,72.58,30.99,69.0,9.96,122.2,fused_om_nasa
2023-06-17 10:00:00+00:00,23.03,72.58,30.48,72.5,7.35,198.6,fused_om_nasa
2023-06-17 11:00:00+00:00,23.03,72.58,32.2,64.2,7.38,85.1,fused_om_nasa
2023-06-17 12:00:00+00:00,23.03,72.58,33.11,57.2,9.96,204.0,fused_om_nasa
2023-06-17 13:00:00+00:00,23.03,72.58,32.87,57.6,9.29,202.4,fused_om_nasa
2023-06-17 14:00:00+00:00,23.03,72.58,32.62,57.9,8.91,206.4,fused_om_nasa
2023-06-17 15:00:00+00:00,23.03,72.58,32.27,58.4,8.64,159.6,fused_om_nasa
2023-06-17 16:00:00+00:00,23.03,72.58,31.69,60.3,8.52,98.3,fused_om_nasa
2023-06-17 17:00:00+00:00,23.03,72.58,30.89,64.3,8.0,49.4,fused_om_nasa
2023-06-17 18:00:00+00:00,23.03,72.58,30.06,68.4,7.47,9.2,fused_om_nasa
2023-06-17 19:00:00+00:00,23.03,72.58,29.31,72.0,7.28,0.0,fused_om_nasa
2023-06-17 20:00:00+00:00,23.03,72.58,28.94,74.1,7.48,0.0,fused_om_nasa
2023-06-17 21:00:00+00:00,23.03,72.58,28.59,76.0,7.52,0.0,fused_om_nasa
2023-06-17 22:00:00+00:00,23.03,72.58,28.28,77.8,7.23,0.0,fused_om_nasa
2023-06-17 23:00:00+00:00,23.03,72.58,27.94,80.1,7.08,0.0,fused_om_nasa
2023-06-18 00:00:00+00:00,23.03,72.58,27.66,83.3,6.78,0.0,fused_om_nasa
2023-06-18 01:00:00+00:00,23.03,72.58,27.82,82.5,6.78,0.0,fused_om_nasa
2023-06-18 02:00:00+00:00,23.03,72.58,28.11,81.2,6.93,26.5,fused_om_nasa
2023-06-18 03:00:00+00:00,23.03,72.58,28.42,79.3,7.55,57.8,fused_om_nasa
2023-06-18 04:00:00+00:00,23.03,72.58,28.71,78.1,7.6,35.4,fused_om_nasa
2023-06-18 05:00:00+00:00,23.03,72.58,29.64,74.3,7.75,117.7,fused_om_nasa
2023-06-18 06:00:00+00:00,23.03,72.58,30.54,70.2,7.88,94.8,fused_om_nasa
2023-06-18 07:00:00+00:00,23.03,72.58,31.92,64.0,8.28,145.5,fused_om_nasa
2023-06-18 08:00:00+00:00,23.03,72.58,33.3,57.1,8.28,247.6,fused_om_nasa
2023-06-18 09:00:00+00:00,23.03,72.58,34.54,52.0,8.06,316.2,fused_om_nasa
2023-06-18 10:00:00+00:00,23.03,72.58,35.56,48.2,7.98,367.8,fused_om_nasa
2023-06-18 11:00:00+00:00,23.03,72.58,36.0,45.6,7.75,390.0,fused_om_nasa
2023-06-18 12:00:00+00:00,23.03,72.58,35.9,46.4,7.94,339.5,fused_om_nasa
2023-06-18 13:00:00+00:00,23.03,72.58,35.83,45.8,7.48,335.2,fused_om_nasa
2023-06-18 14:00:00+00:00,23.03,72.58,35.2,48.6,7.13,246.8,fused_om_nasa
2023-06-18 15:00:00+00:00,23.03,72.58,34.58,51.0,7.0,198.1,fused_om_nasa
2023-06-18 16:00:00+00:00,23.03,72.58,33.69,54.8,7.18,125.2,fused_om_nasa
2023-06-18 17:00:00+00:00,23.03,72.58,32.57,59.4,6.62,63.6,fused_om_nasa
2023-06-18 18:00:00+00:00,23.03,72.58,31.43,63.0,5.8,12.6,fused_om_nasa
2023-06-18 19:00:00+00:00,23.03,72.58,30.58,65.4,5.28,0.0,fused_om_nasa
2023-06-18 20:00:00+00:00,23.03,72.58,29.84,65.9,5.58,0.0,fused_om_nasa
2023-06-18 21:00:00+00:00,23.03,72.58,29.1,70.0,5.86,0.0,fused_om_nasa
2023-06-18 22:00:00+00:00,23.03,72.58,28.46,73.8,5.93,0.0,fused_om_nasa
2023-06-18 23:00:00+00:00,23.03,72.58,27.94,76.9,5.63,0.0,fused_om_nasa
2023-06-19 00:00:00+00:00,23.03,72.58,28.06,79.0,5.42,0.0,fused_om_nasa
2023-06-19 01:00:00+00:00,23.03,72.58,27.95,80.3,5.03,0.0,fused_om_nasa
2023-06-19 02:00:00+00:00,23.03,72.58,28.11,80.2,5.04,22.2,fused_om_nasa
2023-06-19 03:00:00+00:00,23.03,72.58,28.11,80.5,4.99,12.5,fused_om_nasa
2023-06-19 04:00:00+00:00,23.03,72.58,28.67,77.7,5.04,51.1,fused_om_nasa
2023-06-19 05:00:00+00:00,23.03,72.58,29.44,75.0,5.16,149.8,fused_om_nasa
2023-06-19 06:00:00+00:00,23.03,72.58,30.46,69.4,5.5,125.9,fused_om_nasa
2023-06-19 07:00:00+00:00,23.03,72.58,32.08,61.3,5.98,269.6,fused_om_nasa
2023-06-19 08:00:00+00:00,23.03,72.58,33.85,54.2,5.97,423.0,fused_om_nasa
2023-06-19 09:00:00+00:00,23.03,72.58,35.12,49.2,6.07,472.4,fused_om_nasa
2023-06-19 10:00:00+00:00,23.03,72.58,36.1,45.4,6.05,494.8,fused_om_nasa
2023-06-19 11:00:00+00:00,23.03,72.58,36.7,42.9,6.29,492.8,fused_om_nasa
2023-06-19 12:00:00+00:00,23.03,72.58,36.33,43.2,5.9,409.0,fused_om_nasa
2023-06-19 13:00:00+00:00,23.03,72.58,36.56,41.7,5.68,356.3,fused_om_nasa
2023-06-19 14:00:00+00:00,23.03,72.58,36.05,42.9,5.02,234.0,fused_om_nasa
2023-06-19 15:00:00+00:00,23.03,72.58,35.3,46.3,4.38,247.9,fused_om_nasa
2023-06-19 16:00:00+00:00,23.03,72.58,34.38,49.9,4.78,159.8,fused_om_nasa
2023-06-19 17:00:00+00:00,23.03,72.58,33.31,54.9,4.22,68.2,fused_om_nasa
2023-06-19 18:00:00+00:00,23.03,72.58,32.02,59.6,2.94,12.1,fused_om_nasa
2023-06-19 19:00:00+00:00,23.03,72.58,31.08,62.6,3.26,0.0,fused_om_nasa
2023-06-19 20:00:00+00:00,23.03,72.58,30.26,66.3,4.26,0.0,fused_om_nasa
2023-06-19 21:00:00+00:00,23.03,72.58,29.62,69.8,4.4,0.0,fused_om_nasa
2023-06-19 22:00:00+00:00,23.03,72.58,29.05,73.8,4.14,0.0,fused_om_nasa
2023-06-19 23:00:00+00:00,23.03,72.58,28.58,75.8,3.99,0.0,fused_om_nasa
2023-06-20 00:00:00+00:00,23.03,72.58,28.49,76.6,3.81,0.0,fused_om_nasa
2023-06-20 01:00:00+00:00,23.03,72.58,28.29,77.3,3.77,0.0,fused_om_nasa
2023-06-20 02:00:00+00:00,23.03,72.58,28.52,76.9,3.86,62.2,fused_om_nasa
2023-06-20 03:00:00+00:00,23.03,72.58,29.06,74.9,4.4,187.6,fused_om_nasa
2023-06-20 04:00:00+00:00,23.03,72.58,29.66,72.4,4.42,193.6,fused_om_nasa
2023-06-20 05:00:00+00:00,23.03,72.58,30.27,70.2,4.1,179.9,fused_om_nasa
2023-06-20 06:00:00+00:00,23.03,72.58,31.49,64.4,4.45,225.9,fused_om_nasa
2023-06-20 07:00:00+00:00,23.03,72.58,33.06,56.3,4.82,338.8,fused_om_nasa
2023-06-20 08:00:00+00:00,23.03,72.58,34.44,50.4,4.66,351.3,fused_om_nasa
2023-06-20 09:00:00+00:00,23.03,72.58,35.69,45.8,4.54,440.6,fused_om_nasa
2023-06-20 10:00:00+00:00,23.03,72.58,36.53,42.6,4.69,475.5,fused_om_nasa
2023-06-20 11:00:00+00:00,23.03,72.58,37.15,40.0,4.88,683.8,fused_om_nasa
2023-06-20 12:00:00+00:00,23.03,72.58,36.83,39.9,4.5,598.5,fused_om_nasa
2023-06-20 13:00:00+00:00,23.03,72.58,37.18,38.0,4.04,428.6,fused_om_nasa
2023-06-20 14:00:00+00:00,23.03,72.58,35.73,44.7,5.01,375.9,fused_om_nasa
2023-06-20 15:00:00+00:00,23.03,72.58,35.17,47.8,4.98,269.7,fused_om_nasa
2023-06-20 16:00:00+00:00,23.03,72.58,34.31,51.9,4.58,176.7,fused_om_nasa
2023-06-20 17:00:00+00:00,23.03,72.58,33.68,54.0,4.38,80.7,fused_om_nasa
2023-06-20 18:00:00+00:00,23.03,72.58,32.62,58.1,2.75,15.7,fused_om_nasa
2023-06-20 19:00:00+00:00,23.03,72.58,31.71,61.9,2.52,0.0,fused_om_nasa
2023-06-20 20:00:00+00:00,23.03,72.58,31.17,63.7,3.64,0.0,fused_om_nasa
2023-06-20 21:00:00+00:00,23.03,72.58,30.53,67.3,3.94,0.0,fused_om_nasa
2023-06-20 22:00:00+00:00,23.03,72.58,30.09,68.6,4.32,0.0,fused_om_nasa
2023-06-20 23:00:00+00:00,23.03,72.58,29.44,68.7,4.45,0.0,fused_om_nasa
2023-06-21 00:00:00+00:00,23.03,72.58,29.13,70.6,3.78,0.0,fused_om_nasa
2023-06-21 01:00:00+00:00,23.03,72.58,28.85,72.1,3.43,0.0,fused_om_nasa
2023-06-21 02:00:00+00:00,23.03,72.58,28.94,72.5,3.64,26.8,fused_om_nasa
2023-06-21 03:00:00+00:00,23.03,72.58,29.44,70.4,3.82,151.5,fused_om_nasa
2023-06-21 04:00:00+00:00,23.03,72.58,29.96,68.5,3.74,182.0,fused_om_nasa
2023-06-21 05:00:00+00:00,23.03,72.58,30.62,65.9,3.54,184.8,fused_om_nasa
2023-06-21 06:00:00+00:00,23.03,72.58,31.86,59.7,4.01,276.0,fused_om_nasa
2023-06-21 07:00:00+00:00,23.03,72.58,33.5,52.3,4.36,391.3,fused_om_nasa
2023-06-21 08:00:00+00:00,23.03,72.58,34.71,47.7,4.42,483.0,fused_om_nasa
2023-06-21 09:00:00+00:00,23.03,72.58,36.09,42.8,4.18,567.8,fused_om_nasa
2023-06-21 10:00:00+00:00,23.03,72.58,37.14,39.1,4.32,570.6,fused_om_nasa
2023-06-21 11:00:00+00:00,23.03,72.58,37.84,36.6,4.26,588.1,fused_om_nasa
2023-06-21 12:00:00+00:00,23.03,72.58,38.11,34.8,3.89,588.6,fused_om_nasa
2023-06-21 13:00:00+00:00,23.03,72.58,37.25,38.7,4.98,415.9,fused_om_nasa
2023-06-21 14:00:00+00:00,23.03,72.58,36.31,41.7,4.96,383.8,fused_om_nasa
2023-06-21 15:00:00+00:00,23.03,72.58,35.61,45.5,4.82,297.0,fused_om_nasa
2023-06-21 16:00:00+00:00,23.03,72.58,34.83,49.4,4.71,199.4,fused_om_nasa
2023-06-21 17:00:00+00:00,23.03,72.58,33.96,53.5,3.5,92.1,fused_om_nasa
2023-06-21 18:00:00+00:00,23.03,72.58,33.03,56.0,3.51,16.6,fused_om_nasa
2023-06-21 19:00:00+00:00,23.03,72.58,31.96,59.6,3.84,0.0,fused_om_nasa
2023-06-21 20:00:00+00:00,23.03,72.58,31.17,63.6,4.27,0.0,fused_om_nasa
2023-06-21 21:00:00+00:00,23.03,72.58,30.58,65.8,4.39,0.0,fused_om_nasa
2023-06-21 22:00:00+00:00,23.03,72.58,29.86,69.3,4.54,0.0,fused_om_nasa
2023-06-21 23:00:00+00:00,23.03,72.58,29.29,71.2,4.64,0.0,fused_om_nasa
2023-06-22 00:00:00+00:00,23.03,72.58,29.15,71.3,4.38,0.0,fused_om_nasa
2023-06-22 01:00:00+00:00,23.03,72.58,28.93,72.6,4.46,6.4,fused_om_nasa
2023-06-22 02:00:00+00:00,23.03,72.58,29.06,72.5,4.6,73.9,fused_om_nasa
2023-06-22 03:00:00+00:00,23.03,72.58,29.58,70.4,4.5,179.2,fused_om_nasa
2023-06-22 04:00:00+00:00,23.03,72.58,30.11,68.9,3.96,188.6,fused_om_nasa
2023-06-22 05:00:00+00:00,23.03,72.58,30.72,66.6,3.61,179.4,fused_om_nasa
2023-06-22 06:00:00+00:00,23.03,72.58,31.62,62.4,3.94,189.7,fused_om_nasa
2023-06-22 07:00:00+00:00,23.03,72.58,33.07,55.5,4.18,386.1,fused_om_nasa
2023-06-22 08:00:00+00:00,23.03,72.58,34.56,49.7,4.18,529.8,fused_om_nasa
2023-06-22 09:00:00+00:00,23.03,72.58,35.82,44.5,4.48,588.5,fused_om_nasa
2023-06-22 10:00:00+00:00,23.03,72.58,36.72,40.8,4.81,582.6,fused_om_nasa
2023-06-22 11:00:00+00:00,23.03,72.58,37.38,38.1,4.81,661.4,fused_om_nasa
2023-06-22 12:00:00+00:00,23.03,72.58,37.29,38.2,4.26,590.9,fused_om_nasa
2023-06-22 13:00:00+00:00,23.03,72.58,37.4,37.5,3.83,391.7,fused_om_nasa
2023-06-22 14:00:00+00:00,23.03,72.58,37.02,38.4,3.69,343.5,fused_om_nasa
2023-06-22 15:00:00+00:00,23.03,72.58,36.0,42.7,4.34,234.8,fused_om_nasa
2023-06-22 16:00:00+00:00,23.03,72.58,34.88,48.5,4.12,158.0,fused_om_nasa
2023-06-22 17:00:00+00:00,23.03,72.58,33.88,52.6,3.68,70.4,fused_om_nasa
2023-06-22 18:00:00+00:00,23.03,72.58,32.67,57.8,2.16,14.4,fused_om_nasa
2023-06-22 19:00:00+00:00,23.03,72.58,31.95,61.2,2.07,0.0,fused_om_nasa
2023-06-22 20:00:00+00:00,23.03,72.58,31.56,61.9,2.84,0.0,fused_om_nasa
2023-06-22 21:00:00+00:00,23.03,72.58,30.92,63.9,3.66,0.0,fused_om_nasa
2023-06-22 22:00:00+00:00,23.03,72.58,30.43,66.3,3.9,0.0,fused_om_nasa
2023-06-22 23:00:00+00:00,23.03,72.58,29.82,68.7,4.04,0.0,fused_om_nasa
2023-06-23 00:00:00+00:00,23.03,72.58,29.74,70.3,3.86,0.0,fused_om_nasa
2023-06-23 01:00:00+00:00,23.03,72.58,29.41,70.1,4.35,0.0,fused_om_nasa
2023-06-23 02:00:00+00:00,23.03,72.58,29.2,71.1,4.02,0.0,fused_om_nasa
2023-06-23 03:00:00+00:00,23.03,72.58,29.32,70.9,4.15,32.0,fused_om_nasa
2023-06-23 04:00:00+00:00,23.03,72.58,30.16,67.5,3.96,161.1,fused_om_nasa
2023-06-23 05:00:00+00:00,23.03,72.58,30.88,64.9,4.11,181.0,fused_om_nasa
2023-06-23 06:00:00+00:00,23.03,72.58,31.97,60.2,4.58,260.2,fused_om_nasa
2023-06-23 07:00:00+00:00,23.03,72.58,33.2,54.2,4.28,319.4,fused_om_nasa
2023-06-23 08:00:00+00:00,23.03,72.58,34.35,49.5,3.42,344.4,fused_om_nasa
2023-06-23 09:00:00+00:00,23.03,72.58,35.3,45.5,3.12,340.8,fused_om_nasa
2023-06-23 10:00:00+00:00,23.03,72.58,36.04,42.6,3.35,511.0,fused_om_nasa
2023-06-23 11:00:00+00:00,23.03,72.58,36.17,41.2,3.49,545.6,fused_om_nasa
2023-06-23 12:00:00+00:00,23.03,72.58,35.46,42.8,2.88,545.4,fused_om_nasa
2023-06-23 13:00:00+00:00,23.03,72.58,35.38,43.0,2.5,424.6,fused_om_nasa
2023-06-23 14:00:00+00:00,23.03,72.58,34.15,47.6,3.0,318.2,fused_om_nasa
2023-06-23 15:00:00+00:00,23.03,72.58,33.71,48.9,3.06,239.7,fused_om_nasa
2023-06-23 16:00:00+00:00,23.03,72.58,32.97,53.5,2.88,156.3,fused_om_nasa
2023-06-23 17:00:00+00:00,23.03,72.58,32.4,58.6,1.66,72.8,fused_om_nasa
2023-06-23 18:00:00+00:00,23.03,72.58,31.83,62.5,1.42,14.7,fused_om_nasa
2023-06-23 19:00:00+00:00,23.03,72.58,31.18,62.6,2.12,0.0,fused_om_nasa
2023-06-23 20:00:00+00:00,23.03,72.58,30.21,63.8,4.1,0.0,fused_om_nasa
2023-06-23 21:00:00+00:00,23.03,72.58,29.04,69.8,4.16,0.0,fused_om_nasa
2023-06-23 22:00:00+00:00,23.03,72.58,28.76,72.8,4.06,0.0,fused_om_nasa
2023-06-23 23:00:00+00:00,23.03,72.58,28.44,76.2,3.56,0.0,fused_om_nasa
2023-06-24 00:00:00+00:00,23.03,72.58,28.62,77.9,3.3,0.0,fused_om_nasa
2023-06-24 01:00:00+00:00,23.03,72.58,28.56,80.3,2.83,0.0,fused_om_nasa
2023-06-24 02:00:00+00:00,23.03,72.58,28.78,79.0,3.2,31.6,fused_om_nasa
2023-06-24 03:00:00+00:00,23.03,72.58,29.26,76.3,3.36,77.9,fused_om_nasa
2023-06-24 04:00:00+00:00,23.03,72.58,29.78,74.0,3.42,70.4,fused_om_nasa
2023-06-24 05:00:00+00:00,23.03,72.58,30.02,72.6,3.18,18.5,fused_om_nasa
2023-06-24 06:00:00+00:00,23.03,72.58,30.69,69.4,3.18,59.5,fused_om_nasa
2023-06-24 07:00:00+00:00,23.03,72.58,31.99,63.4,3.7,137.9,fused_om_nasa
2023-06-24 08:00:00+00:00,23.03,72.58,32.78,56.6,4.09,178.6,fused_om_nasa
2023-06-24 09:00:00+00:00,23.03,72.58,33.54,48.7,4.31,237.0,fused_om_nasa
2023-06-24 10:00:00+00:00,23.03,72.58,34.24,43.9,4.31,271.8,fused_om_nasa
2023-06-24 11:00:00+00:00,23.03,72.58,34.98,41.0,4.08,322.8,fused_om_nasa
2023-06-24 12:00:00+00:00,23.03,72.58,35.22,40.4,3.57,312.7,fused_om_nasa
2023-06-24 13:00:00+00:00,23.03,72.58,33.74,47.8,4.54,325.6,fused_om_nasa
2023-06-24 14:00:00+00:00,23.03,72.58,33.74,47.8,4.0,223.0,fused_om_nasa
2023-06-24 15:00:00+00:00,23.03,72.58,33.33,50.3,4.09,126.0,fused_om_nasa
2023-06-24 16:00:00+00:00,23.03,72.58,32.53,53.2,3.68,81.8,fused_om_nasa
2023-06-24 17:00:00+00:00,23.03,72.58,31.62,57.7,3.12,38.9,fused_om_nasa
2023-06-24 18:00:00+00:00,23.03,72.58,30.34,64.0,3.01,9.8,fused_om_nasa
2023-06-24 19:00:00+00:00,23.03,72.58,29.2,69.7,3.34,0.0,fused_om_nasa
2023-06-24 20:00:00+00:00,23.03,72.58,28.44,73.2,3.42,0.0,fused_om_nasa
2023-06-24 21:00:00+00:00,23.03,72.58,27.78,77.2,3.38,0.0,fused_om_nasa
2023-06-24 22:00:00+00:00,23.03,72.58,27.38,81.1,2.78,0.0,fused_om_nasa
2023-06-24 23:00:00+00:00,23.03,72.58,26.74,83.8,2.38,0.0,fused_om_nasa
2023-06-25 00:00:00+00:00,23.03,72.58,26.8,85.0,1.34,0.0,fused_om_nasa
2023-06-25 01:00:00+00:00,23.03,72.58,26.67,84.0,1.65,0.0,fused_om_nasa
2023-06-25 02:00:00+00:00,23.03,72.58,26.53,85.3,0.8,27.2,fused_om_nasa
2023-06-25 03:00:00+00:00,23.03,72.58,26.9,84.1,0.98,52.8,fused_om_nasa
2023-06-25 04:00:00+00:00,23.03,72.58,28.0,77.8,0.91,161.4,fused_om_nasa
2023-06-25 05:00:00+00:00,23.03,72.58,28.49,76.1,1.19,66.4,fused_om_nasa
2023-06-25 06:00:00+00:00,23.03,72.58,29.78,70.7,1.94,149.1,fused_om_nasa
2023-06-25 07:00:00+00:00,23.03,72.58,31.47,64.9,2.5,261.0,fused_om_nasa
2023-06-25 08:00:00+00:00,23.03,72.58,33.28,56.0,2.84,363.2,fused_om_nasa
2023-06-25 09:00:00+00:00,23.03,72.58,34.4,50.7,3.46,390.8,fused_om_nasa
2023-06-25 10:00:00+00:00,23.03,72.58,33.01,57.7,3.91,283.9,fused_om_nasa
2023-06-25 11:00:00+00:00,23.03,72.58,33.41,54.6,4.11,315.7,fused_om_nasa
2023-06-25 12:00:00+00:00,23.03,72.58,35.04,48.0,3.28,268.6,fused_om_nasa
2023-06-25 13:00:00+00:00,23.03,72.58,33.72,53.8,4.46,307.0,fused_om_nasa
2023-06-25 14:00:00+00:00,23.03,72.58,32.74,58.0,4.28,208.4,fused_om_nasa
2023-06-25 15:00:00+00:00,23.03,72.58,32.3,59.5,4.34,145.5,fused_om_nasa
2023-06-25 16:00:00+00:00,23.03,72.58,31.65,60.5,3.53,92.4,fused_om_nasa
2023-06-25 17:00:00+00:00,23.03,72.58,30.97,63.0,3.51,44.0,fused_om_nasa
2023-06-25 18:00:00+00:00,23.03,72.58,30.09,67.3,3.12,8.5,fused_om_nasa
2023-06-25 19:00:00+00:00,23.03,72.58,29.4,70.0,3.54,0.0,fused_om_nasa
2023-06-25 20:00:00+00:00,23.03,72.58,28.88,72.1,3.95,0.0,fused_om_nasa
2023-06-25 21:00:00+00:00,23.03,72.58,28.38,76.5,3.92,0.0,fused_om_nasa
2023-06-25 22:00:00+00:00,23.03,72.58,28.07,79.2,3.82,0.0,fused_om_nasa
2023-06-25 23:00:00+00:00,23.03,72.58,27.86,80.8,3.72,0.0,fused_om_nasa
2023-06-26 00:00:00+00:00,23.03,72.58,27.08,86.2,3.08,0.0,fused_om_nasa
2023-06-26 01:00:00+00:00,23.03,72.58,27.1,86.7,3.14,0.0,fused_om_nasa
2023-06-26 02:00:00+00:00,23.03,72.58,27.54,84.0,3.14,6.8,fused_om_nasa
2023-06-26 03:00:00+00:00,23.03,72.58,27.67,83.7,2.87,21.8,fused_om_nasa
2023-06-26 04:00:00+00:00,23.03,72.58,28.44,79.9,2.8,77.6,fused_om_nasa
2023-06-26 05:00:00+00:00,23.03,72.58,28.92,75.9,2.63,66.3,fused_om_nasa
2023-06-26 06:00:00+00:00,23.03,72.58,28.43,77.9,2.65,28.4,fused_om_nasa
2023-06-26 07:00:00+00:00,23.03,72.58,29.13,75.3,3.47,114.2,fused_om_nasa
2023-06-26 08:00:00+00:00,23.03,72.58,29.79,72.4,3.63,108.7,fused_om_nasa
2023-06-26 09:00:00+00:00,23.03,72.58,30.49,68.5,4.02,155.7,fused_om_nasa
2023-06-26 10:00:00+00:00,23.03,72.58,30.3,68.5,4.91,159.0,fused_om_nasa
2023-06-26 11:00:00+00:00,23.03,72.58,29.76,69.9,4.04,191.4,fused_om_nasa
2023-06-26 12:00:00+00:00,23.03,72.58,30.08,71.0,4.14,285.0,fused_om_nasa
2023-06-26 13:00:00+00:00,23.03,72.58,29.6,71.1,4.81,310.3,fused_om_nasa
2023-06-26 14:00:00+00:00,23.03,72.58,29.26,74.6,4.0,221.2,fused_om_nasa
2023-06-26 15:00:00+00:00,23.03,72.58,29.08,75.6,4.23,217.7,fused_om_nasa
2023-06-26 16:00:00+00:00,23.03,72.58,28.65,77.5,3.57,137.4,fused_om_nasa
2023-06-26 17:00:00+00:00,23.03,72.58,28.04,80.8,3.36,65.1,fused_om_nasa
2023-06-26 18:00:00+00:00,23.03,72.58,27.33,85.9,2.76,14.5,fused_om_nasa
2023-06-26 19:00:00+00:00,23.03,72.58,26.82,89.4,2.3,0.0,fused_om_nasa
2023-06-26 20:00:00+00:00,23.03,72.58,26.7,90.3,2.44,0.0,fused_om_nasa
2023-06-26 21:00:00+00:00,23.03,72.58,26.52,90.4,2.6,0.0,fused_om_nasa
2023-06-26 22:00:00+00:00,23.03,72.58,26.38,89.8,2.94,0.0,fused_om_nasa
2023-06-26 23:00:00+00:00,23.03,72.58,26.2,90.8,3.07,0.0,fused_om_nasa
2023-06-27 00:00:00+00:00,23.03,72.58,26.09,91.5,2.58,0.0,fused_om_nasa
2023-06-27 01:00:00+00:00,23.03,72.58,26.2,90.8,3.06,0.0,fused_om_nasa
2023-06-27 02:00:00+00:00,23.03,72.58,26.18,88.5,3.17,0.0,fused_om_nasa
2023-06-27 03:00:00+00:00,23.03,72.58,26.32,87.7,2.64,13.8,fused_om_nasa
2023-06-27 04:00:00+00:00,23.03,72.58,26.4,87.3,2.04,1.6,fused_om_nasa
2023-06-27 05:00:00+00:00,23.03,72.58,27.01,83.3,2.1,19.3,fused_om_nasa
2023-06-27 06:00:00+00:00,23.03,72.58,27.83,78.3,2.26,28.4,fused_om_nasa
2023-06-27 07:00:00+00:00,23.03,72.58,28.71,73.8,2.61,66.8,fused_om_nasa
2023-06-27 08:00:00+00:00,23.03,72.58,29.57,71.4,2.68,112.5,fused_om_nasa
2023-06-27 09:00:00+00:00,23.03,72.58,30.4,68.9,2.13,192.5,fused_om_nasa
2023-06-27 10:00:00+00:00,23.03,72.58,30.74,69.8,2.62,201.2,fused_om_nasa
2023-06-27 11:00:00+00:00,23.03,72.58,31.17,68.0,3.32,245.1,fused_om_nasa
2023-06-27 12:00:00+00:00,23.03,72.58,31.74,64.5,2.98,260.4,fused_om_nasa
2023-06-27 13:00:00+00:00,23.03,72.58,31.43,66.3,3.51,281.8,fused_om_nasa
2023-06-27 14:00:00+00:00,23.03,72.58,30.88,68.6,3.3,265.9,fused_om_nasa
2023-06-27 15:00:00+00:00,23.03,72.58,30.34,70.4,2.78,190.6,fused_om_nasa
2023-06-27 16:00:00+00:00,23.03,72.58,29.76,72.5,2.22,129.9,fused_om_nasa
2023-06-27 17:00:00+00:00,23.03,72.58,29.1,76.1,2.88,63.5,fused_om_nasa
2023-06-27 18:00:00+00:00,23.03,72.58,28.5,79.7,2.62,14.2,fused_om_nasa
2023-06-27 19:00:00+00:00,23.03,72.58,28.0,83.0,2.33,0.0,fused_om_nasa
2023-06-27 20:00:00+00:00,23.03,72.58,27.69,84.9,2.66,0.0,fused_om_nasa
2023-06-27 21:00:00+00:00,23.03,72.58,27.38,87.9,2.89,0.0,fused_om_nasa
2023-06-27 22:00:00+00:00,23.03,72.58,27.15,89.5,2.86,0.0,fused_om_nasa
2023-06-27 23:00:00+00:00,23.03,72.58,27.02,91.0,2.89,0.0,fused_om_nasa
2023-06-28 00:00:00+00:00,23.03,72.58,26.9,92.1,2.72,0.0,fused_om_nasa
2023-06-28 01:00:00+00:00,23.03,72.58,26.8,90.8,3.28,0.0,fused_om_nasa
2023-06-28 02:00:00+00:00,23.03,72.58,26.58,88.8,2.68,13.8,fused_om_nasa
2023-06-28 03:00:00+00:00,23.03,72.58,26.52,89.2,2.91,1.2,fused_om_nasa
2023-06-28 04:00:00+00:00,23.03,72.58,27.18,86.8,2.68,89.7,fused_om_nasa
2023-06-28 05:00:00+00:00,23.03,72.58,27.88,84.4,2.34,127.9,fused_om_nasa
2023-06-28 06:00:00+00:00,23.03,72.58,28.86,78.8,2.37,178.3,fused_om_nasa
2023-06-28 07:00:00+00:00,23.03,72.58,29.82,73.1,2.72,223.2,fused_om_nasa
2023-06-28 08:00:00+00:00,23.03,72.58,30.37,69.7,2.6,165.5,fused_om_nasa
2023-06-28 09:00:00+00:00,23.03,72.58,28.4,79.6,2.54,212.7,fused_om_nasa
2023-06-28 10:00:00+00:00,23.03,72.58,28.1,82.9,2.37,272.7,fused_om_nasa
2023-06-28 11:00:00+00:00,23.03,72.58,28.81,79.3,2.83,329.2,fused_om_nasa
2023-06-28 12:00:00+00:00,23.03,72.58,30.49,74.4,3.34,349.2,fused_om_nasa
2023-06-28 13:00:00+00:00,23.03,72.58,29.71,76.6,2.22,337.5,fused_om_nasa
2023-06-28 14:00:00+00:00,23.03,72.58,29.99,76.2,1.92,266.5,fused_om_nasa
2023-06-28 15:00:00+00:00,23.03,72.58,29.97,77.5,1.93,166.3,fused_om_nasa
2023-06-28 16:00:00+00:00,23.03,72.58,29.7,78.0,2.08,89.5,fused_om_nasa
2023-06-28 17:00:00+00:00,23.03,72.58,29.32,80.7,2.26,45.4,fused_om_nasa
2023-06-28 18:00:00+00:00,23.03,72.58,28.69,85.5,2.42,7.4,fused_om_nasa
2023-06-28 19:00:00+00:00,23.03,72.58,27.95,86.8,3.6,0.0,fused_om_nasa
2023-06-28 20:00:00+00:00,23.03,72.58,27.28,87.9,3.46,0.0,fused_om_nasa
2023-06-28 21:00:00+00:00,23.03,72.58,27.06,89.6,3.4,0.0,fused_om_nasa
2023-06-28 22:00:00+00:00,23.03,72.58,26.86,90.5,3.48,0.0,fused_om_nasa
2023-06-28 23:00:00+00:00,23.03,72.58,26.62,91.7,3.42,0.0,fused_om_nasa
2023-06-29 00:00:00+00:00,23.03,72.58,26.76,91.0,3.75,0.0,fused_om_nasa
2023-06-29 01:00:00+00:00,23.03,72.58,26.72,91.1,3.7,0.0,fused_om_nasa
2023-06-29 02:00:00+00:00,23.03,72.58,26.36,91.5,3.64,0.0,fused_om_nasa
2023-06-29 03:00:00+00:00,23.03,72.58,26.65,91.4,3.36,1.2,fused_om_nasa
2023-06-29 04:00:00+00:00,23.03,72.58,27.27,88.4,3.48,50.8,fused_om_nasa
2023-06-29 05:00:00+00:00,23.03,72.58,27.25,88.7,2.8,47.7,fused_om_nasa
2023-06-29 06:00:00+00:00,23.03,72.58,26.84,88.4,3.05,33.2,fused_om_nasa
2023-06-29 07:00:00+00:00,23.03,72.58,26.76,88.7,3.11,80.4,fused_om_nasa
2023-06-29 08:00:00+00:00,23.03,72.58,27.71,82.4,2.46,148.4,fused_om_nasa
2023-06-29 09:00:00+00:00,23.03,72.58,28.74,76.6,3.18,235.0,fused_om_nasa
2023-06-29 10:00:00+00:00,23.03,72.58,29.03,76.6,3.08,254.4,fused_om_nasa
2023-06-29 11:00:00+00:00,23.03,72.58,28.58,80.5,3.08,239.2,fused_om_nasa
2023-06-29 12:00:00+00:00,23.03,72.58,30.48,70.5,2.02,79.2,fused_om_nasa
2023-06-29 13:00:00+00:00,23.03,72.58,29.36,77.6,2.76,185.6,fused_om_nasa
2023-06-29 14:00:00+00:00,23.03,72.58,28.83,80.1,3.38,104.1,fused_om_nasa
2023-06-29 15:00:00+00:00,23.03,72.58,28.36,82.8,3.32,105.7,fused_om_nasa
2023-06-29 16:00:00+00:00,23.03,72.58,27.98,85.2,2.86,64.7,fused_om_nasa
2023-06-29 17:00:00+00:00,23.03,72.58,27.56,88.2,2.88,28.0,fused_om_nasa
2023-06-29 18:00:00+00:00,23.03,72.58,27.18,90.5,3.06,4.0,fused_om_nasa
2023-06-29 19:00:00+00:00,23.03,72.58,26.8,92.7,3.36,0.0,fused_om_nasa
2023-06-29 20:00:00+00:00,23.03,72.58,26.66,94.5,3.17,0.0,fused_om_nasa
2023-06-29 21:00:00+00:00,23.03,72.58,26.67,95.6,3.14,0.0,fused_om_nasa
2023-06-29 22:00:00+00:00,23.03,72.58,26.63,95.8,3.32,0.0,fused_om_nasa
2023-06-29 23:00:00+00:00,23.03,72.58,26.6,95.4,3.54,0.0,fused_om_nasa
2023-06-30 00:00:00+00:00,23.03,72.58,26.78,95.9,3.86,0.0,fused_om_nasa
2023-06-30 01:00:00+00:00,23.03,72.58,26.1,97.4,4.27,0.0,fused_om_nasa
2023-06-30 02:00:00+00:00,23.03,72.58,26.0,96.5,2.81,0.0,fused_om_nasa
2023-06-30 03:00:00+00:00,23.03,72.58,25.92,97.1,2.97,0.0,fused_om_nasa
2023-06-30 04:00:00+00:00,23.03,72.58,25.8,96.7,2.91,0.0,fused_om_nasa
2023-06-30 05:00:00+00:00,23.03,72.58,26.3,94.7,3.0,3.5,fused_om_nasa
2023-06-30 06:00:00+00:00,23.03,72.58,26.94,93.0,4.07,40.4,fused_om_nasa
2023-06-30 07:00:00+00:00,23.03,72.58,27.63,89.9,4.4,99.1,fused_om_nasa
2023-06-30 08:00:00+00:00,23.03,72.58,27.96,87.7,4.32,172.0,fused_om_nasa
2023-06-30 09:00:00+00:00,23.03,72.58,28.4,83.9,4.06,246.9,fused_om_nasa
2023-06-30 10:00:00+00:00,23.03,72.58,29.22,79.3,4.76,319.5,fused_om_nasa
2023-06-30 11:00:00+00:00,23.03,72.58,29.2,79.0,4.56,372.4,fused_om_nasa
2023-06-30 12:00:00+00:00,23.03,72.58,30.37,71.6,5.24,400.4,fused_om_nasa
2023-06-30 13:00:00+00:00,23.03,72.58,29.51,77.4,5.24,371.1,fused_om_nasa
2023-06-30 14:00:00+00:00,23.03,72.58,29.11,78.3,5.03,282.4,fused_om_nasa
2023-06-30 15:00:00+00:00,23.03,72.58,28.52,79.8,3.54,202.9,fused_om_nasa
2023-06-30 16:00:00+00:00,23.03,72.58,28.3,81.5,2.96,118.5,fused_om_nasa
2023-06-30 17:00:00+00:00,23.03,72.58,28.01,85.2,2.97,61.9,fused_om_nasa
2023-06-30 18:00:00+00:00,23.03,72.58,27.45,89.4,3.22,10.4,fused_om_nasa
2023-06-30 19:00:00+00:00,23.03,72.58,26.46,92.9,2.57,0.0,fused_om_nasa
2023-06-30 20:00:00+00:00,23.03,72.58,26.34,93.7,2.48,0.0,fused_om_nasa
2023-06-30 21:00:00+00:00,23.03,72.58,26.22,95.4,2.63,0.0,fused_om_nasa
2023-06-30 22:00:00+00:00,23.03,72.58,26.24,95.9,3.37,0.0,fused_om_nasa
2023-06-30 23:00:00+00:00,23.03,72.58,26.22,95.4,3.65,0.0,fused_om_nasa
2024-04-01 00:00:00+00:00,23.03,72.58,24.32,40.1,2.88,0.0,fused_om_nasa
2024-04-01 01:00:00+00:00,23.03,72.58,24.02,46.5,2.47,0.0,fused_om_nasa
2024-04-01 02:00:00+00:00,23.03,72.58,24.14,48.0,2.62,71.5,fused_om_nasa
2024-04-01 03:00:00+00:00,23.03,72.58,24.98,45.9,2.49,221.3,fused_om_nasa
2024-04-01 04:00:00+00:00,23.03,72.58,25.99,41.9,2.45,221.8,fused_om_nasa
2024-04-01 05:00:00+00:00,23.03,72.58,27.1,39.0,2.16,256.2,fused_om_nasa
2024-04-01 06:00:00+00:00,23.03,72.58,28.42,35.0,2.5,238.6,fused_om_nasa
2024-04-01 07:00:00+00:00,23.03,72.58,30.42,30.2,3.01,365.9,fused_om_nasa
2024-04-01 08:00:00+00:00,23.03,72.58,32.86,24.2,3.1,521.5,fused_om_nasa
2024-04-01 09:00:00+00:00,23.03,72.58,35.61,17.3,3.04,646.2,fused_om_nasa
2024-04-01 10:00:00+00:00,23.03,72.58,37.4,14.1,3.44,687.9,fused_om_nasa
2024-04-01 11:00:00+00:00,23.03,72.58,37.98,12.6,4.0,661.8,fused_om_nasa
2024-04-01 12:00:00+00:00,23.03,72.58,38.36,11.4,4.31,737.3,fused_om_nasa
2024-04-01 13:00:00+00:00,23.03,72.58,37.52,13.5,3.48,607.9,fused_om_nasa
2024-04-01 14:00:00+00:00,23.03,72.58,36.34,14.4,3.92,392.4,fused_om_nasa
2024-04-01 15:00:00+00:00,23.03,72.58,35.44,15.0,4.06,294.7,fused_om_nasa
2024-04-01 16:00:00+00:00,23.03,72.58,34.22,16.2,3.9,173.4,fused_om_nasa
2024-04-01 17:00:00+00:00,23.03,72.58,32.22,18.0,2.76,61.7,fused_om_nasa
2024-04-01 18:00:00+00:00,23.03,72.58,30.09,20.0,2.53,2.6,fused_om_nasa
2024-04-01 19:00:00+00:00,23.03,72.58,28.68,21.4,2.54,0.0,fused_om_nasa
2024-04-01 20:00:00+00:00,23.03,72.58,27.56,22.1,2.54,0.0,fused_om_nasa
2024-04-01 21:00:00+00:00,23.03,72.58,27.09,22.6,2.7,0.0,fused_om_nasa
2024-04-01 22:00:00+00:00,23.03,72.58,26.26,25.8,2.53,0.0,fused_om_nasa
2024-04-01 23:00:00+00:00,23.03,72.58,25.62,27.2,2.66,0.0,fused_om_nasa
2024-04-02 00:00:00+00:00,23.03,72.58,24.6,28.8,2.59,0.0,fused_om_nasa
2024-04-02 01:00:00+00:00,23.03,72.58,25.06,29.7,2.52,0.0,fused_om_nasa
2024-04-02 02:00:00+00:00,23.03,72.58,25.58,30.1,2.64,66.8,fused_om_nasa
2024-04-02 03:00:00+00:00,23.03,72.58,26.7,28.4,2.24,228.0,fused_om_nasa
2024-04-02 04:00:00+00:00,23.03,72.58,27.6,28.3,2.07,289.7,fused_om_nasa
2024-04-02 05:00:00+00:00,23.03,72.58,28.42,28.8,2.1,258.6,fused_om_nasa
2024-04-02 06:00:00+00:00,23.03,72.58,29.56,27.3,2.57,228.5,fused_om_nasa
2024-04-02 07:00:00+00:00,23.03,72.58,31.29,25.0,3.13,413.6,fused_om_nasa
2024-04-02 08:00:00+00:00,23.03,72.58,33.03,21.0,3.45,400.8,fused_om_nasa
2024-04-02 09:00:00+00:00,23.03,72.58,34.54,16.6,3.5,349.5,fused_om_nasa
2024-04-02 10:00:00+00:00,23.03,72.58,35.72,14.0,3.3,414.4,fused_om_nasa
2024-04-02 11:00:00+00:00,23.03,72.58,35.94,13.5,3.78,409.5,fused_om_nasa
2024-04-02 12:00:00+00:00,23.03,72.58,35.92,13.8,3.96,475.2,fused_om_nasa
2024-04-02 13:00:00+00:00,23.03,72.58,34.97,15.2,3.38,355.8,fused_om_nasa
2024-04-02 14:00:00+00:00,23.03,72.58,33.36,17.8,3.52,284.5,fused_om_nasa
2024-04-02 15:00:00+00:00,23.03,72.58,33.61,17.4,2.95,218.5,fused_om_nasa
2024-04-02 16:00:00+00:00,23.03,72.58,32.86,18.2,2.68,131.2,fused_om_nasa
2024-04-02 17:00:00+00:00,23.03,72.58,30.86,20.1,2.38,50.2,fused_om_nasa
2024-04-02 18:00:00+00:00,23.03,72.58,29.1,21.2,2.3,2.9,fused_om_nasa
2024-04-02 19:00:00+00:00,23.03,72.58,28.19,22.0,2.33,0.0,fused_om_nasa
2024-04-02 20:00:00+00:00,23.03,72.58,27.6,22.7,2.66,0.0,fused_om_nasa
2024-04-02 21:00:00+00:00,23.03,72.58,26.96,24.9,2.64,0.0,fused_om_nasa
2024-04-02 22:00:00+00:00,23.03,72.58,26.76,27.4,2.97,0.0,fused_om_nasa
2024-04-02 23:00:00+00:00,23.03,72.58,26.14,32.3,3.36,0.0,fused_om_nasa
2024-04-03 00:00:00+00:00,23.03,72.58,25.64,41.2,3.54,0.0,fused_om_nasa
2024-04-03 01:00:00+00:00,23.03,72.58,24.48,52.8,3.27,0.0,fused_om_nasa
2024-04-03 02:00:00+00:00,23.03,72.58,24.57,56.8,3.23,58.6,fused_om_nasa
2024-04-03 03:00:00+00:00,23.03,72.58,25.18,55.0,3.12,168.2,fused_om_nasa
2024-04-03 04:00:00+00:00,23.03,72.58,25.92,51.4,2.92,212.0,fused_om_nasa
2024-04-03 05:00:00+00:00,23.03,72.58,27.02,48.0,2.78,324.0,fused_om_nasa
2024-04-03 06:00:00+00:00,23.03,72.58,28.33,44.8,2.83,398.9,fused_om_nasa
2024-04-03 07:00:00+00:00,23.03,72.58,30.44,39.4,3.32,499.8,fused_om_nasa
2024-04-03 08:00:00+00:00,23.03,72.58,32.75,30.1,3.4,586.9,fused_om_nasa
2024-04-03 09:00:00+00:00,23.03,72.58,34.83,22.5,3.27,640.5,fused_om_nasa
2024-04-03 10:00:00+00:00,23.03,72.58,36.12,19.1,3.43,662.0,fused_om_nasa
2024-04-03 11:00:00+00:00,23.03,72.58,36.91,17.9,3.83,709.8,fused_om_nasa
2024-04-03 12:00:00+00:00,23.03,72.58,36.72,17.4,3.8,639.6,fused_om_nasa
2024-04-03 13:00:00+00:00,23.03,72.58,35.86,17.4,2.95,514.9,fused_om_nasa
2024-04-03 14:00:00+00:00,23.03,72.58,35.25,18.0,3.37,330.8,fused_om_nasa
2024-04-03 15:00:00+00:00,23.03,72.58,35.4,18.1,4.24,256.4,fused_om_nasa
2024-04-03 16:00:00+00:00,23.03,72.58,34.6,19.3,3.9,153.9,fused_om_nasa
2024-04-03 17:00:00+00:00,23.03,72.58,33.2,20.9,3.27,57.0,fused_om_nasa
2024-04-03 18:00:00+00:00,23.03,72.58,30.06,24.9,2.46,3.0,fused_om_nasa
2024-04-03 19:00:00+00:00,23.03,72.58,28.64,28.2,2.41,0.0,fused_om_nasa
2024-04-03 20:00:00+00:00,23.03,72.58,28.52,28.7,2.7,0.0,fused_om_nasa
2024-04-03 21:00:00+00:00,23.03,72.58,28.06,30.0,2.89,0.0,fused_om_nasa
2024-04-03 22:00:00+00:00,23.03,72.58,27.45,32.5,2.99,0.0,fused_om_nasa
2024-04-03 23:00:00+00:00,23.03,72.58,26.76,37.6,3.22,0.0,fused_om_nasa
2024-04-04 00:00:00+00:00,23.03,72.58,26.05,45.1,3.27,0.0,fused_om_nasa
2024-04-04 01:00:00+00:00,23.03,72.58,25.86,50.5,3.29,0.0,fused_om_nasa
2024-04-04 02:00:00+00:00,23.03,72.58,25.96,54.0,3.04,10.8,fused_om_nasa
2024-04-04 03:00:00+00:00,23.03,72.58,26.59,53.6,2.87,83.2,fused_om_nasa
2024-04-04 04:00:00+00:00,23.03,72.58,27.47,51.3,2.58,163.0,fused_om_nasa
2024-04-04 05:00:00+00:00,23.03,72.58,28.41,48.6,2.36,202.6,fused_om_nasa
2024-04-04 06:00:00+00:00,23.03,72.58,29.51,45.9,2.82,189.8,fused_om_nasa
2024-04-04 07:00:00+00:00,23.03,72.58,30.86,42.8,3.33,270.1,fused_om_nasa
2024-04-04 08:00:00+00:00,23.03,72.58,32.24,37.1,3.34,280.0,fused_om_nasa
2024-04-04 09:00:00+00:00,23.03,72.58,33.91,29.2,3.33,319.5,fused_om_nasa
2024-04-04 10:00:00+00:00,23.03,72.58,35.16,23.7,3.08,402.9,fused_om_nasa
2024-04-04 11:00:00+00:00,23.03,72.58,35.7,21.9,2.82,456.9,fused_om_nasa
2024-04-04 12:00:00+00:00,23.03,72.58,35.96,20.9,3.26,391.8,fused_om_nasa
2024-04-04 13:00:00+00:00,23.03,72.58,35.22,21.3,2.92,362.0,fused_om_nasa
2024-04-04 14:00:00+00:00,23.03,72.58,33.98,22.8,2.72,268.3,fused_om_nasa
2024-04-04 15:00:00+00:00,23.03,72.58,33.88,22.0,2.8,189.9,fused_om_nasa
2024-04-04 16:00:00+00:00,23.03,72.58,33.21,23.1,2.69,114.7,fused_om_nasa
2024-04-04 17:00:00+00:00,23.03,72.58,31.93,25.3,2.27,44.6,fused_om_nasa
2024-04-04 18:00:00+00:00,23.03,72.58,29.88,28.5,2.02,2.2,fused_om_nasa
2024-04-04 19:00:00+00:00,23.03,72.58,29.17,30.2,2.0,0.0,fused_om_nasa
2024-04-04 20:00:00+00:00,23.03,72.58,28.23,32.6,2.02,0.0,fused_om_nasa
2024-04-04 21:00:00+00:00,23.03,72.58,27.81,33.2,1.9,0.0,fused_om_nasa
2024-04-04 22:00:00+00:00,23.03,72.58,27.26,36.4,2.32,0.0,fused_om_nasa
2024-04-04 23:00:00+00:00,23.03,72.58,26.78,41.9,2.42,0.0,fused_om_nasa
2024-04-05 00:00:00+00:00,23.03,72.58,26.48,45.0,2.84,0.0,fused_om_nasa
2024-04-05 01:00:00+00:00,23.03,72.58,26.07,49.7,2.92,0.0,fused_om_nasa
2024-04-05 02:00:00+00:00,23.03,72.58,26.32,48.2,3.24,78.6,fused_om_nasa
2024-04-05 03:00:00+00:00,23.03,72.58,27.11,43.1,3.17,208.2,fused_om_nasa
2024-04-05 04:00:00+00:00,23.03,72.58,28.0,40.0,3.05,273.2,fused_om_nasa
2024-04-05 05:00:00+00:00,23.03,72.58,28.62,39.4,3.27,319.4,fused_om_nasa
2024-04-05 06:00:00+00:00,23.03,72.58,29.98,35.9,4.01,375.3,fused_om_nasa
2024-04-05 07:00:00+00:00,23.03,72.58,32.12,30.2,4.71,465.7,fused_om_nasa
2024-04-05 08:00:00+00:00,23.03,72.58,34.38,21.9,5.52,583.2,fused_om_nasa
2024-04-05 09:00:00+00:00,23.03,72.58,35.48,18.9,6.01,491.1,fused_om_nasa
2024-04-05 10:00:00+00:00,23.03,72.58,36.16,18.8,5.86,396.6,fused_om_nasa
2024-04-05 11:00:00+00:00,23.03,72.58,36.7,19.1,6.1,382.2,fused_om_nasa
2024-04-05 12:00:00+00:00,23.03,72.58,36.63,20.1,5.48,327.9,fused_om_nasa
2024-04-05 13:00:00+00:00,23.03,72.58,35.94,22.2,4.78,344.5,fused_om_nasa
2024-04-05 14:00:00+00:00,23.03,72.58,35.2,23.0,4.46,204.5,fused_om_nasa
2024-04-05 15:00:00+00:00,23.03,72.58,34.86,20.8,5.15,152.7,fused_om_nasa
2024-04-05 16:00:00+00:00,23.03,72.58,33.94,22.2,4.81,105.8,fused_om_nasa
2024-04-05 17:00:00+00:00,23.03,72.58,32.59,24.5,3.78,36.0,fused_om_nasa
2024-04-05 18:00:00+00:00,23.03,72.58,30.9,26.8,2.82,2.8,fused_om_nasa
2024-04-05 19:00:00+00:00,23.03,72.58,29.88,28.6,3.12,0.0,fused_om_nasa
2024-04-05 20:00:00+00:00,23.03,72.58,29.72,28.6,3.57,0.0,fused_om_nasa
2024-04-05 21:00:00+00:00,23.03,72.58,29.22,30.1,3.45,0.0,fused_om_nasa
2024-04-05 22:00:00+00:00,23.03,72.58,28.68,32.1,3.88,0.0,fused_om_nasa
2024-04-05 23:00:00+00:00,23.03,72.58,28.26,34.2,3.99,0.0,fused_om_nasa
2024-04-06 00:00:00+00:00,23.03,72.58,27.66,36.2,3.77,0.0,fused_om_nasa
2024-04-06 01:00:00+00:00,23.03,72.58,26.86,41.9,4.39,0.0,fused_om_nasa
2024-04-06 02:00:00+00:00,23.03,72.58,26.92,42.0,3.58,21.2,fused_om_nasa
2024-04-06 03:00:00+00:00,23.03,72.58,27.48,41.2,3.52,153.2,fused_om_nasa
2024-04-06 04:00:00+00:00,23.03,72.58,28.22,40.6,3.23,270.8,fused_om_nasa
2024-04-06 05:00:00+00:00,23.03,72.58,29.01,39.3,3.14,367.0,fused_om_nasa
2024-04-06 06:00:00+00:00,23.03,72.58,30.02,37.1,3.6,413.4,fused_om_nasa
2024-04-06 07:00:00+00:00,23.03,72.58,31.32,32.6,4.04,501.1,fused_om_nasa
2024-04-06 08:00:00+00:00,23.03,72.58,33.2,25.2,4.34,599.9,fused_om_nasa
2024-04-06 09:00:00+00:00,23.03,72.58,34.97,20.0,4.8,696.5,fused_om_nasa
2024-04-06 10:00:00+00:00,23.03,72.58,36.29,17.8,4.93,767.6,fused_om_nasa
2024-04-06 11:00:00+00:00,23.03,72.58,37.18,16.3,5.07,771.8,fused_om_nasa
2024-04-06 12:00:00+00:00,23.03,72.58,37.55,15.7,4.94,715.4,fused_om_nasa
2024-04-06 13:00:00+00:00,23.03,72.58,37.2,14.8,3.73,602.8,fused_om_nasa
2024-04-06 14:00:00+00:00,23.03,72.58,35.42,16.6,4.07,386.9,fused_om_nasa
2024-04-06 15:00:00+00:00,23.03,72.58,34.9,15.7,3.86,302.2,fused_om_nasa
2024-04-06 16:00:00+00:00,23.03,72.58,34.05,16.1,3.58,179.7,fused_om_nasa
2024-04-06 17:00:00+00:00,23.03,72.58,32.39,17.6,3.05,65.2,fused_om_nasa
2024-04-06 18:00:00+00:00,23.03,72.58,30.0,20.5,2.88,2.9,fused_om_nasa
2024-04-06 19:00:00+00:00,23.03,72.58,29.03,23.2,3.43,0.0,fused_om_nasa
2024-04-06 20:00:00+00:00,23.03,72.58,27.98,25.3,3.0,0.0,fused_om_nasa
2024-04-06 21:00:00+00:00,23.03,72.58,26.86,26.3,3.15,0.0,fused_om_nasa
2024-04-06 22:00:00+00:00,23.03,72.58,26.3,27.5,3.35,0.0,fused_om_nasa
2024-04-06 23:00:00+00:00,23.03,72.58,25.6,29.0,3.29,0.0,fused_om_nasa
2024-04-07 00:00:00+00:00,23.03,72.58,24.83,30.9,3.31,0.0,fused_om_nasa
2024-04-07 01:00:00+00:00,23.03,72.58,24.41,34.6,3.34,0.0,fused_om_nasa
2024-04-07 02:00:00+00:00,23.03,72.58,24.7,35.9,3.48,94.1,fused_om_nasa
2024-04-07 03:00:00+00:00,23.03,72.58,25.73,36.4,3.21,236.8,fused_om_nasa
2024-04-07 04:00:00+00:00,23.03,72.58,26.64,38.2,3.34,321.6,fused_om_nasa
2024-04-07 05:00:00+00:00,23.03,72.58,27.4,40.2,3.08,368.4,fused_om_nasa
2024-04-07 06:00:00+00:00,23.03,72.58,28.72,38.3,3.3,419.3,fused_om_nasa
2024-04-07 07:00:00+00:00,23.03,72.58,31.1,31.3,3.01,526.4,fused_om_nasa
2024-04-07 08:00:00+00:00,23.03,72.58,33.87,23.6,3.02,636.3,fused_om_nasa
2024-04-07 09:00:00+00:00,23.03,72.58,36.67,17.0,2.62,733.9,fused_om_nasa
2024-04-07 10:00:00+00:00,23.03,72.58,38.02,14.3,2.56,800.0,fused_om_nasa
2024-04-07 11:00:00+00:00,23.03,72.58,38.67,13.3,2.64,807.6,fused_om_nasa
2024-04-07 12:00:00+00:00,23.03,72.58,38.78,13.2,2.62,759.6,fused_om_nasa
2024-04-07 13:00:00+00:00,23.03,72.58,37.75,12.9,2.7,624.8,fused_om_nasa
2024-04-07 14:00:00+00:00,23.03,72.58,36.38,13.8,2.7,404.9,fused_om_nasa
2024-04-07 15:00:00+00:00,23.03,72.58,35.31,14.9,2.82,304.5,fused_om_nasa
2024-04-07 16:00:00+00:00,23.03,72.58,34.18,16.2,2.73,184.6,fused_om_nasa
2024-04-07 17:00:00+00:00,23.03,72.58,32.78,18.9,2.41,65.8,fused_om_nasa
2024-04-07 18:00:00+00:00,23.03,72.58,30.83,21.5,2.3,3.4,fused_om_nasa
2024-04-07 19:00:00+00:00,23.03,72.58,29.87,23.6,2.35,0.0,fused_om_nasa
2024-04-07 20:00:00+00:00,23.03,72.58,29.47,23.8,2.71,0.0,fused_om_nasa
2024-04-07 21:00:00+00:00,23.03,72.58,28.58,26.1,2.98,0.0,fused_om_nasa
2024-04-07 22:00:00+00:00,23.03,72.58,27.63,32.4,3.3,0.0,fused_om_nasa
2024-04-07 23:00:00+00:00,23.03,72.58,26.85,40.3,3.56,0.0,fused_om_nasa
2024-04-08 00:00:00+00:00,23.03,72.58,26.05,46.7,3.28,0.0,fused_om_nasa
2024-04-08 01:00:00+00:00,23.03,72.58,25.59,50.0,2.76,0.0,fused_om_nasa
2024-04-08 02:00:00+00:00,23.03,72.58,25.98,48.6,2.88,93.0,fused_om_nasa
2024-04-08 03:00:00+00:00,23.03,72.58,27.1,43.5,2.35,234.6,fused_om_nasa
2024-04-08 04:00:00+00:00,23.03,72.58,28.08,37.4,2.28,320.7,fused_om_nasa
2024-04-08 05:00:00+00:00,23.03,72.58,29.14,33.9,2.26,369.8,fused_om_nasa
2024-04-08 06:00:00+00:00,23.03,72.58,30.71,31.5,2.74,425.7,fused_om_nasa
2024-04-08 07:00:00+00:00,23.03,72.58,32.96,26.8,2.92,540.0,fused_om_nasa
2024-04-08 08:00:00+00:00,23.03,72.58,35.42,20.7,3.14,661.8,fused_om_nasa
2024-04-08 09:00:00+00:00,23.03,72.58,37.83,15.0,2.88,760.2,fused_om_nasa
2024-04-08 10:00:00+00:00,23.03,72.58,39.39,12.6,2.41,823.4,fused_om_nasa
2024-04-08 11:00:00+00:00,23.03,72.58,40.06,11.8,2.12,833.2,fused_om_nasa
2024-04-08 12:00:00+00:00,23.03,72.58,40.13,11.3,1.57,775.0,fused_om_nasa
2024-04-08 13:00:00+00:00,23.03,72.58,38.9,15.5,1.02,627.2,fused_om_nasa
2024-04-08 14:00:00+00:00,23.03,72.58,37.28,14.8,1.42,401.6,fused_om_nasa
2024-04-08 15:00:00+00:00,23.03,72.58,37.78,13.2,0.99,293.2,fused_om_nasa
2024-04-08 16:00:00+00:00,23.03,72.58,37.26,13.4,1.02,172.9,fused_om_nasa
2024-04-08 17:00:00+00:00,23.03,72.58,34.46,16.4,1.44,59.8,fused_om_nasa
2024-04-08 18:00:00+00:00,23.03,72.58,32.03,18.8,1.69,2.9,fused_om_nasa
2024-04-08 19:00:00+00:00,23.03,72.58,30.82,20.5,2.26,0.0,fused_om_nasa
2024-04-08 20:00:00+00:00,23.03,72.58,29.54,21.7,1.9,0.0,fused_om_nasa
2024-04-08 21:00:00+00:00,23.03,72.58,28.96,21.3,2.38,0.0,fused_om_nasa
2024-04-08 22:00:00+00:00,23.03,72.58,28.96,21.7,1.94,0.0,fused_om_nasa
2024-04-08 23:00:00+00:00,23.03,72.58,27.76,23.6,1.84,0.0,fused_om_nasa
2024-04-09 00:00:00+00:00,23.03,72.58,26.77,25.7,1.5,0.0,fused_om_nasa
2024-04-09 01:00:00+00:00,23.03,72.58,26.04,32.3,1.94,0.0,fused_om_nasa
2024-04-09 02:00:00+00:00,23.03,72.58,26.38,32.6,1.92,95.3,fused_om_nasa
2024-04-09 03:00:00+00:00,23.03,72.58,27.53,31.3,1.62,239.4,fused_om_nasa
2024-04-09 04:00:00+00:00,23.03,72.58,28.86,27.1,1.56,323.4,fused_om_nasa
2024-04-09 05:00:00+00:00,23.03,72.58,30.14,23.6,1.23,369.1,fused_om_nasa
2024-04-09 06:00:00+00:00,23.03,72.58,31.58,21.0,1.78,419.0,fused_om_nasa
2024-04-09 07:00:00+00:00,23.03,72.58,34.3,16.7,2.24,514.3,fused_om_nasa
2024-04-09 08:00:00+00:00,23.03,72.58,36.9,13.3,2.01,623.0,fused_om_nasa
2024-04-09 09:00:00+00:00,23.03,72.58,39.11,11.6,1.85,717.5,fused_om_nasa
2024-04-09 10:00:00+00:00,23.03,72.58,40.38,10.8,1.52,779.9,fused_om_nasa
2024-04-09 11:00:00+00:00,23.03,72.58,41.1,10.4,1.52,795.9,fused_om_nasa
2024-04-09 12:00:00+00:00,23.03,72.58,41.32,10.1,1.62,745.9,fused_om_nasa
2024-04-09 13:00:00+00:00,23.03,72.58,39.9,14.4,1.1,616.8,fused_om_nasa
2024-04-09 14:00:00+00:00,23.03,72.58,38.65,12.8,1.06,396.8,fused_om_nasa
2024-04-09 15:00:00+00:00,23.03,72.58,37.88,13.4,1.51,290.2,fused_om_nasa
2024-04-09 16:00:00+00:00,23.03,72.58,36.18,15.2,1.38,168.2,fused_om_nasa
2024-04-09 17:00:00+00:00,23.03,72.58,34.76,16.4,1.42,57.6,fused_om_nasa
2024-04-09 18:00:00+00:00,23.03,72.58,33.3,16.7,1.96,3.0,fused_om_nasa
2024-04-09 19:00:00+00:00,23.03,72.58,32.02,18.8,2.31,0.0,fused_om_nasa
2024-04-09 20:00:00+00:00,23.03,72.58,30.98,21.0,2.42,0.0,fused_om_nasa
2024-04-09 21:00:00+00:00,23.03,72.58,30.0,22.8,2.49,0.0,fused_om_nasa
2024-04-09 22:00:00+00:00,23.03,72.58,29.32,24.2,2.58,0.0,fused_om_nasa
2024-04-09 23:00:00+00:00,23.03,72.58,27.78,27.8,2.48,0.0,fused_om_nasa
2024-04-10 00:00:00+00:00,23.03,72.58,27.1,29.2,1.68,0.0,fused_om_nasa
2024-04-10 01:00:00+00:00,23.03,72.58,26.56,33.2,1.84,0.0,fused_om_nasa
2024-04-10 02:00:00+00:00,23.03,72.58,27.06,32.8,2.07,97.6,fused_om_nasa
2024-04-10 03:00:00+00:00,23.03,72.58,28.55,29.2,2.02,233.1,fused_om_nasa
2024-04-10 04:00:00+00:00,23.03,72.58,29.5,25.1,1.75,317.4,fused_om_nasa
2024-04-10 05:00:00+00:00,23.03,72.58,30.16,22.5,1.69,367.2,fused_om_nasa
2024-04-10 06:00:00+00:00,23.03,72.58,31.86,19.2,1.64,416.1,fused_om_nasa
2024-04-10 07:00:00+00:00,23.03,72.58,33.99,16.7,2.06,503.7,fused_om_nasa
2024-04-10 08:00:00+00:00,23.03,72.58,36.42,14.1,2.71,479.6,fused_om_nasa
2024-04-10 09:00:00+00:00,23.03,72.58,38.16,12.6,2.93,434.2,fused_om_nasa
2024-04-10 10:00:00+00:00,23.03,72.58,38.89,12.1,2.14,463.3,fused_om_nasa
2024-04-10 11:00:00+00:00,23.03,72.58,39.9,11.2,1.46,620.1,fused_om_nasa
2024-04-10 12:00:00+00:00,23.03,72.58,40.28,10.9,1.47,596.8,fused_om_nasa
2024-04-10 13:00:00+00:00,23.03,72.58,39.15,10.4,1.99,501.2,fused_om_nasa
2024-04-10 14:00:00+00:00,23.03,72.58,37.9,11.3,2.01,276.6,fused_om_nasa
2024-04-10 15:00:00+00:00,23.03,72.58,37.31,11.4,1.57,208.4,fused_om_nasa
2024-04-10 16:00:00+00:00,23.03,72.58,36.42,12.0,1.88,121.9,fused_om_nasa
2024-04-10 17:00:00+00:00,23.03,72.58,35.72,12.6,1.51,47.3,fused_om_nasa
2024-04-10 18:00:00+00:00,23.03,72.58,32.96,16.2,2.22,3.3,fused_om_nasa
2024-04-10 19:00:00+00:00,23.03,72.58,31.58,19.8,2.08,0.0,fused_om_nasa
2024-04-10 20:00:00+00:00,23.03,72.58,31.11,20.1,1.52,0.0,fused_om_nasa
2024-04-10 21:00:00+00:00,23.03,72.58,30.27,22.6,1.42,0.0,fused_om_nasa
2024-04-10 22:00:00+00:00,23.03,72.58,29.62,24.5,1.06,0.0,fused_om_nasa
2024-04-10 23:00:00+00:00,23.03,72.58,28.34,29.5,1.2,0.0,fused_om_nasa
2024-04-11 00:00:00+00:00,23.03,72.58,27.31,35.9,1.22,0.0,fused_om_nasa
2024-04-11 01:00:00+00:00,23.03,72.58,27.59,34.1,0.86,0.0,fused_om_nasa
2024-04-11 02:00:00+00:00,23.03,72.58,27.4,34.2,0.94,86.6,fused_om_nasa
2024-04-11 03:00:00+00:00,23.03,72.58,28.55,30.6,1.04,222.8,fused_om_nasa
2024-04-11 04:00:00+00:00,23.03,72.58,29.62,28.5,1.62,305.4,fused_om_nasa
2024-04-11 05:00:00+00:00,23.03,72.58,30.5,27.2,2.04,325.4,fused_om_nasa
2024-04-11 06:00:00+00:00,23.03,72.58,31.71,24.6,2.55,407.4,fused_om_nasa
2024-04-11 07:00:00+00:00,23.03,72.58,33.99,21.3,2.69,491.1,fused_om_nasa
2024-04-11 08:00:00+00:00,23.03,72.58,36.19,18.2,2.08,534.7,fused_om_nasa
2024-04-11 09:00:00+00:00,23.03,72.58,38.05,16.5,1.96,592.8,fused_om_nasa
2024-04-11 10:00:00+00:00,23.03,72.58,39.49,15.3,2.7,660.2,fused_om_nasa
2024-04-11 11:00:00+00:00,23.03,72.58,39.96,15.7,2.58,633.3,fused_om_nasa
2024-04-11 12:00:00+00:00,23.03,72.58,39.98,16.4,2.32,546.6,fused_om_nasa
2024-04-11 13:00:00+00:00,23.03,72.58,39.1,16.7,2.96,524.8,fused_om_nasa
2024-04-11 14:00:00+00:00,23.03,72.58,37.9,18.4,3.69,357.9,fused_om_nasa
2024-04-11 15:00:00+00:00,23.03,72.58,37.06,19.5,3.08,246.5,fused_om_nasa
2024-04-11 16:00:00+00:00,23.03,72.58,35.62,21.7,2.46,138.7,fused_om_nasa
2024-04-11 17:00:00+00:00,23.03,72.58,34.94,24.3,3.87,50.5,fused_om_nasa
2024-04-11 18:00:00+00:00,23.03,72.58,32.74,28.7,3.56,3.0,fused_om_nasa
2024-04-11 19:00:00+00:00,23.03,72.58,31.76,31.4,3.4,0.0,fused_om_nasa
2024-04-11 20:00:00+00:00,23.03,72.58,30.69,33.7,3.09,0.0,fused_om_nasa
2024-04-11 21:00:00+00:00,23.03,72.58,29.7,33.1,3.11,0.0,fused_om_nasa
2024-04-11 22:00:00+00:00,23.03,72.58,28.76,33.4,3.33,0.0,fused_om_nasa
2024-04-11 23:00:00+00:00,23.03,72.58,27.74,35.1,3.66,0.0,fused_om_nasa
2024-04-12 00:00:00+00:00,23.03,72.58,26.64,39.1,2.76,0.0,fused_om_nasa
2024-04-12 01:00:00+00:00,23.03,72.58,25.96,41.9,2.54,0.0,fused_om_nasa
2024-04-12 02:00:00+00:00,23.03,72.58,25.94,43.7,2.34,98.8,fused_om_nasa
2024-04-12 03:00:00+00:00,23.03,72.58,26.73,44.3,2.31,233.2,fused_om_nasa
2024-04-12 04:00:00+00:00,23.03,72.58,27.9,42.9,1.88,316.0,fused_om_nasa
2024-04-12 05:00:00+00:00,23.03,72.58,28.68,41.1,2.11,362.7,fused_om_nasa
2024-04-12 06:00:00+00:00,23.03,72.58,29.97,39.3,2.57,413.5,fused_om_nasa
2024-04-12 07:00:00+00:00,23.03,72.58,32.0,34.8,2.64,500.1,fused_om_nasa
2024-04-12 08:00:00+00:00,23.03,72.58,34.46,27.2,2.89,602.4,fused_om_nasa
2024-04-12 09:00:00+00:00,23.03,72.58,36.72,20.4,3.49,684.9,fused_om_nasa
2024-04-12 10:00:00+00:00,23.03,72.58,38.04,17.2,3.79,736.1,fused_om_nasa
2024-04-12 11:00:00+00:00,23.03,72.58,38.86,15.7,4.14,727.7,fused_om_nasa
2024-04-12 12:00:00+00:00,23.03,72.58,39.04,14.5,4.3,712.2,fused_om_nasa
2024-04-12 13:00:00+00:00,23.03,72.58,38.04,9.5,4.03,604.7,fused_om_nasa
2024-04-12 14:00:00+00:00,23.03,72.58,36.0,10.3,4.04,381.6,fused_om_nasa
2024-04-12 15:00:00+00:00,23.03,72.58,35.01,9.8,3.98,267.8,fused_om_nasa
2024-04-12 16:00:00+00:00,23.03,72.58,33.94,14.7,4.17,151.1,fused_om_nasa
2024-04-12 17:00:00+00:00,23.03,72.58,32.23,20.4,3.88,54.1,fused_om_nasa
2024-04-12 18:00:00+00:00,23.03,72.58,29.68,26.7,2.76,3.2,fused_om_nasa
2024-04-12 19:00:00+00:00,23.03,72.58,28.16,32.8,2.94,0.0,fused_om_nasa
2024-04-12 20:00:00+00:00,23.03,72.58,27.44,37.1,2.82,0.0,fused_om_nasa
2024-04-12 21:00:00+00:00,23.03,72.58,26.76,39.9,2.86,0.0,fused_om_nasa
2024-04-12 22:00:00+00:00,23.03,72.58,26.26,41.6,3.46,0.0,fused_om_nasa
2024-04-12 23:00:00+00:00,23.03,72.58,25.56,45.4,2.78,0.0,fused_om_nasa
2024-04-13 00:00:00+00:00,23.03,72.58,24.94,52.4,2.46,0.0,fused_om_nasa
2024-04-13 01:00:00+00:00,23.03,72.58,25.56,55.0,2.37,0.0,fused_om_nasa
2024-04-13 02:00:00+00:00,23.03,72.58,26.52,52.4,2.66,94.4,fused_om_nasa
2024-04-13 03:00:00+00:00,23.03,72.58,27.26,53.4,2.46,223.1,fused_om_nasa
2024-04-13 04:00:00+00:00,23.03,72.58,28.05,52.6,2.1,306.8,fused_om_nasa
2024-04-13 05:00:00+00:00,23.03,72.58,29.02,50.0,1.82,350.3,fused_om_nasa
2024-04-13 06:00:00+00:00,23.03,72.58,30.3,46.1,1.68,412.7,fused_om_nasa
2024-04-13 07:00:00+00:00,23.03,72.58,31.78,43.1,1.74,520.4,fused_om_nasa
2024-04-13 08:00:00+00:00,23.03,72.58,33.42,36.7,1.62,636.5,fused_om_nasa
2024-04-13 09:00:00+00:00,23.03,72.58,35.24,30.0,1.5,734.9,fused_om_nasa
2024-04-13 10:00:00+00:00,23.03,72.58,36.58,24.8,1.98,769.4,fused_om_nasa
2024-04-13 11:00:00+00:00,23.03,72.58,37.08,23.0,2.5,768.7,fused_om_nasa
2024-04-13 12:00:00+00:00,23.03,72.58,36.93,22.4,2.89,719.3,fused_om_nasa
2024-04-13 13:00:00+00:00,23.03,72.58,35.92,24.0,2.66,533.4,fused_om_nasa
2024-04-13 14:00:00+00:00,23.03,72.58,35.53,25.0,2.6,326.7,fused_om_nasa
2024-04-13 15:00:00+00:00,23.03,72.58,35.11,26.2,3.82,244.8,fused_om_nasa
2024-04-13 16:00:00+00:00,23.03,72.58,33.6,30.9,3.99,139.2,fused_om_nasa
2024-04-13 17:00:00+00:00,23.03,72.58,32.74,30.9,3.27,51.2,fused_om_nasa
2024-04-13 18:00:00+00:00,23.03,72.58,31.22,34.4,2.57,2.8,fused_om_nasa
2024-04-13 19:00:00+00:00,23.03,72.58,30.39,38.7,2.46,0.0,fused_om_nasa
2024-04-13 20:00:00+00:00,23.03,72.58,29.67,42.6,2.48,0.0,fused_om_nasa
2024-04-13 21:00:00+00:00,23.03,72.58,29.17,45.3,2.34,0.0,fused_om_nasa
2024-04-13 22:00:00+00:00,23.03,72.58,28.59,48.3,2.27,0.0,fused_om_nasa
2024-04-13 23:00:00+00:00,23.03,72.58,28.06,50.8,2.06,0.0,fused_om_nasa
2024-04-14 00:00:00+00:00,23.03,72.58,27.53,53.3,1.95,0.0,fused_om_nasa
2024-04-14 01:00:00+00:00,23.03,72.58,27.6,53.8,1.8,0.0,fused_om_nasa
2024-04-14 02:00:00+00:00,23.03,72.58,28.32,53.5,1.95,70.9,fused_om_nasa
2024-04-14 03:00:00+00:00,23.03,72.58,29.24,51.4,1.63,172.0,fused_om_nasa
2024-04-14 04:00:00+00:00,23.03,72.58,30.01,49.0,1.42,297.6,fused_om_nasa
2024-04-14 05:00:00+00:00,23.03,72.58,30.71,47.0,0.94,346.6,fused_om_nasa
2024-04-14 06:00:00+00:00,23.03,72.58,31.94,43.6,0.78,398.3,fused_om_nasa
2024-04-14 07:00:00+00:00,23.03,72.58,33.88,39.5,1.73,473.3,fused_om_nasa
2024-04-14 08:00:00+00:00,23.03,72.58,35.73,34.6,2.08,580.0,fused_om_nasa
2024-04-14 09:00:00+00:00,23.03,72.58,37.13,30.3,1.78,622.2,fused_om_nasa
2024-04-14 10:00:00+00:00,23.03,72.58,38.05,27.6,1.76,534.4,fused_om_nasa
2024-04-14 11:00:00+00:00,23.03,72.58,38.62,25.1,1.73,476.5,fused_om_nasa
2024-04-14 12:00:00+00:00,23.03,72.58,37.44,28.5,3.2,552.6,fused_om_nasa
2024-04-14 13:00:00+00:00,23.03,72.58,38.78,20.8,2.98,416.7,fused_om_nasa
2024-04-14 14:00:00+00:00,23.03,72.58,37.43,24.1,4.02,304.4,fused_om_nasa
2024-04-14 15:00:00+00:00,23.03,72.58,35.84,30.4,2.93,167.3,fused_om_nasa
2024-04-14 16:00:00+00:00,23.03,72.58,34.73,32.6,2.54,108.0,fused_om_nasa
2024-04-14 17:00:00+00:00,23.03,72.58,33.92,34.5,2.68,41.4,fused_om_nasa
2024-04-14 18:00:00+00:00,23.03,72.58,32.42,37.4,1.98,2.4,fused_om_nasa
2024-04-14 19:00:00+00:00,23.03,72.58,32.12,37.8,3.36,0.0,fused_om_nasa
2024-04-14 20:00:00+00:00,23.03,72.58,31.68,38.6,4.36,0.0,fused_om_nasa
2024-04-14 21:00:00+00:00,23.03,72.58,30.92,41.7,4.57,0.0,fused_om_nasa
2024-04-14 22:00:00+00:00,23.03,72.58,30.25,43.6,4.17,0.0,fused_om_nasa
2024-04-14 23:00:00+00:00,23.03,72.58,29.58,45.3,3.7,0.0,fused_om_nasa
2024-04-15 00:00:00+00:00,23.03,72.58,28.97,46.7,3.44,0.0,fused_om_nasa
2024-04-15 01:00:00+00:00,23.03,72.58,28.52,56.2,2.62,0.0,fused_om_nasa
2024-04-15 02:00:00+00:00,23.03,72.58,28.76,53.9,2.04,47.8,fused_om_nasa
2024-04-15 03:00:00+00:00,23.03,72.58,29.54,50.3,2.19,138.8,fused_om_nasa
2024-04-15 04:00:00+00:00,23.03,72.58,30.39,46.3,2.34,84.3,fused_om_nasa
2024-04-15 05:00:00+00:00,23.03,72.58,31.62,40.9,2.78,243.0,fused_om_nasa
2024-04-15 06:00:00+00:00,23.03,72.58,33.1,36.0,2.32,395.4,fused_om_nasa
2024-04-15 07:00:00+00:00,23.03,72.58,34.5,32.6,1.85,479.4,fused_om_nasa
2024-04-15 08:00:00+00:00,23.03,72.58,36.49,28.7,2.13,562.7,fused_om_nasa
2024-04-15 09:00:00+00:00,23.03,72.58,38.16,26.0,1.86,678.4,fused_om_nasa
2024-04-15 10:00:00+00:00,23.03,72.58,39.67,22.8,1.97,754.9,fused_om_nasa
2024-04-15 11:00:00+00:00,23.03,72.58,40.53,20.9,2.74,766.6,fused_om_nasa
2024-04-15 12:00:00+00:00,23.03,72.58,40.7,19.7,3.7,731.7,fused_om_nasa
2024-04-15 13:00:00+00:00,23.03,72.58,39.92,20.5,3.56,612.7,fused_om_nasa
2024-04-15 14:00:00+00:00,23.03,72.58,38.97,22.1,3.48,400.3,fused_om_nasa
2024-04-15 15:00:00+00:00,23.03,72.58,38.42,21.4,4.7,299.5,fused_om_nasa
2024-04-15 16:00:00+00:00,23.03,72.58,37.25,21.5,4.82,182.6,fused_om_nasa
2024-04-15 17:00:00+00:00,23.03,72.58,36.0,22.6,5.06,70.2,fused_om_nasa
2024-04-15 18:00:00+00:00,23.03,72.58,34.23,24.8,4.59,4.0,fused_om_nasa
2024-04-15 19:00:00+00:00,23.03,72.58,32.9,27.4,4.93,0.0,fused_om_nasa
2024-04-15 20:00:00+00:00,23.03,72.58,31.9,29.4,4.93,0.0,fused_om_nasa
2024-04-15 21:00:00+00:00,23.03,72.58,30.94,32.0,4.46,0.0,fused_om_nasa
2024-04-15 22:00:00+00:00,23.03,72.58,30.3,33.4,4.44,0.0,fused_om_nasa
2024-04-15 23:00:00+00:00,23.03,72.58,29.42,35.5,4.64,0.0,fused_om_nasa
2024-04-16 00:00:00+00:00,23.03,72.58,28.88,36.4,4.66,0.0,fused_om_nasa
2024-04-16 01:00:00+00:00,23.03,72.58,28.42,39.2,3.98,0.0,fused_om_nasa
2024-04-16 02:00:00+00:00,23.03,72.58,28.66,39.0,3.59,104.3,fused_om_nasa
2024-04-16 03:00:00+00:00,23.03,72.58,29.66,35.8,3.14,232.2,fused_om_nasa
2024-04-16 04:00:00+00:00,23.03,72.58,31.04,33.1,2.97,313.6,fused_om_nasa
2024-04-16 05:00:00+00:00,23.03,72.58,32.0,31.8,2.91,356.3,fused_om_nasa
2024-04-16 06:00:00+00:00,23.03,72.58,33.02,29.8,3.24,417.6,fused_om_nasa
2024-04-16 07:00:00+00:00,23.03,72.58,35.11,25.7,3.76,519.8,fused_om_nasa
2024-04-16 08:00:00+00:00,23.03,72.58,37.36,20.4,4.26,630.3,fused_om_nasa
2024-04-16 09:00:00+00:00,23.03,72.58,39.03,17.7,4.34,725.8,fused_om_nasa
2024-04-16 10:00:00+00:00,23.03,72.58,40.17,16.2,4.15,800.1,fused_om_nasa
2024-04-16 11:00:00+00:00,23.03,72.58,40.85,15.6,4.15,817.8,fused_om_nasa
2024-04-16 12:00:00+00:00,23.03,72.58,41.16,14.9,4.28,763.3,fused_om_nasa
2024-04-16 13:00:00+00:00,23.03,72.58,40.69,15.1,3.9,603.0,fused_om_nasa
2024-04-16 14:00:00+00:00,23.03,72.58,39.14,17.6,3.8,417.0,fused_om_nasa
2024-04-16 15:00:00+00:00,23.03,72.58,38.44,18.8,3.94,304.8,fused_om_nasa
2024-04-16 16:00:00+00:00,23.03,72.58,37.32,20.3,3.97,189.3,fused_om_nasa
2024-04-16 17:00:00+00:00,23.03,72.58,35.9,22.6,4.01,73.7,fused_om_nasa
2024-04-16 18:00:00+00:00,23.03,72.58,34.46,24.0,4.04,4.5,fused_om_nasa
2024-04-16 19:00:00+00:00,23.03,72.58,34.04,25.0,4.85,0.0,fused_om_nasa
2024-04-16 20:00:00+00:00,23.03,72.58,33.33,26.3,4.96,0.0,fused_om_nasa
2024-04-16 21:00:00+00:00,23.03,72.58,32.18,28.5,4.52,0.0,fused_om_nasa
2024-04-16 22:00:00+00:00,23.03,72.58,31.18,30.4,4.26,0.0,fused_om_nasa
2024-04-16 23:00:00+00:00,23.03,72.58,30.38,32.3,3.85,0.0,fused_om_nasa
2024-04-17 00:00:00+00:00,23.03,72.58,29.6,34.0,3.32,0.0,fused_om_nasa
2024-04-17 01:00:00+00:00,23.03,72.58,28.72,35.5,2.82,0.0,fused_om_nasa
2024-04-17 02:00:00+00:00,23.03,72.58,29.14,35.3,3.05,109.6,fused_om_nasa
2024-04-17 03:00:00+00:00,23.03,72.58,30.51,32.9,2.54,231.8,fused_om_nasa
2024-04-17 04:00:00+00:00,23.03,72.58,32.25,29.3,2.59,310.6,fused_om_nasa
2024-04-17 05:00:00+00:00,23.03,72.58,33.27,27.5,2.6,357.9,fused_om_nasa
2024-04-17 06:00:00+00:00,23.03,72.58,34.49,25.4,2.47,421.1,fused_om_nasa
2024-04-17 07:00:00+00:00,23.03,72.58,36.33,22.2,1.76,522.0,fused_om_nasa
2024-04-17 08:00:00+00:00,23.03,72.58,39.12,18.8,2.64,628.8,fused_om_nasa
2024-04-17 09:00:00+00:00,23.03,72.58,41.02,15.7,2.68,726.4,fused_om_nasa
2024-04-17 10:00:00+00:00,23.03,72.58,42.16,14.2,2.6,781.6,fused_om_nasa
2024-04-17 11:00:00+00:00,23.03,72.58,42.91,13.1,2.26,729.9,fused_om_nasa
2024-04-17 12:00:00+00:00,23.03,72.58,43.34,12.0,2.9,574.3,fused_om_nasa
2024-04-17 13:00:00+00:00,23.03,72.58,42.26,13.7,2.54,537.8,fused_om_nasa
2024-04-17 14:00:00+00:00,23.03,72.58,40.17,16.7,2.96,350.2,fused_om_nasa
2024-04-17 15:00:00+00:00,23.03,72.58,39.61,17.3,2.97,304.8,fused_om_nasa
2024-04-17 16:00:00+00:00,23.03,72.58,39.02,17.6,3.78,181.2,fused_om_nasa
2024-04-17 17:00:00+00:00,23.03,72.58,37.54,19.1,3.36,69.4,fused_om_nasa
2024-04-17 18:00:00+00:00,23.03,72.58,35.34,21.6,2.7,4.3,fused_om_nasa
2024-04-17 19:00:00+00:00,23.03,72.58,34.29,23.4,3.05,0.0,fused_om_nasa
2024-04-17 20:00:00+00:00,23.03,72.58,33.71,24.7,3.64,0.0,fused_om_nasa
2024-04-17 21:00:00+00:00,23.03,72.58,32.91,26.2,3.71,0.0,fused_om_nasa
2024-04-17 22:00:00+00:00,23.03,72.58,31.98,28.7,3.61,0.0,fused_om_nasa
2024-04-17 23:00:00+00:00,23.03,72.58,31.15,30.8,3.39,0.0,fused_om_nasa
2024-04-18 00:00:00+00:00,23.03,72.58,30.38,32.4,3.39,0.0,fused_om_nasa
2024-04-18 01:00:00+00:00,23.03,72.58,30.04,33.1,3.24,0.0,fused_om_nasa
2024-04-18 02:00:00+00:00,23.03,72.58,30.34,32.8,3.26,77.6,fused_om_nasa
2024-04-18 03:00:00+00:00,23.03,72.58,31.11,31.4,3.28,151.2,fused_om_nasa
2024-04-18 04:00:00+00:00,23.03,72.58,31.76,31.0,3.4,195.8,fused_om_nasa
2024-04-18 05:00:00+00:00,23.03,72.58,32.41,30.5,3.52,212.4,fused_om_nasa
2024-04-18 06:00:00+00:00,23.03,72.58,33.49,28.4,3.78,302.0,fused_om_nasa
2024-04-18 07:00:00+00:00,23.03,72.58,35.27,24.9,3.65,472.7,fused_om_nasa
2024-04-18 08:00:00+00:00,23.03,72.58,37.64,20.2,4.24,604.8,fused_om_nasa
2024-04-18 09:00:00+00:00,23.03,72.58,39.9,16.5,4.08,701.5,fused_om_nasa
2024-04-18 10:00:00+00:00,23.03,72.58,41.15,15.0,4.22,753.4,fused_om_nasa
2024-04-18 11:00:00+00:00,23.03,72.58,41.36,14.3,4.95,777.5,fused_om_nasa
2024-04-18 12:00:00+00:00,23.03,72.58,40.89,14.7,5.12,759.0,fused_om_nasa
2024-04-18 13:00:00+00:00,23.03,72.58,40.14,15.7,3.94,587.4,fused_om_nasa
2024-04-18 14:00:00+00:00,23.03,72.58,38.72,17.3,3.77,413.9,fused_om_nasa
2024-04-18 15:00:00+00:00,23.03,72.58,37.93,18.9,4.1,301.2,fused_om_nasa
2024-04-18 16:00:00+00:00,23.03,72.58,37.39,20.1,4.34,183.6,fused_om_nasa
2024-04-18 17:00:00+00:00,23.03,72.58,36.16,21.7,3.84,71.1,fused_om_nasa
2024-04-18 18:00:00+00:00,23.03,72.58,33.67,25.1,2.7,4.3,fused_om_nasa
2024-04-18 19:00:00+00:00,23.03,72.58,32.4,27.1,2.73,0.0,fused_om_nasa
2024-04-18 20:00:00+00:00,23.03,72.58,31.17,30.2,2.82,0.0,fused_om_nasa
2024-04-18 21:00:00+00:00,23.03,72.58,30.18,31.9,2.64,0.0,fused_om_nasa
2024-04-18 22:00:00+00:00,23.03,72.58,29.89,31.7,2.59,0.0,fused_om_nasa
2024-04-18 23:00:00+00:00,23.03,72.58,29.3,34.3,2.84,0.0,fused_om_nasa
2024-04-19 00:00:00+00:00,23.03,72.58,28.62,39.9,2.92,0.0,fused_om_nasa
2024-04-19 01:00:00+00:00,23.03,72.58,28.36,47.9,3.42,0.0,fused_om_nasa
2024-04-19 02:00:00+00:00,23.03,72.58,28.73,49.9,3.73,110.7,fused_om_nasa
2024-04-19 03:00:00+00:00,23.03,72.58,29.14,49.4,4.08,232.4,fused_om_nasa
2024-04-19 04:00:00+00:00,23.03,72.58,29.81,48.3,3.9,308.8,fused_om_nasa
2024-04-19 05:00:00+00:00,23.03,72.58,30.6,46.0,4.03,352.8,fused_om_nasa
2024-04-19 06:00:00+00:00,23.03,72.58,31.72,43.1,4.54,416.3,fused_om_nasa
2024-04-19 07:00:00+00:00,23.03,72.58,33.55,38.0,4.97,518.6,fused_om_nasa
2024-04-19 08:00:00+00:00,23.03,72.58,35.34,31.9,5.32,625.6,fused_om_nasa
2024-04-19 09:00:00+00:00,23.03,72.58,36.87,26.9,5.47,701.0,fused_om_nasa
2024-04-19 10:00:00+00:00,23.03,72.58,38.08,23.4,5.59,755.3,fused_om_nasa
2024-04-19 11:00:00+00:00,23.03,72.58,39.32,20.5,5.8,785.4,fused_om_nasa
2024-04-19 12:00:00+00:00,23.03,72.58,39.66,19.4,6.34,743.8,fused_om_nasa
2024-04-19 13:00:00+00:00,23.03,72.58,38.92,20.8,5.5,610.9,fused_om_nasa
2024-04-19 14:00:00+00:00,23.03,72.58,37.98,21.0,5.9,399.6,fused_om_nasa
2024-04-19 15:00:00+00:00,23.03,72.58,37.46,20.9,6.2,284.5,fused_om_nasa
2024-04-19 16:00:00+00:00,23.03,72.58,36.53,21.1,6.28,169.6,fused_om_nasa
2024-04-19 17:00:00+00:00,23.03,72.58,35.22,21.6,6.23,65.3,fused_om_nasa
2024-04-19 18:00:00+00:00,23.03,72.58,33.51,22.4,5.42,4.6,fused_om_nasa
2024-04-19 19:00:00+00:00,23.03,72.58,31.86,24.7,4.62,0.0,fused_om_nasa
2024-04-19 20:00:00+00:00,23.03,72.58,30.66,28.5,4.42,0.0,fused_om_nasa
2024-04-19 21:00:00+00:00,23.03,72.58,29.64,32.4,4.3,0.0,fused_om_nasa
2024-04-19 22:00:00+00:00,23.03,72.58,28.64,34.6,4.09,0.0,fused_om_nasa
2024-04-19 23:00:00+00:00,23.03,72.58,27.76,35.0,4.15,0.0,fused_om_nasa
2024-04-20 00:00:00+00:00,23.03,72.58,26.85,36.5,4.18,0.0,fused_om_nasa
2024-04-20 01:00:00+00:00,23.03,72.58,26.42,40.9,4.24,0.0,fused_om_nasa
2024-04-20 02:00:00+00:00,23.03,72.58,26.51,44.6,4.05,115.8,fused_om_nasa
2024-04-20 03:00:00+00:00,23.03,72.58,26.81,48.8,4.15,241.0,fused_om_nasa
2024-04-20 04:00:00+00:00,23.03,72.58,27.53,46.8,3.82,318.5,fused_om_nasa
2024-04-20 05:00:00+00:00,23.03,72.58,28.22,45.5,3.3,362.2,fused_om_nasa
2024-04-20 06:00:00+00:00,23.03,72.58,29.37,43.8,3.74,429.4,fused_om_nasa
2024-04-20 07:00:00+00:00,23.03,72.58,31.08,38.3,3.98,545.9,fused_om_nasa
2024-04-20 08:00:00+00:00,23.03,72.58,33.16,29.9,3.88,673.9,fused_om_nasa
2024-04-20 09:00:00+00:00,23.03,72.58,34.98,24.1,4.03,745.4,fused_om_nasa
2024-04-20 10:00:00+00:00,23.03,72.58,36.28,21.2,4.48,808.0,fused_om_nasa
2024-04-20 11:00:00+00:00,23.03,72.58,37.15,20.0,4.78,808.9,fused_om_nasa
2024-04-20 12:00:00+00:00,23.03,72.58,37.62,19.1,4.81,750.9,fused_om_nasa
2024-04-20 13:00:00+00:00,23.03,72.58,37.14,19.1,4.44,622.6,fused_om_nasa
2024-04-20 14:00:00+00:00,23.03,72.58,36.26,19.8,3.74,390.2,fused_om_nasa
2024-04-20 15:00:00+00:00,23.03,72.58,35.78,19.6,4.19,281.1,fused_om_nasa
2024-04-20 16:00:00+00:00,23.03,72.58,35.11,20.2,4.32,175.5,fused_om_nasa
2024-04-20 17:00:00+00:00,23.03,72.58,33.78,22.1,3.86,69.4,fused_om_nasa
2024-04-20 18:00:00+00:00,23.03,72.58,31.82,25.0,2.86,4.8,fused_om_nasa
2024-04-20 19:00:00+00:00,23.03,72.58,30.36,27.5,2.82,0.0,fused_om_nasa
2024-04-20 20:00:00+00:00,23.03,72.58,30.04,29.0,3.72,0.0,fused_om_nasa
2024-04-20 21:00:00+00:00,23.03,72.58,29.11,33.4,3.46,0.0,fused_om_nasa
2024-04-20 22:00:00+00:00,23.03,72.58,28.28,35.3,3.66,0.0,fused_om_nasa
2024-04-20 23:00:00+00:00,23.03,72.58,27.66,40.7,3.77,0.0,fused_om_nasa
2024-04-21 00:00:00+00:00,23.03,72.58,26.91,49.8,3.78,0.0,fused_om_nasa
2024-04-21 01:00:00+00:00,23.03,72.58,26.89,54.2,3.87,0.0,fused_om_nasa
2024-04-21 02:00:00+00:00,23.03,72.58,27.04,56.2,3.92,78.2,fused_om_nasa
2024-04-21 03:00:00+00:00,23.03,72.58,27.74,54.6,3.98,190.0,fused_om_nasa
2024-04-21 04:00:00+00:00,23.03,72.58,28.57,52.5,3.58,252.6,fused_om_nasa
2024-04-21 05:00:00+00:00,23.03,72.58,29.35,50.8,3.15,294.8,fused_om_nasa
2024-04-21 06:00:00+00:00,23.03,72.58,30.35,48.6,3.2,352.1,fused_om_nasa
2024-04-21 07:00:00+00:00,23.03,72.58,31.83,42.4,3.71,465.4,fused_om_nasa
2024-04-21 08:00:00+00:00,23.03,72.58,33.46,33.7,3.8,595.0,fused_om_nasa
2024-04-21 09:00:00+00:00,23.03,72.58,34.66,28.5,3.57,644.7,fused_om_nasa
2024-04-21 10:00:00+00:00,23.03,72.58,35.57,24.5,3.64,746.0,fused_om_nasa
2024-04-21 11:00:00+00:00,23.03,72.58,35.94,23.1,3.7,657.6,fused_om_nasa
2024-04-21 12:00:00+00:00,23.03,72.58,36.29,21.2,3.52,593.3,fused_om_nasa
2024-04-21 13:00:00+00:00,23.03,72.58,35.81,21.8,3.22,506.7,fused_om_nasa
2024-04-21 14:00:00+00:00,23.03,72.58,35.14,22.4,2.58,374.6,fused_om_nasa
2024-04-21 15:00:00+00:00,23.03,72.58,34.5,23.4,2.89,281.1,fused_om_nasa
2024-04-21 16:00:00+00:00,23.03,72.58,33.76,24.1,2.99,168.6,fused_om_nasa
2024-04-21 17:00:00+00:00,23.03,72.58,32.58,25.4,2.84,66.9,fused_om_nasa
2024-04-21 18:00:00+00:00,23.03,72.58,30.62,27.7,2.61,4.7,fused_om_nasa
2024-04-21 19:00:00+00:00,23.03,72.58,29.52,30.0,2.8,0.0,fused_om_nasa
2024-04-21 20:00:00+00:00,23.03,72.58,28.82,30.1,2.92,0.0,fused_om_nasa
2024-04-21 21:00:00+00:00,23.03,72.58,27.98,32.6,2.64,0.0,fused_om_nasa
2024-04-21 22:00:00+00:00,23.03,72.58,27.21,36.8,2.72,0.0,fused_om_nasa
2024-04-21 23:00:00+00:00,23.03,72.58,26.64,41.2,2.97,0.0,fused_om_nasa
2024-04-22 00:00:00+00:00,23.03,72.58,26.18,45.8,3.38,0.0,fused_om_nasa
2024-04-22 01:00:00+00:00,23.03,72.58,26.12,51.9,4.0,0.0,fused_om_nasa
2024-04-22 02:00:00+00:00,23.03,72.58,26.31,55.2,4.04,112.4,fused_om_nasa
2024-04-22 03:00:00+00:00,23.03,72.58,26.92,56.1,3.91,234.1,fused_om_nasa
2024-04-22 04:00:00+00:00,23.03,72.58,27.72,54.5,3.34,311.2,fused_om_nasa
2024-04-22 05:00:00+00:00,23.03,72.58,28.67,51.6,2.79,354.7,fused_om_nasa
2024-04-22 06:00:00+00:00,23.03,72.58,30.14,46.5,2.94,425.3,fused_om_nasa
2024-04-22 07:00:00+00:00,23.03,72.58,32.25,37.3,3.38,532.5,fused_om_nasa
2024-04-22 08:00:00+00:00,23.03,72.58,34.84,25.3,3.6,645.7,fused_om_nasa
2024-04-22 09:00:00+00:00,23.03,72.58,36.66,20.1,3.04,741.8,fused_om_nasa
2024-04-22 10:00:00+00:00,23.03,72.58,37.7,17.8,3.16,805.2,fused_om_nasa
2024-04-22 11:00:00+00:00,23.03,72.58,38.26,16.6,3.57,821.9,fused_om_nasa
2024-04-22 12:00:00+00:00,23.03,72.58,38.4,16.6,3.82,781.8,fused_om_nasa
2024-04-22 13:00:00+00:00,23.03,72.58,37.74,17.8,3.7,636.8,fused_om_nasa
2024-04-22 14:00:00+00:00,23.03,72.58,36.41,19.8,3.32,427.4,fused_om_nasa
2024-04-22 15:00:00+00:00,23.03,72.58,36.66,18.0,2.88,309.5,fused_om_nasa
2024-04-22 16:00:00+00:00,23.03,72.58,34.78,20.6,3.39,187.1,fused_om_nasa
2024-04-22 17:00:00+00:00,23.03,72.58,33.56,21.5,3.26,70.8,fused_om_nasa
2024-04-22 18:00:00+00:00,23.03,72.58,31.36,23.2,2.63,4.7,fused_om_nasa
2024-04-22 19:00:00+00:00,23.03,72.58,30.29,25.0,2.92,0.0,fused_om_nasa
2024-04-22 20:00:00+00:00,23.03,72.58,29.41,27.9,2.94,0.0,fused_om_nasa
2024-04-22 21:00:00+00:00,23.03,72.58,28.24,31.9,2.4,0.0,fused_om_nasa
2024-04-22 22:00:00+00:00,23.03,72.58,27.1,36.6,2.35,0.0,fused_om_nasa
2024-04-22 23:00:00+00:00,23.03,72.58,26.6,41.3,2.5,0.0,fused_om_nasa
2024-04-23 00:00:00+00:00,23.03,72.58,26.06,46.2,2.78,0.0,fused_om_nasa
2024-04-23 01:00:00+00:00,23.03,72.58,26.02,51.0,2.95,0.0,fused_om_nasa
2024-04-23 02:00:00+00:00,23.03,72.58,26.69,51.3,3.18,119.3,fused_om_nasa
2024-04-23 03:00:00+00:00,23.03,72.58,27.46,52.4,3.38,239.0,fused_om_nasa
2024-04-23 04:00:00+00:00,23.03,72.58,28.34,51.7,3.38,313.5,fused_om_nasa
2024-04-23 05:00:00+00:00,23.03,72.58,29.38,48.8,3.23,357.1,fused_om_nasa
2024-04-23 06:00:00+00:00,23.03,72.58,30.84,44.2,3.34,427.4,fused_om_nasa
2024-04-23 07:00:00+00:00,23.03,72.58,33.03,35.3,3.18,530.3,fused_om_nasa
2024-04-23 08:00:00+00:00,23.03,72.58,35.33,26.5,3.38,636.9,fused_om_nasa
2024-04-23 09:00:00+00:00,23.03,72.58,37.03,22.6,3.18,728.5,fused_om_nasa
2024-04-23 10:00:00+00:00,23.03,72.58,38.26,19.2,3.03,789.9,fused_om_nasa
2024-04-23 11:00:00+00:00,23.03,72.58,38.98,18.1,3.03,807.2,fused_om_nasa
2024-04-23 12:00:00+00:00,23.03,72.58,39.17,17.6,3.02,782.2,fused_om_nasa
2024-04-23 13:00:00+00:00,23.03,72.58,38.72,16.9,2.38,639.4,fused_om_nasa
2024-04-23 14:00:00+00:00,23.03,72.58,37.54,18.0,2.73,420.5,fused_om_nasa
2024-04-23 15:00:00+00:00,23.03,72.58,37.42,18.4,2.68,305.2,fused_om_nasa
2024-04-23 16:00:00+00:00,23.03,72.58,35.56,20.6,2.47,187.1,fused_om_nasa
2024-04-23 17:00:00+00:00,23.03,72.58,34.02,22.0,2.83,73.9,fused_om_nasa
2024-04-23 18:00:00+00:00,23.03,72.58,31.48,25.1,2.38,5.4,fused_om_nasa
2024-04-23 19:00:00+00:00,23.03,72.58,30.5,26.4,2.16,0.0,fused_om_nasa
2024-04-23 20:00:00+00:00,23.03,72.58,29.8,26.4,2.25,0.0,fused_om_nasa
2024-04-23 21:00:00+00:00,23.03,72.58,29.15,25.9,2.57,0.0,fused_om_nasa
2024-04-23 22:00:00+00:00,23.03,72.58,28.48,28.6,2.61,0.0,fused_om_nasa
2024-04-23 23:00:00+00:00,23.03,72.58,27.86,33.2,2.7,0.0,fused_om_nasa
2024-04-24 00:00:00+00:00,23.03,72.58,27.32,37.5,2.6,0.0,fused_om_nasa
2024-04-24 01:00:00+00:00,23.03,72.58,26.94,41.5,2.59,0.0,fused_om_nasa
2024-04-24 02:00:00+00:00,23.03,72.58,27.38,41.4,2.8,120.3,fused_om_nasa
2024-04-24 03:00:00+00:00,23.03,72.58,28.22,40.4,3.15,240.0,fused_om_nasa
2024-04-24 04:00:00+00:00,23.03,72.58,29.11,39.8,3.14,315.7,fused_om_nasa
2024-04-24 05:00:00+00:00,23.03,72.58,30.08,38.5,2.63,358.9,fused_om_nasa
2024-04-24 06:00:00+00:00,23.03,72.58,31.72,35.6,2.31,430.7,fused_om_nasa
2024-04-24 07:00:00+00:00,23.03,72.58,33.71,31.0,1.58,535.2,fused_om_nasa
2024-04-24 08:00:00+00:00,23.03,72.58,36.53,23.3,1.54,629.2,fused_om_nasa
2024-04-24 09:00:00+00:00,23.03,72.58,38.87,18.1,1.05,736.2,fused_om_nasa
2024-04-24 10:00:00+00:00,23.03,72.58,40.03,16.2,1.2,793.3,fused_om_nasa
2024-04-24 11:00:00+00:00,23.03,72.58,40.8,15.0,1.76,803.0,fused_om_nasa
2024-04-24 12:00:00+00:00,23.03,72.58,41.06,15.0,2.4,766.1,fused_om_nasa
2024-04-24 13:00:00+00:00,23.03,72.58,39.92,18.8,1.86,635.1,fused_om_nasa
2024-04-24 14:00:00+00:00,23.03,72.58,38.34,17.3,2.3,424.2,fused_om_nasa
2024-04-24 15:00:00+00:00,23.03,72.58,37.22,19.4,2.58,316.0,fused_om_nasa
2024-04-24 16:00:00+00:00,23.03,72.58,37.41,18.7,2.0,194.6,fused_om_nasa
2024-04-24 17:00:00+00:00,23.03,72.58,35.23,21.7,2.32,75.7,fused_om_nasa
2024-04-24 18:00:00+00:00,23.03,72.58,33.19,24.4,2.1,5.5,fused_om_nasa
2024-04-24 19:00:00+00:00,23.03,72.58,31.81,26.6,1.98,0.0,fused_om_nasa
2024-04-24 20:00:00+00:00,23.03,72.58,31.46,28.4,2.13,0.0,fused_om_nasa
2024-04-24 21:00:00+00:00,23.03,72.58,30.77,31.1,2.44,0.0,fused_om_nasa
2024-04-24 22:00:00+00:00,23.03,72.58,30.08,31.6,2.41,0.0,fused_om_nasa
2024-04-24 23:00:00+00:00,23.03,72.58,29.29,33.4,2.74,0.0,fused_om_nasa
2024-04-25 00:00:00+00:00,23.03,72.58,28.4,39.1,2.62,0.0,fused_om_nasa
2024-04-25 01:00:00+00:00,23.03,72.58,28.0,43.1,2.87,0.0,fused_om_nasa
2024-04-25 02:00:00+00:00,23.03,72.58,28.24,44.7,3.04,115.6,fused_om_nasa
2024-04-25 03:00:00+00:00,23.03,72.58,28.95,43.7,3.22,232.4,fused_om_nasa
2024-04-25 04:00:00+00:00,23.03,72.58,29.7,41.9,2.74,307.3,fused_om_nasa
2024-04-25 05:00:00+00:00,23.03,72.58,30.44,40.5,2.54,349.2,fused_om_nasa
2024-04-25 06:00:00+00:00,23.03,72.58,31.96,38.7,2.88,422.8,fused_om_nasa
2024-04-25 07:00:00+00:00,23.03,72.58,33.87,37.3,2.97,532.6,fused_om_nasa
2024-04-25 08:00:00+00:00,23.03,72.58,36.08,31.0,3.12,647.5,fused_om_nasa
2024-04-25 09:00:00+00:00,23.03,72.58,38.3,23.8,2.79,736.8,fused_om_nasa
2024-04-25 10:00:00+00:00,23.03,72.58,39.72,20.5,2.46,786.0,fused_om_nasa
2024-04-25 11:00:00+00:00,23.03,72.58,40.64,18.7,2.99,782.9,fused_om_nasa
2024-04-25 12:00:00+00:00,23.03,72.58,40.68,19.1,3.78,732.8,fused_om_nasa
2024-04-25 13:00:00+00:00,23.03,72.58,40.43,18.1,3.1,589.1,fused_om_nasa
2024-04-25 14:00:00+00:00,23.03,72.58,38.84,20.5,2.94,403.6,fused_om_nasa
2024-04-25 15:00:00+00:00,23.03,72.58,38.44,20.5,2.71,294.2,fused_om_nasa
2024-04-25 16:00:00+00:00,23.03,72.58,37.42,21.8,2.92,180.8,fused_om_nasa
2024-04-25 17:00:00+00:00,23.03,72.58,36.71,21.9,3.78,72.7,fused_om_nasa
2024-04-25 18:00:00+00:00,23.03,72.58,34.8,24.3,2.68,5.2,fused_om_nasa
2024-04-25 19:00:00+00:00,23.03,72.58,33.56,27.0,2.11,0.0,fused_om_nasa
2024-04-25 20:00:00+00:00,23.03,72.58,32.8,27.5,2.72,0.0,fused_om_nasa
2024-04-25 21:00:00+00:00,23.03,72.58,32.0,26.7,3.3,0.0,fused_om_nasa
2024-04-25 22:00:00+00:00,23.03,72.58,30.72,34.0,3.58,0.0,fused_om_nasa
2024-04-25 23:00:00+00:00,23.03,72.58,29.7,40.9,4.04,0.0,fused_om_nasa
2024-04-26 00:00:00+00:00,23.03,72.58,28.96,44.4,4.3,0.0,fused_om_nasa
2024-04-26 01:00:00+00:00,23.03,72.58,27.28,52.4,3.99,0.0,fused_om_nasa
2024-04-26 02:00:00+00:00,23.03,72.58,27.42,51.6,3.91,100.0,fused_om_nasa
2024-04-26 03:00:00+00:00,23.03,72.58,28.57,47.9,2.79,215.2,fused_om_nasa
2024-04-26 04:00:00+00:00,23.03,72.58,29.7,46.4,3.46,294.1,fused_om_nasa
2024-04-26 05:00:00+00:00,23.03,72.58,30.44,46.2,2.86,331.8,fused_om_nasa
2024-04-26 06:00:00+00:00,23.03,72.58,31.67,43.4,3.23,396.3,fused_om_nasa
2024-04-26 07:00:00+00:00,23.03,72.58,33.72,35.0,3.8,508.9,fused_om_nasa
2024-04-26 08:00:00+00:00,23.03,72.58,35.87,26.0,3.94,652.6,fused_om_nasa
2024-04-26 09:00:00+00:00,23.03,72.58,37.57,19.6,3.78,747.3,fused_om_nasa
2024-04-26 10:00:00+00:00,23.03,72.58,38.88,16.2,3.92,809.9,fused_om_nasa
2024-04-26 11:00:00+00:00,23.03,72.58,39.52,14.0,4.56,806.3,fused_om_nasa
2024-04-26 12:00:00+00:00,23.03,72.58,39.6,13.5,5.01,755.0,fused_om_nasa
2024-04-26 13:00:00+00:00,23.03,72.58,38.68,17.4,3.74,610.0,fused_om_nasa
2024-04-26 14:00:00+00:00,23.03,72.58,38.29,17.6,3.32,413.8,fused_om_nasa
2024-04-26 15:00:00+00:00,23.03,72.58,37.36,19.0,2.99,305.7,fused_om_nasa
2024-04-26 16:00:00+00:00,23.03,72.58,36.3,19.7,3.45,189.9,fused_om_nasa
2024-04-26 17:00:00+00:00,23.03,72.58,35.17,20.7,3.36,78.5,fused_om_nasa
2024-04-26 18:00:00+00:00,23.03,72.58,32.51,24.1,2.74,5.7,fused_om_nasa
2024-04-26 19:00:00+00:00,23.03,72.58,31.3,26.2,2.28,0.0,fused_om_nasa
2024-04-26 20:00:00+00:00,23.03,72.58,30.66,29.0,2.43,0.0,fused_om_nasa
2024-04-26 21:00:00+00:00,23.03,72.58,29.97,32.9,2.58,0.0,fused_om_nasa
2024-04-26 22:00:00+00:00,23.03,72.58,29.38,36.3,2.88,0.0,fused_om_nasa
2024-04-26 23:00:00+00:00,23.03,72.58,28.83,39.6,3.16,0.0,fused_om_nasa
2024-04-27 00:00:00+00:00,23.03,72.58,28.42,42.2,3.41,0.0,fused_om_nasa
2024-04-27 01:00:00+00:00,23.03,72.58,28.08,45.4,3.68,0.0,fused_om_nasa
2024-04-27 02:00:00+00:00,23.03,72.58,28.5,45.9,3.32,98.6,fused_om_nasa
2024-04-27 03:00:00+00:00,23.03,72.58,29.19,44.7,3.14,189.5,fused_om_nasa
2024-04-27 04:00:00+00:00,23.03,72.58,30.08,40.9,2.74,263.8,fused_om_nasa
2024-04-27 05:00:00+00:00,23.03,72.58,31.05,36.3,2.66,261.6,fused_om_nasa
2024-04-27 06:00:00+00:00,23.03,72.58,32.7,31.0,3.14,300.2,fused_om_nasa
2024-04-27 07:00:00+00:00,23.03,72.58,34.92,25.8,3.61,420.1,fused_om_nasa
2024-04-27 08:00:00+00:00,23.03,72.58,37.14,21.0,4.05,504.8,fused_om_nasa
2024-04-27 09:00:00+00:00,23.03,72.58,38.38,17.9,3.74,551.2,fused_om_nasa
2024-04-27 10:00:00+00:00,23.03,72.58,39.35,16.1,3.48,579.2,fused_om_nasa
2024-04-27 11:00:00+00:00,23.03,72.58,40.02,14.7,3.42,524.0,fused_om_nasa
2024-04-27 12:00:00+00:00,23.03,72.58,40.07,14.1,3.86,519.4,fused_om_nasa
2024-04-27 13:00:00+00:00,23.03,72.58,39.48,14.9,2.8,464.3,fused_om_nasa
2024-04-27 14:00:00+00:00,23.03,72.58,37.72,17.6,3.0,349.8,fused_om_nasa
2024-04-27 15:00:00+00:00,23.03,72.58,37.47,17.7,2.64,270.7,fused_om_nasa
2024-04-27 16:00:00+00:00,23.03,72.58,36.64,18.4,2.9,164.2,fused_om_nasa
2024-04-27 17:00:00+00:00,23.03,72.58,35.84,19.4,2.77,70.5,fused_om_nasa
2024-04-27 18:00:00+00:00,23.03,72.58,33.8,21.0,2.34,6.4,fused_om_nasa
2024-04-27 19:00:00+00:00,23.03,72.58,32.15,22.9,2.33,0.0,fused_om_nasa
2024-04-27 20:00:00+00:00,23.03,72.58,31.15,23.3,2.54,0.0,fused_om_nasa
2024-04-27 21:00:00+00:00,23.03,72.58,30.47,23.6,2.52,0.0,fused_om_nasa
2024-04-27 22:00:00+00:00,23.03,72.58,30.2,25.7,3.0,0.0,fused_om_nasa
2024-04-27 23:00:00+00:00,23.03,72.58,29.92,28.5,3.42,0.0,fused_om_nasa
2024-04-28 00:00:00+00:00,23.03,72.58,29.42,29.6,3.4,0.0,fused_om_nasa
2024-04-28 01:00:00+00:00,23.03,72.58,29.04,29.3,3.2,0.0,fused_om_nasa
2024-04-28 02:00:00+00:00,23.03,72.58,29.49,27.4,3.26,32.4,fused_om_nasa
2024-04-28 03:00:00+00:00,23.03,72.58,30.3,26.1,3.44,109.4,fused_om_nasa
2024-04-28 04:00:00+00:00,23.03,72.58,31.22,25.7,3.77,302.8,fused_om_nasa
2024-04-28 05:00:00+00:00,23.03,72.58,31.96,24.6,3.58,352.4,fused_om_nasa
2024-04-28 06:00:00+00:00,23.03,72.58,33.3,22.1,3.8,424.6,fused_om_nasa
2024-04-28 07:00:00+00:00,23.03,72.58,35.36,18.9,4.03,542.7,fused_om_nasa
2024-04-28 08:00:00+00:00,23.03,72.58,37.61,15.4,4.25,665.0,fused_om_nasa
2024-04-28 09:00:00+00:00,23.03,72.58,39.08,13.9,3.71,761.3,fused_om_nasa
2024-04-28 10:00:00+00:00,23.03,72.58,40.14,12.0,3.32,816.5,fused_om_nasa
2024-04-28 11:00:00+00:00,23.03,72.58,40.97,10.4,3.58,818.6,fused_om_nasa
2024-04-28 12:00:00+00:00,23.03,72.58,41.07,10.2,4.16,770.1,fused_om_nasa
2024-04-28 13:00:00+00:00,23.03,72.58,40.2,10.8,3.8,638.4,fused_om_nasa
2024-04-28 14:00:00+00:00,23.03,72.58,38.44,12.0,3.43,428.0,fused_om_nasa
2024-04-28 15:00:00+00:00,23.03,72.58,37.44,13.0,3.54,317.5,fused_om_nasa
2024-04-28 16:00:00+00:00,23.03,72.58,36.49,14.2,3.72,194.0,fused_om_nasa
2024-04-28 17:00:00+00:00,23.03,72.58,35.39,14.7,3.49,77.2,fused_om_nasa
2024-04-28 18:00:00+00:00,23.03,72.58,33.23,16.6,2.4,6.1,fused_om_nasa
2024-04-28 19:00:00+00:00,23.03,72.58,32.22,17.6,2.8,0.0,fused_om_nasa
2024-04-28 20:00:00+00:00,23.03,72.58,31.28,20.3,2.73,0.0,fused_om_nasa
2024-04-28 21:00:00+00:00,23.03,72.58,30.46,23.1,2.99,0.0,fused_om_nasa
2024-04-28 22:00:00+00:00,23.03,72.58,29.85,27.4,3.26,0.0,fused_om_nasa
2024-04-28 23:00:00+00:00,23.03,72.58,29.36,31.1,3.55,0.0,fused_om_nasa
2024-04-29 00:00:00+00:00,23.03,72.58,28.62,33.2,3.7,0.0,fused_om_nasa
2024-04-29 01:00:00+00:00,23.03,72.58,28.32,38.0,3.76,0.0,fused_om_nasa
2024-04-29 02:00:00+00:00,23.03,72.58,28.9,37.5,3.83,96.0,fused_om_nasa
2024-04-29 03:00:00+00:00,23.03,72.58,29.64,37.5,4.07,210.6,fused_om_nasa
2024-04-29 04:00:00+00:00,23.03,72.58,30.29,37.9,3.62,258.3,fused_om_nasa
2024-04-29 05:00:00+00:00,23.03,72.58,31.2,36.9,3.64,339.2,fused_om_nasa
2024-04-29 06:00:00+00:00,23.03,72.58,32.66,34.2,4.41,412.6,fused_om_nasa
2024-04-29 07:00:00+00:00,23.03,72.58,34.63,28.9,5.04,516.3,fused_om_nasa
2024-04-29 08:00:00+00:00,23.03,72.58,36.93,22.5,5.23,617.4,fused_om_nasa
2024-04-29 09:00:00+00:00,23.03,72.58,38.56,18.7,4.96,702.4,fused_om_nasa
2024-04-29 10:00:00+00:00,23.03,72.58,39.66,17.0,4.84,786.4,fused_om_nasa
2024-04-29 11:00:00+00:00,23.03,72.58,40.39,15.4,4.8,807.2,fused_om_nasa
2024-04-29 12:00:00+00:00,23.03,72.58,40.59,14.9,4.97,770.6,fused_om_nasa
2024-04-29 13:00:00+00:00,23.03,72.58,39.92,15.5,4.69,621.3,fused_om_nasa
2024-04-29 14:00:00+00:00,23.03,72.58,38.95,16.5,4.1,418.7,fused_om_nasa
2024-04-29 15:00:00+00:00,23.03,72.58,37.89,17.3,3.86,305.6,fused_om_nasa
2024-04-29 16:00:00+00:00,23.03,72.58,36.58,18.2,3.87,186.0,fused_om_nasa
2024-04-29 17:00:00+00:00,23.03,72.58,35.28,19.2,3.8,75.1,fused_om_nasa
2024-04-29 18:00:00+00:00,23.03,72.58,33.61,19.8,3.03,5.8,fused_om_nasa
2024-04-29 19:00:00+00:00,23.03,72.58,32.22,19.3,2.92,0.0,fused_om_nasa
2024-04-29 20:00:00+00:00,23.03,72.58,31.18,19.2,3.25,0.0,fused_om_nasa
2024-04-29 21:00:00+00:00,23.03,72.58,30.27,17.9,3.6,0.0,fused_om_nasa
2024-04-29 22:00:00+00:00,23.03,72.58,29.4,16.6,3.35,0.0,fused_om_nasa
2024-04-29 23:00:00+00:00,23.03,72.58,28.39,15.7,3.16,0.0,fused_om_nasa
2024-04-30 00:00:00+00:00,23.03,72.58,27.7,18.4,3.34,0.0,fused_om_nasa
2024-04-30 01:00:00+00:00,23.03,72.58,27.67,18.8,3.06,0.0,fused_om_nasa
2024-04-30 02:00:00+00:00,23.03,72.58,28.1,19.0,3.18,123.8,fused_om_nasa
2024-04-30 03:00:00+00:00,23.03,72.58,29.01,16.8,3.25,243.2,fused_om_nasa
2024-04-30 04:00:00+00:00,23.03,72.58,30.08,14.6,3.4,317.3,fused_om_nasa
2024-04-30 05:00:00+00:00,23.03,72.58,30.92,13.4,3.42,360.8,fused_om_nasa
2024-04-30 06:00:00+00:00,23.03,72.58,32.62,11.8,3.34,428.5,fused_om_nasa
2024-04-30 07:00:00+00:00,23.03,72.58,34.68,10.5,3.6,531.6,fused_om_nasa
2024-04-30 08:00:00+00:00,23.03,72.58,37.08,10.0,4.54,642.4,fused_om_nasa
2024-04-30 09:00:00+00:00,23.03,72.58,38.71,9.5,4.79,735.7,fused_om_nasa
2024-04-30 10:00:00+00:00,23.03,72.58,39.58,9.0,5.13,796.3,fused_om_nasa
2024-04-30 11:00:00+00:00,23.03,72.58,39.87,9.1,5.59,806.8,fused_om_nasa
2024-04-30 12:00:00+00:00,23.03,72.58,39.83,9.1,5.5,788.0,fused_om_nasa
2024-04-30 13:00:00+00:00,23.03,72.58,39.33,10.1,4.32,648.0,fused_om_nasa
2024-04-30 14:00:00+00:00,23.03,72.58,37.41,11.5,4.46,431.8,fused_om_nasa
2024-04-30 15:00:00+00:00,23.03,72.58,36.56,11.3,4.21,309.8,fused_om_nasa
2024-04-30 16:00:00+00:00,23.03,72.58,35.92,11.2,4.51,189.7,fused_om_nasa
2024-04-30 17:00:00+00:00,23.03,72.58,35.05,11.1,4.46,77.2,fused_om_nasa
2024-04-30 18:00:00+00:00,23.03,72.58,32.62,12.6,3.19,6.6,fused_om_nasa
2024-04-30 19:00:00+00:00,23.03,72.58,30.84,16.1,3.13,0.0,fused_om_nasa
2024-04-30 20:00:00+00:00,23.03,72.58,30.26,18.8,3.58,0.0,fused_om_nasa
2024-04-30 21:00:00+00:00,23.03,72.58,29.51,20.2,3.7,0.0,fused_om_nasa
2024-04-30 22:00:00+00:00,23.03,72.58,28.54,21.8,3.6,0.0,fused_om_nasa
2024-04-30 23:00:00+00:00,23.03,72.58,27.46,22.0,3.46,0.0,fused_om_nasa
2024-05-01 00:00:00+00:00,23.03,72.58,26.28,21.4,3.26,0.0,fused_om_nasa
2024-05-01 01:00:00+00:00,23.03,72.58,26.34,17.2,3.74,0.0,fused_om_nasa
2024-05-01 02:00:00+00:00,23.03,72.58,26.74,16.7,3.8,132.6,fused_om_nasa
2024-05-01 03:00:00+00:00,23.03,72.58,27.74,16.8,4.05,255.2,fused_om_nasa
2024-05-01 04:00:00+00:00,23.03,72.58,28.68,17.9,4.06,330.2,fused_om_nasa
2024-05-01 05:00:00+00:00,23.03,72.58,29.75,18.4,3.36,374.6,fused_om_nasa
2024-05-01 06:00:00+00:00,23.03,72.58,31.42,17.0,3.44,454.5,fused_om_nasa
2024-05-01 07:00:00+00:00,23.03,72.58,33.63,13.1,4.03,574.0,fused_om_nasa
2024-05-01 08:00:00+00:00,23.03,72.58,36.11,8.5,4.48,695.8,fused_om_nasa
2024-05-01 09:00:00+00:00,23.03,72.58,38.46,6.1,4.7,794.0,fused_om_nasa
2024-05-01 10:00:00+00:00,23.03,72.58,39.72,5.6,5.0,850.9,fused_om_nasa
2024-05-01 11:00:00+00:00,23.03,72.58,40.28,5.3,5.41,857.8,fused_om_nasa
2024-05-01 12:00:00+00:00,23.03,72.58,40.32,5.2,5.68,821.8,fused_om_nasa
2024-05-01 13:00:00+00:00,23.03,72.58,39.58,7.1,4.34,670.4,fused_om_nasa
2024-05-01 14:00:00+00:00,23.03,72.58,37.8,8.0,4.31,459.4,fused_om_nasa
2024-05-01 15:00:00+00:00,23.03,72.58,36.76,8.5,4.3,335.6,fused_om_nasa
2024-05-01 16:00:00+00:00,23.03,72.58,35.34,10.1,4.08,209.7,fused_om_nasa
2024-05-01 17:00:00+00:00,23.03,72.58,33.4,11.7,3.72,87.3,fused_om_nasa
2024-05-01 18:00:00+00:00,23.03,72.58,30.8,13.0,2.38,7.2,fused_om_nasa
2024-05-01 19:00:00+00:00,23.03,72.58,29.64,14.4,2.26,0.0,fused_om_nasa
2024-05-01 20:00:00+00:00,23.03,72.58,28.36,14.1,2.7,0.0,fused_om_nasa
2024-05-01 21:00:00+00:00,23.03,72.58,27.92,11.4,2.78,0.0,fused_om_nasa
2024-05-01 22:00:00+00:00,23.03,72.58,27.6,11.2,3.08,0.0,fused_om_nasa
2024-05-01 23:00:00+00:00,23.03,72.58,26.92,11.6,3.09,0.0,fused_om_nasa
2024-05-02 00:00:00+00:00,23.03,72.58,25.83,12.7,2.93,0.0,fused_om_nasa
2024-05-02 01:00:00+00:00,23.03,72.58,25.57,16.6,2.67,0.0,fused_om_nasa
2024-05-02 02:00:00+00:00,23.03,72.58,26.54,16.1,2.63,131.1,fused_om_nasa
2024-05-02 03:00:00+00:00,23.03,72.58,27.95,15.8,1.98,254.0,fused_om_nasa
2024-05-02 04:00:00+00:00,23.03,72.58,29.11,16.2,1.87,327.7,fused_om_nasa
2024-05-02 05:00:00+00:00,23.03,72.58,30.1,16.6,1.78,354.0,fused_om_nasa
2024-05-02 06:00:00+00:00,23.03,72.58,31.52,15.7,1.81,445.1,fused_om_nasa
2024-05-02 07:00:00+00:00,23.03,72.58,33.05,14.1,1.41,537.8,fused_om_nasa
2024-05-02 08:00:00+00:00,23.03,72.58,35.58,10.6,1.02,479.3,fused_om_nasa
2024-05-02 09:00:00+00:00,23.03,72.58,38.37,8.3,1.01,674.9,fused_om_nasa
2024-05-02 10:00:00+00:00,23.03,72.58,39.5,7.2,0.92,780.7,fused_om_nasa
2024-05-02 11:00:00+00:00,23.03,72.58,40.11,6.8,1.46,843.5,fused_om_nasa
2024-05-02 12:00:00+00:00,23.03,72.58,40.03,6.6,2.26,672.4,fused_om_nasa
2024-05-02 13:00:00+00:00,23.03,72.58,38.78,11.0,2.13,616.0,fused_om_nasa
2024-05-02 14:00:00+00:00,23.03,72.58,37.38,8.4,2.66,414.3,fused_om_nasa
2024-05-02 15:00:00+00:00,23.03,72.58,36.8,8.0,2.66,332.7,fused_om_nasa
2024-05-02 16:00:00+00:00,23.03,72.58,35.02,9.6,2.93,210.5,fused_om_nasa
2024-05-02 17:00:00+00:00,23.03,72.58,34.08,10.4,2.32,88.5,fused_om_nasa
2024-05-02 18:00:00+00:00,23.03,72.58,31.59,12.0,2.58,7.3,fused_om_nasa
2024-05-02 19:00:00+00:00,23.03,72.58,29.88,13.2,2.62,0.0,fused_om_nasa
2024-05-02 20:00:00+00:00,23.03,72.58,29.12,16.8,3.01,0.0,fused_om_nasa
2024-05-02 21:00:00+00:00,23.03,72.58,28.57,16.7,3.0,0.0,fused_om_nasa
2024-05-02 22:00:00+00:00,23.03,72.58,27.98,16.7,3.49,0.0,fused_om_nasa
2024-05-02 23:00:00+00:00,23.03,72.58,27.23,21.2,3.28,0.0,fused_om_nasa
2024-05-03 00:00:00+00:00,23.03,72.58,26.22,25.8,3.1,0.0,fused_om_nasa
2024-05-03 01:00:00+00:00,23.03,72.58,26.4,27.9,3.2,7.8,fused_om_nasa
2024-05-03 02:00:00+00:00,23.03,72.58,26.95,26.2,3.4,124.5,fused_om_nasa
2024-05-03 03:00:00+00:00,23.03,72.58,27.86,24.7,3.5,171.0,fused_om_nasa
2024-05-03 04:00:00+00:00,23.03,72.58,29.06,23.2,3.28,187.5,fused_om_nasa
2024-05-03 05:00:00+00:00,23.03,72.58,30.34,21.4,2.92,361.1,fused_om_nasa
2024-05-03 06:00:00+00:00,23.03,72.58,32.27,18.4,2.8,436.6,fused_om_nasa
2024-05-03 07:00:00+00:00,23.03,72.58,33.94,17.1,2.54,563.8,fused_om_nasa
2024-05-03 08:00:00+00:00,23.03,72.58,35.9,17.1,2.97,685.8,fused_om_nasa
2024-05-03 09:00:00+00:00,23.03,72.58,38.17,12.8,2.98,752.5,fused_om_nasa
2024-05-03 10:00:00+00:00,23.03,72.58,40.19,9.9,2.92,804.8,fused_om_nasa
2024-05-03 11:00:00+00:00,23.03,72.58,41.16,8.9,3.12,797.4,fused_om_nasa
2024-05-03 12:00:00+00:00,23.03,72.58,41.51,8.4,3.3,768.8,fused_om_nasa
2024-05-03 13:00:00+00:00,23.03,72.58,40.68,9.3,3.09,636.4,fused_om_nasa
2024-05-03 14:00:00+00:00,23.03,72.58,38.72,11.2,3.06,429.6,fused_om_nasa
2024-05-03 15:00:00+00:00,23.03,72.58,37.94,11.8,3.2,319.6,fused_om_nasa
2024-05-03 16:00:00+00:00,23.03,72.58,37.34,12.0,3.0,200.7,fused_om_nasa
2024-05-03 17:00:00+00:00,23.03,72.58,36.5,12.5,2.57,85.6,fused_om_nasa
2024-05-03 18:00:00+00:00,23.03,72.58,33.38,14.8,2.25,7.2,fused_om_nasa
2024-05-03 19:00:00+00:00,23.03,72.58,32.06,16.6,2.78,0.0,fused_om_nasa
2024-05-03 20:00:00+00:00,23.03,72.58,31.32,20.3,2.82,0.0,fused_om_nasa
2024-05-03 21:00:00+00:00,23.03,72.58,30.56,23.6,2.88,0.0,fused_om_nasa
2024-05-03 22:00:00+00:00,23.03,72.58,29.76,29.2,3.19,0.0,fused_om_nasa
2024-05-03 23:00:00+00:00,23.03,72.58,29.17,36.4,3.4,0.0,fused_om_nasa
2024-05-04 00:00:00+00:00,23.03,72.58,28.78,40.6,3.36,0.0,fused_om_nasa
2024-05-04 01:00:00+00:00,23.03,72.58,28.59,46.5,3.2,0.0,fused_om_nasa
2024-05-04 02:00:00+00:00,23.03,72.58,29.14,49.4,3.2,110.6,fused_om_nasa
2024-05-04 03:00:00+00:00,23.03,72.58,30.09,50.2,4.01,227.0,fused_om_nasa
2024-05-04 04:00:00+00:00,23.03,72.58,31.14,49.4,3.89,298.2,fused_om_nasa
2024-05-04 05:00:00+00:00,23.03,72.58,31.92,49.8,4.28,340.9,fused_om_nasa
2024-05-04 06:00:00+00:00,23.03,72.58,33.29,46.0,5.0,383.6,fused_om_nasa
2024-05-04 07:00:00+00:00,23.03,72.58,35.28,37.9,5.84,480.8,fused_om_nasa
2024-05-04 08:00:00+00:00,23.03,72.58,37.25,30.4,6.06,558.2,fused_om_nasa
2024-05-04 09:00:00+00:00,23.03,72.58,38.95,25.6,5.54,632.8,fused_om_nasa
2024-05-04 10:00:00+00:00,23.03,72.58,39.93,23.3,5.55,672.3,fused_om_nasa
2024-05-04 11:00:00+00:00,23.03,72.58,40.43,22.8,5.35,691.3,fused_om_nasa
2024-05-04 12:00:00+00:00,23.03,72.58,40.41,21.9,5.26,521.5,fused_om_nasa
2024-05-04 13:00:00+00:00,23.03,72.58,39.4,24.1,4.45,532.0,fused_om_nasa
2024-05-04 14:00:00+00:00,23.03,72.58,38.75,24.1,4.48,330.1,fused_om_nasa
2024-05-04 15:00:00+00:00,23.03,72.58,37.97,23.4,4.18,202.9,fused_om_nasa
2024-05-04 16:00:00+00:00,23.03,72.58,37.16,24.5,4.16,130.3,fused_om_nasa
2024-05-04 17:00:00+00:00,23.03,72.58,35.75,29.9,3.6,58.9,fused_om_nasa
2024-05-04 18:00:00+00:00,23.03,72.58,34.56,32.2,2.21,5.9,fused_om_nasa
2024-05-04 19:00:00+00:00,23.03,72.58,33.37,35.3,1.88,0.0,fused_om_nasa
2024-05-04 20:00:00+00:00,23.03,72.58,32.78,36.7,2.46,0.0,fused_om_nasa
2024-05-04 21:00:00+00:00,23.03,72.58,32.39,36.8,3.33,0.0,fused_om_nasa
2024-05-04 22:00:00+00:00,23.03,72.58,32.03,37.7,3.96,0.0,fused_om_nasa
2024-05-04 23:00:00+00:00,23.03,72.58,31.64,35.6,4.38,0.0,fused_om_nasa
2024-05-05 00:00:00+00:00,23.03,72.58,31.14,35.0,4.44,0.0,fused_om_nasa
2024-05-05 01:00:00+00:00,23.03,72.58,30.19,37.5,4.34,0.0,fused_om_nasa
2024-05-05 02:00:00+00:00,23.03,72.58,30.42,36.8,4.48,92.0,fused_om_nasa
2024-05-05 03:00:00+00:00,23.03,72.58,30.52,37.3,4.64,55.4,fused_om_nasa
2024-05-05 04:00:00+00:00,23.03,72.58,30.42,40.4,4.32,6.4,fused_om_nasa
2024-05-05 05:00:00+00:00,23.03,72.58,31.24,39.3,3.97,56.4,fused_om_nasa
2024-05-05 06:00:00+00:00,23.03,72.58,32.32,37.2,4.8,129.0,fused_om_nasa
2024-05-05 07:00:00+00:00,23.03,72.58,33.38,35.1,5.62,200.3,fused_om_nasa
2024-05-05 08:00:00+00:00,23.03,72.58,35.42,30.6,6.44,396.1,fused_om_nasa
2024-05-05 09:00:00+00:00,23.03,72.58,37.09,27.1,6.27,558.0,fused_om_nasa
2024-05-05 10:00:00+00:00,23.03,72.58,38.11,25.8,6.02,521.3,fused_om_nasa
2024-05-05 11:00:00+00:00,23.03,72.58,38.36,24.8,5.79,491.1,fused_om_nasa
2024-05-05 12:00:00+00:00,23.03,72.58,37.96,25.5,5.9,481.7,fused_om_nasa
2024-05-05 13:00:00+00:00,23.03,72.58,38.16,24.9,5.26,483.6,fused_om_nasa
2024-05-05 14:00:00+00:00,23.03,72.58,37.08,27.1,5.6,346.9,fused_om_nasa
2024-05-05 15:00:00+00:00,23.03,72.58,36.49,28.5,5.46,206.8,fused_om_nasa
2024-05-05 16:00:00+00:00,23.03,72.58,35.69,30.7,4.98,134.7,fused_om_nasa
2024-05-05 17:00:00+00:00,23.03,72.58,34.84,33.0,4.96,60.6,fused_om_nasa
2024-05-05 18:00:00+00:00,23.03,72.58,33.41,37.1,4.06,6.8,fused_om_nasa
2024-05-05 19:00:00+00:00,23.03,72.58,32.02,37.2,3.75,0.0,fused_om_nasa
2024-05-05 20:00:00+00:00,23.03,72.58,30.84,40.1,3.7,0.0,fused_om_nasa
2024-05-05 21:00:00+00:00,23.03,72.58,29.89,47.2,3.58,0.0,fused_om_nasa
2024-05-05 22:00:00+00:00,23.03,72.58,29.31,53.6,3.84,0.0,fused_om_nasa
2024-05-05 23:00:00+00:00,23.03,72.58,28.69,58.5,4.4,0.0,fused_om_nasa
2024-05-06 00:00:00+00:00,23.03,72.58,27.95,63.4,4.5,0.0,fused_om_nasa
2024-05-06 01:00:00+00:00,23.03,72.58,27.24,69.5,3.7,7.4,fused_om_nasa
2024-05-06 02:00:00+00:00,23.03,72.58,27.44,69.5,3.65,120.6,fused_om_nasa
2024-05-06 03:00:00+00:00,23.03,72.58,28.18,66.9,3.47,234.6,fused_om_nasa
2024-05-06 04:00:00+00:00,23.03,72.58,29.18,62.6,3.01,304.8,fused_om_nasa
2024-05-06 05:00:00+00:00,23.03,72.58,30.26,58.6,2.63,348.8,fused_om_nasa
2024-05-06 06:00:00+00:00,23.03,72.58,31.96,52.1,3.19,417.6,fused_om_nasa
2024-05-06 07:00:00+00:00,23.03,72.58,34.1,41.9,3.52,522.7,fused_om_nasa
2024-05-06 08:00:00+00:00,23.03,72.58,36.42,32.7,3.51,631.6,fused_om_nasa
2024-05-06 09:00:00+00:00,23.03,72.58,38.46,26.8,3.39,723.0,fused_om_nasa
2024-05-06 10:00:00+00:00,23.03,72.58,39.72,23.5,3.35,781.0,fused_om_nasa
2024-05-06 11:00:00+00:00,23.03,72.58,40.56,20.8,3.42,790.4,fused_om_nasa
2024-05-06 12:00:00+00:00,23.03,72.58,40.97,19.8,3.48,760.6,fused_om_nasa
2024-05-06 13:00:00+00:00,23.03,72.58,40.27,21.7,3.45,621.4,fused_om_nasa
2024-05-06 14:00:00+00:00,23.03,72.58,39.4,22.6,2.78,416.9,fused_om_nasa
2024-05-06 15:00:00+00:00,23.03,72.58,38.28,24.3,3.06,301.3,fused_om_nasa
2024-05-06 16:00:00+00:00,23.03,72.58,37.65,23.8,2.94,190.4,fused_om_nasa
2024-05-06 17:00:00+00:00,23.03,72.58,36.56,24.2,3.87,81.9,fused_om_nasa
2024-05-06 18:00:00+00:00,23.03,72.58,34.53,28.7,2.91,7.2,fused_om_nasa
2024-05-06 19:00:00+00:00,23.03,72.58,33.14,31.6,3.19,0.0,fused_om_nasa
2024-05-06 20:00:00+00:00,23.03,72.58,32.16,36.7,3.38,0.0,fused_om_nasa
2024-05-06 21:00:00+00:00,23.03,72.58,31.28,42.9,3.41,0.0,fused_om_nasa
2024-05-06 22:00:00+00:00,23.03,72.58,30.52,46.8,3.24,0.0,fused_om_nasa
2024-05-06 23:00:00+00:00,23.03,72.58,29.83,50.2,3.24,0.0,fused_om_nasa
2024-05-07 00:00:00+00:00,23.03,72.58,29.09,54.9,3.18,0.0,fused_om_nasa
2024-05-07 01:00:00+00:00,23.03,72.58,29.16,59.1,3.12,7.4,fused_om_nasa
2024-05-07 02:00:00+00:00,23.03,72.58,29.29,61.8,3.5,114.6,fused_om_nasa
2024-05-07 03:00:00+00:00,23.03,72.58,29.84,62.2,3.68,226.6,fused_om_nasa
2024-05-07 04:00:00+00:00,23.03,72.58,30.8,60.3,3.74,298.6,fused_om_nasa
2024-05-07 05:00:00+00:00,23.03,72.58,31.82,58.0,3.52,344.0,fused_om_nasa
2024-05-07 06:00:00+00:00,23.03,72.58,33.36,52.9,3.54,426.6,fused_om_nasa
2024-05-07 07:00:00+00:00,23.03,72.58,35.74,42.5,3.33,547.8,fused_om_nasa
2024-05-07 08:00:00+00:00,23.03,72.58,37.98,32.6,2.86,606.7,fused_om_nasa
2024-05-07 09:00:00+00:00,23.03,72.58,40.39,23.5,2.1,724.0,fused_om_nasa
2024-05-07 10:00:00+00:00,23.03,72.58,41.96,20.2,1.36,777.5,fused_om_nasa
2024-05-07 11:00:00+00:00,23.03,72.58,42.74,18.2,1.17,788.9,fused_om_nasa
2024-05-07 12:00:00+00:00,23.03,72.58,42.88,17.4,1.38,680.2,fused_om_nasa
2024-05-07 13:00:00+00:00,23.03,72.58,41.98,17.9,2.34,602.1,fused_om_nasa
2024-05-07 14:00:00+00:00,23.03,72.58,40.92,18.6,2.38,415.5,fused_om_nasa
2024-05-07 15:00:00+00:00,23.03,72.58,40.37,19.0,2.26,291.7,fused_om_nasa
2024-05-07 16:00:00+00:00,23.03,72.58,38.6,25.5,3.74,164.9,fused_om_nasa
2024-05-07 17:00:00+00:00,23.03,72.58,37.18,31.8,4.04,67.8,fused_om_nasa
2024-05-07 18:00:00+00:00,23.03,72.58,35.38,35.6,3.38,6.5,fused_om_nasa
2024-05-07 19:00:00+00:00,23.03,72.58,34.11,37.6,3.26,0.0,fused_om_nasa
2024-05-07 20:00:00+00:00,23.03,72.58,33.55,38.2,3.16,0.0,fused_om_nasa
2024-05-07 21:00:00+00:00,23.03,72.58,32.75,39.5,2.94,0.0,fused_om_nasa
2024-05-07 22:00:00+00:00,23.03,72.58,31.94,39.6,3.13,0.0,fused_om_nasa
2024-05-07 23:00:00+00:00,23.03,72.58,31.02,43.1,3.41,0.0,fused_om_nasa
2024-05-08 00:00:00+00:00,23.03,72.58,30.17,47.2,3.18,0.0,fused_om_nasa
2024-05-08 01:00:00+00:00,23.03,72.58,29.89,51.0,3.21,7.2,fused_om_nasa
2024-05-08 02:00:00+00:00,23.03,72.58,30.15,48.0,3.1,111.2,fused_om_nasa
2024-05-08 03:00:00+00:00,23.03,72.58,30.72,44.8,3.24,224.6,fused_om_nasa
2024-05-08 04:00:00+00:00,23.03,72.58,31.52,43.0,3.24,298.0,fused_om_nasa
2024-05-08 05:00:00+00:00,23.03,72.58,32.42,40.6,3.26,344.0,fused_om_nasa
2024-05-08 06:00:00+00:00,23.03,72.58,34.24,35.5,4.07,417.2,fused_om_nasa
2024-05-08 07:00:00+00:00,23.03,72.58,36.53,29.3,4.15,524.5,fused_om_nasa
2024-05-08 08:00:00+00:00,23.03,72.58,39.03,21.4,4.62,631.6,fused_om_nasa
2024-05-08 09:00:00+00:00,23.03,72.58,40.88,17.7,4.58,709.3,fused_om_nasa
2024-05-08 10:00:00+00:00,23.03,72.58,41.93,16.2,4.19,696.6,fused_om_nasa
2024-05-08 11:00:00+00:00,23.03,72.58,42.89,15.7,3.7,759.2,fused_om_nasa
2024-05-08 12:00:00+00:00,23.03,72.58,43.1,15.5,3.29,732.2,fused_om_nasa
2024-05-08 13:00:00+00:00,23.03,72.58,43.16,10.4,3.34,612.6,fused_om_nasa
2024-05-08 14:00:00+00:00,23.03,72.58,41.76,11.1,3.88,416.5,fused_om_nasa
2024-05-08 15:00:00+00:00,23.03,72.58,40.22,16.4,3.58,299.8,fused_om_nasa
2024-05-08 16:00:00+00:00,23.03,72.58,38.18,28.8,3.78,186.1,fused_om_nasa
2024-05-08 17:00:00+00:00,23.03,72.58,37.33,33.4,3.68,75.0,fused_om_nasa
2024-05-08 18:00:00+00:00,23.03,72.58,36.01,32.0,3.04,7.3,fused_om_nasa
2024-05-08 19:00:00+00:00,23.03,72.58,35.08,26.3,4.5,0.0,fused_om_nasa
2024-05-08 20:00:00+00:00,23.03,72.58,34.01,28.5,4.83,0.0,fused_om_nasa
2024-05-08 21:00:00+00:00,23.03,72.58,33.0,31.8,5.01,0.0,fused_om_nasa
2024-05-08 22:00:00+00:00,23.03,72.58,32.06,36.7,5.15,0.0,fused_om_nasa
2024-05-08 23:00:00+00:00,23.03,72.58,31.21,41.3,4.74,0.0,fused_om_nasa
2024-05-09 00:00:00+00:00,23.03,72.58,30.63,44.7,4.34,0.0,fused_om_nasa
2024-05-09 01:00:00+00:00,23.03,72.58,30.67,44.2,3.89,7.2,fused_om_nasa
2024-05-09 02:00:00+00:00,23.03,72.58,31.0,46.1,3.82,117.4,fused_om_nasa
2024-05-09 03:00:00+00:00,23.03,72.58,31.46,47.4,3.74,219.2,fused_om_nasa
2024-05-09 04:00:00+00:00,23.03,72.58,32.19,47.0,3.59,259.6,fused_om_nasa
2024-05-09 05:00:00+00:00,23.03,72.58,33.03,46.1,3.66,316.1,fused_om_nasa
2024-05-09 06:00:00+00:00,23.03,72.58,34.28,42.6,3.92,375.9,fused_om_nasa
2024-05-09 07:00:00+00:00,23.03,72.58,36.17,36.1,3.9,503.8,fused_om_nasa
2024-05-09 08:00:00+00:00,23.03,72.58,38.22,29.0,3.94,601.5,fused_om_nasa
2024-05-09 09:00:00+00:00,23.03,72.58,39.83,24.9,3.74,687.0,fused_om_nasa
2024-05-09 10:00:00+00:00,23.03,72.58,40.96,22.6,3.4,737.0,fused_om_nasa
2024-05-09 11:00:00+00:00,23.03,72.58,41.69,21.0,3.08,732.9,fused_om_nasa
2024-05-09 12:00:00+00:00,23.03,72.58,42.16,19.8,3.0,733.1,fused_om_nasa
2024-05-09 13:00:00+00:00,23.03,72.58,42.21,18.0,2.98,593.4,fused_om_nasa
2024-05-09 14:00:00+00:00,23.03,72.58,41.13,19.4,3.35,415.2,fused_om_nasa
2024-05-09 15:00:00+00:00,23.03,72.58,39.98,22.1,4.18,303.4,fused_om_nasa
2024-05-09 16:00:00+00:00,23.03,72.58,38.78,24.7,4.26,190.9,fused_om_nasa
2024-05-09 17:00:00+00:00,23.03,72.58,37.66,26.5,4.53,80.1,fused_om_nasa
2024-05-09 18:00:00+00:00,23.03,72.58,36.27,26.9,4.14,8.2,fused_om_nasa
2024-05-09 19:00:00+00:00,23.03,72.58,35.18,28.4,4.44,0.0,fused_om_nasa
2024-05-09 20:00:00+00:00,23.03,72.58,33.75,37.4,4.8,0.0,fused_om_nasa
2024-05-09 21:00:00+00:00,23.03,72.58,32.48,45.1,4.96,0.0,fused_om_nasa
2024-05-09 22:00:00+00:00,23.03,72.58,31.63,48.6,4.58,0.0,fused_om_nasa
2024-05-09 23:00:00+00:00,23.03,72.58,30.94,50.8,4.0,0.0,fused_om_nasa
2024-05-10 00:00:00+00:00,23.03,72.58,30.31,52.6,3.76,0.0,fused_om_nasa
2024-05-10 01:00:00+00:00,23.03,72.58,30.6,52.0,3.72,7.0,fused_om_nasa
2024-05-10 02:00:00+00:00,23.03,72.58,30.65,53.4,3.86,116.4,fused_om_nasa
2024-05-10 03:00:00+00:00,23.03,72.58,30.95,53.6,3.77,225.5,fused_om_nasa
2024-05-10 04:00:00+00:00,23.03,72.58,31.51,51.8,3.29,293.8,fused_om_nasa
2024-05-10 05:00:00+00:00,23.03,72.58,32.18,49.3,2.96,338.0,fused_om_nasa
2024-05-10 06:00:00+00:00,23.03,72.58,33.68,43.9,3.58,416.9,fused_om_nasa
2024-05-10 07:00:00+00:00,23.03,72.58,35.63,36.9,3.89,535.1,fused_om_nasa
2024-05-10 08:00:00+00:00,23.03,72.58,37.75,30.5,3.82,653.5,fused_om_nasa
2024-05-10 09:00:00+00:00,23.03,72.58,39.7,25.6,3.56,743.7,fused_om_nasa
2024-05-10 10:00:00+00:00,23.03,72.58,41.08,22.2,3.36,769.2,fused_om_nasa
2024-05-10 11:00:00+00:00,23.03,72.58,41.95,20.3,3.63,756.1,fused_om_nasa
2024-05-10 12:00:00+00:00,23.03,72.58,42.22,19.4,3.94,687.5,fused_om_nasa
2024-05-10 13:00:00+00:00,23.03,72.58,41.97,20.3,4.19,581.6,fused_om_nasa
2024-05-10 14:00:00+00:00,23.03,72.58,40.86,23.2,4.6,400.6,fused_om_nasa
2024-05-10 15:00:00+00:00,23.03,72.58,39.5,29.2,5.0,286.9,fused_om_nasa
2024-05-10 16:00:00+00:00,23.03,72.58,38.03,33.1,4.96,175.0,fused_om_nasa
2024-05-10 17:00:00+00:00,23.03,72.58,36.85,35.9,5.01,70.8,fused_om_nasa
2024-05-10 18:00:00+00:00,23.03,72.58,35.38,37.9,4.78,7.1,fused_om_nasa
2024-05-10 19:00:00+00:00,23.03,72.58,34.18,41.3,3.67,0.0,fused_om_nasa
2024-05-10 20:00:00+00:00,23.03,72.58,33.59,39.6,4.04,0.0,fused_om_nasa
2024-05-10 21:00:00+00:00,23.03,72.58,32.53,40.5,3.82,0.0,fused_om_nasa
2024-05-10 22:00:00+00:00,23.03,72.58,31.53,43.6,3.59,0.0,fused_om_nasa
2024-05-10 23:00:00+00:00,23.03,72.58,30.75,47.8,3.77,0.0,fused_om_nasa
2024-05-11 00:00:00+00:00,23.03,72.58,30.08,53.7,3.77,0.0,fused_om_nasa
2024-05-11 01:00:00+00:00,23.03,72.58,29.94,59.0,3.78,7.0,fused_om_nasa
2024-05-11 02:00:00+00:00,23.03,72.58,29.97,62.6,3.65,113.2,fused_om_nasa
2024-05-11 03:00:00+00:00,23.03,72.58,30.48,61.9,3.1,221.4,fused_om_nasa
2024-05-11 04:00:00+00:00,23.03,72.58,31.28,58.7,2.72,289.4,fused_om_nasa
2024-05-11 05:00:00+00:00,23.03,72.58,32.06,55.5,2.64,332.0,fused_om_nasa
2024-05-11 06:00:00+00:00,23.03,72.58,33.13,52.6,2.81,404.1,fused_om_nasa
2024-05-11 07:00:00+00:00,23.03,72.58,34.44,47.5,2.64,456.9,fused_om_nasa
2024-05-11 08:00:00+00:00,23.03,72.58,35.89,41.0,1.96,520.2,fused_om_nasa
2024-05-11 09:00:00+00:00,23.03,72.58,37.64,34.2,1.77,573.1,fused_om_nasa
2024-05-11 10:00:00+00:00,23.03,72.58,39.38,28.6,1.72,656.3,fused_om_nasa
2024-05-11 11:00:00+00:00,23.03,72.58,40.5,25.5,1.98,684.4,fused_om_nasa
2024-05-11 12:00:00+00:00,23.03,72.58,41.04,23.9,2.74,682.4,fused_om_nasa
2024-05-11 13:00:00+00:00,23.03,72.58,41.64,18.4,3.02,590.0,fused_om_nasa
2024-05-11 14:00:00+00:00,23.03,72.58,40.18,19.8,2.74,408.9,fused_om_nasa
2024-05-11 15:00:00+00:00,23.03,72.58,39.0,20.5,2.93,298.0,fused_om_nasa
2024-05-11 16:00:00+00:00,23.03,72.58,38.06,19.6,2.78,187.9,fused_om_nasa
2024-05-11 17:00:00+00:00,23.03,72.58,37.29,20.6,3.07,79.6,fused_om_nasa
2024-05-11 18:00:00+00:00,23.03,72.58,35.94,27.2,2.86,7.7,fused_om_nasa
2024-05-11 19:00:00+00:00,23.03,72.58,34.59,34.2,3.48,0.0,fused_om_nasa
2024-05-11 20:00:00+00:00,23.03,72.58,33.42,39.5,4.0,0.0,fused_om_nasa
2024-05-11 21:00:00+00:00,23.03,72.58,32.49,42.0,4.22,0.0,fused_om_nasa
2024-05-11 22:00:00+00:00,23.03,72.58,31.81,43.4,4.14,0.0,fused_om_nasa
2024-05-11 23:00:00+00:00,23.03,72.58,31.12,45.3,4.04,0.0,fused_om_nasa
2024-05-12 00:00:00+00:00,23.03,72.58,30.51,49.2,4.1,0.0,fused_om_nasa
2024-05-12 01:00:00+00:00,23.03,72.58,30.72,52.7,4.29,6.9,fused_om_nasa
2024-05-12 02:00:00+00:00,23.03,72.58,30.78,55.1,4.08,114.7,fused_om_nasa
2024-05-12 03:00:00+00:00,23.03,72.58,31.21,55.6,3.82,221.8,fused_om_nasa
2024-05-12 04:00:00+00:00,23.03,72.58,31.97,53.5,3.16,290.6,fused_om_nasa
2024-05-12 05:00:00+00:00,23.03,72.58,32.76,51.9,2.62,332.9,fused_om_nasa
2024-05-12 06:00:00+00:00,23.03,72.58,34.01,48.5,3.04,406.7,fused_om_nasa
2024-05-12 07:00:00+00:00,23.03,72.58,35.5,42.8,2.55,447.2,fused_om_nasa
2024-05-12 08:00:00+00:00,23.03,72.58,37.26,35.4,1.92,521.9,fused_om_nasa
2024-05-12 09:00:00+00:00,23.03,72.58,39.1,29.2,1.04,594.7,fused_om_nasa
2024-05-12 10:00:00+00:00,23.03,72.58,40.61,25.8,1.85,642.9,fused_om_nasa
2024-05-12 11:00:00+00:00,23.03,72.58,39.72,27.8,4.12,703.3,fused_om_nasa
2024-05-12 12:00:00+00:00,23.03,72.58,39.54,27.6,3.25,600.7,fused_om_nasa
2024-05-12 13:00:00+00:00,23.03,72.58,40.99,21.6,3.55,489.8,fused_om_nasa
2024-05-12 14:00:00+00:00,23.03,72.58,39.68,24.4,2.96,398.0,fused_om_nasa
2024-05-12 15:00:00+00:00,23.03,72.58,39.02,24.4,3.27,295.2,fused_om_nasa
2024-05-12 16:00:00+00:00,23.03,72.58,38.37,26.6,2.74,184.7,fused_om_nasa
2024-05-12 17:00:00+00:00,23.03,72.58,37.2,27.1,2.62,79.0,fused_om_nasa
2024-05-12 18:00:00+00:00,23.03,72.58,35.8,30.2,2.64,8.1,fused_om_nasa
2024-05-12 19:00:00+00:00,23.03,72.58,34.92,30.9,2.86,0.0,fused_om_nasa
2024-05-12 20:00:00+00:00,23.03,72.58,33.96,37.1,3.8,0.0,fused_om_nasa
2024-05-12 21:00:00+00:00,23.03,72.58,32.78,42.6,3.84,0.0,fused_om_nasa
2024-05-12 22:00:00+00:00,23.03,72.58,32.02,43.7,3.72,0.0,fused_om_nasa
2024-05-12 23:00:00+00:00,23.03,72.58,31.36,45.0,3.39,0.0,fused_om_nasa
2024-05-13 00:00:00+00:00,23.03,72.58,30.8,45.7,3.17,0.0,fused_om_nasa
2024-05-13 01:00:00+00:00,23.03,72.58,31.0,47.9,3.2,6.8,fused_om_nasa
2024-05-13 02:00:00+00:00,23.03,72.58,31.24,48.1,2.98,113.9,fused_om_nasa
2024-05-13 03:00:00+00:00,23.03,72.58,31.94,45.9,3.19,222.4,fused_om_nasa
2024-05-13 04:00:00+00:00,23.03,72.58,32.9,42.9,3.26,288.6,fused_om_nasa
2024-05-13 05:00:00+00:00,23.03,72.58,33.61,41.1,3.19,301.3,fused_om_nasa
2024-05-13 06:00:00+00:00,23.03,72.58,34.74,35.9,2.76,345.6,fused_om_nasa
2024-05-13 07:00:00+00:00,23.03,72.58,34.58,38.4,6.16,308.8,fused_om_nasa
2024-05-13 08:00:00+00:00,23.03,72.58,34.42,39.7,3.3,287.9,fused_om_nasa
2024-05-13 09:00:00+00:00,23.03,72.58,37.84,31.2,2.55,528.9,fused_om_nasa
2024-05-13 10:00:00+00:00,23.03,72.58,39.5,27.0,1.05,635.7,fused_om_nasa
2024-05-13 11:00:00+00:00,23.03,72.58,39.35,28.4,3.66,589.1,fused_om_nasa
2024-05-13 12:00:00+00:00,23.03,72.58,39.3,29.4,2.92,470.3,fused_om_nasa
2024-05-13 13:00:00+00:00,23.03,72.58,39.86,25.6,2.98,412.5,fused_om_nasa
2024-05-13 14:00:00+00:00,23.03,72.58,39.24,26.1,2.85,324.9,fused_om_nasa
2024-05-13 15:00:00+00:00,23.03,72.58,38.46,29.3,2.87,175.4,fused_om_nasa
2024-05-13 16:00:00+00:00,23.03,72.58,37.53,31.8,2.86,111.9,fused_om_nasa
2024-05-13 17:00:00+00:00,23.03,72.58,36.61,33.6,2.8,49.6,fused_om_nasa
2024-05-13 18:00:00+00:00,23.03,72.58,35.51,35.5,3.12,4.9,fused_om_nasa
2024-05-13 19:00:00+00:00,23.03,72.58,34.46,37.2,2.47,0.0,fused_om_nasa
2024-05-13 20:00:00+00:00,23.03,72.58,33.38,40.1,2.74,0.0,fused_om_nasa
2024-05-13 21:00:00+00:00,23.03,72.58,32.99,41.4,2.36,0.0,fused_om_nasa
2024-05-13 22:00:00+00:00,23.03,72.58,32.06,44.4,2.78,0.0,fused_om_nasa
2024-05-13 23:00:00+00:00,23.03,72.58,31.16,46.9,2.26,0.0,fused_om_nasa
2024-05-14 00:00:00+00:00,23.03,72.58,30.74,48.9,2.48,0.0,fused_om_nasa
2024-05-14 01:00:00+00:00,23.03,72.58,29.64,53.8,1.76,0.0,fused_om_nasa
2024-05-14 02:00:00+00:00,23.03,72.58,30.04,52.2,1.74,71.6,fused_om_nasa
2024-05-14 03:00:00+00:00,23.03,72.58,30.76,50.0,1.42,157.8,fused_om_nasa
2024-05-14 04:00:00+00:00,23.03,72.58,31.64,47.1,1.09,242.7,fused_om_nasa
2024-05-14 05:00:00+00:00,23.03,72.58,32.7,43.2,1.76,305.5,fused_om_nasa
2024-05-14 06:00:00+00:00,23.03,72.58,34.3,38.2,2.33,378.7,fused_om_nasa
2024-05-14 07:00:00+00:00,23.03,72.58,36.57,31.8,2.68,474.5,fused_om_nasa
2024-05-14 08:00:00+00:00,23.03,72.58,36.43,31.4,2.92,566.0,fused_om_nasa
2024-05-14 09:00:00+00:00,23.03,72.58,37.94,27.2,2.2,443.5,fused_om_nasa
2024-05-14 10:00:00+00:00,23.03,72.58,38.16,26.9,2.47,621.0,fused_om_nasa
2024-05-14 11:00:00+00:00,23.03,72.58,38.8,25.3,1.11,553.6,fused_om_nasa
2024-05-14 12:00:00+00:00,23.03,72.58,39.34,23.8,0.56,598.6,fused_om_nasa
2024-05-14 13:00:00+00:00,23.03,72.58,39.97,19.6,1.76,497.4,fused_om_nasa
2024-05-14 14:00:00+00:00,23.03,72.58,38.99,20.2,2.06,405.0,fused_om_nasa
2024-05-14 15:00:00+00:00,23.03,72.58,38.5,20.1,1.48,312.3,fused_om_nasa
2024-05-14 16:00:00+00:00,23.03,72.58,37.69,21.3,2.3,201.7,fused_om_nasa
2024-05-14 17:00:00+00:00,23.03,72.58,37.08,21.9,1.84,89.1,fused_om_nasa
2024-05-14 18:00:00+00:00,23.03,72.58,34.59,28.5,1.82,9.5,fused_om_nasa
2024-05-14 19:00:00+00:00,23.03,72.58,35.02,28.2,1.48,0.0,fused_om_nasa
2024-05-14 20:00:00+00:00,23.03,72.58,34.52,28.6,1.09,0.0,fused_om_nasa
2024-05-14 21:00:00+00:00,23.03,72.58,32.53,32.2,1.27,0.0,fused_om_nasa
2024-05-14 22:00:00+00:00,23.03,72.58,32.06,34.2,1.56,0.0,fused_om_nasa
2024-05-14 23:00:00+00:00,23.03,72.58,31.17,35.2,1.49,0.0,fused_om_nasa
2024-05-15 00:00:00+00:00,23.03,72.58,30.74,37.3,1.2,0.0,fused_om_nasa
2024-05-15 01:00:00+00:00,23.03,72.58,31.48,37.1,0.78,6.7,fused_om_nasa
2024-05-15 02:00:00+00:00,23.03,72.58,32.14,35.4,0.3,87.2,fused_om_nasa
2024-05-15 03:00:00+00:00,23.03,72.58,33.27,33.4,1.1,195.1,fused_om_nasa
2024-05-15 04:00:00+00:00,23.03,72.58,34.21,32.2,1.05,241.6,fused_om_nasa
2024-05-15 05:00:00+00:00,23.03,72.58,35.16,30.9,1.64,329.7,fused_om_nasa
2024-05-15 06:00:00+00:00,23.03,72.58,36.43,28.3,1.54,428.2,fused_om_nasa
2024-05-15 07:00:00+00:00,23.03,72.58,37.74,24.1,3.16,513.6,fused_om_nasa
2024-05-15 08:00:00+00:00,23.03,72.58,39.37,20.5,3.04,469.5,fused_om_nasa
2024-05-15 09:00:00+00:00,23.03,72.58,40.36,19.3,3.84,625.4,fused_om_nasa
2024-05-15 10:00:00+00:00,23.03,72.58,40.98,19.0,4.0,659.5,fused_om_nasa
2024-05-15 11:00:00+00:00,23.03,72.58,41.56,17.8,3.42,661.2,fused_om_nasa
2024-05-15 12:00:00+00:00,23.03,72.58,41.92,17.4,2.63,600.9,fused_om_nasa
2024-05-15 13:00:00+00:00,23.03,72.58,41.54,17.6,2.02,487.8,fused_om_nasa
2024-05-15 14:00:00+00:00,23.03,72.58,40.95,17.1,1.52,361.6,fused_om_nasa
2024-05-15 15:00:00+00:00,23.03,72.58,38.62,21.2,2.18,247.7,fused_om_nasa
2024-05-15 16:00:00+00:00,23.03,72.58,38.2,21.6,1.25,154.1,fused_om_nasa
2024-05-15 17:00:00+00:00,23.03,72.58,36.82,24.7,1.78,67.6,fused_om_nasa
2024-05-15 18:00:00+00:00,23.03,72.58,35.15,29.8,1.36,8.0,fused_om_nasa
2024-05-15 19:00:00+00:00,23.03,72.58,34.1,32.3,1.69,0.0,fused_om_nasa
2024-05-15 20:00:00+00:00,23.03,72.58,33.47,33.0,1.99,0.0,fused_om_nasa
2024-05-15 21:00:00+00:00,23.03,72.58,32.93,33.7,2.63,0.0,fused_om_nasa
2024-05-15 22:00:00+00:00,23.03,72.58,32.47,34.2,2.78,0.0,fused_om_nasa
2024-05-15 23:00:00+00:00,23.03,72.58,31.9,34.5,2.8,0.0,fused_om_nasa
2024-05-16 00:00:00+00:00,23.03,72.58,31.24,35.8,2.62,0.0,fused_om_nasa
2024-05-16 01:00:00+00:00,23.03,72.58,31.29,41.0,3.24,6.6,fused_om_nasa
2024-05-16 02:00:00+00:00,23.03,72.58,31.53,41.6,2.69,98.1,fused_om_nasa
2024-05-16 03:00:00+00:00,23.03,72.58,32.39,40.0,2.72,186.7,fused_om_nasa
2024-05-16 04:00:00+00:00,23.03,72.58,33.53,36.6,2.46,290.0,fused_om_nasa
2024-05-16 05:00:00+00:00,23.03,72.58,34.45,33.8,2.66,335.0,fused_om_nasa
2024-05-16 06:00:00+00:00,23.03,72.58,36.23,29.0,3.3,407.3,fused_om_nasa
2024-05-16 07:00:00+00:00,23.03,72.58,38.03,25.0,2.99,492.7,fused_om_nasa
2024-05-16 08:00:00+00:00,23.03,72.58,40.34,20.7,2.74,537.2,fused_om_nasa
2024-05-16 09:00:00+00:00,23.03,72.58,41.2,18.7,2.15,600.3,fused_om_nasa
2024-05-16 10:00:00+00:00,23.03,72.58,41.99,17.8,0.82,672.9,fused_om_nasa
2024-05-16 11:00:00+00:00,23.03,72.58,42.92,17.0,1.09,713.2,fused_om_nasa
2024-05-16 12:00:00+00:00,23.03,72.58,42.76,17.0,1.06,631.9,fused_om_nasa
2024-05-16 13:00:00+00:00,23.03,72.58,42.52,14.7,2.7,595.5,fused_om_nasa
2024-05-16 14:00:00+00:00,23.03,72.58,41.26,16.6,2.77,402.8,fused_om_nasa
2024-05-16 15:00:00+00:00,23.03,72.58,40.25,18.6,2.72,278.0,fused_om_nasa
2024-05-16 16:00:00+00:00,23.03,72.58,39.32,19.3,3.35,171.5,fused_om_nasa
2024-05-16 17:00:00+00:00,23.03,72.58,38.28,22.8,3.1,72.1,fused_om_nasa
2024-05-16 18:00:00+00:00,23.03,72.58,36.36,27.3,2.9,8.0,fused_om_nasa
2024-05-16 19:00:00+00:00,23.03,72.58,35.28,29.4,3.42,0.0,fused_om_nasa
2024-05-16 20:00:00+00:00,23.03,72.58,34.73,29.9,3.68,0.0,fused_om_nasa
2024-05-16 21:00:00+00:00,23.03,72.58,34.05,31.2,3.82,0.0,fused_om_nasa
2024-05-16 22:00:00+00:00,23.03,72.58,33.44,32.5,3.96,0.0,fused_om_nasa
2024-05-16 23:00:00+00:00,23.03,72.58,32.97,33.8,3.64,0.0,fused_om_nasa
2024-05-17 00:00:00+00:00,23.03,72.58,32.35,35.6,3.44,0.0,fused_om_nasa
2024-05-17 01:00:00+00:00,23.03,72.58,32.42,35.8,2.45,6.6,fused_om_nasa
2024-05-17 02:00:00+00:00,23.03,72.58,32.91,35.2,3.29,93.0,fused_om_nasa
2024-05-17 03:00:00+00:00,23.03,72.58,33.75,34.0,4.56,178.4,fused_om_nasa
2024-05-17 04:00:00+00:00,23.03,72.58,34.68,33.2,3.95,283.4,fused_om_nasa
2024-05-17 05:00:00+00:00,23.03,72.58,35.63,31.8,4.36,336.1,fused_om_nasa
2024-05-17 06:00:00+00:00,23.03,72.58,37.2,28.4,5.26,410.6,fused_om_nasa
2024-05-17 07:00:00+00:00,23.03,72.58,39.26,22.9,5.64,507.2,fused_om_nasa
2024-05-17 08:00:00+00:00,23.03,72.58,41.48,18.2,5.95,575.3,fused_om_nasa
2024-05-17 09:00:00+00:00,23.03,72.58,43.1,15.8,5.54,687.8,fused_om_nasa
2024-05-17 10:00:00+00:00,23.03,72.58,44.02,14.2,5.04,731.1,fused_om_nasa
2024-05-17 11:00:00+00:00,23.03,72.58,44.6,12.9,4.19,727.2,fused_om_nasa
2024-05-17 12:00:00+00:00,23.03,72.58,44.72,12.9,3.96,686.3,fused_om_nasa
2024-05-17 13:00:00+00:00,23.03,72.58,43.46,12.0,5.4,611.3,fused_om_nasa
2024-05-17 14:00:00+00:00,23.03,72.58,42.13,12.4,4.58,414.3,fused_om_nasa
2024-05-17 15:00:00+00:00,23.03,72.58,40.98,13.4,3.71,292.0,fused_om_nasa
2024-05-17 16:00:00+00:00,23.03,72.58,39.37,15.0,3.64,180.6,fused_om_nasa
2024-05-17 17:00:00+00:00,23.03,72.58,38.22,16.9,3.63,78.0,fused_om_nasa
2024-05-17 18:00:00+00:00,23.03,72.58,35.76,22.9,2.46,8.8,fused_om_nasa
2024-05-17 19:00:00+00:00,23.03,72.58,34.42,28.5,3.34,0.0,fused_om_nasa
2024-05-17 20:00:00+00:00,23.03,72.58,33.42,37.5,2.97,0.0,fused_om_nasa
2024-05-17 21:00:00+00:00,23.03,72.58,32.84,40.5,3.06,0.0,fused_om_nasa
2024-05-17 22:00:00+00:00,23.03,72.58,32.53,34.4,3.16,0.0,fused_om_nasa
2024-05-17 23:00:00+00:00,23.03,72.58,32.19,34.9,3.46,0.0,fused_om_nasa
2024-05-18 00:00:00+00:00,23.03,72.58,31.65,38.5,3.76,0.0,fused_om_nasa
2024-05-18 01:00:00+00:00,23.03,72.58,31.62,44.0,3.94,6.5,fused_om_nasa
2024-05-18 02:00:00+00:00,23.03,72.58,32.02,42.8,3.62,117.4,fused_om_nasa
2024-05-18 03:00:00+00:00,23.03,72.58,32.94,39.4,3.16,225.6,fused_om_nasa
2024-05-18 04:00:00+00:00,23.03,72.58,33.9,34.1,2.8,294.0,fused_om_nasa
2024-05-18 05:00:00+00:00,23.03,72.58,34.93,30.4,2.74,338.9,fused_om_nasa
2024-05-18 06:00:00+00:00,23.03,72.58,36.88,25.3,3.22,412.6,fused_om_nasa
2024-05-18 07:00:00+00:00,23.03,72.58,39.06,20.4,3.39,508.0,fused_om_nasa
2024-05-18 08:00:00+00:00,23.03,72.58,41.2,16.4,3.6,576.7,fused_om_nasa
2024-05-18 09:00:00+00:00,23.03,72.58,42.8,14.3,3.84,688.1,fused_om_nasa
2024-05-18 10:00:00+00:00,23.03,72.58,43.64,13.3,4.08,692.6,fused_om_nasa
2024-05-18 11:00:00+00:00,23.03,72.58,44.28,12.6,4.32,733.8,fused_om_nasa
2024-05-18 12:00:00+00:00,23.03,72.58,44.63,12.1,4.08,689.8,fused_om_nasa
2024-05-18 13:00:00+00:00,23.03,72.58,43.9,12.3,4.24,600.9,fused_om_nasa
2024-05-18 14:00:00+00:00,23.03,72.58,42.61,13.8,4.3,410.2,fused_om_nasa
2024-05-18 15:00:00+00:00,23.03,72.58,41.72,14.9,4.1,300.8,fused_om_nasa
2024-05-18 16:00:00+00:00,23.03,72.58,40.78,15.7,3.96,185.3,fused_om_nasa
2024-05-18 17:00:00+00:00,23.03,72.58,39.52,17.3,3.64,81.4,fused_om_nasa
2024-05-18 18:00:00+00:00,23.03,72.58,37.42,20.0,3.0,9.2,fused_om_nasa
2024-05-18 19:00:00+00:00,23.03,72.58,36.14,21.7,3.5,0.0,fused_om_nasa
2024-05-18 20:00:00+00:00,23.03,72.58,35.41,24.5,3.87,0.0,fused_om_nasa
2024-05-18 21:00:00+00:00,23.03,72.58,34.72,27.3,3.8,0.0,fused_om_nasa
2024-05-18 22:00:00+00:00,23.03,72.58,34.51,25.2,4.34,0.0,fused_om_nasa
2024-05-18 23:00:00+00:00,23.03,72.58,34.07,22.9,4.51,0.0,fused_om_nasa
2024-05-19 00:00:00+00:00,23.03,72.58,32.99,24.8,4.3,0.0,fused_om_nasa
2024-05-19 01:00:00+00:00,23.03,72.58,32.96,26.9,4.76,6.4,fused_om_nasa
2024-05-19 02:00:00+00:00,23.03,72.58,33.48,26.6,4.79,92.1,fused_om_nasa
2024-05-19 03:00:00+00:00,23.03,72.58,34.45,25.1,4.3,215.0,fused_om_nasa
2024-05-19 04:00:00+00:00,23.03,72.58,35.3,23.6,4.15,230.5,fused_om_nasa
2024-05-19 05:00:00+00:00,23.03,72.58,36.16,22.7,4.2,284.8,fused_om_nasa
2024-05-19 06:00:00+00:00,23.03,72.58,37.39,20.9,4.89,367.9,fused_om_nasa
2024-05-19 07:00:00+00:00,23.03,72.58,39.14,18.3,5.8,475.8,fused_om_nasa
2024-05-19 08:00:00+00:00,23.03,72.58,41.2,15.5,6.24,605.6,fused_om_nasa
2024-05-19 09:00:00+00:00,23.03,72.58,42.92,13.9,6.06,712.1,fused_om_nasa
2024-05-19 10:00:00+00:00,23.03,72.58,44.19,12.9,5.46,724.7,fused_om_nasa
2024-05-19 11:00:00+00:00,23.03,72.58,44.81,12.2,4.99,773.8,fused_om_nasa
2024-05-19 12:00:00+00:00,23.03,72.58,45.08,11.7,4.68,706.7,fused_om_nasa
2024-05-19 13:00:00+00:00,23.03,72.58,44.48,12.0,4.15,591.1,fused_om_nasa
2024-05-19 14:00:00+00:00,23.03,72.58,42.99,13.4,4.53,393.2,fused_om_nasa
2024-05-19 15:00:00+00:00,23.03,72.58,42.36,14.0,5.14,297.0,fused_om_nasa
2024-05-19 16:00:00+00:00,23.03,72.58,41.65,15.2,5.18,183.6,fused_om_nasa
2024-05-19 17:00:00+00:00,23.03,72.58,40.66,16.2,5.51,78.8,fused_om_nasa
2024-05-19 18:00:00+00:00,23.03,72.58,38.47,19.4,4.44,9.3,fused_om_nasa
2024-05-19 19:00:00+00:00,23.03,72.58,36.84,23.4,4.39,0.0,fused_om_nasa
2024-05-19 20:00:00+00:00,23.03,72.58,36.35,22.9,4.66,0.0,fused_om_nasa
2024-05-19 21:00:00+00:00,23.03,72.58,35.58,23.5,4.68,0.0,fused_om_nasa
2024-05-19 22:00:00+00:00,23.03,72.58,34.75,24.9,5.0,0.0,fused_om_nasa
2024-05-19 23:00:00+00:00,23.03,72.58,33.92,27.4,5.48,0.0,fused_om_nasa
2024-05-20 00:00:00+00:00,23.03,72.58,32.99,30.8,5.54,0.0,fused_om_nasa
2024-05-20 01:00:00+00:00,23.03,72.58,32.18,34.2,5.26,6.4,fused_om_nasa
2024-05-20 02:00:00+00:00,23.03,72.58,32.23,37.3,5.07,82.8,fused_om_nasa
2024-05-20 03:00:00+00:00,23.03,72.58,32.61,38.4,4.98,180.8,fused_om_nasa
2024-05-20 04:00:00+00:00,23.03,72.58,33.46,36.4,5.02,246.0,fused_om_nasa
2024-05-20 05:00:00+00:00,23.03,72.58,34.46,33.5,4.84,312.4,fused_om_nasa
2024-05-20 06:00:00+00:00,23.03,72.58,36.06,29.4,5.33,395.3,fused_om_nasa
2024-05-20 07:00:00+00:00,23.03,72.58,37.95,25.3,5.94,491.5,fused_om_nasa
2024-05-20 08:00:00+00:00,23.03,72.58,40.31,19.6,6.21,621.1,fused_om_nasa
2024-05-20 09:00:00+00:00,23.03,72.58,42.51,15.3,6.35,711.0,fused_om_nasa
2024-05-20 10:00:00+00:00,23.03,72.58,43.84,13.4,6.14,760.7,fused_om_nasa
2024-05-20 11:00:00+00:00,23.03,72.58,44.5,12.8,5.89,778.4,fused_om_nasa
2024-05-20 12:00:00+00:00,23.03,72.58,44.62,12.9,5.7,735.1,fused_om_nasa
2024-05-20 13:00:00+00:00,23.03,72.58,44.15,13.2,5.73,589.8,fused_om_nasa
2024-05-20 14:00:00+00:00,23.03,72.58,42.96,14.3,5.26,411.2,fused_om_nasa
2024-05-20 15:00:00+00:00,23.03,72.58,42.05,15.9,5.12,301.0,fused_om_nasa
2024-05-20 16:00:00+00:00,23.03,72.58,41.14,19.6,4.52,189.8,fused_om_nasa
2024-05-20 17:00:00+00:00,23.03,72.58,39.62,21.6,3.89,83.4,fused_om_nasa
2024-05-20 18:00:00+00:00,23.03,72.58,38.12,23.4,3.76,10.0,fused_om_nasa
2024-05-20 19:00:00+00:00,23.03,72.58,36.92,27.0,4.23,0.0,fused_om_nasa
2024-05-20 20:00:00+00:00,23.03,72.58,36.1,31.0,4.99,0.0,fused_om_nasa
2024-05-20 21:00:00+00:00,23.03,72.58,35.29,33.8,5.59,0.0,fused_om_nasa
2024-05-20 22:00:00+00:00,23.03,72.58,34.45,34.7,5.5,0.0,fused_om_nasa
2024-05-20 23:00:00+00:00,23.03,72.58,33.49,35.3,5.02,0.0,fused_om_nasa
2024-05-21 00:00:00+00:00,23.03,72.58,32.48,37.4,4.58,0.0,fused_om_nasa
2024-05-21 01:00:00+00:00,23.03,72.58,32.08,40.9,4.16,6.4,fused_om_nasa
2024-05-21 02:00:00+00:00,23.03,72.58,32.28,41.1,4.5,109.2,fused_om_nasa
2024-05-21 03:00:00+00:00,23.03,72.58,32.67,40.0,3.84,179.4,fused_om_nasa
2024-05-21 04:00:00+00:00,23.03,72.58,33.42,38.1,3.38,247.4,fused_om_nasa
2024-05-21 05:00:00+00:00,23.03,72.58,34.26,35.8,3.64,305.2,fused_om_nasa
2024-05-21 06:00:00+00:00,23.03,72.58,35.62,33.7,4.06,365.2,fused_om_nasa
2024-05-21 07:00:00+00:00,23.03,72.58,37.64,30.3,4.22,467.4,fused_om_nasa
2024-05-21 08:00:00+00:00,23.03,72.58,40.14,23.4,4.51,621.5,fused_om_nasa
2024-05-21 09:00:00+00:00,23.03,72.58,42.48,17.3,4.74,732.6,fused_om_nasa
2024-05-21 10:00:00+00:00,23.03,72.58,44.04,14.7,4.42,785.0,fused_om_nasa
2024-05-21 11:00:00+00:00,23.03,72.58,44.92,13.2,4.37,792.9,fused_om_nasa
2024-05-21 12:00:00+00:00,23.03,72.58,45.21,12.7,4.12,738.2,fused_om_nasa
2024-05-21 13:00:00+00:00,23.03,72.58,44.31,12.8,3.42,600.4,fused_om_nasa
2024-05-21 14:00:00+00:00,23.03,72.58,43.6,13.7,2.35,423.8,fused_om_nasa
2024-05-21 15:00:00+00:00,23.03,72.58,42.02,15.7,2.8,308.0,fused_om_nasa
2024-05-21 16:00:00+00:00,23.03,72.58,40.88,16.5,3.14,189.8,fused_om_nasa
2024-05-21 17:00:00+00:00,23.03,72.58,39.46,17.9,3.37,81.4,fused_om_nasa
2024-05-21 18:00:00+00:00,23.03,72.58,38.01,22.6,3.54,9.8,fused_om_nasa
2024-05-21 19:00:00+00:00,23.03,72.58,36.62,28.7,3.74,0.0,fused_om_nasa
2024-05-21 20:00:00+00:00,23.03,72.58,35.82,32.4,4.14,0.0,fused_om_nasa
2024-05-21 21:00:00+00:00,23.03,72.58,35.04,35.9,4.6,0.0,fused_om_nasa
2024-05-21 22:00:00+00:00,23.03,72.58,34.17,40.4,4.98,0.0,fused_om_nasa
2024-05-21 23:00:00+00:00,23.03,72.58,33.3,44.9,5.2,0.0,fused_om_nasa
2024-05-22 00:00:00+00:00,23.03,72.58,32.42,49.2,4.81,0.0,fused_om_nasa
2024-05-22 01:00:00+00:00,23.03,72.58,32.24,52.2,4.98,6.4,fused_om_nasa
2024-05-22 02:00:00+00:00,23.03,72.58,32.33,53.9,4.38,113.2,fused_om_nasa
2024-05-22 03:00:00+00:00,23.03,72.58,32.9,53.5,3.17,220.8,fused_om_nasa
2024-05-22 04:00:00+00:00,23.03,72.58,33.72,51.9,3.09,287.8,fused_om_nasa
2024-05-22 05:00:00+00:00,23.03,72.58,34.66,49.5,3.1,328.9,fused_om_nasa
2024-05-22 06:00:00+00:00,23.03,72.58,36.32,44.2,3.62,409.3,fused_om_nasa
2024-05-22 07:00:00+00:00,23.03,72.58,38.64,35.9,3.84,506.6,fused_om_nasa
2024-05-22 08:00:00+00:00,23.03,72.58,41.31,26.5,3.88,606.0,fused_om_nasa
2024-05-22 09:00:00+00:00,23.03,72.58,43.81,17.8,4.1,608.2,fused_om_nasa
2024-05-22 10:00:00+00:00,23.03,72.58,45.24,14.8,3.92,673.6,fused_om_nasa
2024-05-22 11:00:00+00:00,23.03,72.58,45.93,13.0,3.9,714.9,fused_om_nasa
2024-05-22 12:00:00+00:00,23.03,72.58,46.12,12.3,4.14,719.2,fused_om_nasa
2024-05-22 13:00:00+00:00,23.03,72.58,45.55,12.4,2.98,610.4,fused_om_nasa
2024-05-22 14:00:00+00:00,23.03,72.58,43.18,14.3,3.51,415.0,fused_om_nasa
2024-05-22 15:00:00+00:00,23.03,72.58,42.28,14.8,3.53,293.4,fused_om_nasa
2024-05-22 16:00:00+00:00,23.03,72.58,43.1,13.0,3.34,185.6,fused_om_nasa
2024-05-22 17:00:00+00:00,23.03,72.58,40.52,16.4,4.05,83.0,fused_om_nasa
2024-05-22 18:00:00+00:00,23.03,72.58,38.42,20.3,3.1,10.4,fused_om_nasa
2024-05-22 19:00:00+00:00,23.03,72.58,36.82,21.9,2.9,0.0,fused_om_nasa
2024-05-22 20:00:00+00:00,23.03,72.58,35.8,25.4,3.42,0.0,fused_om_nasa
2024-05-22 21:00:00+00:00,23.03,72.58,34.85,30.5,3.82,0.0,fused_om_nasa
2024-05-22 22:00:00+00:00,23.03,72.58,34.14,34.5,4.3,0.0,fused_om_nasa
2024-05-22 23:00:00+00:00,23.03,72.58,33.42,36.3,4.32,0.0,fused_om_nasa
2024-05-23 00:00:00+00:00,23.03,72.58,32.84,36.6,4.5,0.0,fused_om_nasa
2024-05-23 01:00:00+00:00,23.03,72.58,32.08,42.3,4.58,6.3,fused_om_nasa
2024-05-23 02:00:00+00:00,23.03,72.58,32.2,43.7,4.76,123.8,fused_om_nasa
2024-05-23 03:00:00+00:00,23.03,72.58,32.67,44.3,4.5,230.7,fused_om_nasa
2024-05-23 04:00:00+00:00,23.03,72.58,33.6,44.4,4.68,297.8,fused_om_nasa
2024-05-23 05:00:00+00:00,23.03,72.58,34.86,42.0,4.7,342.4,fused_om_nasa
2024-05-23 06:00:00+00:00,23.03,72.58,36.69,37.3,5.26,423.6,fused_om_nasa
2024-05-23 07:00:00+00:00,23.03,72.58,39.16,29.3,5.78,534.0,fused_om_nasa
2024-05-23 08:00:00+00:00,23.03,72.58,41.89,20.6,6.21,647.8,fused_om_nasa
2024-05-23 09:00:00+00:00,23.03,72.58,43.84,16.6,6.2,739.5,fused_om_nasa
2024-05-23 10:00:00+00:00,23.03,72.58,45.11,14.0,5.88,796.0,fused_om_nasa
2024-05-23 11:00:00+00:00,23.03,72.58,46.01,12.3,5.62,802.8,fused_om_nasa
2024-05-23 12:00:00+00:00,23.03,72.58,46.23,11.5,5.55,757.0,fused_om_nasa
2024-05-23 13:00:00+00:00,23.03,72.58,45.89,11.0,5.23,610.6,fused_om_nasa
2024-05-23 14:00:00+00:00,23.03,72.58,44.32,12.3,4.84,419.4,fused_om_nasa
2024-05-23 15:00:00+00:00,23.03,72.58,43.47,12.7,5.08,302.0,fused_om_nasa
2024-05-23 16:00:00+00:00,23.03,72.58,42.34,13.9,4.82,193.8,fused_om_nasa
2024-05-23 17:00:00+00:00,23.03,72.58,41.11,17.9,5.38,87.8,fused_om_nasa
2024-05-23 18:00:00+00:00,23.03,72.58,38.78,21.7,4.22,10.9,fused_om_nasa
2024-05-23 19:00:00+00:00,23.03,72.58,36.94,24.5,3.74,0.0,fused_om_nasa
2024-05-23 20:00:00+00:00,23.03,72.58,36.19,27.0,4.21,0.0,fused_om_nasa
2024-05-23 21:00:00+00:00,23.03,72.58,35.38,30.4,5.2,0.0,fused_om_nasa
2024-05-23 22:00:00+00:00,23.03,72.58,34.39,33.6,6.01,0.0,fused_om_nasa
2024-05-23 23:00:00+00:00,23.03,72.58,33.26,37.1,5.99,0.0,fused_om_nasa
2024-05-24 00:00:00+00:00,23.03,72.58,32.2,42.1,5.35,0.0,fused_om_nasa
2024-05-24 01:00:00+00:00,23.03,72.58,31.33,51.2,4.81,6.3,fused_om_nasa
2024-05-24 02:00:00+00:00,23.03,72.58,31.26,55.8,4.97,121.2,fused_om_nasa
2024-05-24 03:00:00+00:00,23.03,72.58,31.86,55.7,4.75,228.2,fused_om_nasa
2024-05-24 04:00:00+00:00,23.03,72.58,32.84,52.3,4.72,295.2,fused_om_nasa
2024-05-24 05:00:00+00:00,23.03,72.58,33.92,49.2,4.74,338.8,fused_om_nasa
2024-05-24 06:00:00+00:00,23.03,72.58,35.64,43.5,5.65,418.0,fused_om_nasa
2024-05-24 07:00:00+00:00,23.03,72.58,38.02,34.3,6.02,521.8,fused_om_nasa
2024-05-24 08:00:00+00:00,23.03,72.58,40.5,25.5,6.15,626.5,fused_om_nasa
2024-05-24 09:00:00+00:00,23.03,72.58,42.86,19.0,6.24,714.0,fused_om_nasa
2024-05-24 10:00:00+00:00,23.03,72.58,44.5,15.8,5.88,771.5,fused_om_nasa
2024-05-24 11:00:00+00:00,23.03,72.58,45.34,14.0,5.56,784.8,fused_om_nasa
2024-05-24 12:00:00+00:00,23.03,72.58,45.6,13.3,5.36,744.3,fused_om_nasa
2024-05-24 13:00:00+00:00,23.03,72.58,45.2,12.9,4.69,616.8,fused_om_nasa
2024-05-24 14:00:00+00:00,23.03,72.58,43.96,13.7,4.63,427.8,fused_om_nasa
2024-05-24 15:00:00+00:00,23.03,72.58,42.86,16.2,4.65,300.6,fused_om_nasa
2024-05-24 16:00:00+00:00,23.03,72.58,42.01,19.4,4.52,186.7,fused_om_nasa
2024-05-24 17:00:00+00:00,23.03,72.58,40.86,22.3,5.07,80.4,fused_om_nasa
2024-05-24 18:00:00+00:00,23.03,72.58,38.53,23.0,4.12,10.2,fused_om_nasa
2024-05-24 19:00:00+00:00,23.03,72.58,36.49,23.0,4.43,0.0,fused_om_nasa
2024-05-24 20:00:00+00:00,23.03,72.58,35.51,27.4,5.24,0.0,fused_om_nasa
2024-05-24 21:00:00+00:00,23.03,72.58,34.4,34.1,6.26,0.0,fused_om_nasa
2024-05-24 22:00:00+00:00,23.03,72.58,32.91,42.7,6.05,0.0,fused_om_nasa
2024-05-24 23:00:00+00:00,23.03,72.58,31.5,51.9,5.99,0.0,fused_om_nasa
2024-05-25 00:00:00+00:00,23.03,72.58,30.65,57.4,5.48,0.0,fused_om_nasa
2024-05-25 01:00:00+00:00,23.03,72.58,30.68,59.4,3.85,6.2,fused_om_nasa
2024-05-25 02:00:00+00:00,23.03,72.58,30.85,59.4,4.2,118.6,fused_om_nasa
2024-05-25 03:00:00+00:00,23.03,72.58,31.31,57.8,4.63,225.8,fused_om_nasa
2024-05-25 04:00:00+00:00,23.03,72.58,32.08,55.7,4.55,291.2,fused_om_nasa
2024-05-25 05:00:00+00:00,23.03,72.58,32.85,54.2,4.28,334.9,fused_om_nasa
2024-05-25 06:00:00+00:00,23.03,72.58,34.42,49.2,5.34,416.6,fused_om_nasa
2024-05-25 07:00:00+00:00,23.03,72.58,36.6,41.3,5.83,531.2,fused_om_nasa
2024-05-25 08:00:00+00:00,23.03,72.58,38.93,32.6,5.56,647.2,fused_om_nasa
2024-05-25 09:00:00+00:00,23.03,72.58,41.2,25.0,5.08,736.5,fused_om_nasa
2024-05-25 10:00:00+00:00,23.03,72.58,42.92,20.5,4.01,792.9,fused_om_nasa
2024-05-25 11:00:00+00:00,23.03,72.58,43.94,18.2,3.35,763.8,fused_om_nasa
2024-05-25 12:00:00+00:00,23.03,72.58,44.44,17.0,3.3,706.9,fused_om_nasa
2024-05-25 13:00:00+00:00,23.03,72.58,43.78,18.0,3.29,606.0,fused_om_nasa
2024-05-25 14:00:00+00:00,23.03,72.58,42.67,19.4,2.44,410.6,fused_om_nasa
2024-05-25 15:00:00+00:00,23.03,72.58,42.32,20.9,3.56,294.7,fused_om_nasa
2024-05-25 16:00:00+00:00,23.03,72.58,39.73,36.2,4.23,187.0,fused_om_nasa
2024-05-25 17:00:00+00:00,23.03,72.58,38.83,38.6,4.3,84.0,fused_om_nasa
2024-05-25 18:00:00+00:00,23.03,72.58,37.18,41.3,3.33,11.4,fused_om_nasa
2024-05-25 19:00:00+00:00,23.03,72.58,35.78,45.4,3.28,0.0,fused_om_nasa
2024-05-25 20:00:00+00:00,23.03,72.58,35.55,46.3,3.41,0.0,fused_om_nasa
2024-05-25 21:00:00+00:00,23.03,72.58,35.47,39.1,3.68,0.0,fused_om_nasa
2024-05-25 22:00:00+00:00,23.03,72.58,34.78,36.1,4.2,0.0,fused_om_nasa
2024-05-25 23:00:00+00:00,23.03,72.58,33.66,38.7,3.68,0.0,fused_om_nasa
2024-05-26 00:00:00+00:00,23.03,72.58,32.74,43.8,4.25,0.0,fused_om_nasa
2024-05-26 01:00:00+00:00,23.03,72.58,32.08,52.0,4.42,6.2,fused_om_nasa
2024-05-26 02:00:00+00:00,23.03,72.58,31.56,59.4,4.68,89.8,fused_om_nasa
2024-05-26 03:00:00+00:00,23.03,72.58,31.72,60.3,4.93,185.2,fused_om_nasa
2024-05-26 04:00:00+00:00,23.03,72.58,32.4,56.8,5.06,279.5,fused_om_nasa
2024-05-26 05:00:00+00:00,23.03,72.58,33.28,54.2,5.26,333.4,fused_om_nasa
2024-05-26 06:00:00+00:00,23.03,72.58,34.5,50.6,5.41,410.1,fused_om_nasa
2024-05-26 07:00:00+00:00,23.03,72.58,36.53,43.7,5.57,506.1,fused_om_nasa
2024-05-26 08:00:00+00:00,23.03,72.58,38.72,35.6,5.63,607.1,fused_om_nasa
2024-05-26 09:00:00+00:00,23.03,72.58,40.76,28.9,5.7,713.6,fused_om_nasa
2024-05-26 10:00:00+00:00,23.03,72.58,42.32,25.2,5.31,761.6,fused_om_nasa
2024-05-26 11:00:00+00:00,23.03,72.58,43.54,22.6,4.73,773.2,fused_om_nasa
2024-05-26 12:00:00+00:00,23.03,72.58,44.27,20.4,3.92,718.5,fused_om_nasa
2024-05-26 13:00:00+00:00,23.03,72.58,43.64,20.3,4.45,606.6,fused_om_nasa
2024-05-26 14:00:00+00:00,23.03,72.58,43.22,20.7,4.06,400.6,fused_om_nasa
2024-05-26 15:00:00+00:00,23.03,72.58,42.54,22.9,4.16,279.2,fused_om_nasa
2024-05-26 16:00:00+00:00,23.03,72.58,40.72,30.9,4.89,173.0,fused_om_nasa
2024-05-26 17:00:00+00:00,23.03,72.58,39.88,31.7,5.12,76.1,fused_om_nasa
2024-05-26 18:00:00+00:00,23.03,72.58,38.61,30.7,4.78,10.0,fused_om_nasa
2024-05-26 19:00:00+00:00,23.03,72.58,36.86,33.4,4.36,0.0,fused_om_nasa
2024-05-26 20:00:00+00:00,23.03,72.58,35.95,36.6,5.25,0.0,fused_om_nasa
2024-05-26 21:00:00+00:00,23.03,72.58,34.78,39.7,5.64,0.0,fused_om_nasa
2024-05-26 22:00:00+00:00,23.03,72.58,33.35,46.0,5.54,0.0,fused_om_nasa
2024-05-26 23:00:00+00:00,23.03,72.58,32.02,54.2,5.47,0.0,fused_om_nasa
2024-05-27 00:00:00+00:00,23.03,72.58,31.08,60.1,5.36,0.0,fused_om_nasa
2024-05-27 01:00:00+00:00,23.03,72.58,30.88,62.8,5.16,6.2,fused_om_nasa
2024-05-27 02:00:00+00:00,23.03,72.58,30.87,62.3,5.58,102.7,fused_om_nasa
2024-05-27 03:00:00+00:00,23.03,72.58,31.34,59.2,5.6,216.4,fused_om_nasa
2024-05-27 04:00:00+00:00,23.03,72.58,32.02,56.2,5.45,277.1,fused_om_nasa
2024-05-27 05:00:00+00:00,23.03,72.58,32.85,54.9,5.15,318.9,fused_om_nasa
2024-05-27 06:00:00+00:00,23.03,72.58,34.42,49.6,5.24,405.0,fused_om_nasa
2024-05-27 07:00:00+00:00,23.03,72.58,36.4,42.1,5.44,506.0,fused_om_nasa
2024-05-27 08:00:00+00:00,23.03,72.58,38.26,35.3,5.8,610.3,fused_om_nasa
2024-05-27 09:00:00+00:00,23.03,72.58,40.17,30.4,5.94,706.2,fused_om_nasa
2024-05-27 10:00:00+00:00,23.03,72.58,42.18,25.1,6.46,759.9,fused_om_nasa
2024-05-27 11:00:00+00:00,23.03,72.58,43.58,21.2,6.88,766.0,fused_om_nasa
2024-05-27 12:00:00+00:00,23.03,72.58,44.12,21.1,7.2,738.9,fused_om_nasa
2024-05-27 13:00:00+00:00,23.03,72.58,43.84,23.0,7.47,613.8,fused_om_nasa
2024-05-27 14:00:00+00:00,23.03,72.58,41.38,33.9,7.66,429.5,fused_om_nasa
2024-05-27 15:00:00+00:00,23.03,72.58,40.87,36.5,7.04,317.0,fused_om_nasa
2024-05-27 16:00:00+00:00,23.03,72.58,39.99,38.9,6.72,196.4,fused_om_nasa
2024-05-27 17:00:00+00:00,23.03,72.58,39.39,36.9,6.2,86.8,fused_om_nasa
2024-05-27 18:00:00+00:00,23.03,72.58,38.42,28.5,6.06,10.9,fused_om_nasa
2024-05-27 19:00:00+00:00,23.03,72.58,36.5,32.3,5.66,0.0,fused_om_nasa
2024-05-27 20:00:00+00:00,23.03,72.58,35.07,37.7,5.68,0.0,fused_om_nasa
2024-05-27 21:00:00+00:00,23.03,72.58,33.78,43.7,5.74,0.0,fused_om_nasa
2024-05-27 22:00:00+00:00,23.03,72.58,32.62,49.3,5.74,0.0,fused_om_nasa
2024-05-27 23:00:00+00:00,23.03,72.58,31.48,56.0,6.48,0.0,fused_om_nasa
2024-05-28 00:00:00+00:00,23.03,72.58,30.47,62.2,5.88,0.0,fused_om_nasa
2024-05-28 01:00:00+00:00,23.03,72.58,30.09,65.3,5.95,6.2,fused_om_nasa
2024-05-28 02:00:00+00:00,23.03,72.58,30.11,67.4,6.28,117.8,fused_om_nasa
2024-05-28 03:00:00+00:00,23.03,72.58,30.64,66.7,6.3,199.4,fused_om_nasa
2024-05-28 04:00:00+00:00,23.03,72.58,31.26,66.0,5.9,229.6,fused_om_nasa
2024-05-28 05:00:00+00:00,23.03,72.58,32.24,63.8,5.54,320.7,fused_om_nasa
2024-05-28 06:00:00+00:00,23.03,72.58,33.78,58.3,5.72,395.8,fused_om_nasa
2024-05-28 07:00:00+00:00,23.03,72.58,35.71,50.1,5.88,472.9,fused_om_nasa
2024-05-28 08:00:00+00:00,23.03,72.58,37.92,41.1,6.3,594.8,fused_om_nasa
2024-05-28 09:00:00+00:00,23.03,72.58,39.79,34.1,6.94,632.4,fused_om_nasa
2024-05-28 10:00:00+00:00,23.03,72.58,41.62,28.3,7.18,710.2,fused_om_nasa
2024-05-28 11:00:00+00:00,23.03,72.58,43.18,22.5,7.71,745.8,fused_om_nasa
2024-05-28 12:00:00+00:00,23.03,72.58,43.61,19.9,8.1,738.2,fused_om_nasa
2024-05-28 13:00:00+00:00,23.03,72.58,40.73,32.8,8.12,601.2,fused_om_nasa
2024-05-28 14:00:00+00:00,23.03,72.58,39.45,36.9,7.64,412.7,fused_om_nasa
2024-05-28 15:00:00+00:00,23.03,72.58,38.84,39.9,6.87,295.1,fused_om_nasa
2024-05-28 16:00:00+00:00,23.03,72.58,38.18,42.6,6.01,187.0,fused_om_nasa
2024-05-28 17:00:00+00:00,23.03,72.58,37.75,42.3,5.7,83.3,fused_om_nasa
2024-05-28 18:00:00+00:00,23.03,72.58,37.34,31.8,6.5,11.8,fused_om_nasa
2024-05-28 19:00:00+00:00,23.03,72.58,35.64,36.5,5.86,0.0,fused_om_nasa
2024-05-28 20:00:00+00:00,23.03,72.58,34.25,43.0,6.08,0.0,fused_om_nasa
2024-05-28 21:00:00+00:00,23.03,72.58,33.03,48.6,5.96,0.0,fused_om_nasa
2024-05-28 22:00:00+00:00,23.03,72.58,31.94,53.5,6.18,0.0,fused_om_nasa
2024-05-28 23:00:00+00:00,23.03,72.58,30.86,59.7,6.32,0.0,fused_om_nasa
2024-05-29 00:00:00+00:00,23.03,72.58,29.88,66.4,6.19,0.0,fused_om_nasa
2024-05-29 01:00:00+00:00,23.03,72.58,29.82,70.5,6.1,12.3,fused_om_nasa
2024-05-29 02:00:00+00:00,23.03,72.58,30.09,71.3,6.69,115.4,fused_om_nasa
2024-05-29 03:00:00+00:00,23.03,72.58,30.78,68.5,6.48,145.6,fused_om_nasa
2024-05-29 04:00:00+00:00,23.03,72.58,31.58,65.1,6.11,240.4,fused_om_nasa
2024-05-29 05:00:00+00:00,23.03,72.58,32.43,62.3,5.86,311.8,fused_om_nasa
2024-05-29 06:00:00+00:00,23.03,72.58,33.66,57.6,5.96,366.8,fused_om_nasa
2024-05-29 07:00:00+00:00,23.03,72.58,35.32,50.8,6.14,478.6,fused_om_nasa
2024-05-29 08:00:00+00:00,23.03,72.58,37.16,44.1,6.36,590.6,fused_om_nasa
2024-05-29 09:00:00+00:00,23.03,72.58,38.76,38.7,6.7,643.9,fused_om_nasa
2024-05-29 10:00:00+00:00,23.03,72.58,40.46,33.0,6.6,653.6,fused_om_nasa
2024-05-29 11:00:00+00:00,23.03,72.58,41.65,29.8,6.86,710.4,fused_om_nasa
2024-05-29 12:00:00+00:00,23.03,72.58,41.6,30.6,6.61,678.5,fused_om_nasa
2024-05-29 13:00:00+00:00,23.03,72.58,39.97,37.9,6.84,540.1,fused_om_nasa
2024-05-29 14:00:00+00:00,23.03,72.58,38.73,42.0,6.82,368.9,fused_om_nasa
2024-05-29 15:00:00+00:00,23.03,72.58,38.32,43.2,6.36,264.1,fused_om_nasa
2024-05-29 16:00:00+00:00,23.03,72.58,37.64,45.1,5.76,171.3,fused_om_nasa
2024-05-29 17:00:00+00:00,23.03,72.58,36.66,47.6,5.22,81.0,fused_om_nasa
2024-05-29 18:00:00+00:00,23.03,72.58,35.63,49.2,4.67,11.9,fused_om_nasa
2024-05-29 19:00:00+00:00,23.03,72.58,34.83,47.9,5.37,0.0,fused_om_nasa
2024-05-29 20:00:00+00:00,23.03,72.58,33.7,49.5,6.3,0.0,fused_om_nasa
2024-05-29 21:00:00+00:00,23.03,72.58,32.39,53.3,6.36,0.0,fused_om_nasa
2024-05-29 22:00:00+00:00,23.03,72.58,31.28,57.7,6.15,0.0,fused_om_nasa
2024-05-29 23:00:00+00:00,23.03,72.58,30.38,62.7,5.78,0.0,fused_om_nasa
2024-05-30 00:00:00+00:00,23.03,72.58,29.69,66.6,5.28,0.0,fused_om_nasa
2024-05-30 01:00:00+00:00,23.03,72.58,30.06,66.5,5.1,6.2,fused_om_nasa
2024-05-30 02:00:00+00:00,23.03,72.58,30.36,65.3,4.94,97.8,fused_om_nasa
2024-05-30 03:00:00+00:00,23.03,72.58,30.94,62.6,4.59,195.9,fused_om_nasa
2024-05-30 04:00:00+00:00,23.03,72.58,31.68,59.1,4.2,270.0,fused_om_nasa
2024-05-30 05:00:00+00:00,23.03,72.58,32.54,55.5,4.0,331.1,fused_om_nasa
2024-05-30 06:00:00+00:00,23.03,72.58,33.84,50.7,4.2,403.0,fused_om_nasa
2024-05-30 07:00:00+00:00,23.03,72.58,35.51,45.1,4.22,495.5,fused_om_nasa
2024-05-30 08:00:00+00:00,23.03,72.58,37.36,39.6,4.36,592.3,fused_om_nasa
2024-05-30 09:00:00+00:00,23.03,72.58,39.1,34.0,4.52,726.0,fused_om_nasa
2024-05-30 10:00:00+00:00,23.03,72.58,40.67,29.6,4.39,783.5,fused_om_nasa
2024-05-30 11:00:00+00:00,23.03,72.58,41.68,27.4,4.34,791.2,fused_om_nasa
2024-05-30 12:00:00+00:00,23.03,72.58,41.59,29.4,4.57,739.7,fused_om_nasa
2024-05-30 13:00:00+00:00,23.03,72.58,40.49,35.0,5.4,607.5,fused_om_nasa
2024-05-30 14:00:00+00:00,23.03,72.58,39.22,37.6,4.88,420.6,fused_om_nasa
2024-05-30 15:00:00+00:00,23.03,72.58,38.51,40.1,4.51,300.3,fused_om_nasa
2024-05-30 16:00:00+00:00,23.03,72.58,37.86,42.0,4.67,194.4,fused_om_nasa
2024-05-30 17:00:00+00:00,23.03,72.58,36.94,44.4,3.84,89.5,fused_om_nasa
2024-05-30 18:00:00+00:00,23.03,72.58,35.82,46.6,2.4,12.6,fused_om_nasa
2024-05-30 19:00:00+00:00,23.03,72.58,34.56,50.0,2.66,0.0,fused_om_nasa
2024-05-30 20:00:00+00:00,23.03,72.58,34.01,52.7,3.45,0.0,fused_om_nasa
2024-05-30 21:00:00+00:00,23.03,72.58,33.72,54.1,4.08,0.0,fused_om_nasa
2024-05-30 22:00:00+00:00,23.03,72.58,33.11,53.9,4.72,0.0,fused_om_nasa
2024-05-30 23:00:00+00:00,23.03,72.58,32.29,58.0,4.48,0.0,fused_om_nasa
2024-05-31 00:00:00+00:00,23.03,72.58,31.54,61.3,4.7,0.0,fused_om_nasa
2024-05-31 01:00:00+00:00,23.03,72.58,31.56,61.7,5.11,6.2,fused_om_nasa
2024-05-31 02:00:00+00:00,23.03,72.58,31.44,62.6,5.32,108.5,fused_om_nasa
2024-05-31 03:00:00+00:00,23.03,72.58,31.62,62.0,5.12,199.2,fused_om_nasa
2024-05-31 04:00:00+00:00,23.03,72.58,31.95,60.2,4.86,254.4,fused_om_nasa
2024-05-31 05:00:00+00:00,23.03,72.58,32.54,58.0,4.7,309.2,fused_om_nasa
2024-05-31 06:00:00+00:00,23.03,72.58,33.7,53.3,4.86,415.8,fused_om_nasa
2024-05-31 07:00:00+00:00,23.03,72.58,35.19,47.0,4.92,526.5,fused_om_nasa
2024-05-31 08:00:00+00:00,23.03,72.58,36.94,40.6,4.78,646.5,fused_om_nasa
2024-05-31 09:00:00+00:00,23.03,72.58,38.66,34.7,4.72,746.8,fused_om_nasa
2024-05-31 10:00:00+00:00,23.03,72.58,40.16,29.1,4.74,799.8,fused_om_nasa
2024-05-31 11:00:00+00:00,23.03,72.58,41.24,25.0,4.8,802.1,fused_om_nasa
2024-05-31 12:00:00+00:00,23.03,72.58,41.81,23.1,4.57,743.9,fused_om_nasa
2024-05-31 13:00:00+00:00,23.03,72.58,41.23,26.4,4.7,615.1,fused_om_nasa
2024-05-31 14:00:00+00:00,23.03,72.58,38.92,35.9,6.18,431.1,fused_om_nasa
2024-05-31 15:00:00+00:00,23.03,72.58,38.15,38.6,5.51,311.0,fused_om_nasa
2024-05-31 16:00:00+00:00,23.03,72.58,37.2,41.7,5.14,201.5,fused_om_nasa
2024-05-31 17:00:00+00:00,23.03,72.58,36.3,45.3,4.22,93.1,fused_om_nasa
2024-05-31 18:00:00+00:00,23.03,72.58,35.34,47.3,2.77,13.1,fused_om_nasa
2024-05-31 19:00:00+00:00,23.03,72.58,34.56,48.8,2.26,0.0,fused_om_nasa
2024-05-31 20:00:00+00:00,23.03,72.58,34.26,48.4,3.73,0.0,fused_om_nasa
2024-05-31 21:00:00+00:00,23.03,72.58,33.61,50.7,3.8,0.0,fused_om_nasa
2024-05-31 22:00:00+00:00,23.03,72.58,33.12,51.6,4.34,0.0,fused_om_nasa
2024-05-31 23:00:00+00:00,23.03,72.58,32.39,54.4,4.2,0.0,fused_om_nasa
2024-06-01 00:00:00+00:00,23.03,72.58,31.66,57.3,4.04,0.0,fused_om_nasa
2024-06-01 01:00:00+00:00,23.03,72.58,31.9,58.5,4.88,6.1,fused_om_nasa
2024-06-01 02:00:00+00:00,23.03,72.58,31.78,59.7,5.08,108.4,fused_om_nasa
2024-06-01 03:00:00+00:00,23.03,72.58,32.06,58.9,5.03,204.8,fused_om_nasa
2024-06-01 04:00:00+00:00,23.03,72.58,32.49,56.3,4.94,260.6,fused_om_nasa
2024-06-01 05:00:00+00:00,23.03,72.58,33.02,53.4,4.79,323.0,fused_om_nasa
2024-06-01 06:00:00+00:00,23.03,72.58,34.06,49.6,4.92,396.8,fused_om_nasa
2024-06-01 07:00:00+00:00,23.03,72.58,35.53,44.6,4.82,493.8,fused_om_nasa
2024-06-01 08:00:00+00:00,23.03,72.58,37.22,38.5,4.68,588.9,fused_om_nasa
2024-06-01 09:00:00+00:00,23.03,72.58,38.83,32.8,4.81,690.2,fused_om_nasa
2024-06-01 10:00:00+00:00,23.03,72.58,40.08,28.8,4.78,783.8,fused_om_nasa
2024-06-01 11:00:00+00:00,23.03,72.58,41.11,25.0,4.84,789.7,fused_om_nasa
2024-06-01 12:00:00+00:00,23.03,72.58,41.64,22.9,4.84,734.9,fused_om_nasa
2024-06-01 13:00:00+00:00,23.03,72.58,40.13,28.0,5.82,536.6,fused_om_nasa
2024-06-01 14:00:00+00:00,23.03,72.58,38.36,33.2,5.84,429.3,fused_om_nasa
2024-06-01 15:00:00+00:00,23.03,72.58,37.84,35.3,5.54,310.8,fused_om_nasa
2024-06-01 16:00:00+00:00,23.03,72.58,36.91,41.5,5.19,199.3,fused_om_nasa
2024-06-01 17:00:00+00:00,23.03,72.58,36.09,47.2,4.72,90.6,fused_om_nasa
2024-06-01 18:00:00+00:00,23.03,72.58,35.0,51.0,4.28,13.1,fused_om_nasa
2024-06-01 19:00:00+00:00,23.03,72.58,34.3,53.1,3.66,0.0,fused_om_nasa
2024-06-01 20:00:00+00:00,23.03,72.58,34.0,53.8,4.31,0.0,fused_om_nasa
2024-06-01 21:00:00+00:00,23.03,72.58,33.59,54.5,4.66,0.0,fused_om_nasa
2024-06-01 22:00:00+00:00,23.03,72.58,32.88,52.8,5.17,0.0,fused_om_nasa
2024-06-01 23:00:00+00:00,23.03,72.58,32.0,55.2,4.66,0.0,fused_om_nasa
2024-06-02 00:00:00+00:00,23.03,72.58,31.16,58.5,4.35,0.0,fused_om_nasa
2024-06-02 01:00:00+00:00,23.03,72.58,31.16,59.8,4.22,6.1,fused_om_nasa
2024-06-02 02:00:00+00:00,23.03,72.58,31.24,60.5,4.4,108.2,fused_om_nasa
2024-06-02 03:00:00+00:00,23.03,72.58,31.68,59.0,4.03,214.8,fused_om_nasa
2024-06-02 04:00:00+00:00,23.03,72.58,32.27,56.0,3.58,283.2,fused_om_nasa
2024-06-02 05:00:00+00:00,23.03,72.58,32.92,53.6,3.38,327.6,fused_om_nasa
2024-06-02 06:00:00+00:00,23.03,72.58,33.92,49.8,3.38,409.5,fused_om_nasa
2024-06-02 07:00:00+00:00,23.03,72.58,35.38,44.2,3.22,521.4,fused_om_nasa
2024-06-02 08:00:00+00:00,23.03,72.58,37.02,38.5,3.26,638.0,fused_om_nasa
2024-06-02 09:00:00+00:00,23.03,72.58,38.54,32.4,3.26,727.5,fused_om_nasa
2024-06-02 10:00:00+00:00,23.03,72.58,39.86,27.2,3.07,770.3,fused_om_nasa
2024-06-02 11:00:00+00:00,23.03,72.58,40.89,23.6,3.04,763.6,fused_om_nasa
2024-06-02 12:00:00+00:00,23.03,72.58,41.34,21.4,3.28,721.9,fused_om_nasa
2024-06-02 13:00:00+00:00,23.03,72.58,41.06,16.0,2.5,628.5,fused_om_nasa
2024-06-02 14:00:00+00:00,23.03,72.58,39.55,16.8,2.69,424.1,fused_om_nasa
2024-06-02 15:00:00+00:00,23.03,72.58,37.83,32.5,4.36,292.6,fused_om_nasa
2024-06-02 16:00:00+00:00,23.03,72.58,36.88,36.6,4.07,186.6,fused_om_nasa
2024-06-02 17:00:00+00:00,23.03,72.58,35.87,42.0,3.9,89.5,fused_om_nasa
2024-06-02 18:00:00+00:00,23.03,72.58,34.48,46.5,3.01,13.4,fused_om_nasa
2024-06-02 19:00:00+00:00,23.03,72.58,33.28,48.7,2.5,0.0,fused_om_nasa
2024-06-02 20:00:00+00:00,23.03,72.58,32.88,49.9,3.23,0.0,fused_om_nasa
2024-06-02 21:00:00+00:00,23.03,72.58,32.08,53.2,3.49,0.0,fused_om_nasa
2024-06-02 22:00:00+00:00,23.03,72.58,31.57,53.9,3.86,0.0,fused_om_nasa
2024-06-02 23:00:00+00:00,23.03,72.58,31.2,55.9,3.85,0.0,fused_om_nasa
2024-06-03 00:00:00+00:00,23.03,72.58,30.84,59.0,3.14,0.0,fused_om_nasa
2024-06-03 01:00:00+00:00,23.03,72.58,31.52,56.0,3.16,6.1,fused_om_nasa
2024-06-03 02:00:00+00:00,23.03,72.58,31.8,56.9,3.78,112.6,fused_om_nasa
2024-06-03 03:00:00+00:00,23.03,72.58,32.21,56.4,3.8,213.7,fused_om_nasa
2024-06-03 04:00:00+00:00,23.03,72.58,32.66,54.9,3.8,277.1,fused_om_nasa
2024-06-03 05:00:00+00:00,23.03,72.58,33.2,53.2,3.82,293.0,fused_om_nasa
2024-06-03 06:00:00+00:00,23.03,72.58,34.43,49.1,3.96,385.3,fused_om_nasa
2024-06-03 07:00:00+00:00,23.03,72.58,36.18,43.5,4.01,487.8,fused_om_nasa
2024-06-03 08:00:00+00:00,23.03,72.58,38.0,36.8,3.86,610.0,fused_om_nasa
2024-06-03 09:00:00+00:00,23.03,72.58,39.54,31.2,3.51,661.2,fused_om_nasa
2024-06-03 10:00:00+00:00,23.03,72.58,40.73,27.1,3.18,711.6,fused_om_nasa
2024-06-03 11:00:00+00:00,23.03,72.58,41.12,25.7,3.38,651.6,fused_om_nasa
2024-06-03 12:00:00+00:00,23.03,72.58,40.21,29.8,3.93,671.0,fused_om_nasa
2024-06-03 13:00:00+00:00,23.03,72.58,41.11,26.8,3.98,499.7,fused_om_nasa
2024-06-03 14:00:00+00:00,23.03,72.58,39.76,31.5,4.43,397.7,fused_om_nasa
2024-06-03 15:00:00+00:00,23.03,72.58,39.18,31.6,3.68,293.9,fused_om_nasa
2024-06-03 16:00:00+00:00,23.03,72.58,38.3,33.4,3.7,191.4,fused_om_nasa
2024-06-03 17:00:00+00:00,23.03,72.58,37.19,37.6,3.62,88.4,fused_om_nasa
2024-06-03 18:00:00+00:00,23.03,72.58,36.28,40.9,3.38,12.8,fused_om_nasa
2024-06-03 19:00:00+00:00,23.03,72.58,35.46,43.2,2.9,0.0,fused_om_nasa
2024-06-03 20:00:00+00:00,23.03,72.58,34.96,43.4,3.96,0.0,fused_om_nasa
2024-06-03 21:00:00+00:00,23.03,72.58,34.02,46.6,4.39,0.0,fused_om_nasa
2024-06-03 22:00:00+00:00,23.03,72.58,33.27,50.0,4.24,0.0,fused_om_nasa
2024-06-03 23:00:00+00:00,23.03,72.58,32.59,52.3,3.76,0.0,fused_om_nasa
2024-06-04 00:00:00+00:00,23.03,72.58,31.91,54.7,3.5,0.0,fused_om_nasa
2024-06-04 01:00:00+00:00,23.03,72.58,31.7,56.0,3.83,6.1,fused_om_nasa
2024-06-04 02:00:00+00:00,23.03,72.58,31.6,57.2,3.92,99.6,fused_om_nasa
2024-06-04 03:00:00+00:00,23.03,72.58,31.8,55.8,4.39,180.2,fused_om_nasa
2024-06-04 04:00:00+00:00,23.03,72.58,32.32,53.8,4.5,258.5,fused_om_nasa
2024-06-04 05:00:00+00:00,23.03,72.58,32.94,51.8,4.15,316.8,fused_om_nasa
2024-06-04 06:00:00+00:00,23.03,72.58,34.1,49.0,4.1,389.3,fused_om_nasa
2024-06-04 07:00:00+00:00,23.03,72.58,35.72,43.6,4.0,481.0,fused_om_nasa
2024-06-04 08:00:00+00:00,23.03,72.58,37.39,37.6,3.9,554.9,fused_om_nasa
2024-06-04 09:00:00+00:00,23.03,72.58,38.92,32.3,3.6,640.9,fused_om_nasa
2024-06-04 10:00:00+00:00,23.03,72.58,40.2,28.7,3.32,703.6,fused_om_nasa
2024-06-04 11:00:00+00:00,23.03,72.58,41.01,27.1,3.41,723.4,fused_om_nasa
2024-06-04 12:00:00+00:00,23.03,72.58,41.24,26.6,3.66,709.3,fused_om_nasa
2024-06-04 13:00:00+00:00,23.03,72.58,41.44,25.0,3.3,597.7,fused_om_nasa
2024-06-04 14:00:00+00:00,23.03,72.58,39.75,31.3,4.5,431.3,fused_om_nasa
2024-06-04 15:00:00+00:00,23.03,72.58,38.5,36.4,4.85,313.6,fused_om_nasa
2024-06-04 16:00:00+00:00,23.03,72.58,37.81,38.6,4.56,208.4,fused_om_nasa
2024-06-04 17:00:00+00:00,23.03,72.58,37.17,39.8,4.22,96.3,fused_om_nasa
2024-06-04 18:00:00+00:00,23.03,72.58,36.4,36.1,4.32,14.3,fused_om_nasa
2024-06-04 19:00:00+00:00,23.03,72.58,35.14,38.0,4.04,0.0,fused_om_nasa
2024-06-04 20:00:00+00:00,23.03,72.58,34.16,40.2,4.18,0.0,fused_om_nasa
2024-06-04 21:00:00+00:00,23.03,72.58,33.34,43.2,4.35,0.0,fused_om_nasa
2024-06-04 22:00:00+00:00,23.03,72.58,32.21,47.5,4.61,0.0,fused_om_nasa
2024-06-04 23:00:00+00:00,23.03,72.58,31.26,52.3,5.03,0.0,fused_om_nasa
2024-06-05 00:00:00+00:00,23.03,72.58,30.37,57.4,4.89,0.0,fused_om_nasa
2024-06-05 01:00:00+00:00,23.03,72.58,30.29,59.9,4.9,6.1,fused_om_nasa
2024-06-05 02:00:00+00:00,23.03,72.58,30.44,59.6,4.77,106.0,fused_om_nasa
2024-06-05 03:00:00+00:00,23.03,72.58,30.9,57.8,4.68,206.0,fused_om_nasa
2024-06-05 04:00:00+00:00,23.03,72.58,31.51,55.3,4.44,275.0,fused_om_nasa
2024-06-05 05:00:00+00:00,23.03,72.58,32.25,52.6,4.26,322.2,fused_om_nasa
2024-06-05 06:00:00+00:00,23.03,72.58,33.43,48.6,4.36,404.6,fused_om_nasa
2024-06-05 07:00:00+00:00,23.03,72.58,34.86,43.9,4.15,520.9,fused_om_nasa
2024-06-05 08:00:00+00:00,23.03,72.58,36.6,37.6,3.97,640.4,fused_om_nasa
2024-06-05 09:00:00+00:00,23.03,72.58,38.32,30.9,3.96,732.3,fused_om_nasa
2024-06-05 10:00:00+00:00,23.03,72.58,39.74,25.5,4.08,787.8,fused_om_nasa
2024-06-05 11:00:00+00:00,23.03,72.58,40.78,22.4,4.36,789.7,fused_om_nasa
2024-06-05 12:00:00+00:00,23.03,72.58,41.34,21.3,4.53,749.8,fused_om_nasa
2024-06-05 13:00:00+00:00,23.03,72.58,41.26,21.5,4.67,622.0,fused_om_nasa
2024-06-05 14:00:00+00:00,23.03,72.58,40.85,21.4,4.16,426.3,fused_om_nasa
2024-06-05 15:00:00+00:00,23.03,72.58,38.64,33.5,5.4,296.8,fused_om_nasa
2024-06-05 16:00:00+00:00,23.03,72.58,37.77,36.5,4.64,190.4,fused_om_nasa
2024-06-05 17:00:00+00:00,23.03,72.58,37.11,37.8,4.31,88.7,fused_om_nasa
2024-06-05 18:00:00+00:00,23.03,72.58,36.16,36.2,3.7,13.8,fused_om_nasa
2024-06-05 19:00:00+00:00,23.03,72.58,34.25,39.1,4.5,0.0,fused_om_nasa
2024-06-05 20:00:00+00:00,23.03,72.58,33.36,43.9,4.84,0.0,fused_om_nasa
2024-06-05 21:00:00+00:00,23.03,72.58,32.62,48.7,5.34,0.0,fused_om_nasa
2024-06-05 22:00:00+00:00,23.03,72.58,31.68,53.5,5.26,0.0,fused_om_nasa
2024-06-05 23:00:00+00:00,23.03,72.58,30.84,58.6,5.05,0.0,fused_om_nasa
2024-06-06 00:00:00+00:00,23.03,72.58,30.14,62.3,4.89,0.0,fused_om_nasa
2024-06-06 01:00:00+00:00,23.03,72.58,30.55,63.7,4.71,6.1,fused_om_nasa
2024-06-06 02:00:00+00:00,23.03,72.58,30.72,62.1,4.71,103.9,fused_om_nasa
2024-06-06 03:00:00+00:00,23.03,72.58,31.2,60.4,4.46,206.1,fused_om_nasa
2024-06-06 04:00:00+00:00,23.03,72.58,31.86,58.0,4.1,274.3,fused_om_nasa
2024-06-06 05:00:00+00:00,23.03,72.58,32.58,55.2,3.64,321.5,fused_om_nasa
2024-06-06 06:00:00+00:00,23.03,72.58,33.84,50.6,3.91,401.5,fused_om_nasa
2024-06-06 07:00:00+00:00,23.03,72.58,35.52,43.7,3.82,497.0,fused_om_nasa
2024-06-06 08:00:00+00:00,23.03,72.58,37.22,37.1,3.53,605.4,fused_om_nasa
2024-06-06 09:00:00+00:00,23.03,72.58,38.78,31.9,3.38,701.7,fused_om_nasa
2024-06-06 10:00:00+00:00,23.03,72.58,40.15,27.5,3.4,760.1,fused_om_nasa
2024-06-06 11:00:00+00:00,23.03,72.58,41.04,25.0,3.32,762.2,fused_om_nasa
2024-06-06 12:00:00+00:00,23.03,72.58,41.44,23.3,3.4,716.2,fused_om_nasa
2024-06-06 13:00:00+00:00,23.03,72.58,41.08,22.2,3.36,616.9,fused_om_nasa
2024-06-06 14:00:00+00:00,23.03,72.58,40.35,22.6,2.53,430.0,fused_om_nasa
2024-06-06 15:00:00+00:00,23.03,72.58,39.61,24.4,2.54,303.8,fused_om_nasa
2024-06-06 16:00:00+00:00,23.03,72.58,38.97,25.1,2.02,195.2,fused_om_nasa
2024-06-06 17:00:00+00:00,23.03,72.58,37.48,33.2,4.0,89.1,fused_om_nasa
2024-06-06 18:00:00+00:00,23.03,72.58,36.11,37.0,3.04,13.6,fused_om_nasa
2024-06-06 19:00:00+00:00,23.03,72.58,34.8,39.8,2.44,0.0,fused_om_nasa
2024-06-06 20:00:00+00:00,23.03,72.58,34.32,40.6,2.43,0.0,fused_om_nasa
2024-06-06 21:00:00+00:00,23.03,72.58,33.7,41.6,3.54,0.0,fused_om_nasa
2024-06-06 22:00:00+00:00,23.03,72.58,32.72,49.3,4.16,0.0,fused_om_nasa
2024-06-06 23:00:00+00:00,23.03,72.58,32.0,54.7,4.26,0.0,fused_om_nasa
2024-06-07 00:00:00+00:00,23.03,72.58,31.36,58.2,4.53,0.0,fused_om_nasa
2024-06-07 01:00:00+00:00,23.03,72.58,31.29,58.9,4.72,6.1,fused_om_nasa
2024-06-07 02:00:00+00:00,23.03,72.58,31.31,59.7,4.82,108.3,fused_om_nasa
2024-06-07 03:00:00+00:00,23.03,72.58,31.64,59.3,4.92,210.7,fused_om_nasa
2024-06-07 04:00:00+00:00,23.03,72.58,32.29,57.4,4.76,276.8,fused_om_nasa
2024-06-07 05:00:00+00:00,23.03,72.58,33.06,55.2,4.36,321.0,fused_om_nasa
2024-06-07 06:00:00+00:00,23.03,72.58,34.36,50.5,4.18,397.1,fused_om_nasa
2024-06-07 07:00:00+00:00,23.03,72.58,36.14,43.9,3.96,496.8,fused_om_nasa
2024-06-07 08:00:00+00:00,23.03,72.58,38.03,37.8,3.74,597.4,fused_om_nasa
2024-06-07 09:00:00+00:00,23.03,72.58,39.75,32.7,3.22,680.3,fused_om_nasa
2024-06-07 10:00:00+00:00,23.03,72.58,41.0,28.9,2.92,730.1,fused_om_nasa
2024-06-07 11:00:00+00:00,23.03,72.58,41.76,27.1,2.9,710.3,fused_om_nasa
2024-06-07 12:00:00+00:00,23.03,72.58,42.02,26.3,2.89,677.8,fused_om_nasa
2024-06-07 13:00:00+00:00,23.03,72.58,42.17,25.9,2.96,592.3,fused_om_nasa
2024-06-07 14:00:00+00:00,23.03,72.58,41.63,26.3,3.14,423.5,fused_om_nasa
2024-06-07 15:00:00+00:00,23.03,72.58,41.06,27.1,2.53,307.0,fused_om_nasa
2024-06-07 16:00:00+00:00,23.03,72.58,39.83,32.2,4.28,201.4,fused_om_nasa
2024-06-07 17:00:00+00:00,23.03,72.58,38.16,40.1,4.0,95.4,fused_om_nasa
2024-06-07 18:00:00+00:00,23.03,72.58,37.22,41.9,3.26,15.4,fused_om_nasa
2024-06-07 19:00:00+00:00,23.03,72.58,36.48,42.4,3.22,0.0,fused_om_nasa
2024-06-07 20:00:00+00:00,23.03,72.58,35.95,38.0,5.04,0.0,fused_om_nasa
2024-06-07 21:00:00+00:00,23.03,72.58,35.01,42.1,5.26,0.0,fused_om_nasa
2024-06-07 22:00:00+00:00,23.03,72.58,34.02,45.7,5.62,0.0,fused_om_nasa
2024-06-07 23:00:00+00:00,23.03,72.58,32.72,50.6,5.58,0.0,fused_om_nasa
2024-06-08 00:00:00+00:00,23.03,72.58,31.48,55.5,5.6,0.0,fused_om_nasa
2024-06-08 01:00:00+00:00,23.03,72.58,31.07,60.3,5.08,6.1,fused_om_nasa
2024-06-08 02:00:00+00:00,23.03,72.58,30.98,62.1,4.92,97.6,fused_om_nasa
2024-06-08 03:00:00+00:00,23.03,72.58,31.46,58.9,4.98,191.8,fused_om_nasa
2024-06-08 04:00:00+00:00,23.03,72.58,32.0,56.6,4.89,266.8,fused_om_nasa
2024-06-08 05:00:00+00:00,23.03,72.58,32.66,54.6,4.78,309.9,fused_om_nasa
2024-06-08 06:00:00+00:00,23.03,72.58,33.73,51.2,4.75,399.0,fused_om_nasa
2024-06-08 07:00:00+00:00,23.03,72.58,35.3,46.0,4.47,509.4,fused_om_nasa
2024-06-08 08:00:00+00:00,23.03,72.58,37.04,40.7,4.12,619.3,fused_om_nasa
2024-06-08 09:00:00+00:00,23.03,72.58,38.88,35.6,3.66,706.6,fused_om_nasa
2024-06-08 10:00:00+00:00,23.03,72.58,40.3,31.1,3.34,725.0,fused_om_nasa
2024-06-08 11:00:00+00:00,23.03,72.58,41.17,27.7,3.21,736.1,fused_om_nasa
2024-06-08 12:00:00+00:00,23.03,72.58,41.54,26.3,3.02,670.9,fused_om_nasa
2024-06-08 13:00:00+00:00,23.03,72.58,40.96,26.3,3.0,596.3,fused_om_nasa
2024-06-08 14:00:00+00:00,23.03,72.58,40.36,26.7,2.4,421.0,fused_om_nasa
2024-06-08 15:00:00+00:00,23.03,72.58,40.04,26.8,2.09,305.0,fused_om_nasa
2024-06-08 16:00:00+00:00,23.03,72.58,38.85,29.0,2.68,201.9,fused_om_nasa
2024-06-08 17:00:00+00:00,23.03,72.58,37.79,31.9,3.89,88.1,fused_om_nasa
2024-06-08 18:00:00+00:00,23.03,72.58,36.77,34.6,3.08,13.5,fused_om_nasa
2024-06-08 19:00:00+00:00,23.03,72.58,35.48,38.2,2.86,0.0,fused_om_nasa
2024-06-08 20:00:00+00:00,23.03,72.58,34.81,39.9,3.28,0.0,fused_om_nasa
2024-06-08 21:00:00+00:00,23.03,72.58,34.15,41.4,3.47,0.0,fused_om_nasa
2024-06-08 22:00:00+00:00,23.03,72.58,33.33,46.6,3.76,0.0,fused_om_nasa
2024-06-08 23:00:00+00:00,23.03,72.58,32.62,51.4,3.82,0.0,fused_om_nasa
2024-06-09 00:00:00+00:00,23.03,72.58,32.12,54.7,4.11,0.0,fused_om_nasa
2024-06-09 01:00:00+00:00,23.03,72.58,32.0,57.0,4.79,6.1,fused_om_nasa
2024-06-09 02:00:00+00:00,23.03,72.58,32.02,57.2,5.26,104.2,fused_om_nasa
2024-06-09 03:00:00+00:00,23.03,72.58,32.4,56.2,5.17,204.3,fused_om_nasa
2024-06-09 04:00:00+00:00,23.03,72.58,33.16,53.0,4.66,272.4,fused_om_nasa
2024-06-09 05:00:00+00:00,23.03,72.58,33.91,50.9,4.32,317.7,fused_om_nasa
2024-06-09 06:00:00+00:00,23.03,72.58,34.9,47.7,4.39,392.6,fused_om_nasa
2024-06-09 07:00:00+00:00,23.03,72.58,36.33,43.4,4.16,487.7,fused_om_nasa
2024-06-09 08:00:00+00:00,23.03,72.58,37.96,37.0,3.83,580.0,fused_om_nasa
2024-06-09 09:00:00+00:00,23.03,72.58,39.5,31.5,3.73,633.7,fused_om_nasa
2024-06-09 10:00:00+00:00,23.03,72.58,40.66,27.9,3.58,699.1,fused_om_nasa
2024-06-09 11:00:00+00:00,23.03,72.58,41.38,25.0,3.62,672.3,fused_om_nasa
2024-06-09 12:00:00+00:00,23.03,72.58,41.56,23.5,3.65,674.1,fused_om_nasa
2024-06-09 13:00:00+00:00,23.03,72.58,41.29,22.8,3.92,592.1,fused_om_nasa
2024-06-09 14:00:00+00:00,23.03,72.58,40.12,23.6,3.06,418.7,fused_om_nasa
2024-06-09 15:00:00+00:00,23.03,72.58,39.95,22.8,2.92,309.5,fused_om_nasa
2024-06-09 16:00:00+00:00,23.03,72.58,37.24,38.8,5.88,203.6,fused_om_nasa
2024-06-09 17:00:00+00:00,23.03,72.58,36.83,38.5,4.97,95.2,fused_om_nasa
2024-06-09 18:00:00+00:00,23.03,72.58,35.94,38.3,4.16,16.0,fused_om_nasa
2024-06-09 19:00:00+00:00,23.03,72.58,34.78,39.9,3.71,0.0,fused_om_nasa
2024-06-09 20:00:00+00:00,23.03,72.58,34.51,40.5,4.28,0.0,fused_om_nasa
2024-06-09 21:00:00+00:00,23.03,72.58,34.24,41.8,4.81,0.0,fused_om_nasa
2024-06-09 22:00:00+00:00,23.03,72.58,33.47,46.0,4.72,0.0,fused_om_nasa
2024-06-09 23:00:00+00:00,23.03,72.58,32.65,50.8,4.51,0.0,fused_om_nasa
2024-06-10 00:00:00+00:00,23.03,72.58,31.85,55.8,4.32,0.0,fused_om_nasa
2024-06-10 01:00:00+00:00,23.03,72.58,31.24,59.9,3.75,0.0,fused_om_nasa
2024-06-10 02:00:00+00:00,23.03,72.58,31.16,60.8,4.2,17.4,fused_om_nasa
2024-06-10 03:00:00+00:00,23.03,72.58,31.43,59.2,4.38,76.4,fused_om_nasa
2024-06-10 04:00:00+00:00,23.03,72.58,31.94,57.2,4.24,81.2,fused_om_nasa
2024-06-10 05:00:00+00:00,23.03,72.58,32.92,53.0,4.13,245.7,fused_om_nasa
2024-06-10 06:00:00+00:00,23.03,72.58,34.06,48.2,4.57,310.3,fused_om_nasa
2024-06-10 07:00:00+00:00,23.03,72.58,35.68,41.7,4.56,430.8,fused_om_nasa
2024-06-10 08:00:00+00:00,23.03,72.58,36.83,36.4,4.45,328.6,fused_om_nasa
2024-06-10 09:00:00+00:00,23.03,72.58,38.16,32.1,4.32,473.5,fused_om_nasa
2024-06-10 10:00:00+00:00,23.03,72.58,38.94,29.4,3.9,471.9,fused_om_nasa
2024-06-10 11:00:00+00:00,23.03,72.58,39.72,27.1,3.46,514.2,fused_om_nasa
2024-06-10 12:00:00+00:00,23.03,72.58,40.18,25.6,3.5,473.8,fused_om_nasa
2024-06-10 13:00:00+00:00,23.03,72.58,39.84,25.1,3.8,455.9,fused_om_nasa
2024-06-10 14:00:00+00:00,23.03,72.58,39.83,24.5,2.24,293.0,fused_om_nasa
2024-06-10 15:00:00+00:00,23.03,72.58,37.28,36.0,4.64,201.1,fused_om_nasa
2024-06-10 16:00:00+00:00,23.03,72.58,36.47,40.7,3.79,116.0,fused_om_nasa
2024-06-10 17:00:00+00:00,23.03,72.58,35.91,43.2,3.4,53.5,fused_om_nasa
2024-06-10 18:00:00+00:00,23.03,72.58,35.17,45.0,2.42,9.6,fused_om_nasa
2024-06-10 19:00:00+00:00,23.03,72.58,34.42,47.0,1.72,0.0,fused_om_nasa
2024-06-10 20:00:00+00:00,23.03,72.58,33.95,48.4,2.05,0.0,fused_om_nasa
2024-06-10 21:00:00+00:00,23.03,72.58,33.54,50.1,2.53,0.0,fused_om_nasa
2024-06-10 22:00:00+00:00,23.03,72.58,33.03,50.5,4.22,0.0,fused_om_nasa
2024-06-10 23:00:00+00:00,23.03,72.58,32.08,55.8,4.88,0.0,fused_om_nasa
2024-06-11 00:00:00+00:00,23.03,72.58,31.18,60.7,5.18,0.0,fused_om_nasa
2024-06-11 01:00:00+00:00,23.03,72.58,30.4,67.1,4.84,6.2,fused_om_nasa
2024-06-11 02:00:00+00:00,23.03,72.58,30.44,66.0,5.04,100.2,fused_om_nasa
2024-06-11 03:00:00+00:00,23.03,72.58,30.88,63.4,4.89,187.8,fused_om_nasa
2024-06-11 04:00:00+00:00,23.03,72.58,31.6,60.0,4.63,242.3,fused_om_nasa
2024-06-11 05:00:00+00:00,23.03,72.58,32.39,55.8,4.33,304.8,fused_om_nasa
2024-06-11 06:00:00+00:00,23.03,72.58,33.17,53.2,4.3,378.5,fused_om_nasa
2024-06-11 07:00:00+00:00,23.03,72.58,33.83,52.0,4.32,470.7,fused_om_nasa
2024-06-11 08:00:00+00:00,23.03,72.58,34.44,50.1,4.52,558.6,fused_om_nasa
2024-06-11 09:00:00+00:00,23.03,72.58,35.16,46.7,4.62,636.5,fused_om_nasa
2024-06-11 10:00:00+00:00,23.03,72.58,35.98,43.2,4.68,692.4,fused_om_nasa
2024-06-11 11:00:00+00:00,23.03,72.58,36.56,39.2,4.4,663.2,fused_om_nasa
2024-06-11 12:00:00+00:00,23.03,72.58,37.48,35.5,4.04,657.0,fused_om_nasa
2024-06-11 13:00:00+00:00,23.03,72.58,38.2,30.6,4.17,579.6,fused_om_nasa
2024-06-11 14:00:00+00:00,23.03,72.58,37.9,29.6,3.62,404.3,fused_om_nasa
2024-06-11 15:00:00+00:00,23.03,72.58,36.45,36.7,4.28,292.9,fused_om_nasa
2024-06-11 16:00:00+00:00,23.03,72.58,35.0,46.8,3.89,189.3,fused_om_nasa
2024-06-11 17:00:00+00:00,23.03,72.58,34.5,49.0,3.14,77.4,fused_om_nasa
2024-06-11 18:00:00+00:00,23.03,72.58,33.54,55.0,2.23,11.8,fused_om_nasa
2024-06-11 19:00:00+00:00,23.03,72.58,32.83,46.5,3.58,0.0,fused_om_nasa
2024-06-11 20:00:00+00:00,23.03,72.58,31.78,50.3,4.04,0.0,fused_om_nasa
2024-06-11 21:00:00+00:00,23.03,72.58,31.08,55.8,4.32,0.0,fused_om_nasa
2024-06-11 22:00:00+00:00,23.03,72.58,30.34,63.1,4.12,0.0,fused_om_nasa
2024-06-11 23:00:00+00:00,23.03,72.58,29.82,67.4,4.03,0.0,fused_om_nasa
2024-06-12 00:00:00+00:00,23.03,72.58,29.44,69.4,4.1,0.0,fused_om_nasa
2024-06-12 01:00:00+00:00,23.03,72.58,29.58,68.9,4.34,6.2,fused_om_nasa
2024-06-12 02:00:00+00:00,23.03,72.58,29.84,67.7,4.81,72.0,fused_om_nasa
2024-06-12 03:00:00+00:00,23.03,72.58,30.24,64.9,4.86,172.2,fused_om_nasa
2024-06-12 04:00:00+00:00,23.03,72.58,30.89,62.6,4.19,257.4,fused_om_nasa
2024-06-12 05:00:00+00:00,23.03,72.58,31.65,60.2,3.56,307.0,fused_om_nasa
2024-06-12 06:00:00+00:00,23.03,72.58,33.0,55.9,4.11,385.1,fused_om_nasa
2024-06-12 07:00:00+00:00,23.03,72.58,34.44,50.1,4.1,488.1,fused_om_nasa
2024-06-12 08:00:00+00:00,23.03,72.58,36.12,43.1,4.01,579.6,fused_om_nasa
2024-06-12 09:00:00+00:00,23.03,72.58,37.58,36.6,4.04,646.3,fused_om_nasa
2024-06-12 10:00:00+00:00,23.03,72.58,38.83,31.8,3.88,670.8,fused_om_nasa
2024-06-12 11:00:00+00:00,23.03,72.58,39.92,28.7,3.89,690.9,fused_om_nasa
2024-06-12 12:00:00+00:00,23.03,72.58,40.35,27.1,3.78,679.7,fused_om_nasa
2024-06-12 13:00:00+00:00,23.03,72.58,40.54,24.2,4.24,585.4,fused_om_nasa
2024-06-12 14:00:00+00:00,23.03,72.58,39.9,25.1,4.13,384.6,fused_om_nasa
2024-06-12 15:00:00+00:00,23.03,72.58,37.64,37.8,4.84,304.1,fused_om_nasa
2024-06-12 16:00:00+00:00,23.03,72.58,36.7,41.4,3.88,202.2,fused_om_nasa
2024-06-12 17:00:00+00:00,23.03,72.58,35.78,44.9,3.76,94.9,fused_om_nasa
2024-06-12 18:00:00+00:00,23.03,72.58,34.28,51.5,3.02,16.1,fused_om_nasa
2024-06-12 19:00:00+00:00,23.03,72.58,33.32,55.1,3.0,0.0,fused_om_nasa
2024-06-12 20:00:00+00:00,23.03,72.58,33.09,49.1,4.56,0.0,fused_om_nasa
2024-06-12 21:00:00+00:00,23.03,72.58,32.26,53.0,4.98,0.0,fused_om_nasa
2024-06-12 22:00:00+00:00,23.03,72.58,31.44,57.1,4.98,0.0,fused_om_nasa
2024-06-12 23:00:00+00:00,23.03,72.58,30.84,59.1,4.42,0.0,fused_om_nasa
2024-06-13 00:00:00+00:00,23.03,72.58,30.28,60.7,4.32,0.0,fused_om_nasa
2024-06-13 01:00:00+00:00,23.03,72.58,30.33,62.6,4.85,6.2,fused_om_nasa
2024-06-13 02:00:00+00:00,23.03,72.58,30.28,62.4,5.04,96.2,fused_om_nasa
2024-06-13 03:00:00+00:00,23.03,72.58,30.5,63.0,5.11,189.4,fused_om_nasa
2024-06-13 04:00:00+00:00,23.03,72.58,30.89,62.0,4.72,239.6,fused_om_nasa
2024-06-13 05:00:00+00:00,23.03,72.58,31.48,60.2,4.13,304.9,fused_om_nasa
2024-06-13 06:00:00+00:00,23.03,72.58,32.83,55.0,4.39,390.9,fused_om_nasa
2024-06-13 07:00:00+00:00,23.03,72.58,34.53,47.4,4.51,506.0,fused_om_nasa
2024-06-13 08:00:00+00:00,23.03,72.58,36.64,37.5,4.55,630.9,fused_om_nasa
2024-06-13 09:00:00+00:00,23.03,72.58,38.24,30.5,4.63,664.4,fused_om_nasa
2024-06-13 10:00:00+00:00,23.03,72.58,39.57,25.3,4.6,719.7,fused_om_nasa
2024-06-13 11:00:00+00:00,23.03,72.58,40.4,22.3,4.68,753.0,fused_om_nasa
2024-06-13 12:00:00+00:00,23.03,72.58,41.02,20.6,4.96,709.6,fused_om_nasa
2024-06-13 13:00:00+00:00,23.03,72.58,40.28,21.7,4.83,608.6,fused_om_nasa
2024-06-13 14:00:00+00:00,23.03,72.58,39.67,22.7,4.2,446.6,fused_om_nasa
2024-06-13 15:00:00+00:00,23.03,72.58,37.78,33.5,4.97,326.8,fused_om_nasa
2024-06-13 16:00:00+00:00,23.03,72.58,36.56,41.1,4.31,221.6,fused_om_nasa
2024-06-13 17:00:00+00:00,23.03,72.58,35.86,44.2,4.18,106.4,fused_om_nasa
2024-06-13 18:00:00+00:00,23.03,72.58,34.34,50.2,3.14,18.2,fused_om_nasa
2024-06-13 19:00:00+00:00,23.03,72.58,33.34,54.4,2.81,0.0,fused_om_nasa
2024-06-13 20:00:00+00:00,23.03,72.58,33.25,49.7,3.98,0.0,fused_om_nasa
2024-06-13 21:00:00+00:00,23.03,72.58,32.76,49.3,4.58,0.0,fused_om_nasa
2024-06-13 22:00:00+00:00,23.03,72.58,31.98,52.8,4.49,0.0,fused_om_nasa
2024-06-13 23:00:00+00:00,23.03,72.58,31.26,56.9,4.56,0.0,fused_om_nasa
2024-06-14 00:00:00+00:00,23.03,72.58,30.6,59.9,4.73,0.0,fused_om_nasa
2024-06-14 01:00:00+00:00,23.03,72.58,30.4,62.1,5.2,6.2,fused_om_nasa
2024-06-14 02:00:00+00:00,23.03,72.58,30.36,63.0,5.04,100.8,fused_om_nasa
2024-06-14 03:00:00+00:00,23.03,72.58,30.72,62.0,4.78,202.0,fused_om_nasa
2024-06-14 04:00:00+00:00,23.03,72.58,31.34,59.6,4.44,266.4,fused_om_nasa
2024-06-14 05:00:00+00:00,23.03,72.58,32.14,56.4,4.18,316.2,fused_om_nasa
2024-06-14 06:00:00+00:00,23.03,72.58,33.56,51.3,4.74,405.6,fused_om_nasa
2024-06-14 07:00:00+00:00,23.03,72.58,35.21,44.8,4.97,518.2,fused_om_nasa
2024-06-14 08:00:00+00:00,23.03,72.58,36.79,38.2,5.0,609.5,fused_om_nasa
2024-06-14 09:00:00+00:00,23.03,72.58,38.23,32.5,5.01,692.0,fused_om_nasa
2024-06-14 10:00:00+00:00,23.03,72.58,39.26,28.3,4.83,699.5,fused_om_nasa
2024-06-14 11:00:00+00:00,23.03,72.58,40.2,25.2,5.06,720.5,fused_om_nasa
2024-06-14 12:00:00+00:00,23.03,72.58,39.69,27.5,5.96,685.7,fused_om_nasa
2024-06-14 13:00:00+00:00,23.03,72.58,39.45,27.6,5.34,589.6,fused_om_nasa
2024-06-14 14:00:00+00:00,23.03,72.58,37.88,34.6,5.82,438.3,fused_om_nasa
2024-06-14 15:00:00+00:00,23.03,72.58,37.34,37.5,4.94,319.5,fused_om_nasa
2024-06-14 16:00:00+00:00,23.03,72.58,36.37,44.4,4.64,217.3,fused_om_nasa
2024-06-14 17:00:00+00:00,23.03,72.58,35.29,48.4,4.64,101.9,fused_om_nasa
2024-06-14 18:00:00+00:00,23.03,72.58,34.07,53.5,4.31,17.4,fused_om_nasa
2024-06-14 19:00:00+00:00,23.03,72.58,33.26,56.3,3.96,0.0,fused_om_nasa
2024-06-14 20:00:00+00:00,23.03,72.58,32.67,59.2,4.2,0.0,fused_om_nasa
2024-06-14 21:00:00+00:00,23.03,72.58,32.26,60.5,4.08,0.0,fused_om_nasa
2024-06-14 22:00:00+00:00,23.03,72.58,31.98,61.2,3.6,0.0,fused_om_nasa
2024-06-14 23:00:00+00:00,23.03,72.58,31.7,61.2,3.46,0.0,fused_om_nasa
2024-06-15 00:00:00+00:00,23.03,72.58,31.52,60.1,3.92,0.0,fused_om_nasa
2024-06-15 01:00:00+00:00,23.03,72.58,31.23,62.4,3.61,6.2,fused_om_nasa
2024-06-15 02:00:00+00:00,23.03,72.58,31.53,59.8,4.19,90.0,fused_om_nasa
2024-06-15 03:00:00+00:00,23.03,72.58,31.94,56.1,4.38,184.2,fused_om_nasa
2024-06-15 04:00:00+00:00,23.03,72.58,32.36,53.9,4.22,261.1,fused_om_nasa
2024-06-15 05:00:00+00:00,23.03,72.58,32.96,51.4,4.0,313.9,fused_om_nasa
2024-06-15 06:00:00+00:00,23.03,72.58,33.96,47.2,4.24,399.7,fused_om_nasa
2024-06-15 07:00:00+00:00,23.03,72.58,35.38,42.2,4.24,509.1,fused_om_nasa
2024-06-15 08:00:00+00:00,23.03,72.58,36.75,37.6,4.31,591.0,fused_om_nasa
2024-06-15 09:00:00+00:00,23.03,72.58,38.05,33.3,4.2,654.1,fused_om_nasa
2024-06-15 10:00:00+00:00,23.03,72.58,39.11,29.6,4.38,716.2,fused_om_nasa
2024-06-15 11:00:00+00:00,23.03,72.58,39.95,27.0,4.38,719.8,fused_om_nasa
2024-06-15 12:00:00+00:00,23.03,72.58,40.24,26.1,4.71,677.2,fused_om_nasa
2024-06-15 13:00:00+00:00,23.03,72.58,39.85,27.4,4.38,557.6,fused_om_nasa
2024-06-15 14:00:00+00:00,23.03,72.58,39.33,28.7,4.55,410.0,fused_om_nasa
2024-06-15 15:00:00+00:00,23.03,72.58,37.64,37.8,5.36,288.9,fused_om_nasa
2024-06-15 16:00:00+00:00,23.03,72.58,36.98,41.3,4.35,187.2,fused_om_nasa
2024-06-15 17:00:00+00:00,23.03,72.58,35.84,46.6,4.58,86.8,fused_om_nasa
2024-06-15 18:00:00+00:00,23.03,72.58,34.59,51.8,4.7,15.2,fused_om_nasa
2024-06-15 19:00:00+00:00,23.03,72.58,33.51,56.1,4.64,0.0,fused_om_nasa
2024-06-15 20:00:00+00:00,23.03,72.58,32.65,60.0,4.63,0.0,fused_om_nasa
2024-06-15 21:00:00+00:00,23.03,72.58,31.94,63.3,4.4,0.0,fused_om_nasa
2024-06-15 22:00:00+00:00,23.03,72.58,31.67,62.5,4.08,0.0,fused_om_nasa
2024-06-15 23:00:00+00:00,23.03,72.58,31.42,61.7,3.96,0.0,fused_om_nasa
2024-06-16 00:00:00+00:00,23.03,72.58,31.01,62.9,3.98,0.0,fused_om_nasa
2024-06-16 01:00:00+00:00,23.03,72.58,31.03,63.0,4.28,6.2,fused_om_nasa
2024-06-16 02:00:00+00:00,23.03,72.58,31.15,63.1,4.51,94.7,fused_om_nasa
2024-06-16 03:00:00+00:00,23.03,72.58,31.46,62.6,4.32,191.2,fused_om_nasa
2024-06-16 04:00:00+00:00,23.03,72.58,31.92,61.7,3.99,257.4,fused_om_nasa
2024-06-16 05:00:00+00:00,23.03,72.58,32.5,59.9,3.64,287.1,fused_om_nasa
2024-06-16 06:00:00+00:00,23.03,72.58,33.78,54.8,3.84,373.0,fused_om_nasa
2024-06-16 07:00:00+00:00,23.03,72.58,35.33,48.2,4.03,471.8,fused_om_nasa
2024-06-16 08:00:00+00:00,23.03,72.58,36.79,41.9,4.08,579.0,fused_om_nasa
2024-06-16 09:00:00+00:00,23.03,72.58,38.12,37.2,4.06,676.0,fused_om_nasa
2024-06-16 10:00:00+00:00,23.03,72.58,39.15,33.5,4.05,731.8,fused_om_nasa
2024-06-16 11:00:00+00:00,23.03,72.58,39.86,31.3,4.25,739.9,fused_om_nasa
2024-06-16 12:00:00+00:00,23.03,72.58,40.03,30.9,4.78,683.4,fused_om_nasa
2024-06-16 13:00:00+00:00,23.03,72.58,39.17,33.6,4.12,432.8,fused_om_nasa
2024-06-16 14:00:00+00:00,23.03,72.58,38.12,37.3,5.11,380.9,fused_om_nasa
2024-06-16 15:00:00+00:00,23.03,72.58,37.28,39.7,5.08,273.7,fused_om_nasa
2024-06-16 16:00:00+00:00,23.03,72.58,36.6,43.0,5.21,182.6,fused_om_nasa
2024-06-16 17:00:00+00:00,23.03,72.58,35.44,47.7,5.01,84.4,fused_om_nasa
2024-06-16 18:00:00+00:00,23.03,72.58,34.42,52.1,4.83,15.4,fused_om_nasa
2024-06-16 19:00:00+00:00,23.03,72.58,33.64,55.6,3.87,0.0,fused_om_nasa
2024-06-16 20:00:00+00:00,23.03,72.58,33.13,57.9,3.82,0.0,fused_om_nasa
2024-06-16 21:00:00+00:00,23.03,72.58,32.61,60.2,3.74,0.0,fused_om_nasa
2024-06-16 22:00:00+00:00,23.03,72.58,32.03,63.2,3.85,0.0,fused_om_nasa
2024-06-16 23:00:00+00:00,23.03,72.58,31.61,65.9,3.88,0.0,fused_om_nasa
2024-06-17 00:00:00+00:00,23.03,72.58,31.4,64.4,4.05,0.0,fused_om_nasa
2024-06-17 01:00:00+00:00,23.03,72.58,31.43,62.7,4.57,6.2,fused_om_nasa
2024-06-17 02:00:00+00:00,23.03,72.58,31.42,63.6,4.66,90.6,fused_om_nasa
2024-06-17 03:00:00+00:00,23.03,72.58,31.78,62.7,4.38,171.1,fused_om_nasa
2024-06-17 04:00:00+00:00,23.03,72.58,32.24,61.0,3.97,231.0,fused_om_nasa
2024-06-17 05:00:00+00:00,23.03,72.58,32.84,59.4,3.64,275.2,fused_om_nasa
2024-06-17 06:00:00+00:00,23.03,72.58,33.92,55.3,3.62,357.4,fused_om_nasa
2024-06-17 07:00:00+00:00,23.03,72.58,35.36,49.2,3.62,460.9,fused_om_nasa
2024-06-17 08:00:00+00:00,23.03,72.58,36.9,43.0,3.68,569.4,fused_om_nasa
2024-06-17 09:00:00+00:00,23.03,72.58,38.4,37.9,3.8,665.0,fused_om_nasa
2024-06-17 10:00:00+00:00,23.03,72.58,39.41,34.3,3.98,722.2,fused_om_nasa
2024-06-17 11:00:00+00:00,23.03,72.58,40.18,32.5,4.06,730.5,fused_om_nasa
2024-06-17 12:00:00+00:00,23.03,72.58,40.49,31.3,4.53,701.3,fused_om_nasa
2024-06-17 13:00:00+00:00,23.03,72.58,39.8,32.4,3.66,550.2,fused_om_nasa
2024-06-17 14:00:00+00:00,23.03,72.58,39.4,33.1,4.38,406.0,fused_om_nasa
2024-06-17 15:00:00+00:00,23.03,72.58,37.39,41.0,4.84,303.1,fused_om_nasa
2024-06-17 16:00:00+00:00,23.03,72.58,36.62,44.4,4.9,198.3,fused_om_nasa
2024-06-17 17:00:00+00:00,23.03,72.58,35.64,48.9,4.99,93.1,fused_om_nasa
2024-06-17 18:00:00+00:00,23.03,72.58,34.68,53.3,5.08,16.7,fused_om_nasa
2024-06-17 19:00:00+00:00,23.03,72.58,33.92,55.8,4.82,0.0,fused_om_nasa
2024-06-17 20:00:00+00:00,23.03,72.58,33.46,57.7,4.89,0.0,fused_om_nasa
2024-06-17 21:00:00+00:00,23.03,72.58,33.01,59.5,4.38,0.0,fused_om_nasa
2024-06-17 22:00:00+00:00,23.03,72.58,32.78,58.9,4.3,0.0,fused_om_nasa
2024-06-17 23:00:00+00:00,23.03,72.58,32.28,60.7,4.14,0.0,fused_om_nasa
2024-06-18 00:00:00+00:00,23.03,72.58,31.92,61.7,4.04,0.0,fused_om_nasa
2024-06-18 01:00:00+00:00,23.03,72.58,31.76,61.1,4.88,6.3,fused_om_nasa
2024-06-18 02:00:00+00:00,23.03,72.58,31.67,59.9,5.22,77.5,fused_om_nasa
2024-06-18 03:00:00+00:00,23.03,72.58,31.78,59.5,5.07,173.6,fused_om_nasa
2024-06-18 04:00:00+00:00,23.03,72.58,32.36,57.4,4.84,253.2,fused_om_nasa
2024-06-18 05:00:00+00:00,23.03,72.58,32.94,56.0,4.65,249.0,fused_om_nasa
2024-06-18 06:00:00+00:00,23.03,72.58,33.67,53.2,4.68,197.4,fused_om_nasa
2024-06-18 07:00:00+00:00,23.03,72.58,35.1,48.7,4.63,393.1,fused_om_nasa
2024-06-18 08:00:00+00:00,23.03,72.58,36.6,43.6,4.6,555.4,fused_om_nasa
2024-06-18 09:00:00+00:00,23.03,72.58,37.94,38.9,4.64,661.1,fused_om_nasa
2024-06-18 10:00:00+00:00,23.03,72.58,37.08,41.8,6.36,641.6,fused_om_nasa
2024-06-18 11:00:00+00:00,23.03,72.58,37.72,39.5,6.4,535.6,fused_om_nasa
2024-06-18 12:00:00+00:00,23.03,72.58,38.01,39.3,6.18,508.1,fused_om_nasa
2024-06-18 13:00:00+00:00,23.03,72.58,37.88,38.5,6.27,486.9,fused_om_nasa
2024-06-18 14:00:00+00:00,23.03,72.58,38.13,36.6,5.94,342.6,fused_om_nasa
2024-06-18 15:00:00+00:00,23.03,72.58,37.8,37.8,5.91,248.1,fused_om_nasa
2024-06-18 16:00:00+00:00,23.03,72.58,36.88,42.3,5.51,160.5,fused_om_nasa
2024-06-18 17:00:00+00:00,23.03,72.58,36.15,44.3,5.14,72.1,fused_om_nasa
2024-06-18 18:00:00+00:00,23.03,72.58,35.3,45.6,4.94,13.4,fused_om_nasa
2024-06-18 19:00:00+00:00,23.03,72.58,34.44,48.0,4.93,0.0,fused_om_nasa
2024-06-18 20:00:00+00:00,23.03,72.58,33.79,51.0,4.67,0.0,fused_om_nasa
2024-06-18 21:00:00+00:00,23.03,72.58,33.16,54.4,4.49,0.0,fused_om_nasa
2024-06-18 22:00:00+00:00,23.03,72.58,32.57,56.7,4.59,0.0,fused_om_nasa
2024-06-18 23:00:00+00:00,23.03,72.58,31.9,58.7,5.52,0.0,fused_om_nasa
2024-06-19 00:00:00+00:00,23.03,72.58,31.15,62.1,5.52,0.0,fused_om_nasa
2024-06-19 01:00:00+00:00,23.03,72.58,30.72,65.1,5.55,6.3,fused_om_nasa
2024-06-19 02:00:00+00:00,23.03,72.58,30.78,65.4,5.67,73.3,fused_om_nasa
2024-06-19 03:00:00+00:00,23.03,72.58,31.18,64.5,5.44,111.4,fused_om_nasa
2024-06-19 04:00:00+00:00,23.03,72.58,31.77,62.5,5.12,177.0,fused_om_nasa
2024-06-19 05:00:00+00:00,23.03,72.58,32.64,60.2,5.04,262.8,fused_om_nasa
2024-06-19 06:00:00+00:00,23.03,72.58,33.79,55.6,5.48,292.6,fused_om_nasa
2024-06-19 07:00:00+00:00,23.03,72.58,35.2,49.4,5.86,324.1,fused_om_nasa
2024-06-19 08:00:00+00:00,23.03,72.58,36.52,44.1,6.24,365.6,fused_om_nasa
2024-06-19 09:00:00+00:00,23.03,72.58,37.41,42.0,6.1,516.7,fused_om_nasa
2024-06-19 10:00:00+00:00,23.03,72.58,39.24,36.8,6.2,608.4,fused_om_nasa
2024-06-19 11:00:00+00:00,23.03,72.58,38.17,40.0,6.91,475.7,fused_om_nasa
2024-06-19 12:00:00+00:00,23.03,72.58,38.66,38.8,7.02,421.5,fused_om_nasa
2024-06-19 13:00:00+00:00,23.03,72.58,38.32,39.7,7.16,402.3,fused_om_nasa
2024-06-19 14:00:00+00:00,23.03,72.58,37.83,42.8,6.86,265.3,fused_om_nasa
2024-06-19 15:00:00+00:00,23.03,72.58,37.72,41.4,6.4,218.7,fused_om_nasa
2024-06-19 16:00:00+00:00,23.03,72.58,36.7,47.0,6.3,128.5,fused_om_nasa
2024-06-19 17:00:00+00:00,23.03,72.58,35.62,50.8,5.85,69.0,fused_om_nasa
2024-06-19 18:00:00+00:00,23.03,72.58,34.67,53.5,5.32,14.6,fused_om_nasa
2024-06-19 19:00:00+00:00,23.03,72.58,34.61,51.2,5.24,0.0,fused_om_nasa
2024-06-19 20:00:00+00:00,23.03,72.58,34.21,51.3,6.06,0.0,fused_om_nasa
2024-06-19 21:00:00+00:00,23.03,72.58,33.36,55.4,6.5,0.0,fused_om_nasa
2024-06-19 22:00:00+00:00,23.03,72.58,32.3,59.6,6.52,0.0,fused_om_nasa
2024-06-19 23:00:00+00:00,23.03,72.58,31.4,63.3,6.32,0.0,fused_om_nasa
2024-06-20 00:00:00+00:00,23.03,72.58,30.72,66.1,5.84,0.0,fused_om_nasa
2024-06-20 01:00:00+00:00,23.03,72.58,30.49,67.5,5.93,6.4,fused_om_nasa
2024-06-20 02:00:00+00:00,23.03,72.58,30.63,67.2,5.84,71.3,fused_om_nasa
2024-06-20 03:00:00+00:00,23.03,72.58,31.11,64.5,5.6,77.4,fused_om_nasa
2024-06-20 04:00:00+00:00,23.03,72.58,31.78,61.8,5.27,134.7,fused_om_nasa
2024-06-20 05:00:00+00:00,23.03,72.58,32.56,59.6,5.03,238.5,fused_om_nasa
2024-06-20 06:00:00+00:00,23.03,72.58,33.72,55.7,5.12,352.1,fused_om_nasa
2024-06-20 07:00:00+00:00,23.03,72.58,34.64,51.2,5.27,394.6,fused_om_nasa
2024-06-20 08:00:00+00:00,23.03,72.58,36.08,45.6,5.34,517.0,fused_om_nasa
2024-06-20 09:00:00+00:00,23.03,72.58,37.58,40.8,5.46,577.0,fused_om_nasa
2024-06-20 10:00:00+00:00,23.03,72.58,38.97,36.1,5.68,627.9,fused_om_nasa
2024-06-20 11:00:00+00:00,23.03,72.58,38.89,35.7,6.26,678.2,fused_om_nasa
2024-06-20 12:00:00+00:00,23.03,72.58,39.46,33.5,5.89,646.5,fused_om_nasa
2024-06-20 13:00:00+00:00,23.03,72.58,38.33,39.5,6.52,549.2,fused_om_nasa
2024-06-20 14:00:00+00:00,23.03,72.58,37.65,41.8,6.56,369.4,fused_om_nasa
2024-06-20 15:00:00+00:00,23.03,72.58,37.1,45.9,6.5,279.8,fused_om_nasa
2024-06-20 16:00:00+00:00,23.03,72.58,36.63,48.2,6.0,176.7,fused_om_nasa
2024-06-20 17:00:00+00:00,23.03,72.58,36.03,50.2,5.77,79.6,fused_om_nasa
2024-06-20 18:00:00+00:00,23.03,72.58,35.78,47.3,6.13,14.6,fused_om_nasa
2024-06-20 19:00:00+00:00,23.03,72.58,34.78,50.2,6.44,0.0,fused_om_nasa
2024-06-20 20:00:00+00:00,23.03,72.58,33.77,54.6,6.48,0.0,fused_om_nasa
2024-06-20 21:00:00+00:00,23.03,72.58,32.92,58.9,6.35,0.0,fused_om_nasa
2024-06-20 22:00:00+00:00,23.03,72.58,32.22,62.0,5.99,0.0,fused_om_nasa
2024-06-20 23:00:00+00:00,23.03,72.58,31.52,64.9,5.86,0.0,fused_om_nasa
2024-06-21 00:00:00+00:00,23.03,72.58,30.9,67.5,5.48,0.0,fused_om_nasa
2024-06-21 01:00:00+00:00,23.03,72.58,30.7,69.3,5.84,6.4,fused_om_nasa
2024-06-21 02:00:00+00:00,23.03,72.58,30.88,68.8,5.86,82.7,fused_om_nasa
2024-06-21 03:00:00+00:00,23.03,72.58,31.52,65.6,5.36,156.2,fused_om_nasa
2024-06-21 04:00:00+00:00,23.03,72.58,32.34,62.0,5.1,247.6,fused_om_nasa
2024-06-21 05:00:00+00:00,23.03,72.58,32.78,60.0,4.86,207.7,fused_om_nasa
2024-06-21 06:00:00+00:00,23.03,72.58,33.9,56.1,4.82,323.4,fused_om_nasa
2024-06-21 07:00:00+00:00,23.03,72.58,35.62,49.6,4.84,426.3,fused_om_nasa
2024-06-21 08:00:00+00:00,23.03,72.58,37.19,44.2,4.84,513.3,fused_om_nasa
2024-06-21 09:00:00+00:00,23.03,72.58,38.63,39.1,4.6,578.7,fused_om_nasa
2024-06-21 10:00:00+00:00,23.03,72.58,39.73,35.7,4.42,614.6,fused_om_nasa
2024-06-21 11:00:00+00:00,23.03,72.58,39.36,35.3,5.82,621.2,fused_om_nasa
2024-06-21 12:00:00+00:00,23.03,72.58,39.22,34.9,5.16,402.3,fused_om_nasa
2024-06-21 13:00:00+00:00,23.03,72.58,39.22,35.1,5.36,373.1,fused_om_nasa
2024-06-21 14:00:00+00:00,23.03,72.58,38.13,41.0,5.43,355.2,fused_om_nasa
2024-06-21 15:00:00+00:00,23.03,72.58,37.47,44.7,4.36,255.4,fused_om_nasa
2024-06-21 16:00:00+00:00,23.03,72.58,36.84,47.1,4.28,154.9,fused_om_nasa
2024-06-21 17:00:00+00:00,23.03,72.58,35.94,50.0,4.18,69.0,fused_om_nasa
2024-06-21 18:00:00+00:00,23.03,72.58,35.22,51.5,3.8,13.2,fused_om_nasa
2024-06-21 19:00:00+00:00,23.03,72.58,34.66,48.8,4.16,0.0,fused_om_nasa
2024-06-21 20:00:00+00:00,23.03,72.58,33.86,51.6,4.84,0.0,fused_om_nasa
2024-06-21 21:00:00+00:00,23.03,72.58,33.07,56.4,5.23,0.0,fused_om_nasa
2024-06-21 22:00:00+00:00,23.03,72.58,32.44,60.4,5.1,0.0,fused_om_nasa
2024-06-21 23:00:00+00:00,23.03,72.58,32.06,60.8,4.49,0.0,fused_om_nasa
2024-06-22 00:00:00+00:00,23.03,72.58,31.71,62.1,4.16,0.0,fused_om_nasa
2024-06-22 01:00:00+00:00,23.03,72.58,31.52,63.6,4.4,6.4,fused_om_nasa
2024-06-22 02:00:00+00:00,23.03,72.58,31.62,62.8,4.29,67.2,fused_om_nasa
2024-06-22 03:00:00+00:00,23.03,72.58,31.8,62.5,4.24,93.6,fused_om_nasa
2024-06-22 04:00:00+00:00,23.03,72.58,32.18,60.9,3.89,154.7,fused_om_nasa
2024-06-22 05:00:00+00:00,23.03,72.58,32.97,58.4,3.5,240.2,fused_om_nasa
2024-06-22 06:00:00+00:00,23.03,72.58,33.96,55.1,3.28,296.7,fused_om_nasa
2024-06-22 07:00:00+00:00,23.03,72.58,35.35,50.1,3.18,371.2,fused_om_nasa
2024-06-22 08:00:00+00:00,23.03,72.58,37.02,44.4,3.28,512.8,fused_om_nasa
2024-06-22 09:00:00+00:00,23.03,72.58,38.3,39.4,3.23,537.0,fused_om_nasa
2024-06-22 10:00:00+00:00,23.03,72.58,39.2,36.0,3.16,580.6,fused_om_nasa
2024-06-22 11:00:00+00:00,23.03,72.58,39.98,33.0,2.78,678.2,fused_om_nasa
2024-06-22 12:00:00+00:00,23.03,72.58,40.4,30.6,2.65,579.7,fused_om_nasa
2024-06-22 13:00:00+00:00,23.03,72.58,40.16,30.7,2.93,518.9,fused_om_nasa
2024-06-22 14:00:00+00:00,23.03,72.58,39.64,30.7,2.24,374.1,fused_om_nasa
2024-06-22 15:00:00+00:00,23.03,72.58,38.87,31.9,2.02,252.1,fused_om_nasa
2024-06-22 16:00:00+00:00,23.03,72.58,36.59,44.4,3.7,157.2,fused_om_nasa
2024-06-22 17:00:00+00:00,23.03,72.58,35.86,47.3,3.04,69.6,fused_om_nasa
2024-06-22 18:00:00+00:00,23.03,72.58,35.08,49.1,3.52,13.2,fused_om_nasa
2024-06-22 19:00:00+00:00,23.03,72.58,34.5,49.9,3.0,0.0,fused_om_nasa
2024-06-22 20:00:00+00:00,23.03,72.58,33.9,51.3,3.26,0.0,fused_om_nasa
2024-06-22 21:00:00+00:00,23.03,72.58,33.02,56.3,3.68,0.0,fused_om_nasa
2024-06-22 22:00:00+00:00,23.03,72.58,32.39,59.8,3.58,0.0,fused_om_nasa
2024-06-22 23:00:00+00:00,23.03,72.58,32.03,62.6,3.24,0.0,fused_om_nasa
2024-06-23 00:00:00+00:00,23.03,72.58,31.7,64.9,2.85,0.0,fused_om_nasa
2024-06-23 01:00:00+00:00,23.03,72.58,31.52,67.0,2.28,0.0,fused_om_nasa
2024-06-23 02:00:00+00:00,23.03,72.58,31.89,64.9,2.57,83.2,fused_om_nasa
2024-06-23 03:00:00+00:00,23.03,72.58,32.44,61.4,2.67,133.8,fused_om_nasa
2024-06-23 04:00:00+00:00,23.03,72.58,33.14,57.3,2.93,168.2,fused_om_nasa
2024-06-23 05:00:00+00:00,23.03,72.58,33.99,53.3,3.01,263.8,fused_om_nasa
2024-06-23 06:00:00+00:00,23.03,72.58,34.8,50.3,2.91,249.4,fused_om_nasa
2024-06-23 07:00:00+00:00,23.03,72.58,36.17,46.0,2.61,292.6,fused_om_nasa
2024-06-23 08:00:00+00:00,23.03,72.58,37.86,39.8,2.4,393.1,fused_om_nasa
2024-06-23 09:00:00+00:00,23.03,72.58,39.36,34.6,2.05,418.9,fused_om_nasa
2024-06-23 10:00:00+00:00,23.03,72.58,39.66,33.2,1.25,233.9,fused_om_nasa
2024-06-23 11:00:00+00:00,23.03,72.58,37.06,41.2,3.15,326.5,fused_om_nasa
2024-06-23 12:00:00+00:00,23.03,72.58,37.14,43.9,2.41,270.1,fused_om_nasa
2024-06-23 13:00:00+00:00,23.03,72.58,40.57,27.5,0.6,299.3,fused_om_nasa
2024-06-23 14:00:00+00:00,23.03,72.58,39.05,32.3,1.61,314.8,fused_om_nasa
2024-06-23 15:00:00+00:00,23.03,72.58,37.84,38.2,3.06,238.9,fused_om_nasa
2024-06-23 16:00:00+00:00,23.03,72.58,36.82,43.0,2.54,146.5,fused_om_nasa
2024-06-23 17:00:00+00:00,23.03,72.58,36.0,47.5,2.28,69.7,fused_om_nasa
2024-06-23 18:00:00+00:00,23.03,72.58,35.34,48.5,2.74,13.7,fused_om_nasa
2024-06-23 19:00:00+00:00,23.03,72.58,34.53,49.6,2.56,0.0,fused_om_nasa
2024-06-23 20:00:00+00:00,23.03,72.58,33.83,51.9,3.08,0.0,fused_om_nasa
2024-06-23 21:00:00+00:00,23.03,72.58,33.33,54.0,2.9,0.0,fused_om_nasa
2024-06-23 22:00:00+00:00,23.03,72.58,32.88,54.9,3.08,0.0,fused_om_nasa
2024-06-23 23:00:00+00:00,23.03,72.58,32.44,56.8,3.63,0.0,fused_om_nasa
2024-06-24 00:00:00+00:00,23.03,72.58,32.02,58.9,3.82,0.0,fused_om_nasa
2024-06-24 01:00:00+00:00,23.03,72.58,31.16,65.6,3.69,0.0,fused_om_nasa
2024-06-24 02:00:00+00:00,23.03,72.58,31.04,67.5,3.52,24.8,fused_om_nasa
2024-06-24 03:00:00+00:00,23.03,72.58,31.41,66.0,3.42,111.2,fused_om_nasa
2024-06-24 04:00:00+00:00,23.03,72.58,32.42,62.3,3.04,233.3,fused_om_nasa
2024-06-24 05:00:00+00:00,23.03,72.58,33.32,58.8,2.49,190.9,fused_om_nasa
2024-06-24 06:00:00+00:00,23.03,72.58,34.2,55.8,2.33,214.1,fused_om_nasa
2024-06-24 07:00:00+00:00,23.03,72.58,35.82,49.2,2.18,343.1,fused_om_nasa
2024-06-24 08:00:00+00:00,23.03,72.58,37.26,43.8,1.93,369.4,fused_om_nasa
2024-06-24 09:00:00+00:00,23.03,72.58,38.43,40.2,1.6,377.5,fused_om_nasa
2024-06-24 10:00:00+00:00,23.03,72.58,36.04,49.6,2.86,231.2,fused_om_nasa
2024-06-24 11:00:00+00:00,23.03,72.58,34.9,57.6,2.01,340.1,fused_om_nasa
2024-06-24 12:00:00+00:00,23.03,72.58,35.54,55.3,1.96,339.0,fused_om_nasa
2024-06-24 13:00:00+00:00,23.03,72.58,36.03,47.9,1.84,274.0,fused_om_nasa
2024-06-24 14:00:00+00:00,23.03,72.58,35.65,49.3,2.11,178.4,fused_om_nasa
2024-06-24 15:00:00+00:00,23.03,72.58,35.47,50.2,1.88,181.8,fused_om_nasa
2024-06-24 16:00:00+00:00,23.03,72.58,35.18,51.4,1.77,113.5,fused_om_nasa
2024-06-24 17:00:00+00:00,23.03,72.58,34.8,54.5,1.87,53.3,fused_om_nasa
2024-06-24 18:00:00+00:00,23.03,72.58,34.03,56.9,2.17,10.1,fused_om_nasa
2024-06-24 19:00:00+00:00,23.03,72.58,31.44,72.1,3.7,0.0,fused_om_nasa
2024-06-24 20:00:00+00:00,23.03,72.58,30.24,82.1,2.88,0.0,fused_om_nasa
2024-06-24 21:00:00+00:00,23.03,72.58,30.09,81.9,3.12,0.0,fused_om_nasa
2024-06-24 22:00:00+00:00,23.03,72.58,29.66,82.7,3.4,0.0,fused_om_nasa
2024-06-24 23:00:00+00:00,23.03,72.58,29.26,84.1,3.32,0.0,fused_om_nasa
2024-06-25 00:00:00+00:00,23.03,72.58,28.76,85.2,3.24,0.0,fused_om_nasa
2024-06-25 01:00:00+00:00,23.03,72.58,28.22,86.1,2.58,0.0,fused_om_nasa
2024-06-25 02:00:00+00:00,23.03,72.58,28.42,85.9,2.11,0.0,fused_om_nasa
2024-06-25 03:00:00+00:00,23.03,72.58,28.66,85.0,1.93,2.3,fused_om_nasa
2024-06-25 04:00:00+00:00,23.03,72.58,28.96,84.0,1.64,5.6,fused_om_nasa
2024-06-25 05:00:00+00:00,23.03,72.58,29.34,82.4,2.38,28.1,fused_om_nasa
2024-06-25 06:00:00+00:00,23.03,72.58,30.07,79.4,2.35,82.2,fused_om_nasa
2024-06-25 07:00:00+00:00,23.03,72.58,31.18,72.5,2.56,129.5,fused_om_nasa
2024-06-25 08:00:00+00:00,23.03,72.58,32.75,64.6,2.2,225.2,fused_om_nasa
2024-06-25 09:00:00+00:00,23.03,72.58,33.86,59.5,1.86,325.0,fused_om_nasa
2024-06-25 10:00:00+00:00,23.03,72.58,35.01,56.3,1.42,512.0,fused_om_nasa
2024-06-25 11:00:00+00:00,23.03,72.58,35.37,54.7,1.15,510.2,fused_om_nasa
2024-06-25 12:00:00+00:00,23.03,72.58,34.83,56.9,1.86,426.5,fused_om_nasa
2024-06-25 13:00:00+00:00,23.03,72.58,35.28,53.9,2.08,482.2,fused_om_nasa
2024-06-25 14:00:00+00:00,23.03,72.58,34.85,55.2,1.94,324.6,fused_om_nasa
2024-06-25 15:00:00+00:00,23.03,72.58,34.38,57.1,2.3,197.0,fused_om_nasa
2024-06-25 16:00:00+00:00,23.03,72.58,33.73,58.5,2.48,122.0,fused_om_nasa
2024-06-25 17:00:00+00:00,23.03,72.58,32.98,60.7,3.1,58.5,fused_om_nasa
2024-06-25 18:00:00+00:00,23.03,72.58,32.08,64.6,2.52,10.4,fused_om_nasa
2024-06-25 19:00:00+00:00,23.03,72.58,31.28,68.6,2.49,0.0,fused_om_nasa
2024-06-25 20:00:00+00:00,23.03,72.58,30.84,70.6,2.73,0.0,fused_om_nasa
2024-06-25 21:00:00+00:00,23.03,72.58,30.44,73.5,2.95,0.0,fused_om_nasa
2024-06-25 22:00:00+00:00,23.03,72.58,30.06,75.6,3.18,0.0,fused_om_nasa
2024-06-25 23:00:00+00:00,23.03,72.58,29.62,77.9,3.41,0.0,fused_om_nasa
2024-06-26 00:00:00+00:00,23.03,72.58,29.21,79.8,3.17,0.0,fused_om_nasa
2024-06-26 01:00:00+00:00,23.03,72.58,29.23,79.1,3.0,0.0,fused_om_nasa
2024-06-26 02:00:00+00:00,23.03,72.58,29.38,78.7,3.14,16.0,fused_om_nasa
2024-06-26 03:00:00+00:00,23.03,72.58,29.72,78.0,2.64,50.6,fused_om_nasa
2024-06-26 04:00:00+00:00,23.03,72.58,30.46,74.2,2.44,183.9,fused_om_nasa
2024-06-26 05:00:00+00:00,23.03,72.58,31.21,71.0,2.37,287.0,fused_om_nasa
2024-06-26 06:00:00+00:00,23.03,72.58,32.36,65.3,2.59,315.6,fused_om_nasa
2024-06-26 07:00:00+00:00,23.03,72.58,33.2,62.2,2.47,366.8,fused_om_nasa
2024-06-26 08:00:00+00:00,23.03,72.58,34.06,59.9,2.06,494.8,fused_om_nasa
2024-06-26 09:00:00+00:00,23.03,72.58,34.89,56.8,2.2,571.8,fused_om_nasa
2024-06-26 10:00:00+00:00,23.03,72.58,35.7,53.2,2.54,530.8,fused_om_nasa
2024-06-26 11:00:00+00:00,23.03,72.58,34.74,56.6,3.42,495.6,fused_om_nasa
2024-06-26 12:00:00+00:00,23.03,72.58,34.44,58.3,3.61,523.8,fused_om_nasa
2024-06-26 13:00:00+00:00,23.03,72.58,35.11,56.5,3.15,469.9,fused_om_nasa
2024-06-26 14:00:00+00:00,23.03,72.58,34.41,59.0,3.52,317.5,fused_om_nasa
2024-06-26 15:00:00+00:00,23.03,72.58,33.65,60.4,4.04,212.5,fused_om_nasa
2024-06-26 16:00:00+00:00,23.03,72.58,32.86,63.3,3.8,131.0,fused_om_nasa
2024-06-26 17:00:00+00:00,23.03,72.58,32.14,66.9,3.58,61.2,fused_om_nasa
2024-06-26 18:00:00+00:00,23.03,72.58,31.48,70.9,3.32,12.5,fused_om_nasa
2024-06-26 19:00:00+00:00,23.03,72.58,30.88,74.5,3.22,0.0,fused_om_nasa
2024-06-26 20:00:00+00:00,23.03,72.58,30.44,76.5,2.86,0.0,fused_om_nasa
2024-06-26 21:00:00+00:00,23.03,72.58,30.04,78.0,3.14,0.0,fused_om_nasa
2024-06-26 22:00:00+00:00,23.03,72.58,29.75,79.0,3.14,0.0,fused_om_nasa
2024-06-26 23:00:00+00:00,23.03,72.58,29.39,79.7,3.16,0.0,fused_om_nasa
2024-06-27 00:00:00+00:00,23.03,72.58,29.07,80.3,2.9,0.0,fused_om_nasa
2024-06-27 01:00:00+00:00,23.03,72.58,29.08,80.9,2.72,0.0,fused_om_nasa
2024-06-27 02:00:00+00:00,23.03,72.58,29.26,79.7,2.92,20.6,fused_om_nasa
2024-06-27 03:00:00+00:00,23.03,72.58,29.81,77.4,2.66,166.0,fused_om_nasa
2024-06-27 04:00:00+00:00,23.03,72.58,30.38,75.0,2.68,154.8,fused_om_nasa
2024-06-27 05:00:00+00:00,23.03,72.58,30.96,72.9,2.63,194.4,fused_om_nasa
2024-06-27 06:00:00+00:00,23.03,72.58,31.62,69.6,2.66,212.0,fused_om_nasa
2024-06-27 07:00:00+00:00,23.03,72.58,33.05,63.3,3.02,230.0,fused_om_nasa
2024-06-27 08:00:00+00:00,23.03,72.58,34.25,57.5,3.81,253.2,fused_om_nasa
2024-06-27 09:00:00+00:00,23.03,72.58,33.86,59.5,4.39,230.9,fused_om_nasa
2024-06-27 10:00:00+00:00,23.03,72.58,35.47,53.8,3.79,515.0,fused_om_nasa
2024-06-27 11:00:00+00:00,23.03,72.58,35.84,53.5,4.01,478.0,fused_om_nasa
2024-06-27 12:00:00+00:00,23.03,72.58,36.07,52.3,4.34,456.9,fused_om_nasa
2024-06-27 13:00:00+00:00,23.03,72.58,35.3,55.5,4.45,343.7,fused_om_nasa
2024-06-27 14:00:00+00:00,23.03,72.58,34.75,56.8,4.31,191.9,fused_om_nasa
2024-06-27 15:00:00+00:00,23.03,72.58,34.06,59.0,4.43,66.0,fused_om_nasa
2024-06-27 16:00:00+00:00,23.03,72.58,33.29,62.2,4.11,46.9,fused_om_nasa
2024-06-27 17:00:00+00:00,23.03,72.58,32.68,65.1,3.76,26.8,fused_om_nasa
2024-06-27 18:00:00+00:00,23.03,72.58,31.98,69.0,3.66,7.3,fused_om_nasa
2024-06-27 19:00:00+00:00,23.03,72.58,31.29,72.6,3.9,0.0,fused_om_nasa
2024-06-27 20:00:00+00:00,23.03,72.58,30.76,75.1,3.85,0.0,fused_om_nasa
2024-06-27 21:00:00+00:00,23.03,72.58,30.22,77.4,3.92,0.0,fused_om_nasa
2024-06-27 22:00:00+00:00,23.03,72.58,29.68,78.8,3.97,0.0,fused_om_nasa
2024-06-27 23:00:00+00:00,23.03,72.58,29.18,81.0,3.49,0.0,fused_om_nasa
2024-06-28 00:00:00+00:00,23.03,72.58,29.02,80.9,3.3,0.0,fused_om_nasa
2024-06-28 01:00:00+00:00,23.03,72.58,28.8,82.8,3.13,0.0,fused_om_nasa
2024-06-28 02:00:00+00:00,23.03,72.58,28.9,82.0,3.46,16.1,fused_om_nasa
2024-06-28 03:00:00+00:00,23.03,72.58,29.24,80.2,3.76,39.3,fused_om_nasa
2024-06-28 04:00:00+00:00,23.03,72.58,29.4,79.9,3.77,20.6,fused_om_nasa
2024-06-28 05:00:00+00:00,23.03,72.58,29.86,78.0,3.65,68.1,fused_om_nasa
2024-06-28 06:00:00+00:00,23.03,72.58,30.94,73.8,3.99,195.8,fused_om_nasa
2024-06-28 07:00:00+00:00,23.03,72.58,30.26,76.1,4.65,119.0,fused_om_nasa
2024-06-28 08:00:00+00:00,23.03,72.58,31.11,72.9,5.38,270.0,fused_om_nasa
2024-06-28 09:00:00+00:00,23.03,72.58,32.38,67.7,5.37,408.3,fused_om_nasa
2024-06-28 10:00:00+00:00,23.03,72.58,33.11,63.9,5.59,382.9,fused_om_nasa
2024-06-28 11:00:00+00:00,23.03,72.58,31.74,69.9,5.42,352.2,fused_om_nasa
2024-06-28 12:00:00+00:00,23.03,72.58,31.98,68.8,5.47,343.0,fused_om_nasa
2024-06-28 13:00:00+00:00,23.03,72.58,32.52,64.6,5.42,342.4,fused_om_nasa
2024-06-28 14:00:00+00:00,23.03,72.58,32.29,65.6,5.1,275.8,fused_om_nasa
2024-06-28 15:00:00+00:00,23.03,72.58,31.94,67.4,4.94,185.4,fused_om_nasa
2024-06-28 16:00:00+00:00,23.03,72.58,31.56,68.9,4.64,108.2,fused_om_nasa
2024-06-28 17:00:00+00:00,23.03,72.58,30.96,71.9,4.67,65.4,fused_om_nasa
2024-06-28 18:00:00+00:00,23.03,72.58,30.32,75.5,4.72,12.2,fused_om_nasa
2024-06-28 19:00:00+00:00,23.03,72.58,29.72,78.1,4.33,0.0,fused_om_nasa
2024-06-28 20:00:00+00:00,23.03,72.58,29.36,80.4,5.1,0.0,fused_om_nasa
2024-06-28 21:00:00+00:00,23.03,72.58,28.83,83.4,4.92,0.0,fused_om_nasa
2024-06-28 22:00:00+00:00,23.03,72.58,28.43,86.1,4.99,0.0,fused_om_nasa
2024-06-28 23:00:00+00:00,23.03,72.58,28.06,88.7,4.96,0.0,fused_om_nasa
2024-06-29 00:00:00+00:00,23.03,72.58,27.98,88.8,5.25,0.0,fused_om_nasa
2024-06-29 01:00:00+00:00,23.03,72.58,27.92,88.7,4.84,0.0,fused_om_nasa
2024-06-29 02:00:00+00:00,23.03,72.58,27.9,89.5,5.03,0.0,fused_om_nasa
2024-06-29 03:00:00+00:00,23.03,72.58,28.32,87.2,5.4,1.2,fused_om_nasa
2024-06-29 04:00:00+00:00,23.03,72.58,28.16,87.2,5.3,1.6,fused_om_nasa
2024-06-29 05:00:00+00:00,23.03,72.58,28.62,86.9,4.78,4.7,fused_om_nasa
2024-06-29 06:00:00+00:00,23.03,72.58,29.71,81.5,5.38,63.5,fused_om_nasa
2024-06-29 07:00:00+00:00,23.03,72.58,30.33,75.9,6.24,124.6,fused_om_nasa
2024-06-29 08:00:00+00:00,23.03,72.58,31.76,70.3,5.86,268.2,fused_om_nasa
2024-06-29 09:00:00+00:00,23.03,72.58,31.55,69.9,6.52,275.4,fused_om_nasa
2024-06-29 10:00:00+00:00,23.03,72.58,31.7,71.1,5.78,285.7,fused_om_nasa
2024-06-29 11:00:00+00:00,23.03,72.58,32.19,68.9,5.4,336.0,fused_om_nasa
2024-06-29 12:00:00+00:00,23.03,72.58,32.04,69.7,5.38,364.8,fused_om_nasa
2024-06-29 13:00:00+00:00,23.03,72.58,32.09,68.9,5.33,339.5,fused_om_nasa
2024-06-29 14:00:00+00:00,23.03,72.58,31.72,69.7,5.32,281.4,fused_om_nasa
2024-06-29 15:00:00+00:00,23.03,72.58,31.16,71.3,5.22,184.6,fused_om_nasa
2024-06-29 16:00:00+00:00,23.03,72.58,30.66,73.2,4.94,108.5,fused_om_nasa
2024-06-29 17:00:00+00:00,23.03,72.58,30.16,75.8,4.7,55.8,fused_om_nasa
2024-06-29 18:00:00+00:00,23.03,72.58,29.55,79.4,4.32,11.8,fused_om_nasa
2024-06-29 19:00:00+00:00,23.03,72.58,29.04,82.1,4.39,0.0,fused_om_nasa
2024-06-29 20:00:00+00:00,23.03,72.58,28.71,84.4,4.31,0.0,fused_om_nasa
2024-06-29 21:00:00+00:00,23.03,72.58,28.46,85.9,4.29,0.0,fused_om_nasa
2024-06-29 22:00:00+00:00,23.03,72.58,28.18,87.3,4.08,0.0,fused_om_nasa
2024-06-29 23:00:00+00:00,23.03,72.58,27.91,89.0,3.82,0.0,fused_om_nasa
2024-06-30 00:00:00+00:00,23.03,72.58,27.74,90.6,3.72,0.0,fused_om_nasa
2024-06-30 01:00:00+00:00,23.03,72.58,27.64,91.6,3.77,0.0,fused_om_nasa
2024-06-30 02:00:00+00:00,23.03,72.58,27.58,91.4,4.19,30.2,fused_om_nasa
2024-06-30 03:00:00+00:00,23.03,72.58,27.7,90.8,3.89,34.8,fused_om_nasa
2024-06-30 04:00:00+00:00,23.03,72.58,27.9,90.6,3.78,82.0,fused_om_nasa
2024-06-30 05:00:00+00:00,23.03,72.58,27.78,91.2,4.12,10.5,fused_om_nasa
2024-06-30 06:00:00+00:00,23.03,72.58,27.92,90.6,4.2,46.8,fused_om_nasa
2024-06-30 07:00:00+00:00,23.03,72.58,29.33,84.2,5.05,187.3,fused_om_nasa
2024-06-30 08:00:00+00:00,23.03,72.58,30.78,77.7,5.6,376.2,fused_om_nasa
2024-06-30 09:00:00+00:00,23.03,72.58,30.56,77.5,5.74,234.0,fused_om_nasa
2024-06-30 10:00:00+00:00,23.03,72.58,30.53,76.7,5.07,267.8,fused_om_nasa
2024-06-30 11:00:00+00:00,23.03,72.58,30.45,78.6,4.95,294.0,fused_om_nasa
2024-06-30 12:00:00+00:00,23.03,72.58,30.56,77.6,5.3,177.9,fused_om_nasa
2024-06-30 13:00:00+00:00,23.03,72.58,30.62,77.3,4.56,224.2,fused_om_nasa
2024-06-30 14:00:00+00:00,23.03,72.58,30.26,78.8,4.54,136.0,fused_om_nasa
2024-06-30 15:00:00+00:00,23.03,72.58,29.84,80.4,4.57,42.6,fused_om_nasa
2024-06-30 16:00:00+00:00,23.03,72.58,29.35,82.5,4.87,31.6,fused_om_nasa
2024-06-30 17:00:00+00:00,23.03,72.58,28.79,84.4,5.14,23.2,fused_om_nasa
2024-06-30 18:00:00+00:00,23.03,72.58,28.1,88.1,4.54,6.8,fused_om_nasa
2024-06-30 19:00:00+00:00,23.03,72.58,27.52,91.1,4.32,0.0,fused_om_nasa
2024-06-30 20:00:00+00:00,23.03,72.58,27.22,92.8,4.39,0.0,fused_om_nasa
2024-06-30 21:00:00+00:00,23.03,72.58,27.08,94.1,4.16,0.0,fused_om_nasa
2024-06-30 22:00:00+00:00,23.03,72.58,27.02,94.3,4.44,0.0,fused_om_nasa
2024-06-30 23:00:00+00:00,23.03,72.58,26.92,93.4,4.46,0.0,fused_om_nasa
